ISO-10303-21;
HEADER;
FILE_DESCRIPTION(('STEP AP214'),'1');
FILE_NAME('cctmp_7EE490AC-FB84-4206-BBB2-52F4C5F1101A_2021_1_25_17_38_41_862..stp','2021-01-25T16:38:41',('Bosch Rexroth AG'),('CADClick - www.CADClick.com'),'Spatial InterOp 3D postprocessed',' ','unknown authorization - (Healing Option Enabled)');
FILE_SCHEMA(('AUTOMOTIVE_DESIGN'));
ENDSEC;
DATA;
#1=MECHANICAL_DESIGN_GEOMETRIC_PRESENTATION_REPRESENTATION(' ',(#10,#11,#12,#13,#14,#15,#16,#17,#18,#19,#20,#21,#22,#23,#24,#25,#26,#27,#28,#29,#30,#31,#32,#33,#34,#35,#36,#37,#38,#39,#40,#41,#42,#43,#44,#45,#46,#47,#48,#49,#50,#51,#52,#53,#54,#55,#56,#57,#58,#59,#60,#61,#62,#63,#64,#65,#66,#67,#68,#69,#70,#71,#72,#73,#74,#75,#76,#77,#78,#79,#80,#81,#82,#83,#84,#85,#86,#87,#88,#89,#90,#91,#92,#93,#94,#95,#96,#97,#98,#99,#100,#101,#102,#103,#104,#105,#106,#107,#108,#109,#110,#111,#112,#113,#114,#115,#116,#117,#118,#119,#120,#121,#122,#123,#124,#125,#126,#127,#128,#129,#130,#131,#132,#133,#134,#135,#136,#137,#138,#139,#140,#141,#142,#143,#144),#6);
#2=PRODUCT_DEFINITION_CONTEXT('',#145,'design');
#3=APPLICATION_PROTOCOL_DEFINITION('INTERNATIONAL STANDARD','automotive_design',1994,#145);
#4=PRODUCT_CATEGORY_RELATIONSHIP('NONE','NONE',#146,#147);
#5=SHAPE_DEFINITION_REPRESENTATION(#148,#149);
#6= (GEOMETRIC_REPRESENTATION_CONTEXT(3)GLOBAL_UNCERTAINTY_ASSIGNED_CONTEXT((#152))GLOBAL_UNIT_ASSIGNED_CONTEXT((#154,#155,#156))REPRESENTATION_CONTEXT('NONE','WORKSPACE'));
#10=STYLED_ITEM('',(#158),#159);
#11=STYLED_ITEM('',(#160),#161);
#12=STYLED_ITEM('',(#162),#163);
#13=STYLED_ITEM('',(#164),#165);
#14=STYLED_ITEM('',(#166),#167);
#15=STYLED_ITEM('',(#168),#169);
#16=STYLED_ITEM('',(#170),#171);
#17=STYLED_ITEM('',(#172),#173);
#18=STYLED_ITEM('',(#174),#175);
#19=STYLED_ITEM('',(#176),#177);
#20=STYLED_ITEM('',(#178),#179);
#21=STYLED_ITEM('',(#180),#181);
#22=STYLED_ITEM('',(#182),#183);
#23=STYLED_ITEM('',(#184),#185);
#24=STYLED_ITEM('',(#186),#187);
#25=STYLED_ITEM('',(#188),#189);
#26=STYLED_ITEM('',(#190),#191);
#27=STYLED_ITEM('',(#192),#193);
#28=STYLED_ITEM('',(#194),#195);
#29=STYLED_ITEM('',(#196),#197);
#30=STYLED_ITEM('',(#198),#199);
#31=STYLED_ITEM('',(#200),#201);
#32=STYLED_ITEM('',(#202),#203);
#33=STYLED_ITEM('',(#204),#205);
#34=STYLED_ITEM('',(#206),#207);
#35=STYLED_ITEM('',(#208),#209);
#36=STYLED_ITEM('',(#210),#211);
#37=STYLED_ITEM('',(#212),#213);
#38=STYLED_ITEM('',(#214),#215);
#39=STYLED_ITEM('',(#216),#217);
#40=STYLED_ITEM('',(#218),#219);
#41=STYLED_ITEM('',(#220),#221);
#42=STYLED_ITEM('',(#222),#223);
#43=STYLED_ITEM('',(#224),#225);
#44=STYLED_ITEM('',(#226),#227);
#45=STYLED_ITEM('',(#228),#229);
#46=STYLED_ITEM('',(#230),#231);
#47=STYLED_ITEM('',(#232),#233);
#48=STYLED_ITEM('',(#234),#235);
#49=STYLED_ITEM('',(#236),#237);
#50=STYLED_ITEM('',(#238),#239);
#51=STYLED_ITEM('',(#240),#241);
#52=STYLED_ITEM('',(#242),#243);
#53=STYLED_ITEM('',(#244),#245);
#54=STYLED_ITEM('',(#246),#247);
#55=STYLED_ITEM('',(#248),#249);
#56=STYLED_ITEM('',(#250),#251);
#57=STYLED_ITEM('',(#252),#253);
#58=STYLED_ITEM('',(#254),#255);
#59=STYLED_ITEM('',(#256),#257);
#60=STYLED_ITEM('',(#258),#259);
#61=STYLED_ITEM('',(#260),#261);
#62=STYLED_ITEM('',(#262),#263);
#63=STYLED_ITEM('',(#264),#265);
#64=STYLED_ITEM('',(#266),#267);
#65=STYLED_ITEM('',(#268),#269);
#66=STYLED_ITEM('',(#270),#271);
#67=STYLED_ITEM('',(#272),#273);
#68=STYLED_ITEM('',(#274),#275);
#69=STYLED_ITEM('',(#276),#277);
#70=STYLED_ITEM('',(#278),#279);
#71=STYLED_ITEM('',(#280),#281);
#72=STYLED_ITEM('',(#282),#283);
#73=STYLED_ITEM('',(#284),#285);
#74=STYLED_ITEM('',(#286),#287);
#75=STYLED_ITEM('',(#288),#289);
#76=STYLED_ITEM('',(#290),#291);
#77=STYLED_ITEM('',(#292),#293);
#78=STYLED_ITEM('',(#294),#295);
#79=STYLED_ITEM('',(#296),#297);
#80=STYLED_ITEM('',(#298),#299);
#81=STYLED_ITEM('',(#300),#301);
#82=STYLED_ITEM('',(#302),#303);
#83=STYLED_ITEM('',(#304),#305);
#84=STYLED_ITEM('',(#306),#307);
#85=STYLED_ITEM('',(#308),#309);
#86=STYLED_ITEM('',(#310),#311);
#87=STYLED_ITEM('',(#312),#313);
#88=STYLED_ITEM('',(#314),#315);
#89=STYLED_ITEM('',(#316),#317);
#90=STYLED_ITEM('',(#318),#319);
#91=STYLED_ITEM('',(#320),#321);
#92=STYLED_ITEM('',(#322),#323);
#93=STYLED_ITEM('',(#324),#325);
#94=STYLED_ITEM('',(#326),#327);
#95=STYLED_ITEM('',(#328),#329);
#96=STYLED_ITEM('',(#330),#331);
#97=STYLED_ITEM('',(#332),#333);
#98=STYLED_ITEM('',(#334),#335);
#99=STYLED_ITEM('',(#336),#337);
#100=STYLED_ITEM('',(#338),#339);
#101=STYLED_ITEM('',(#340),#341);
#102=STYLED_ITEM('',(#342),#343);
#103=STYLED_ITEM('',(#344),#345);
#104=STYLED_ITEM('',(#346),#347);
#105=STYLED_ITEM('',(#348),#349);
#106=STYLED_ITEM('',(#350),#351);
#107=STYLED_ITEM('',(#352),#353);
#108=STYLED_ITEM('',(#354),#355);
#109=STYLED_ITEM('',(#356),#357);
#110=STYLED_ITEM('',(#358),#359);
#111=STYLED_ITEM('',(#360),#361);
#112=STYLED_ITEM('',(#362),#363);
#113=STYLED_ITEM('',(#364),#365);
#114=STYLED_ITEM('',(#366),#367);
#115=STYLED_ITEM('',(#368),#369);
#116=STYLED_ITEM('',(#370),#371);
#117=STYLED_ITEM('',(#372),#373);
#118=STYLED_ITEM('',(#374),#375);
#119=STYLED_ITEM('',(#376),#377);
#120=STYLED_ITEM('',(#378),#379);
#121=STYLED_ITEM('',(#380),#381);
#122=STYLED_ITEM('',(#382),#383);
#123=STYLED_ITEM('',(#384),#385);
#124=STYLED_ITEM('',(#386),#387);
#125=STYLED_ITEM('',(#388),#389);
#126=STYLED_ITEM('',(#390),#391);
#127=STYLED_ITEM('',(#392),#393);
#128=STYLED_ITEM('',(#394),#395);
#129=STYLED_ITEM('',(#396),#397);
#130=STYLED_ITEM('',(#398),#399);
#131=STYLED_ITEM('',(#400),#401);
#132=STYLED_ITEM('',(#402),#403);
#133=STYLED_ITEM('',(#404),#405);
#134=STYLED_ITEM('',(#406),#407);
#135=STYLED_ITEM('',(#408),#409);
#136=STYLED_ITEM('',(#410),#411);
#137=STYLED_ITEM('',(#412),#413);
#138=STYLED_ITEM('',(#414),#415);
#139=STYLED_ITEM('',(#416),#417);
#140=STYLED_ITEM('',(#418),#419);
#141=STYLED_ITEM('',(#420),#421);
#142=STYLED_ITEM('',(#422),#423);
#143=STYLED_ITEM('',(#424),#425);
#144=STYLED_ITEM('',(#426),#427);
#145=APPLICATION_CONTEXT(' ');
#146=PRODUCT_CATEGORY('part','NONE');
#147=PRODUCT_RELATED_PRODUCT_CATEGORY('detail',' ',(#428));
#148=PRODUCT_DEFINITION_SHAPE('NONE','NONE',#429);
#149=ADVANCED_BREP_SHAPE_REPRESENTATION('2021_01_25__17-38-41-852',(#427,#430),#6);
#152=UNCERTAINTY_MEASURE_WITH_UNIT(LENGTH_MEASURE(1.0E-006),#154,'','');
#154= (CONVERSION_BASED_UNIT('MILLIMETRE',#433)LENGTH_UNIT()NAMED_UNIT(#436));
#155= (NAMED_UNIT(#438)PLANE_ANGLE_UNIT()SI_UNIT($,.RADIAN.));
#156= (NAMED_UNIT(#438)SOLID_ANGLE_UNIT()SI_UNIT($,.STERADIAN.));
#158=PRESENTATION_STYLE_ASSIGNMENT((#444));
#159=ADVANCED_FACE('',(#445),#446,.F.);
#160=PRESENTATION_STYLE_ASSIGNMENT((#447));
#161=ADVANCED_FACE('',(#448),#449,.F.);
#162=PRESENTATION_STYLE_ASSIGNMENT((#450));
#163=ADVANCED_FACE('',(#451),#452,.F.);
#164=PRESENTATION_STYLE_ASSIGNMENT((#453));
#165=ADVANCED_FACE('',(#454),#455,.F.);
#166=PRESENTATION_STYLE_ASSIGNMENT((#456));
#167=ADVANCED_FACE('',(#457),#458,.F.);
#168=PRESENTATION_STYLE_ASSIGNMENT((#459));
#169=ADVANCED_FACE('',(#460),#461,.F.);
#170=PRESENTATION_STYLE_ASSIGNMENT((#462));
#171=ADVANCED_FACE('',(#463),#464,.F.);
#172=PRESENTATION_STYLE_ASSIGNMENT((#465));
#173=ADVANCED_FACE('',(#466),#467,.F.);
#174=PRESENTATION_STYLE_ASSIGNMENT((#468));
#175=ADVANCED_FACE('',(#469),#470,.F.);
#176=PRESENTATION_STYLE_ASSIGNMENT((#471));
#177=ADVANCED_FACE('',(#472),#473,.F.);
#178=PRESENTATION_STYLE_ASSIGNMENT((#474));
#179=ADVANCED_FACE('',(#475),#476,.F.);
#180=PRESENTATION_STYLE_ASSIGNMENT((#477));
#181=ADVANCED_FACE('',(#478),#479,.F.);
#182=PRESENTATION_STYLE_ASSIGNMENT((#480));
#183=ADVANCED_FACE('',(#481),#482,.F.);
#184=PRESENTATION_STYLE_ASSIGNMENT((#483));
#185=ADVANCED_FACE('',(#484),#485,.F.);
#186=PRESENTATION_STYLE_ASSIGNMENT((#486));
#187=ADVANCED_FACE('',(#487),#488,.F.);
#188=PRESENTATION_STYLE_ASSIGNMENT((#489));
#189=ADVANCED_FACE('',(#490),#491,.F.);
#190=PRESENTATION_STYLE_ASSIGNMENT((#492));
#191=ADVANCED_FACE('',(#493),#494,.F.);
#192=PRESENTATION_STYLE_ASSIGNMENT((#495));
#193=ADVANCED_FACE('',(#496),#497,.F.);
#194=PRESENTATION_STYLE_ASSIGNMENT((#498));
#195=ADVANCED_FACE('',(#499),#500,.F.);
#196=PRESENTATION_STYLE_ASSIGNMENT((#501));
#197=ADVANCED_FACE('',(#502),#503,.F.);
#198=PRESENTATION_STYLE_ASSIGNMENT((#504));
#199=ADVANCED_FACE('',(#505),#506,.F.);
#200=PRESENTATION_STYLE_ASSIGNMENT((#507));
#201=ADVANCED_FACE('',(#508),#509,.F.);
#202=PRESENTATION_STYLE_ASSIGNMENT((#510));
#203=ADVANCED_FACE('',(#511),#512,.F.);
#204=PRESENTATION_STYLE_ASSIGNMENT((#513));
#205=ADVANCED_FACE('',(#514),#515,.F.);
#206=PRESENTATION_STYLE_ASSIGNMENT((#516));
#207=ADVANCED_FACE('',(#517),#518,.F.);
#208=PRESENTATION_STYLE_ASSIGNMENT((#519));
#209=ADVANCED_FACE('',(#520),#521,.F.);
#210=PRESENTATION_STYLE_ASSIGNMENT((#522));
#211=ADVANCED_FACE('',(#523),#524,.F.);
#212=PRESENTATION_STYLE_ASSIGNMENT((#525));
#213=ADVANCED_FACE('',(#526),#527,.F.);
#214=PRESENTATION_STYLE_ASSIGNMENT((#528));
#215=ADVANCED_FACE('',(#529),#530,.F.);
#216=PRESENTATION_STYLE_ASSIGNMENT((#531));
#217=ADVANCED_FACE('',(#532),#533,.F.);
#218=PRESENTATION_STYLE_ASSIGNMENT((#534));
#219=ADVANCED_FACE('',(#535),#536,.F.);
#220=PRESENTATION_STYLE_ASSIGNMENT((#537));
#221=ADVANCED_FACE('',(#538),#539,.F.);
#222=PRESENTATION_STYLE_ASSIGNMENT((#540));
#223=ADVANCED_FACE('',(#541),#542,.F.);
#224=PRESENTATION_STYLE_ASSIGNMENT((#543));
#225=ADVANCED_FACE('',(#544),#545,.F.);
#226=PRESENTATION_STYLE_ASSIGNMENT((#546));
#227=ADVANCED_FACE('',(#547),#548,.F.);
#228=PRESENTATION_STYLE_ASSIGNMENT((#549));
#229=ADVANCED_FACE('',(#550),#551,.F.);
#230=PRESENTATION_STYLE_ASSIGNMENT((#552));
#231=ADVANCED_FACE('',(#553),#554,.F.);
#232=PRESENTATION_STYLE_ASSIGNMENT((#555));
#233=ADVANCED_FACE('',(#556),#557,.F.);
#234=PRESENTATION_STYLE_ASSIGNMENT((#558));
#235=ADVANCED_FACE('',(#559),#560,.F.);
#236=PRESENTATION_STYLE_ASSIGNMENT((#561));
#237=ADVANCED_FACE('',(#562),#563,.F.);
#238=PRESENTATION_STYLE_ASSIGNMENT((#564));
#239=ADVANCED_FACE('',(#565),#566,.F.);
#240=PRESENTATION_STYLE_ASSIGNMENT((#567));
#241=ADVANCED_FACE('',(#568),#569,.F.);
#242=PRESENTATION_STYLE_ASSIGNMENT((#570));
#243=ADVANCED_FACE('',(#571),#572,.F.);
#244=PRESENTATION_STYLE_ASSIGNMENT((#573));
#245=ADVANCED_FACE('',(#574),#575,.F.);
#246=PRESENTATION_STYLE_ASSIGNMENT((#576));
#247=ADVANCED_FACE('',(#577),#578,.F.);
#248=PRESENTATION_STYLE_ASSIGNMENT((#579));
#249=ADVANCED_FACE('',(#580),#581,.F.);
#250=PRESENTATION_STYLE_ASSIGNMENT((#582));
#251=ADVANCED_FACE('',(#583),#584,.F.);
#252=PRESENTATION_STYLE_ASSIGNMENT((#585));
#253=ADVANCED_FACE('',(#586),#587,.F.);
#254=PRESENTATION_STYLE_ASSIGNMENT((#588));
#255=ADVANCED_FACE('',(#589),#590,.F.);
#256=PRESENTATION_STYLE_ASSIGNMENT((#591));
#257=ADVANCED_FACE('',(#592),#593,.F.);
#258=PRESENTATION_STYLE_ASSIGNMENT((#594));
#259=ADVANCED_FACE('',(#595),#596,.F.);
#260=PRESENTATION_STYLE_ASSIGNMENT((#597));
#261=ADVANCED_FACE('',(#598),#599,.F.);
#262=PRESENTATION_STYLE_ASSIGNMENT((#600));
#263=ADVANCED_FACE('',(#601),#602,.F.);
#264=PRESENTATION_STYLE_ASSIGNMENT((#603));
#265=ADVANCED_FACE('',(#604),#605,.F.);
#266=PRESENTATION_STYLE_ASSIGNMENT((#606));
#267=ADVANCED_FACE('',(#607),#608,.F.);
#268=PRESENTATION_STYLE_ASSIGNMENT((#609));
#269=ADVANCED_FACE('',(#610),#611,.F.);
#270=PRESENTATION_STYLE_ASSIGNMENT((#612));
#271=ADVANCED_FACE('',(#613),#614,.F.);
#272=PRESENTATION_STYLE_ASSIGNMENT((#615));
#273=ADVANCED_FACE('',(#616),#617,.F.);
#274=PRESENTATION_STYLE_ASSIGNMENT((#618));
#275=ADVANCED_FACE('',(#619),#620,.F.);
#276=PRESENTATION_STYLE_ASSIGNMENT((#621));
#277=ADVANCED_FACE('',(#622),#623,.F.);
#278=PRESENTATION_STYLE_ASSIGNMENT((#624));
#279=ADVANCED_FACE('',(#625),#626,.F.);
#280=PRESENTATION_STYLE_ASSIGNMENT((#627));
#281=ADVANCED_FACE('',(#628),#629,.F.);
#282=PRESENTATION_STYLE_ASSIGNMENT((#630));
#283=ADVANCED_FACE('',(#631),#632,.F.);
#284=PRESENTATION_STYLE_ASSIGNMENT((#633));
#285=ADVANCED_FACE('',(#634),#635,.F.);
#286=PRESENTATION_STYLE_ASSIGNMENT((#636));
#287=ADVANCED_FACE('',(#637),#638,.F.);
#288=PRESENTATION_STYLE_ASSIGNMENT((#639));
#289=ADVANCED_FACE('',(#640),#641,.F.);
#290=PRESENTATION_STYLE_ASSIGNMENT((#642));
#291=ADVANCED_FACE('',(#643),#644,.F.);
#292=PRESENTATION_STYLE_ASSIGNMENT((#645));
#293=ADVANCED_FACE('',(#646),#647,.F.);
#294=PRESENTATION_STYLE_ASSIGNMENT((#648));
#295=ADVANCED_FACE('',(#649),#650,.T.);
#296=PRESENTATION_STYLE_ASSIGNMENT((#651));
#297=ADVANCED_FACE('',(#652),#653,.T.);
#298=PRESENTATION_STYLE_ASSIGNMENT((#654));
#299=ADVANCED_FACE('',(#655),#656,.T.);
#300=PRESENTATION_STYLE_ASSIGNMENT((#657));
#301=ADVANCED_FACE('',(#658),#659,.T.);
#302=PRESENTATION_STYLE_ASSIGNMENT((#660));
#303=ADVANCED_FACE('',(#661),#662,.T.);
#304=PRESENTATION_STYLE_ASSIGNMENT((#663));
#305=ADVANCED_FACE('',(#664),#665,.T.);
#306=PRESENTATION_STYLE_ASSIGNMENT((#666));
#307=ADVANCED_FACE('',(#667),#668,.T.);
#308=PRESENTATION_STYLE_ASSIGNMENT((#669));
#309=ADVANCED_FACE('',(#670),#671,.T.);
#310=PRESENTATION_STYLE_ASSIGNMENT((#672));
#311=ADVANCED_FACE('',(#673),#674,.T.);
#312=PRESENTATION_STYLE_ASSIGNMENT((#675));
#313=ADVANCED_FACE('',(#676),#677,.T.);
#314=PRESENTATION_STYLE_ASSIGNMENT((#678));
#315=ADVANCED_FACE('',(#679),#680,.T.);
#316=PRESENTATION_STYLE_ASSIGNMENT((#681));
#317=ADVANCED_FACE('',(#682),#683,.T.);
#318=PRESENTATION_STYLE_ASSIGNMENT((#684));
#319=ADVANCED_FACE('',(#685),#686,.T.);
#320=PRESENTATION_STYLE_ASSIGNMENT((#687));
#321=ADVANCED_FACE('',(#688),#689,.T.);
#322=PRESENTATION_STYLE_ASSIGNMENT((#690));
#323=ADVANCED_FACE('',(#691),#692,.T.);
#324=PRESENTATION_STYLE_ASSIGNMENT((#693));
#325=ADVANCED_FACE('',(#694),#695,.T.);
#326=PRESENTATION_STYLE_ASSIGNMENT((#696));
#327=ADVANCED_FACE('',(#697),#698,.T.);
#328=PRESENTATION_STYLE_ASSIGNMENT((#699));
#329=ADVANCED_FACE('',(#700),#701,.T.);
#330=PRESENTATION_STYLE_ASSIGNMENT((#702));
#331=ADVANCED_FACE('',(#703),#704,.T.);
#332=PRESENTATION_STYLE_ASSIGNMENT((#705));
#333=ADVANCED_FACE('',(#706),#707,.T.);
#334=PRESENTATION_STYLE_ASSIGNMENT((#708));
#335=ADVANCED_FACE('',(#709),#710,.T.);
#336=PRESENTATION_STYLE_ASSIGNMENT((#711));
#337=ADVANCED_FACE('',(#712),#713,.T.);
#338=PRESENTATION_STYLE_ASSIGNMENT((#714));
#339=ADVANCED_FACE('',(#715),#716,.T.);
#340=PRESENTATION_STYLE_ASSIGNMENT((#717));
#341=ADVANCED_FACE('',(#718),#719,.T.);
#342=PRESENTATION_STYLE_ASSIGNMENT((#720));
#343=ADVANCED_FACE('',(#721),#722,.T.);
#344=PRESENTATION_STYLE_ASSIGNMENT((#723));
#345=ADVANCED_FACE('',(#724),#725,.T.);
#346=PRESENTATION_STYLE_ASSIGNMENT((#726));
#347=ADVANCED_FACE('',(#727),#728,.T.);
#348=PRESENTATION_STYLE_ASSIGNMENT((#729));
#349=ADVANCED_FACE('',(#730),#731,.T.);
#350=PRESENTATION_STYLE_ASSIGNMENT((#732));
#351=ADVANCED_FACE('',(#733),#734,.T.);
#352=PRESENTATION_STYLE_ASSIGNMENT((#735));
#353=ADVANCED_FACE('',(#736),#737,.T.);
#354=PRESENTATION_STYLE_ASSIGNMENT((#738));
#355=ADVANCED_FACE('',(#739),#740,.T.);
#356=PRESENTATION_STYLE_ASSIGNMENT((#741));
#357=ADVANCED_FACE('',(#742),#743,.T.);
#358=PRESENTATION_STYLE_ASSIGNMENT((#744));
#359=ADVANCED_FACE('',(#745),#746,.T.);
#360=PRESENTATION_STYLE_ASSIGNMENT((#747));
#361=ADVANCED_FACE('',(#748),#749,.T.);
#362=PRESENTATION_STYLE_ASSIGNMENT((#750));
#363=ADVANCED_FACE('',(#751),#752,.T.);
#364=PRESENTATION_STYLE_ASSIGNMENT((#753));
#365=ADVANCED_FACE('',(#754),#755,.T.);
#366=PRESENTATION_STYLE_ASSIGNMENT((#756));
#367=ADVANCED_FACE('',(#757),#758,.T.);
#368=PRESENTATION_STYLE_ASSIGNMENT((#759));
#369=ADVANCED_FACE('',(#760),#761,.T.);
#370=PRESENTATION_STYLE_ASSIGNMENT((#762));
#371=ADVANCED_FACE('',(#763),#764,.T.);
#372=PRESENTATION_STYLE_ASSIGNMENT((#765));
#373=ADVANCED_FACE('',(#766),#767,.T.);
#374=PRESENTATION_STYLE_ASSIGNMENT((#768));
#375=ADVANCED_FACE('',(#769),#770,.T.);
#376=PRESENTATION_STYLE_ASSIGNMENT((#771));
#377=ADVANCED_FACE('',(#772),#773,.T.);
#378=PRESENTATION_STYLE_ASSIGNMENT((#774));
#379=ADVANCED_FACE('',(#775),#776,.T.);
#380=PRESENTATION_STYLE_ASSIGNMENT((#777));
#381=ADVANCED_FACE('',(#778),#779,.T.);
#382=PRESENTATION_STYLE_ASSIGNMENT((#780));
#383=ADVANCED_FACE('',(#781),#782,.T.);
#384=PRESENTATION_STYLE_ASSIGNMENT((#783));
#385=ADVANCED_FACE('',(#784),#785,.T.);
#386=PRESENTATION_STYLE_ASSIGNMENT((#786));
#387=ADVANCED_FACE('',(#787),#788,.T.);
#388=PRESENTATION_STYLE_ASSIGNMENT((#789));
#389=ADVANCED_FACE('',(#790),#791,.T.);
#390=PRESENTATION_STYLE_ASSIGNMENT((#792));
#391=ADVANCED_FACE('',(#793),#794,.T.);
#392=PRESENTATION_STYLE_ASSIGNMENT((#795));
#393=ADVANCED_FACE('',(#796),#797,.T.);
#394=PRESENTATION_STYLE_ASSIGNMENT((#798));
#395=ADVANCED_FACE('',(#799),#800,.T.);
#396=PRESENTATION_STYLE_ASSIGNMENT((#801));
#397=ADVANCED_FACE('',(#802),#803,.T.);
#398=PRESENTATION_STYLE_ASSIGNMENT((#804));
#399=ADVANCED_FACE('',(#805),#806,.T.);
#400=PRESENTATION_STYLE_ASSIGNMENT((#807));
#401=ADVANCED_FACE('',(#808),#809,.T.);
#402=PRESENTATION_STYLE_ASSIGNMENT((#810));
#403=ADVANCED_FACE('',(#811),#812,.T.);
#404=PRESENTATION_STYLE_ASSIGNMENT((#813));
#405=ADVANCED_FACE('',(#814),#815,.T.);
#406=PRESENTATION_STYLE_ASSIGNMENT((#816));
#407=ADVANCED_FACE('',(#817),#818,.T.);
#408=PRESENTATION_STYLE_ASSIGNMENT((#819));
#409=ADVANCED_FACE('',(#820),#821,.T.);
#410=PRESENTATION_STYLE_ASSIGNMENT((#822));
#411=ADVANCED_FACE('',(#823),#824,.T.);
#412=PRESENTATION_STYLE_ASSIGNMENT((#825));
#413=ADVANCED_FACE('',(#826),#827,.T.);
#414=PRESENTATION_STYLE_ASSIGNMENT((#828));
#415=ADVANCED_FACE('',(#829),#830,.T.);
#416=PRESENTATION_STYLE_ASSIGNMENT((#831));
#417=ADVANCED_FACE('',(#832),#833,.T.);
#418=PRESENTATION_STYLE_ASSIGNMENT((#834));
#419=ADVANCED_FACE('',(#835),#836,.T.);
#420=PRESENTATION_STYLE_ASSIGNMENT((#837));
#421=ADVANCED_FACE('',(#838),#839,.T.);
#422=PRESENTATION_STYLE_ASSIGNMENT((#840));
#423=ADVANCED_FACE('',(#841,#842,#843,#844,#845,#846),#847,.F.);
#424=PRESENTATION_STYLE_ASSIGNMENT((#848));
#425=ADVANCED_FACE('',(#849,#850,#851,#852,#853,#854),#855,.T.);
#426=PRESENTATION_STYLE_ASSIGNMENT((#856));
#427=MANIFOLD_SOLID_BREP('2021_01_25__17-38-41-852',#857);
#428=PRODUCT('2021_01_25__17-38-41-852','','PART--DESC',(#858));
#429=PRODUCT_DEFINITION('','NONE',#859,#2);
#430=AXIS2_PLACEMENT_3D('',#860,#861,#862);
#433=LENGTH_MEASURE_WITH_UNIT(LENGTH_MEASURE(1.0),#863);
#436=DIMENSIONAL_EXPONENTS(1.0,0.0,0.0,0.0,0.0,0.0,0.0);
#438=DIMENSIONAL_EXPONENTS(0.0,0.0,0.0,0.0,0.0,0.0,0.0);
#444=SURFACE_STYLE_USAGE(.BOTH.,#864);
#445=FACE_OUTER_BOUND('',#865,.T.);
#446=PLANE('',#866);
#447=SURFACE_STYLE_USAGE(.BOTH.,#864);
#448=FACE_OUTER_BOUND('',#868,.T.);
#449=PLANE('',#869);
#450=SURFACE_STYLE_USAGE(.BOTH.,#864);
#451=FACE_OUTER_BOUND('',#871,.T.);
#452=PLANE('',#872);
#453=SURFACE_STYLE_USAGE(.BOTH.,#864);
#454=FACE_OUTER_BOUND('',#874,.T.);
#455=CYLINDRICAL_SURFACE('',#875,1.0000000041);
#456=SURFACE_STYLE_USAGE(.BOTH.,#864);
#457=FACE_OUTER_BOUND('',#877,.T.);
#458=PLANE('',#878);
#459=SURFACE_STYLE_USAGE(.BOTH.,#864);
#460=FACE_OUTER_BOUND('',#880,.T.);
#461=PLANE('',#881);
#462=SURFACE_STYLE_USAGE(.BOTH.,#864);
#463=FACE_OUTER_BOUND('',#883,.T.);
#464=PLANE('',#884);
#465=SURFACE_STYLE_USAGE(.BOTH.,#864);
#466=FACE_OUTER_BOUND('',#886,.T.);
#467=PLANE('',#887);
#468=SURFACE_STYLE_USAGE(.BOTH.,#864);
#469=FACE_OUTER_BOUND('',#889,.T.);
#470=PLANE('',#890);
#471=SURFACE_STYLE_USAGE(.BOTH.,#864);
#472=FACE_OUTER_BOUND('',#892,.T.);
#473=PLANE('',#893);
#474=SURFACE_STYLE_USAGE(.BOTH.,#864);
#475=FACE_OUTER_BOUND('',#895,.T.);
#476=PLANE('',#896);
#477=SURFACE_STYLE_USAGE(.BOTH.,#864);
#478=FACE_OUTER_BOUND('',#898,.T.);
#479=PLANE('',#899);
#480=SURFACE_STYLE_USAGE(.BOTH.,#864);
#481=FACE_OUTER_BOUND('',#901,.T.);
#482=CYLINDRICAL_SURFACE('',#902,1.0000000041);
#483=SURFACE_STYLE_USAGE(.BOTH.,#864);
#484=FACE_OUTER_BOUND('',#904,.T.);
#485=PLANE('',#905);
#486=SURFACE_STYLE_USAGE(.BOTH.,#864);
#487=FACE_OUTER_BOUND('',#907,.T.);
#488=PLANE('',#908);
#489=SURFACE_STYLE_USAGE(.BOTH.,#864);
#490=FACE_OUTER_BOUND('',#910,.T.);
#491=PLANE('',#911);
#492=SURFACE_STYLE_USAGE(.BOTH.,#864);
#493=FACE_OUTER_BOUND('',#913,.T.);
#494=PLANE('',#914);
#495=SURFACE_STYLE_USAGE(.BOTH.,#864);
#496=FACE_OUTER_BOUND('',#916,.T.);
#497=PLANE('',#917);
#498=SURFACE_STYLE_USAGE(.BOTH.,#864);
#499=FACE_OUTER_BOUND('',#919,.T.);
#500=PLANE('',#920);
#501=SURFACE_STYLE_USAGE(.BOTH.,#864);
#502=FACE_OUTER_BOUND('',#922,.T.);
#503=PLANE('',#923);
#504=SURFACE_STYLE_USAGE(.BOTH.,#864);
#505=FACE_OUTER_BOUND('',#925,.T.);
#506=PLANE('',#926);
#507=SURFACE_STYLE_USAGE(.BOTH.,#864);
#508=FACE_OUTER_BOUND('',#928,.T.);
#509=CYLINDRICAL_SURFACE('',#929,1.0000000041);
#510=SURFACE_STYLE_USAGE(.BOTH.,#864);
#511=FACE_OUTER_BOUND('',#931,.T.);
#512=PLANE('',#932);
#513=SURFACE_STYLE_USAGE(.BOTH.,#864);
#514=FACE_OUTER_BOUND('',#934,.T.);
#515=PLANE('',#935);
#516=SURFACE_STYLE_USAGE(.BOTH.,#864);
#517=FACE_OUTER_BOUND('',#937,.T.);
#518=PLANE('',#938);
#519=SURFACE_STYLE_USAGE(.BOTH.,#864);
#520=FACE_OUTER_BOUND('',#940,.T.);
#521=PLANE('',#941);
#522=SURFACE_STYLE_USAGE(.BOTH.,#864);
#523=FACE_OUTER_BOUND('',#943,.T.);
#524=PLANE('',#944);
#525=SURFACE_STYLE_USAGE(.BOTH.,#864);
#526=FACE_OUTER_BOUND('',#946,.T.);
#527=PLANE('',#947);
#528=SURFACE_STYLE_USAGE(.BOTH.,#864);
#529=FACE_OUTER_BOUND('',#949,.T.);
#530=PLANE('',#950);
#531=SURFACE_STYLE_USAGE(.BOTH.,#864);
#532=FACE_OUTER_BOUND('',#952,.T.);
#533=PLANE('',#953);
#534=SURFACE_STYLE_USAGE(.BOTH.,#864);
#535=FACE_OUTER_BOUND('',#955,.T.);
#536=CYLINDRICAL_SURFACE('',#956,1.0000000041);
#537=SURFACE_STYLE_USAGE(.BOTH.,#864);
#538=FACE_OUTER_BOUND('',#958,.T.);
#539=PLANE('',#959);
#540=SURFACE_STYLE_USAGE(.BOTH.,#864);
#541=FACE_OUTER_BOUND('',#961,.T.);
#542=PLANE('',#962);
#543=SURFACE_STYLE_USAGE(.BOTH.,#864);
#544=FACE_OUTER_BOUND('',#964,.T.);
#545=PLANE('',#965);
#546=SURFACE_STYLE_USAGE(.BOTH.,#864);
#547=FACE_OUTER_BOUND('',#967,.T.);
#548=PLANE('',#968);
#549=SURFACE_STYLE_USAGE(.BOTH.,#864);
#550=FACE_OUTER_BOUND('',#970,.T.);
#551=PLANE('',#971);
#552=SURFACE_STYLE_USAGE(.BOTH.,#864);
#553=FACE_OUTER_BOUND('',#973,.T.);
#554=CYLINDRICAL_SURFACE('',#974,5.00000033919996);
#555=SURFACE_STYLE_USAGE(.BOTH.,#864);
#556=FACE_OUTER_BOUND('',#976,.T.);
#557=PLANE('',#977);
#558=SURFACE_STYLE_USAGE(.BOTH.,#864);
#559=FACE_OUTER_BOUND('',#979,.T.);
#560=CYLINDRICAL_SURFACE('',#980,7.99999981210003);
#561=SURFACE_STYLE_USAGE(.BOTH.,#864);
#562=FACE_OUTER_BOUND('',#982,.T.);
#563=PLANE('',#983);
#564=SURFACE_STYLE_USAGE(.BOTH.,#864);
#565=FACE_OUTER_BOUND('',#985,.T.);
#566=CYLINDRICAL_SURFACE('',#986,4.99999948300003);
#567=SURFACE_STYLE_USAGE(.BOTH.,#864);
#568=FACE_OUTER_BOUND('',#988,.T.);
#569=PLANE('',#989);
#570=SURFACE_STYLE_USAGE(.BOTH.,#864);
#571=FACE_OUTER_BOUND('',#991,.T.);
#572=CYLINDRICAL_SURFACE('',#992,7.9999998121);
#573=SURFACE_STYLE_USAGE(.BOTH.,#864);
#574=FACE_OUTER_BOUND('',#994,.T.);
#575=PLANE('',#995);
#576=SURFACE_STYLE_USAGE(.BOTH.,#864);
#577=FACE_OUTER_BOUND('',#997,.T.);
#578=CYLINDRICAL_SURFACE('',#998,5.00000033919998);
#579=SURFACE_STYLE_USAGE(.BOTH.,#864);
#580=FACE_OUTER_BOUND('',#1000,.T.);
#581=PLANE('',#1001);
#582=SURFACE_STYLE_USAGE(.BOTH.,#864);
#583=FACE_OUTER_BOUND('',#1003,.T.);
#584=CYLINDRICAL_SURFACE('',#1004,7.99999981209996);
#585=SURFACE_STYLE_USAGE(.BOTH.,#864);
#586=FACE_OUTER_BOUND('',#1006,.T.);
#587=PLANE('',#1007);
#588=SURFACE_STYLE_USAGE(.BOTH.,#864);
#589=FACE_OUTER_BOUND('',#1009,.T.);
#590=CYLINDRICAL_SURFACE('',#1010,4.999999483);
#591=SURFACE_STYLE_USAGE(.BOTH.,#864);
#592=FACE_OUTER_BOUND('',#1012,.T.);
#593=PLANE('',#1013);
#594=SURFACE_STYLE_USAGE(.BOTH.,#864);
#595=FACE_OUTER_BOUND('',#1015,.T.);
#596=CYLINDRICAL_SURFACE('',#1016,7.99999981210001);
#597=SURFACE_STYLE_USAGE(.BOTH.,#864);
#598=FACE_OUTER_BOUND('',#1018,.T.);
#599=PLANE('',#1019);
#600=SURFACE_STYLE_USAGE(.BOTH.,#864);
#601=FACE_OUTER_BOUND('',#1021,.T.);
#602=CYLINDRICAL_SURFACE('',#1022,5.00000033919997);
#603=SURFACE_STYLE_USAGE(.BOTH.,#864);
#604=FACE_OUTER_BOUND('',#1024,.T.);
#605=PLANE('',#1025);
#606=SURFACE_STYLE_USAGE(.BOTH.,#864);
#607=FACE_OUTER_BOUND('',#1027,.T.);
#608=CYLINDRICAL_SURFACE('',#1028,7.99999981210002);
#609=SURFACE_STYLE_USAGE(.BOTH.,#864);
#610=FACE_OUTER_BOUND('',#1030,.T.);
#611=PLANE('',#1031);
#612=SURFACE_STYLE_USAGE(.BOTH.,#864);
#613=FACE_OUTER_BOUND('',#1033,.T.);
#614=CYLINDRICAL_SURFACE('',#1034,4.9999994830001);
#615=SURFACE_STYLE_USAGE(.BOTH.,#864);
#616=FACE_OUTER_BOUND('',#1036,.T.);
#617=PLANE('',#1037);
#618=SURFACE_STYLE_USAGE(.BOTH.,#864);
#619=FACE_OUTER_BOUND('',#1039,.T.);
#620=CYLINDRICAL_SURFACE('',#1040,7.99999981209997);
#621=SURFACE_STYLE_USAGE(.BOTH.,#864);
#622=FACE_OUTER_BOUND('',#1042,.T.);
#623=PLANE('',#1043);
#624=SURFACE_STYLE_USAGE(.BOTH.,#864);
#625=FACE_OUTER_BOUND('',#1045,.T.);
#626=CYLINDRICAL_SURFACE('',#1046,5.00000033920004);
#627=SURFACE_STYLE_USAGE(.BOTH.,#864);
#628=FACE_OUTER_BOUND('',#1048,.T.);
#629=PLANE('',#1049);
#630=SURFACE_STYLE_USAGE(.BOTH.,#864);
#631=FACE_OUTER_BOUND('',#1051,.T.);
#632=CYLINDRICAL_SURFACE('',#1052,7.99999981210003);
#633=SURFACE_STYLE_USAGE(.BOTH.,#864);
#634=FACE_OUTER_BOUND('',#1054,.T.);
#635=PLANE('',#1055);
#636=SURFACE_STYLE_USAGE(.BOTH.,#864);
#637=FACE_OUTER_BOUND('',#1057,.T.);
#638=CYLINDRICAL_SURFACE('',#1058,4.99999948300008);
#639=SURFACE_STYLE_USAGE(.BOTH.,#864);
#640=FACE_OUTER_BOUND('',#1060,.T.);
#641=PLANE('',#1061);
#642=SURFACE_STYLE_USAGE(.BOTH.,#864);
#643=FACE_OUTER_BOUND('',#1063,.T.);
#644=CYLINDRICAL_SURFACE('',#1064,7.99999981209999);
#645=SURFACE_STYLE_USAGE(.BOTH.,#864);
#646=FACE_OUTER_BOUND('',#1066,.T.);
#647=PLANE('',#1067);
#648=SURFACE_STYLE_USAGE(.BOTH.,#864);
#649=FACE_OUTER_BOUND('',#1069,.T.);
#650=PLANE('',#1070);
#651=SURFACE_STYLE_USAGE(.BOTH.,#864);
#652=FACE_OUTER_BOUND('',#1072,.T.);
#653=PLANE('',#1073);
#654=SURFACE_STYLE_USAGE(.BOTH.,#864);
#655=FACE_OUTER_BOUND('',#1075,.T.);
#656=CYLINDRICAL_SURFACE('',#1076,3.00000001220002);
#657=SURFACE_STYLE_USAGE(.BOTH.,#864);
#658=FACE_OUTER_BOUND('',#1078,.T.);
#659=PLANE('',#1079);
#660=SURFACE_STYLE_USAGE(.BOTH.,#864);
#661=FACE_OUTER_BOUND('',#1081,.T.);
#662=PLANE('',#1082);
#663=SURFACE_STYLE_USAGE(.BOTH.,#864);
#664=FACE_OUTER_BOUND('',#1084,.T.);
#665=PLANE('',#1085);
#666=SURFACE_STYLE_USAGE(.BOTH.,#864);
#667=FACE_OUTER_BOUND('',#1087,.T.);
#668=PLANE('',#1088);
#669=SURFACE_STYLE_USAGE(.BOTH.,#864);
#670=FACE_OUTER_BOUND('',#1090,.T.);
#671=PLANE('',#1091);
#672=SURFACE_STYLE_USAGE(.BOTH.,#864);
#673=FACE_OUTER_BOUND('',#1093,.T.);
#674=PLANE('',#1094);
#675=SURFACE_STYLE_USAGE(.BOTH.,#864);
#676=FACE_OUTER_BOUND('',#1096,.T.);
#677=PLANE('',#1097);
#678=SURFACE_STYLE_USAGE(.BOTH.,#864);
#679=FACE_OUTER_BOUND('',#1099,.T.);
#680=PLANE('',#1100);
#681=SURFACE_STYLE_USAGE(.BOTH.,#864);
#682=FACE_OUTER_BOUND('',#1102,.T.);
#683=PLANE('',#1103);
#684=SURFACE_STYLE_USAGE(.BOTH.,#864);
#685=FACE_OUTER_BOUND('',#1105,.T.);
#686=PLANE('',#1106);
#687=SURFACE_STYLE_USAGE(.BOTH.,#864);
#688=FACE_OUTER_BOUND('',#1108,.T.);
#689=PLANE('',#1109);
#690=SURFACE_STYLE_USAGE(.BOTH.,#864);
#691=FACE_OUTER_BOUND('',#1111,.T.);
#692=PLANE('',#1112);
#693=SURFACE_STYLE_USAGE(.BOTH.,#864);
#694=FACE_OUTER_BOUND('',#1114,.T.);
#695=PLANE('',#1115);
#696=SURFACE_STYLE_USAGE(.BOTH.,#864);
#697=FACE_OUTER_BOUND('',#1117,.T.);
#698=PLANE('',#1118);
#699=SURFACE_STYLE_USAGE(.BOTH.,#864);
#700=FACE_OUTER_BOUND('',#1120,.T.);
#701=PLANE('',#1121);
#702=SURFACE_STYLE_USAGE(.BOTH.,#864);
#703=FACE_OUTER_BOUND('',#1123,.T.);
#704=CYLINDRICAL_SURFACE('',#1124,3.00000001220002);
#705=SURFACE_STYLE_USAGE(.BOTH.,#864);
#706=FACE_OUTER_BOUND('',#1126,.T.);
#707=PLANE('',#1127);
#708=SURFACE_STYLE_USAGE(.BOTH.,#864);
#709=FACE_OUTER_BOUND('',#1129,.T.);
#710=PLANE('',#1130);
#711=SURFACE_STYLE_USAGE(.BOTH.,#864);
#712=FACE_OUTER_BOUND('',#1132,.T.);
#713=PLANE('',#1133);
#714=SURFACE_STYLE_USAGE(.BOTH.,#864);
#715=FACE_OUTER_BOUND('',#1135,.T.);
#716=PLANE('',#1136);
#717=SURFACE_STYLE_USAGE(.BOTH.,#864);
#718=FACE_OUTER_BOUND('',#1138,.T.);
#719=PLANE('',#1139);
#720=SURFACE_STYLE_USAGE(.BOTH.,#864);
#721=FACE_OUTER_BOUND('',#1141,.T.);
#722=PLANE('',#1142);
#723=SURFACE_STYLE_USAGE(.BOTH.,#864);
#724=FACE_OUTER_BOUND('',#1144,.T.);
#725=PLANE('',#1145);
#726=SURFACE_STYLE_USAGE(.BOTH.,#864);
#727=FACE_OUTER_BOUND('',#1147,.T.);
#728=PLANE('',#1148);
#729=SURFACE_STYLE_USAGE(.BOTH.,#864);
#730=FACE_OUTER_BOUND('',#1150,.T.);
#731=PLANE('',#1151);
#732=SURFACE_STYLE_USAGE(.BOTH.,#864);
#733=FACE_OUTER_BOUND('',#1153,.T.);
#734=PLANE('',#1154);
#735=SURFACE_STYLE_USAGE(.BOTH.,#864);
#736=FACE_OUTER_BOUND('',#1156,.T.);
#737=PLANE('',#1157);
#738=SURFACE_STYLE_USAGE(.BOTH.,#864);
#739=FACE_OUTER_BOUND('',#1159,.T.);
#740=PLANE('',#1160);
#741=SURFACE_STYLE_USAGE(.BOTH.,#864);
#742=FACE_OUTER_BOUND('',#1162,.T.);
#743=PLANE('',#1163);
#744=SURFACE_STYLE_USAGE(.BOTH.,#864);
#745=FACE_OUTER_BOUND('',#1165,.T.);
#746=PLANE('',#1166);
#747=SURFACE_STYLE_USAGE(.BOTH.,#864);
#748=FACE_OUTER_BOUND('',#1168,.T.);
#749=PLANE('',#1169);
#750=SURFACE_STYLE_USAGE(.BOTH.,#864);
#751=FACE_OUTER_BOUND('',#1171,.T.);
#752=CYLINDRICAL_SURFACE('',#1172,3.00000001220002);
#753=SURFACE_STYLE_USAGE(.BOTH.,#864);
#754=FACE_OUTER_BOUND('',#1174,.T.);
#755=PLANE('',#1175);
#756=SURFACE_STYLE_USAGE(.BOTH.,#864);
#757=FACE_OUTER_BOUND('',#1177,.T.);
#758=PLANE('',#1178);
#759=SURFACE_STYLE_USAGE(.BOTH.,#864);
#760=FACE_OUTER_BOUND('',#1180,.T.);
#761=PLANE('',#1181);
#762=SURFACE_STYLE_USAGE(.BOTH.,#864);
#763=FACE_OUTER_BOUND('',#1183,.T.);
#764=PLANE('',#1184);
#765=SURFACE_STYLE_USAGE(.BOTH.,#864);
#766=FACE_OUTER_BOUND('',#1186,.T.);
#767=PLANE('',#1187);
#768=SURFACE_STYLE_USAGE(.BOTH.,#864);
#769=FACE_OUTER_BOUND('',#1189,.T.);
#770=PLANE('',#1190);
#771=SURFACE_STYLE_USAGE(.BOTH.,#864);
#772=FACE_OUTER_BOUND('',#1192,.T.);
#773=PLANE('',#1193);
#774=SURFACE_STYLE_USAGE(.BOTH.,#864);
#775=FACE_OUTER_BOUND('',#1195,.T.);
#776=PLANE('',#1196);
#777=SURFACE_STYLE_USAGE(.BOTH.,#864);
#778=FACE_OUTER_BOUND('',#1198,.T.);
#779=PLANE('',#1199);
#780=SURFACE_STYLE_USAGE(.BOTH.,#864);
#781=FACE_OUTER_BOUND('',#1201,.T.);
#782=PLANE('',#1202);
#783=SURFACE_STYLE_USAGE(.BOTH.,#864);
#784=FACE_OUTER_BOUND('',#1204,.T.);
#785=PLANE('',#1205);
#786=SURFACE_STYLE_USAGE(.BOTH.,#864);
#787=FACE_OUTER_BOUND('',#1207,.T.);
#788=PLANE('',#1208);
#789=SURFACE_STYLE_USAGE(.BOTH.,#864);
#790=FACE_OUTER_BOUND('',#1210,.T.);
#791=PLANE('',#1211);
#792=SURFACE_STYLE_USAGE(.BOTH.,#864);
#793=FACE_OUTER_BOUND('',#1213,.T.);
#794=PLANE('',#1214);
#795=SURFACE_STYLE_USAGE(.BOTH.,#864);
#796=FACE_OUTER_BOUND('',#1216,.T.);
#797=PLANE('',#1217);
#798=SURFACE_STYLE_USAGE(.BOTH.,#864);
#799=FACE_OUTER_BOUND('',#1219,.T.);
#800=CYLINDRICAL_SURFACE('',#1220,3.00000001220002);
#801=SURFACE_STYLE_USAGE(.BOTH.,#864);
#802=FACE_OUTER_BOUND('',#1222,.T.);
#803=PLANE('',#1223);
#804=SURFACE_STYLE_USAGE(.BOTH.,#864);
#805=FACE_OUTER_BOUND('',#1225,.T.);
#806=PLANE('',#1226);
#807=SURFACE_STYLE_USAGE(.BOTH.,#864);
#808=FACE_OUTER_BOUND('',#1228,.T.);
#809=PLANE('',#1229);
#810=SURFACE_STYLE_USAGE(.BOTH.,#864);
#811=FACE_OUTER_BOUND('',#1231,.T.);
#812=PLANE('',#1232);
#813=SURFACE_STYLE_USAGE(.BOTH.,#864);
#814=FACE_OUTER_BOUND('',#1234,.T.);
#815=PLANE('',#1235);
#816=SURFACE_STYLE_USAGE(.BOTH.,#864);
#817=FACE_OUTER_BOUND('',#1237,.T.);
#818=PLANE('',#1238);
#819=SURFACE_STYLE_USAGE(.BOTH.,#864);
#820=FACE_OUTER_BOUND('',#1240,.T.);
#821=PLANE('',#1241);
#822=SURFACE_STYLE_USAGE(.BOTH.,#864);
#823=FACE_OUTER_BOUND('',#1243,.T.);
#824=PLANE('',#1244);
#825=SURFACE_STYLE_USAGE(.BOTH.,#864);
#826=FACE_OUTER_BOUND('',#1246,.T.);
#827=PLANE('',#1247);
#828=SURFACE_STYLE_USAGE(.BOTH.,#864);
#829=FACE_OUTER_BOUND('',#1249,.T.);
#830=PLANE('',#1250);
#831=SURFACE_STYLE_USAGE(.BOTH.,#864);
#832=FACE_OUTER_BOUND('',#1252,.T.);
#833=PLANE('',#1253);
#834=SURFACE_STYLE_USAGE(.BOTH.,#864);
#835=FACE_OUTER_BOUND('',#1255,.T.);
#836=PLANE('',#1256);
#837=SURFACE_STYLE_USAGE(.BOTH.,#864);
#838=FACE_OUTER_BOUND('',#1258,.T.);
#839=PLANE('',#1259);
#840=SURFACE_STYLE_USAGE(.BOTH.,#864);
#841=FACE_BOUND('',#1261,.T.);
#842=FACE_BOUND('',#1262,.T.);
#843=FACE_BOUND('',#1263,.T.);
#844=FACE_BOUND('',#1264,.T.);
#845=FACE_BOUND('',#1265,.T.);
#846=FACE_OUTER_BOUND('',#1266,.T.);
#847=PLANE('',#1267);
#848=SURFACE_STYLE_USAGE(.BOTH.,#864);
#849=FACE_BOUND('',#1269,.T.);
#850=FACE_BOUND('',#1270,.T.);
#851=FACE_BOUND('',#1271,.T.);
#852=FACE_BOUND('',#1272,.T.);
#853=FACE_BOUND('',#1273,.T.);
#854=FACE_OUTER_BOUND('',#1274,.T.);
#855=PLANE('',#1275);
#856=SURFACE_STYLE_USAGE(.BOTH.,#864);
#857=CLOSED_SHELL('',(#159,#161,#163,#165,#167,#169,#171,#173,#175,#177,#179,#181,#183,#185,#187,#189,#191,#193,#195,#197,#199,#201,#203,#205,#207,#209,#211,#213,#215,#217,#219,#221,#223,#225,#227,#229,#231,#233,#235,#237,#239,#241,#243,#245,#247,#249,#251,#253,#255,#257,#259,#261,#263,#265,#267,#269,#271,#273,#275,#277,#279,#281,#283,#285,#287,#289,#291,#293,#295,#297,#299,#301,#303,#305,#307,#309,#311,#313,#315,#317,#319,#321,#323,#325,#327,#329,#331,#333,#335,#337,#339,#341,#343,#345,#347,#349,#351,#353,#355,#357,#359,#361,#363,#365,#367,#369,#371,#373,#375,#377,#379,#381,#383,#385,#387,#389,#391,#393,#395,#397,#399,#401,#403,#405,#407,#409,#411,#413,#415,#417,#419,#421,#423,#425));
#858=PRODUCT_CONTEXT('',#145,'mechanical');
#859=PRODUCT_DEFINITION_FORMATION_WITH_SPECIFIED_SOURCE(' ','NONE',#428,.NOT_KNOWN.);
#860=CARTESIAN_POINT('',(0.0,0.0,0.0));
#861=DIRECTION('',(0.0,0.0,1.0));
#862=DIRECTION('',(1.0,0.0,0.0));
#863= (NAMED_UNIT(#436)LENGTH_UNIT()SI_UNIT(.MILLI.,.METRE.));
#864=SURFACE_SIDE_STYLE('',(#1278));
#865=EDGE_LOOP('',(#1279,#1280,#1281,#1282));
#866=AXIS2_PLACEMENT_3D('',#1283,#1284,#1285);
#868=EDGE_LOOP('',(#1287,#1288,#1289,#1290));
#869=AXIS2_PLACEMENT_3D('',#1291,#1292,#1293);
#871=EDGE_LOOP('',(#1295,#1296,#1297,#1298));
#872=AXIS2_PLACEMENT_3D('',#1299,#1300,#1301);
#874=EDGE_LOOP('',(#1303,#1304,#1305,#1306));
#875=AXIS2_PLACEMENT_3D('',#1307,#1308,#1309);
#877=EDGE_LOOP('',(#1311,#1312,#1313,#1314));
#878=AXIS2_PLACEMENT_3D('',#1315,#1316,#1317);
#880=EDGE_LOOP('',(#1319,#1320,#1321,#1322));
#881=AXIS2_PLACEMENT_3D('',#1323,#1324,#1325);
#883=EDGE_LOOP('',(#1327,#1328,#1329,#1330));
#884=AXIS2_PLACEMENT_3D('',#1331,#1332,#1333);
#886=EDGE_LOOP('',(#1335,#1336,#1337,#1338));
#887=AXIS2_PLACEMENT_3D('',#1339,#1340,#1341);
#889=EDGE_LOOP('',(#1343,#1344,#1345,#1346));
#890=AXIS2_PLACEMENT_3D('',#1347,#1348,#1349);
#892=EDGE_LOOP('',(#1351,#1352,#1353,#1354));
#893=AXIS2_PLACEMENT_3D('',#1355,#1356,#1357);
#895=EDGE_LOOP('',(#1359,#1360,#1361,#1362));
#896=AXIS2_PLACEMENT_3D('',#1363,#1364,#1365);
#898=EDGE_LOOP('',(#1367,#1368,#1369,#1370));
#899=AXIS2_PLACEMENT_3D('',#1371,#1372,#1373);
#901=EDGE_LOOP('',(#1375,#1376,#1377,#1378));
#902=AXIS2_PLACEMENT_3D('',#1379,#1380,#1381);
#904=EDGE_LOOP('',(#1383,#1384,#1385,#1386));
#905=AXIS2_PLACEMENT_3D('',#1387,#1388,#1389);
#907=EDGE_LOOP('',(#1391,#1392,#1393,#1394));
#908=AXIS2_PLACEMENT_3D('',#1395,#1396,#1397);
#910=EDGE_LOOP('',(#1399,#1400,#1401,#1402));
#911=AXIS2_PLACEMENT_3D('',#1403,#1404,#1405);
#913=EDGE_LOOP('',(#1407,#1408,#1409,#1410));
#914=AXIS2_PLACEMENT_3D('',#1411,#1412,#1413);
#916=EDGE_LOOP('',(#1415,#1416,#1417,#1418));
#917=AXIS2_PLACEMENT_3D('',#1419,#1420,#1421);
#919=EDGE_LOOP('',(#1423,#1424,#1425,#1426));
#920=AXIS2_PLACEMENT_3D('',#1427,#1428,#1429);
#922=EDGE_LOOP('',(#1431,#1432,#1433,#1434));
#923=AXIS2_PLACEMENT_3D('',#1435,#1436,#1437);
#925=EDGE_LOOP('',(#1439,#1440,#1441,#1442));
#926=AXIS2_PLACEMENT_3D('',#1443,#1444,#1445);
#928=EDGE_LOOP('',(#1447,#1448,#1449,#1450));
#929=AXIS2_PLACEMENT_3D('',#1451,#1452,#1453);
#931=EDGE_LOOP('',(#1455,#1456,#1457,#1458));
#932=AXIS2_PLACEMENT_3D('',#1459,#1460,#1461);
#934=EDGE_LOOP('',(#1463,#1464,#1465,#1466));
#935=AXIS2_PLACEMENT_3D('',#1467,#1468,#1469);
#937=EDGE_LOOP('',(#1471,#1472,#1473,#1474));
#938=AXIS2_PLACEMENT_3D('',#1475,#1476,#1477);
#940=EDGE_LOOP('',(#1479,#1480,#1481,#1482));
#941=AXIS2_PLACEMENT_3D('',#1483,#1484,#1485);
#943=EDGE_LOOP('',(#1487,#1488,#1489,#1490));
#944=AXIS2_PLACEMENT_3D('',#1491,#1492,#1493);
#946=EDGE_LOOP('',(#1495,#1496,#1497,#1498));
#947=AXIS2_PLACEMENT_3D('',#1499,#1500,#1501);
#949=EDGE_LOOP('',(#1503,#1504,#1505,#1506));
#950=AXIS2_PLACEMENT_3D('',#1507,#1508,#1509);
#952=EDGE_LOOP('',(#1511,#1512,#1513,#1514));
#953=AXIS2_PLACEMENT_3D('',#1515,#1516,#1517);
#955=EDGE_LOOP('',(#1519,#1520,#1521,#1522));
#956=AXIS2_PLACEMENT_3D('',#1523,#1524,#1525);
#958=EDGE_LOOP('',(#1527,#1528,#1529,#1530));
#959=AXIS2_PLACEMENT_3D('',#1531,#1532,#1533);
#961=EDGE_LOOP('',(#1535,#1536,#1537,#1538));
#962=AXIS2_PLACEMENT_3D('',#1539,#1540,#1541);
#964=EDGE_LOOP('',(#1543,#1544,#1545,#1546));
#965=AXIS2_PLACEMENT_3D('',#1547,#1548,#1549);
#967=EDGE_LOOP('',(#1551,#1552,#1553,#1554));
#968=AXIS2_PLACEMENT_3D('',#1555,#1556,#1557);
#970=EDGE_LOOP('',(#1559,#1560,#1561,#1562));
#971=AXIS2_PLACEMENT_3D('',#1563,#1564,#1565);
#973=EDGE_LOOP('',(#1567,#1568,#1569,#1570));
#974=AXIS2_PLACEMENT_3D('',#1571,#1572,#1573);
#976=EDGE_LOOP('',(#1575,#1576,#1577,#1578));
#977=AXIS2_PLACEMENT_3D('',#1579,#1580,#1581);
#979=EDGE_LOOP('',(#1583,#1584,#1585,#1586));
#980=AXIS2_PLACEMENT_3D('',#1587,#1588,#1589);
#982=EDGE_LOOP('',(#1591,#1592,#1593,#1594));
#983=AXIS2_PLACEMENT_3D('',#1595,#1596,#1597);
#985=EDGE_LOOP('',(#1599,#1600,#1601,#1602));
#986=AXIS2_PLACEMENT_3D('',#1603,#1604,#1605);
#988=EDGE_LOOP('',(#1607,#1608,#1609,#1610));
#989=AXIS2_PLACEMENT_3D('',#1611,#1612,#1613);
#991=EDGE_LOOP('',(#1615,#1616,#1617,#1618));
#992=AXIS2_PLACEMENT_3D('',#1619,#1620,#1621);
#994=EDGE_LOOP('',(#1623,#1624,#1625,#1626));
#995=AXIS2_PLACEMENT_3D('',#1627,#1628,#1629);
#997=EDGE_LOOP('',(#1631,#1632,#1633,#1634));
#998=AXIS2_PLACEMENT_3D('',#1635,#1636,#1637);
#1000=EDGE_LOOP('',(#1639,#1640,#1641,#1642));
#1001=AXIS2_PLACEMENT_3D('',#1643,#1644,#1645);
#1003=EDGE_LOOP('',(#1647,#1648,#1649,#1650));
#1004=AXIS2_PLACEMENT_3D('',#1651,#1652,#1653);
#1006=EDGE_LOOP('',(#1655,#1656,#1657,#1658));
#1007=AXIS2_PLACEMENT_3D('',#1659,#1660,#1661);
#1009=EDGE_LOOP('',(#1663,#1664,#1665,#1666));
#1010=AXIS2_PLACEMENT_3D('',#1667,#1668,#1669);
#1012=EDGE_LOOP('',(#1671,#1672,#1673,#1674));
#1013=AXIS2_PLACEMENT_3D('',#1675,#1676,#1677);
#1015=EDGE_LOOP('',(#1679,#1680,#1681,#1682));
#1016=AXIS2_PLACEMENT_3D('',#1683,#1684,#1685);
#1018=EDGE_LOOP('',(#1687,#1688,#1689,#1690));
#1019=AXIS2_PLACEMENT_3D('',#1691,#1692,#1693);
#1021=EDGE_LOOP('',(#1695,#1696,#1697,#1698));
#1022=AXIS2_PLACEMENT_3D('',#1699,#1700,#1701);
#1024=EDGE_LOOP('',(#1703,#1704,#1705,#1706));
#1025=AXIS2_PLACEMENT_3D('',#1707,#1708,#1709);
#1027=EDGE_LOOP('',(#1711,#1712,#1713,#1714));
#1028=AXIS2_PLACEMENT_3D('',#1715,#1716,#1717);
#1030=EDGE_LOOP('',(#1719,#1720,#1721,#1722));
#1031=AXIS2_PLACEMENT_3D('',#1723,#1724,#1725);
#1033=EDGE_LOOP('',(#1727,#1728,#1729,#1730));
#1034=AXIS2_PLACEMENT_3D('',#1731,#1732,#1733);
#1036=EDGE_LOOP('',(#1735,#1736,#1737,#1738));
#1037=AXIS2_PLACEMENT_3D('',#1739,#1740,#1741);
#1039=EDGE_LOOP('',(#1743,#1744,#1745,#1746));
#1040=AXIS2_PLACEMENT_3D('',#1747,#1748,#1749);
#1042=EDGE_LOOP('',(#1751,#1752,#1753,#1754));
#1043=AXIS2_PLACEMENT_3D('',#1755,#1756,#1757);
#1045=EDGE_LOOP('',(#1759,#1760,#1761,#1762));
#1046=AXIS2_PLACEMENT_3D('',#1763,#1764,#1765);
#1048=EDGE_LOOP('',(#1767,#1768,#1769,#1770));
#1049=AXIS2_PLACEMENT_3D('',#1771,#1772,#1773);
#1051=EDGE_LOOP('',(#1775,#1776,#1777,#1778));
#1052=AXIS2_PLACEMENT_3D('',#1779,#1780,#1781);
#1054=EDGE_LOOP('',(#1783,#1784,#1785,#1786));
#1055=AXIS2_PLACEMENT_3D('',#1787,#1788,#1789);
#1057=EDGE_LOOP('',(#1791,#1792,#1793,#1794));
#1058=AXIS2_PLACEMENT_3D('',#1795,#1796,#1797);
#1060=EDGE_LOOP('',(#1799,#1800,#1801,#1802));
#1061=AXIS2_PLACEMENT_3D('',#1803,#1804,#1805);
#1063=EDGE_LOOP('',(#1807,#1808,#1809,#1810));
#1064=AXIS2_PLACEMENT_3D('',#1811,#1812,#1813);
#1066=EDGE_LOOP('',(#1815,#1816,#1817,#1818));
#1067=AXIS2_PLACEMENT_3D('',#1819,#1820,#1821);
#1069=EDGE_LOOP('',(#1823,#1824,#1825,#1826));
#1070=AXIS2_PLACEMENT_3D('',#1827,#1828,#1829);
#1072=EDGE_LOOP('',(#1831,#1832,#1833,#1834));
#1073=AXIS2_PLACEMENT_3D('',#1835,#1836,#1837);
#1075=EDGE_LOOP('',(#1839,#1840,#1841,#1842));
#1076=AXIS2_PLACEMENT_3D('',#1843,#1844,#1845);
#1078=EDGE_LOOP('',(#1847,#1848,#1849,#1850));
#1079=AXIS2_PLACEMENT_3D('',#1851,#1852,#1853);
#1081=EDGE_LOOP('',(#1855,#1856,#1857,#1858));
#1082=AXIS2_PLACEMENT_3D('',#1859,#1860,#1861);
#1084=EDGE_LOOP('',(#1863,#1864,#1865,#1866));
#1085=AXIS2_PLACEMENT_3D('',#1867,#1868,#1869);
#1087=EDGE_LOOP('',(#1871,#1872,#1873,#1874));
#1088=AXIS2_PLACEMENT_3D('',#1875,#1876,#1877);
#1090=EDGE_LOOP('',(#1879,#1880,#1881,#1882));
#1091=AXIS2_PLACEMENT_3D('',#1883,#1884,#1885);
#1093=EDGE_LOOP('',(#1887,#1888,#1889,#1890));
#1094=AXIS2_PLACEMENT_3D('',#1891,#1892,#1893);
#1096=EDGE_LOOP('',(#1895,#1896,#1897,#1898));
#1097=AXIS2_PLACEMENT_3D('',#1899,#1900,#1901);
#1099=EDGE_LOOP('',(#1903,#1904,#1905,#1906));
#1100=AXIS2_PLACEMENT_3D('',#1907,#1908,#1909);
#1102=EDGE_LOOP('',(#1911,#1912,#1913,#1914));
#1103=AXIS2_PLACEMENT_3D('',#1915,#1916,#1917);
#1105=EDGE_LOOP('',(#1919,#1920,#1921,#1922));
#1106=AXIS2_PLACEMENT_3D('',#1923,#1924,#1925);
#1108=EDGE_LOOP('',(#1927,#1928,#1929,#1930));
#1109=AXIS2_PLACEMENT_3D('',#1931,#1932,#1933);
#1111=EDGE_LOOP('',(#1935,#1936,#1937,#1938));
#1112=AXIS2_PLACEMENT_3D('',#1939,#1940,#1941);
#1114=EDGE_LOOP('',(#1943,#1944,#1945,#1946));
#1115=AXIS2_PLACEMENT_3D('',#1947,#1948,#1949);
#1117=EDGE_LOOP('',(#1951,#1952,#1953,#1954));
#1118=AXIS2_PLACEMENT_3D('',#1955,#1956,#1957);
#1120=EDGE_LOOP('',(#1959,#1960,#1961,#1962));
#1121=AXIS2_PLACEMENT_3D('',#1963,#1964,#1965);
#1123=EDGE_LOOP('',(#1967,#1968,#1969,#1970));
#1124=AXIS2_PLACEMENT_3D('',#1971,#1972,#1973);
#1126=EDGE_LOOP('',(#1975,#1976,#1977,#1978));
#1127=AXIS2_PLACEMENT_3D('',#1979,#1980,#1981);
#1129=EDGE_LOOP('',(#1983,#1984,#1985,#1986));
#1130=AXIS2_PLACEMENT_3D('',#1987,#1988,#1989);
#1132=EDGE_LOOP('',(#1991,#1992,#1993,#1994));
#1133=AXIS2_PLACEMENT_3D('',#1995,#1996,#1997);
#1135=EDGE_LOOP('',(#1999,#2000,#2001,#2002));
#1136=AXIS2_PLACEMENT_3D('',#2003,#2004,#2005);
#1138=EDGE_LOOP('',(#2007,#2008,#2009,#2010));
#1139=AXIS2_PLACEMENT_3D('',#2011,#2012,#2013);
#1141=EDGE_LOOP('',(#2015,#2016,#2017,#2018));
#1142=AXIS2_PLACEMENT_3D('',#2019,#2020,#2021);
#1144=EDGE_LOOP('',(#2023,#2024,#2025,#2026));
#1145=AXIS2_PLACEMENT_3D('',#2027,#2028,#2029);
#1147=EDGE_LOOP('',(#2031,#2032,#2033,#2034));
#1148=AXIS2_PLACEMENT_3D('',#2035,#2036,#2037);
#1150=EDGE_LOOP('',(#2039,#2040,#2041,#2042));
#1151=AXIS2_PLACEMENT_3D('',#2043,#2044,#2045);
#1153=EDGE_LOOP('',(#2047,#2048,#2049,#2050));
#1154=AXIS2_PLACEMENT_3D('',#2051,#2052,#2053);
#1156=EDGE_LOOP('',(#2055,#2056,#2057,#2058));
#1157=AXIS2_PLACEMENT_3D('',#2059,#2060,#2061);
#1159=EDGE_LOOP('',(#2063,#2064,#2065,#2066));
#1160=AXIS2_PLACEMENT_3D('',#2067,#2068,#2069);
#1162=EDGE_LOOP('',(#2071,#2072,#2073,#2074));
#1163=AXIS2_PLACEMENT_3D('',#2075,#2076,#2077);
#1165=EDGE_LOOP('',(#2079,#2080,#2081,#2082));
#1166=AXIS2_PLACEMENT_3D('',#2083,#2084,#2085);
#1168=EDGE_LOOP('',(#2087,#2088,#2089,#2090));
#1169=AXIS2_PLACEMENT_3D('',#2091,#2092,#2093);
#1171=EDGE_LOOP('',(#2095,#2096,#2097,#2098));
#1172=AXIS2_PLACEMENT_3D('',#2099,#2100,#2101);
#1174=EDGE_LOOP('',(#2103,#2104,#2105,#2106));
#1175=AXIS2_PLACEMENT_3D('',#2107,#2108,#2109);
#1177=EDGE_LOOP('',(#2111,#2112,#2113,#2114));
#1178=AXIS2_PLACEMENT_3D('',#2115,#2116,#2117);
#1180=EDGE_LOOP('',(#2119,#2120,#2121,#2122));
#1181=AXIS2_PLACEMENT_3D('',#2123,#2124,#2125);
#1183=EDGE_LOOP('',(#2127,#2128,#2129,#2130));
#1184=AXIS2_PLACEMENT_3D('',#2131,#2132,#2133);
#1186=EDGE_LOOP('',(#2135,#2136,#2137,#2138));
#1187=AXIS2_PLACEMENT_3D('',#2139,#2140,#2141);
#1189=EDGE_LOOP('',(#2143,#2144,#2145,#2146));
#1190=AXIS2_PLACEMENT_3D('',#2147,#2148,#2149);
#1192=EDGE_LOOP('',(#2151,#2152,#2153,#2154));
#1193=AXIS2_PLACEMENT_3D('',#2155,#2156,#2157);
#1195=EDGE_LOOP('',(#2159,#2160,#2161,#2162));
#1196=AXIS2_PLACEMENT_3D('',#2163,#2164,#2165);
#1198=EDGE_LOOP('',(#2167,#2168,#2169,#2170));
#1199=AXIS2_PLACEMENT_3D('',#2171,#2172,#2173);
#1201=EDGE_LOOP('',(#2175,#2176,#2177,#2178));
#1202=AXIS2_PLACEMENT_3D('',#2179,#2180,#2181);
#1204=EDGE_LOOP('',(#2183,#2184,#2185,#2186));
#1205=AXIS2_PLACEMENT_3D('',#2187,#2188,#2189);
#1207=EDGE_LOOP('',(#2191,#2192,#2193,#2194));
#1208=AXIS2_PLACEMENT_3D('',#2195,#2196,#2197);
#1210=EDGE_LOOP('',(#2199,#2200,#2201,#2202));
#1211=AXIS2_PLACEMENT_3D('',#2203,#2204,#2205);
#1213=EDGE_LOOP('',(#2207,#2208,#2209,#2210));
#1214=AXIS2_PLACEMENT_3D('',#2211,#2212,#2213);
#1216=EDGE_LOOP('',(#2215,#2216,#2217,#2218));
#1217=AXIS2_PLACEMENT_3D('',#2219,#2220,#2221);
#1219=EDGE_LOOP('',(#2223,#2224,#2225,#2226));
#1220=AXIS2_PLACEMENT_3D('',#2227,#2228,#2229);
#1222=EDGE_LOOP('',(#2231,#2232,#2233,#2234));
#1223=AXIS2_PLACEMENT_3D('',#2235,#2236,#2237);
#1225=EDGE_LOOP('',(#2239,#2240,#2241,#2242));
#1226=AXIS2_PLACEMENT_3D('',#2243,#2244,#2245);
#1228=EDGE_LOOP('',(#2247,#2248,#2249,#2250));
#1229=AXIS2_PLACEMENT_3D('',#2251,#2252,#2253);
#1231=EDGE_LOOP('',(#2255,#2256,#2257,#2258));
#1232=AXIS2_PLACEMENT_3D('',#2259,#2260,#2261);
#1234=EDGE_LOOP('',(#2263,#2264,#2265,#2266));
#1235=AXIS2_PLACEMENT_3D('',#2267,#2268,#2269);
#1237=EDGE_LOOP('',(#2271,#2272,#2273,#2274));
#1238=AXIS2_PLACEMENT_3D('',#2275,#2276,#2277);
#1240=EDGE_LOOP('',(#2279,#2280,#2281,#2282));
#1241=AXIS2_PLACEMENT_3D('',#2283,#2284,#2285);
#1243=EDGE_LOOP('',(#2287,#2288,#2289,#2290));
#1244=AXIS2_PLACEMENT_3D('',#2291,#2292,#2293);
#1246=EDGE_LOOP('',(#2295,#2296,#2297,#2298));
#1247=AXIS2_PLACEMENT_3D('',#2299,#2300,#2301);
#1249=EDGE_LOOP('',(#2303,#2304,#2305,#2306));
#1250=AXIS2_PLACEMENT_3D('',#2307,#2308,#2309);
#1252=EDGE_LOOP('',(#2311,#2312,#2313,#2314));
#1253=AXIS2_PLACEMENT_3D('',#2315,#2316,#2317);
#1255=EDGE_LOOP('',(#2319,#2320,#2321,#2322));
#1256=AXIS2_PLACEMENT_3D('',#2323,#2324,#2325);
#1258=EDGE_LOOP('',(#2327,#2328,#2329,#2330));
#1259=AXIS2_PLACEMENT_3D('',#2331,#2332,#2333);
#1261=EDGE_LOOP('',(#2335,#2336,#2337,#2338,#2339,#2340,#2341,#2342,#2343));
#1262=EDGE_LOOP('',(#2344,#2345,#2346,#2347,#2348,#2349,#2350,#2351,#2352));
#1263=EDGE_LOOP('',(#2353,#2354,#2355,#2356,#2357,#2358,#2359,#2360,#2361));
#1264=EDGE_LOOP('',(#2362,#2363,#2364,#2365,#2366,#2367,#2368,#2369,#2370));
#1265=EDGE_LOOP('',(#2371,#2372,#2373,#2374,#2375,#2376,#2377,#2378,#2379,#2380,#2381,#2382,#2383,#2384,#2385,#2386,#2387,#2388,#2389,#2390,#2391,#2392,#2393,#2394,#2395,#2396,#2397,#2398,#2399,#2400,#2401,#2402));
#1266=EDGE_LOOP('',(#2403,#2404,#2405,#2406,#2407,#2408,#2409,#2410,#2411,#2412,#2413,#2414,#2415,#2416,#2417,#2418,#2419,#2420,#2421,#2422,#2423,#2424,#2425,#2426,#2427,#2428,#2429,#2430,#2431,#2432,#2433,#2434,#2435,#2436,#2437,#2438,#2439,#2440,#2441,#2442,#2443,#2444,#2445,#2446,#2447,#2448,#2449,#2450,#2451,#2452,#2453,#2454,#2455,#2456,#2457,#2458,#2459,#2460,#2461,#2462,#2463,#2464,#2465,#2466));
#1267=AXIS2_PLACEMENT_3D('',#2467,#2468,#2469);
#1269=EDGE_LOOP('',(#2471,#2472,#2473,#2474,#2475,#2476,#2477,#2478,#2479));
#1270=EDGE_LOOP('',(#2480,#2481,#2482,#2483,#2484,#2485,#2486,#2487,#2488));
#1271=EDGE_LOOP('',(#2489,#2490,#2491,#2492,#2493,#2494,#2495,#2496,#2497));
#1272=EDGE_LOOP('',(#2498,#2499,#2500,#2501,#2502,#2503,#2504,#2505,#2506));
#1273=EDGE_LOOP('',(#2507,#2508,#2509,#2510,#2511,#2512,#2513,#2514,#2515,#2516,#2517,#2518,#2519,#2520,#2521,#2522,#2523,#2524,#2525,#2526,#2527,#2528,#2529,#2530,#2531,#2532,#2533,#2534,#2535,#2536,#2537,#2538));
#1274=EDGE_LOOP('',(#2539,#2540,#2541,#2542,#2543,#2544,#2545,#2546,#2547,#2548,#2549,#2550,#2551,#2552,#2553,#2554,#2555,#2556,#2557,#2558,#2559,#2560,#2561,#2562,#2563,#2564,#2565,#2566,#2567,#2568,#2569,#2570,#2571,#2572,#2573,#2574,#2575,#2576,#2577,#2578,#2579,#2580,#2581,#2582,#2583,#2584,#2585,#2586,#2587,#2588,#2589,#2590,#2591,#2592,#2593,#2594,#2595,#2596,#2597,#2598,#2599,#2600,#2601,#2602));
#1275=AXIS2_PLACEMENT_3D('',#2603,#2604,#2605);
#1278=SURFACE_STYLE_FILL_AREA(#2607);
#1279=ORIENTED_EDGE('',*,*,#2608,.F.);
#1280=ORIENTED_EDGE('',*,*,#2609,.F.);
#1281=ORIENTED_EDGE('',*,*,#2610,.F.);
#1282=ORIENTED_EDGE('',*,*,#2611,.T.);
#1283=CARTESIAN_POINT('',(0.0,-18.5,10.025));
#1284=DIRECTION('',(0.0,1.0,0.0));
#1285=DIRECTION('',(-0.0,0.0,1.0));
#1287=ORIENTED_EDGE('',*,*,#2613,.F.);
#1288=ORIENTED_EDGE('',*,*,#2611,.F.);
#1289=ORIENTED_EDGE('',*,*,#2614,.F.);
#1290=ORIENTED_EDGE('',*,*,#2615,.T.);
#1291=CARTESIAN_POINT('',(0.0,-19.5,8.0));
#1292=DIRECTION('',(0.0,0.0,-1.0));
#1293=DIRECTION('',(-0.0,1.0,0.0));
#1295=ORIENTED_EDGE('',*,*,#2617,.F.);
#1296=ORIENTED_EDGE('',*,*,#2615,.F.);
#1297=ORIENTED_EDGE('',*,*,#2618,.F.);
#1298=ORIENTED_EDGE('',*,*,#2619,.T.);
#1299=CARTESIAN_POINT('',(0.0,-20.5,13.75));
#1300=DIRECTION('',(0.0,-1.0,0.0));
#1301=DIRECTION('',(0.0,0.0,-1.0));
#1303=ORIENTED_EDGE('',*,*,#2621,.F.);
#1304=ORIENTED_EDGE('',*,*,#2619,.F.);
#1305=ORIENTED_EDGE('',*,*,#2622,.F.);
#1306=ORIENTED_EDGE('',*,*,#2623,.T.);
#1307=CARTESIAN_POINT('',(0.0,-19.4999999959,19.4999999959));
#1308=DIRECTION('',(1.0,0.0,0.0));
#1309=DIRECTION('',(0.0,-4.05090359594265E-009,1.0));
#1311=ORIENTED_EDGE('',*,*,#2625,.F.);
#1312=ORIENTED_EDGE('',*,*,#2623,.F.);
#1313=ORIENTED_EDGE('',*,*,#2626,.F.);
#1314=ORIENTED_EDGE('',*,*,#2627,.T.);
#1315=CARTESIAN_POINT('',(0.0,-13.7499999999755,20.5));
#1316=DIRECTION('',(0.0,0.0,1.0));
#1317=DIRECTION('',(0.0,-1.0,0.0));
#1319=ORIENTED_EDGE('',*,*,#2629,.F.);
#1320=ORIENTED_EDGE('',*,*,#2627,.F.);
#1321=ORIENTED_EDGE('',*,*,#2630,.F.);
#1322=ORIENTED_EDGE('',*,*,#2631,.T.);
#1323=CARTESIAN_POINT('',(0.0,-8.0,19.5));
#1324=DIRECTION('',(0.0,1.0,0.0));
#1325=DIRECTION('',(-0.0,0.0,1.0));
#1327=ORIENTED_EDGE('',*,*,#2633,.F.);
#1328=ORIENTED_EDGE('',*,*,#2631,.F.);
#1329=ORIENTED_EDGE('',*,*,#2634,.F.);
#1330=ORIENTED_EDGE('',*,*,#2635,.T.);
#1331=CARTESIAN_POINT('',(0.0,-10.025,18.5));
#1332=DIRECTION('',(0.0,0.0,-1.0));
#1333=DIRECTION('',(-0.0,1.0,0.0));
#1335=ORIENTED_EDGE('',*,*,#2637,.F.);
#1336=ORIENTED_EDGE('',*,*,#2635,.F.);
#1337=ORIENTED_EDGE('',*,*,#2638,.F.);
#1338=ORIENTED_EDGE('',*,*,#2639,.T.);
#1339=CARTESIAN_POINT('',(0.0,-12.05,15.275));
#1340=DIRECTION('',(0.0,1.0,0.0));
#1341=DIRECTION('',(-0.0,0.0,1.0));
#1343=ORIENTED_EDGE('',*,*,#2641,.F.);
#1344=ORIENTED_EDGE('',*,*,#2639,.F.);
#1345=ORIENTED_EDGE('',*,*,#2642,.F.);
#1346=ORIENTED_EDGE('',*,*,#2609,.T.);
#1347=CARTESIAN_POINT('',(0.0,-15.275,12.05));
#1348=DIRECTION('',(0.0,0.0,-1.0));
#1349=DIRECTION('',(-0.0,1.0,0.0));
#1351=ORIENTED_EDGE('',*,*,#2644,.F.);
#1352=ORIENTED_EDGE('',*,*,#2645,.F.);
#1353=ORIENTED_EDGE('',*,*,#2646,.F.);
#1354=ORIENTED_EDGE('',*,*,#2647,.T.);
#1355=CARTESIAN_POINT('',(0.0,10.025,18.5));
#1356=DIRECTION('',(0.0,0.0,-1.0));
#1357=DIRECTION('',(-0.0,1.0,0.0));
#1359=ORIENTED_EDGE('',*,*,#2649,.F.);
#1360=ORIENTED_EDGE('',*,*,#2647,.F.);
#1361=ORIENTED_EDGE('',*,*,#2650,.F.);
#1362=ORIENTED_EDGE('',*,*,#2651,.T.);
#1363=CARTESIAN_POINT('',(0.0,8.0,19.5));
#1364=DIRECTION('',(0.0,-1.0,0.0));
#1365=DIRECTION('',(0.0,0.0,-1.0));
#1367=ORIENTED_EDGE('',*,*,#2653,.F.);
#1368=ORIENTED_EDGE('',*,*,#2651,.F.);
#1369=ORIENTED_EDGE('',*,*,#2654,.F.);
#1370=ORIENTED_EDGE('',*,*,#2655,.T.);
#1371=CARTESIAN_POINT('',(0.0,13.75,20.5));
#1372=DIRECTION('',(0.0,0.0,1.0));
#1373=DIRECTION('',(0.0,-1.0,0.0));
#1375=ORIENTED_EDGE('',*,*,#2657,.F.);
#1376=ORIENTED_EDGE('',*,*,#2655,.F.);
#1377=ORIENTED_EDGE('',*,*,#2658,.F.);
#1378=ORIENTED_EDGE('',*,*,#2659,.T.);
#1379=CARTESIAN_POINT('',(0.0,19.4999999959,19.4999999959));
#1380=DIRECTION('',(1.0,0.0,-0.0));
#1381=DIRECTION('',(0.0,1.0,4.05090359594265E-009));
#1383=ORIENTED_EDGE('',*,*,#2661,.F.);
#1384=ORIENTED_EDGE('',*,*,#2659,.F.);
#1385=ORIENTED_EDGE('',*,*,#2662,.F.);
#1386=ORIENTED_EDGE('',*,*,#2663,.T.);
#1387=CARTESIAN_POINT('',(0.0,20.5,13.7499999999755));
#1388=DIRECTION('',(0.0,1.0,0.0));
#1389=DIRECTION('',(0.0,0.0,1.0));
#1391=ORIENTED_EDGE('',*,*,#2665,.F.);
#1392=ORIENTED_EDGE('',*,*,#2663,.F.);
#1393=ORIENTED_EDGE('',*,*,#2666,.F.);
#1394=ORIENTED_EDGE('',*,*,#2667,.T.);
#1395=CARTESIAN_POINT('',(0.0,19.5,8.0));
#1396=DIRECTION('',(0.0,0.0,-1.0));
#1397=DIRECTION('',(-0.0,1.0,0.0));
#1399=ORIENTED_EDGE('',*,*,#2669,.F.);
#1400=ORIENTED_EDGE('',*,*,#2667,.F.);
#1401=ORIENTED_EDGE('',*,*,#2670,.F.);
#1402=ORIENTED_EDGE('',*,*,#2671,.T.);
#1403=CARTESIAN_POINT('',(0.0,18.5,10.025));
#1404=DIRECTION('',(0.0,-1.0,0.0));
#1405=DIRECTION('',(0.0,0.0,-1.0));
#1407=ORIENTED_EDGE('',*,*,#2673,.F.);
#1408=ORIENTED_EDGE('',*,*,#2671,.F.);
#1409=ORIENTED_EDGE('',*,*,#2674,.F.);
#1410=ORIENTED_EDGE('',*,*,#2675,.T.);
#1411=CARTESIAN_POINT('',(0.0,15.275,12.05));
#1412=DIRECTION('',(0.0,0.0,-1.0));
#1413=DIRECTION('',(-0.0,1.0,0.0));
#1415=ORIENTED_EDGE('',*,*,#2677,.F.);
#1416=ORIENTED_EDGE('',*,*,#2675,.F.);
#1417=ORIENTED_EDGE('',*,*,#2678,.F.);
#1418=ORIENTED_EDGE('',*,*,#2645,.T.);
#1419=CARTESIAN_POINT('',(0.0,12.05,15.275));
#1420=DIRECTION('',(0.0,-1.0,0.0));
#1421=DIRECTION('',(0.0,0.0,-1.0));
#1423=ORIENTED_EDGE('',*,*,#2680,.F.);
#1424=ORIENTED_EDGE('',*,*,#2681,.F.);
#1425=ORIENTED_EDGE('',*,*,#2682,.F.);
#1426=ORIENTED_EDGE('',*,*,#2683,.T.);
#1427=CARTESIAN_POINT('',(0.0,18.5,-10.025));
#1428=DIRECTION('',(0.0,-1.0,-0.0));
#1429=DIRECTION('',(-0.0,0.0,-1.0));
#1431=ORIENTED_EDGE('',*,*,#2685,.F.);
#1432=ORIENTED_EDGE('',*,*,#2683,.F.);
#1433=ORIENTED_EDGE('',*,*,#2686,.F.);
#1434=ORIENTED_EDGE('',*,*,#2687,.T.);
#1435=CARTESIAN_POINT('',(0.0,19.5,-8.0));
#1436=DIRECTION('',(0.0,0.0,1.0));
#1437=DIRECTION('',(0.0,-1.0,0.0));
#1439=ORIENTED_EDGE('',*,*,#2689,.F.);
#1440=ORIENTED_EDGE('',*,*,#2687,.F.);
#1441=ORIENTED_EDGE('',*,*,#2690,.F.);
#1442=ORIENTED_EDGE('',*,*,#2691,.T.);
#1443=CARTESIAN_POINT('',(0.0,20.5,-13.75));
#1444=DIRECTION('',(0.0,1.0,0.0));
#1445=DIRECTION('',(0.0,0.0,1.0));
#1447=ORIENTED_EDGE('',*,*,#2693,.F.);
#1448=ORIENTED_EDGE('',*,*,#2691,.F.);
#1449=ORIENTED_EDGE('',*,*,#2694,.F.);
#1450=ORIENTED_EDGE('',*,*,#2695,.T.);
#1451=CARTESIAN_POINT('',(0.0,19.4999999959,-19.4999999959));
#1452=DIRECTION('',(1.0,0.0,0.0));
#1453=DIRECTION('',(0.0,4.05090359594265E-009,-1.0));
#1455=ORIENTED_EDGE('',*,*,#2697,.F.);
#1456=ORIENTED_EDGE('',*,*,#2695,.F.);
#1457=ORIENTED_EDGE('',*,*,#2698,.F.);
#1458=ORIENTED_EDGE('',*,*,#2699,.T.);
#1459=CARTESIAN_POINT('',(0.0,13.7499999999755,-20.5));
#1460=DIRECTION('',(0.0,0.0,-1.0));
#1461=DIRECTION('',(0.0,1.0,0.0));
#1463=ORIENTED_EDGE('',*,*,#2701,.F.);
#1464=ORIENTED_EDGE('',*,*,#2699,.F.);
#1465=ORIENTED_EDGE('',*,*,#2702,.F.);
#1466=ORIENTED_EDGE('',*,*,#2703,.T.);
#1467=CARTESIAN_POINT('',(0.0,8.0,-19.5));
#1468=DIRECTION('',(0.0,-1.0,-0.0));
#1469=DIRECTION('',(-0.0,0.0,-1.0));
#1471=ORIENTED_EDGE('',*,*,#2705,.F.);
#1472=ORIENTED_EDGE('',*,*,#2703,.F.);
#1473=ORIENTED_EDGE('',*,*,#2706,.F.);
#1474=ORIENTED_EDGE('',*,*,#2707,.T.);
#1475=CARTESIAN_POINT('',(0.0,10.025,-18.5));
#1476=DIRECTION('',(0.0,0.0,1.0));
#1477=DIRECTION('',(0.0,-1.0,0.0));
#1479=ORIENTED_EDGE('',*,*,#2709,.F.);
#1480=ORIENTED_EDGE('',*,*,#2707,.F.);
#1481=ORIENTED_EDGE('',*,*,#2710,.F.);
#1482=ORIENTED_EDGE('',*,*,#2711,.T.);
#1483=CARTESIAN_POINT('',(0.0,12.05,-15.275));
#1484=DIRECTION('',(0.0,-1.0,-0.0));
#1485=DIRECTION('',(-0.0,0.0,-1.0));
#1487=ORIENTED_EDGE('',*,*,#2713,.F.);
#1488=ORIENTED_EDGE('',*,*,#2711,.F.);
#1489=ORIENTED_EDGE('',*,*,#2714,.F.);
#1490=ORIENTED_EDGE('',*,*,#2681,.T.);
#1491=CARTESIAN_POINT('',(0.0,15.275,-12.05));
#1492=DIRECTION('',(0.0,0.0,1.0));
#1493=DIRECTION('',(0.0,-1.0,0.0));
#1495=ORIENTED_EDGE('',*,*,#2716,.F.);
#1496=ORIENTED_EDGE('',*,*,#2717,.F.);
#1497=ORIENTED_EDGE('',*,*,#2718,.F.);
#1498=ORIENTED_EDGE('',*,*,#2719,.T.);
#1499=CARTESIAN_POINT('',(0.0,-10.025,-18.5));
#1500=DIRECTION('',(0.0,0.0,1.0));
#1501=DIRECTION('',(-0.0,-1.0,0.0));
#1503=ORIENTED_EDGE('',*,*,#2721,.F.);
#1504=ORIENTED_EDGE('',*,*,#2719,.F.);
#1505=ORIENTED_EDGE('',*,*,#2722,.F.);
#1506=ORIENTED_EDGE('',*,*,#2723,.T.);
#1507=CARTESIAN_POINT('',(0.0,-8.0,-19.5));
#1508=DIRECTION('',(0.0,1.0,0.0));
#1509=DIRECTION('',(-0.0,0.0,1.0));
#1511=ORIENTED_EDGE('',*,*,#2725,.F.);
#1512=ORIENTED_EDGE('',*,*,#2723,.F.);
#1513=ORIENTED_EDGE('',*,*,#2726,.F.);
#1514=ORIENTED_EDGE('',*,*,#2727,.T.);
#1515=CARTESIAN_POINT('',(0.0,-13.75,-20.5));
#1516=DIRECTION('',(0.0,0.0,-1.0));
#1517=DIRECTION('',(0.0,1.0,0.0));
#1519=ORIENTED_EDGE('',*,*,#2729,.F.);
#1520=ORIENTED_EDGE('',*,*,#2727,.F.);
#1521=ORIENTED_EDGE('',*,*,#2730,.F.);
#1522=ORIENTED_EDGE('',*,*,#2731,.T.);
#1523=CARTESIAN_POINT('',(0.0,-19.4999999959,-19.4999999959));
#1524=DIRECTION('',(1.0,0.0,0.0));
#1525=DIRECTION('',(0.0,-1.0,-4.05090359594265E-009));
#1527=ORIENTED_EDGE('',*,*,#2733,.F.);
#1528=ORIENTED_EDGE('',*,*,#2731,.F.);
#1529=ORIENTED_EDGE('',*,*,#2734,.F.);
#1530=ORIENTED_EDGE('',*,*,#2735,.T.);
#1531=CARTESIAN_POINT('',(0.0,-20.5,-13.7499999999755));
#1532=DIRECTION('',(0.0,-1.0,0.0));
#1533=DIRECTION('',(0.0,0.0,-1.0));
#1535=ORIENTED_EDGE('',*,*,#2737,.F.);
#1536=ORIENTED_EDGE('',*,*,#2735,.F.);
#1537=ORIENTED_EDGE('',*,*,#2738,.F.);
#1538=ORIENTED_EDGE('',*,*,#2739,.T.);
#1539=CARTESIAN_POINT('',(0.0,-19.5,-8.0));
#1540=DIRECTION('',(0.0,0.0,1.0));
#1541=DIRECTION('',(-0.0,-1.0,0.0));
#1543=ORIENTED_EDGE('',*,*,#2741,.F.);
#1544=ORIENTED_EDGE('',*,*,#2739,.F.);
#1545=ORIENTED_EDGE('',*,*,#2742,.F.);
#1546=ORIENTED_EDGE('',*,*,#2743,.T.);
#1547=CARTESIAN_POINT('',(0.0,-18.5,-10.025));
#1548=DIRECTION('',(0.0,1.0,0.0));
#1549=DIRECTION('',(-0.0,0.0,1.0));
#1551=ORIENTED_EDGE('',*,*,#2745,.F.);
#1552=ORIENTED_EDGE('',*,*,#2743,.F.);
#1553=ORIENTED_EDGE('',*,*,#2746,.F.);
#1554=ORIENTED_EDGE('',*,*,#2747,.T.);
#1555=CARTESIAN_POINT('',(0.0,-15.275,-12.05));
#1556=DIRECTION('',(0.0,0.0,1.0));
#1557=DIRECTION('',(-0.0,-1.0,0.0));
#1559=ORIENTED_EDGE('',*,*,#2749,.F.);
#1560=ORIENTED_EDGE('',*,*,#2747,.F.);
#1561=ORIENTED_EDGE('',*,*,#2750,.F.);
#1562=ORIENTED_EDGE('',*,*,#2717,.T.);
#1563=CARTESIAN_POINT('',(0.0,-12.05,-15.275));
#1564=DIRECTION('',(0.0,1.0,0.0));
#1565=DIRECTION('',(-0.0,0.0,1.0));
#1567=ORIENTED_EDGE('',*,*,#2752,.F.);
#1568=ORIENTED_EDGE('',*,*,#2753,.F.);
#1569=ORIENTED_EDGE('',*,*,#2754,.F.);
#1570=ORIENTED_EDGE('',*,*,#2755,.T.);
#1571=CARTESIAN_POINT('',(0.0,-4.66293670342566E-015,-3.39199959675796E-007));
#1572=DIRECTION('',(1.0,0.0,-0.0));
#1573=DIRECTION('',(0.0,0.173648166219633,0.984807755030675));
#1575=ORIENTED_EDGE('',*,*,#2757,.F.);
#1576=ORIENTED_EDGE('',*,*,#2755,.F.);
#1577=ORIENTED_EDGE('',*,*,#2758,.F.);
#1578=ORIENTED_EDGE('',*,*,#2759,.T.);
#1579=CARTESIAN_POINT('',(0.0,1.12871315500001,6.40125039500005));
#1580=DIRECTION('',(0.0,-0.984807753092434,0.173648177211946));
#1581=DIRECTION('',(0.0,-0.173648177211946,-0.984807753092434));
#1583=ORIENTED_EDGE('',*,*,#2761,.F.);
#1584=ORIENTED_EDGE('',*,*,#2759,.F.);
#1585=ORIENTED_EDGE('',*,*,#2762,.F.);
#1586=ORIENTED_EDGE('',*,*,#2763,.T.);
#1587=CARTESIAN_POINT('',(0.0,7.25999909079178E-008,1.73599968178451E-007));
#1588=DIRECTION('',(1.0,0.0,-0.0));
#1589=DIRECTION('',(0.0,0.573576440644404,0.81915204128275));
#1591=ORIENTED_EDGE('',*,*,#2765,.F.);
#1592=ORIENTED_EDGE('',*,*,#2763,.F.);
#1593=ORIENTED_EDGE('',*,*,#2766,.F.);
#1594=ORIENTED_EDGE('',*,*,#2767,.T.);
#1595=CARTESIAN_POINT('',(0.0,3.72824683498343,5.32448828497634));
#1596=DIRECTION('',(0.0,0.819152043826297,-0.573576437011843));
#1597=DIRECTION('',(0.0,0.573576437011843,0.819152043826297));
#1599=ORIENTED_EDGE('',*,*,#2769,.F.);
#1600=ORIENTED_EDGE('',*,*,#2767,.F.);
#1601=ORIENTED_EDGE('',*,*,#2770,.F.);
#1602=ORIENTED_EDGE('',*,*,#2771,.T.);
#1603=CARTESIAN_POINT('',(0.0,3.69699979074767E-007,3.69699982183391E-007));
#1604=DIRECTION('',(1.0,0.0,-0.0));
#1605=DIRECTION('',(0.0,0.819152054773299,0.573576421377903));
#1607=ORIENTED_EDGE('',*,*,#2773,.F.);
#1608=ORIENTED_EDGE('',*,*,#2771,.F.);
#1609=ORIENTED_EDGE('',*,*,#2774,.F.);
#1610=ORIENTED_EDGE('',*,*,#2775,.T.);
#1611=CARTESIAN_POINT('',(0.0,5.32448828503363,3.72824683502355));
#1612=DIRECTION('',(0.0,-0.573576437011843,0.819152043826297));
#1613=DIRECTION('',(0.0,-0.819152043826297,-0.573576437011843));
#1615=ORIENTED_EDGE('',*,*,#2777,.F.);
#1616=ORIENTED_EDGE('',*,*,#2775,.F.);
#1617=ORIENTED_EDGE('',*,*,#2778,.F.);
#1618=ORIENTED_EDGE('',*,*,#2779,.T.);
#1619=CARTESIAN_POINT('',(0.0,1.73600001929231E-007,7.26000015660588E-008));
#1620=DIRECTION('',(1.0,0.0,-0.0));
#1621=DIRECTION('',(0.0,0.98480775392264,0.173648172503613));
#1623=ORIENTED_EDGE('',*,*,#2781,.F.);
#1624=ORIENTED_EDGE('',*,*,#2779,.F.);
#1625=ORIENTED_EDGE('',*,*,#2782,.F.);
#1626=ORIENTED_EDGE('',*,*,#2783,.T.);
#1627=CARTESIAN_POINT('',(0.0,6.40125039496888,1.12871315499451));
#1628=DIRECTION('',(0.0,0.173648177211946,-0.984807753092434));
#1629=DIRECTION('',(0.0,0.984807753092434,0.173648177211946));
#1631=ORIENTED_EDGE('',*,*,#2785,.F.);
#1632=ORIENTED_EDGE('',*,*,#2783,.F.);
#1633=ORIENTED_EDGE('',*,*,#2786,.F.);
#1634=ORIENTED_EDGE('',*,*,#2787,.T.);
#1635=CARTESIAN_POINT('',(0.0,-3.39199980103899E-007,7.99360577730113E-015));
#1636=DIRECTION('',(1.0,0.0,0.0));
#1637=DIRECTION('',(0.0,0.984807755030675,-0.173648166219633));
#1639=ORIENTED_EDGE('',*,*,#2789,.F.);
#1640=ORIENTED_EDGE('',*,*,#2787,.F.);
#1641=ORIENTED_EDGE('',*,*,#2790,.F.);
#1642=ORIENTED_EDGE('',*,*,#2791,.T.);
#1643=CARTESIAN_POINT('',(0.0,6.40125039500005,-1.12871315500001));
#1644=DIRECTION('',(0.0,0.173648177211946,0.984807753092434));
#1645=DIRECTION('',(-0.0,-0.984807753092434,0.173648177211946));
#1647=ORIENTED_EDGE('',*,*,#2793,.F.);
#1648=ORIENTED_EDGE('',*,*,#2791,.F.);
#1649=ORIENTED_EDGE('',*,*,#2794,.F.);
#1650=ORIENTED_EDGE('',*,*,#2795,.T.);
#1651=CARTESIAN_POINT('',(0.0,1.73600029462762E-007,-7.26000219941625E-008));
#1652=DIRECTION('',(1.0,0.0,0.0));
#1653=DIRECTION('',(0.0,0.819152041282749,-0.573576440644405));
#1655=ORIENTED_EDGE('',*,*,#2797,.F.);
#1656=ORIENTED_EDGE('',*,*,#2795,.F.);
#1657=ORIENTED_EDGE('',*,*,#2798,.F.);
#1658=ORIENTED_EDGE('',*,*,#2799,.T.);
#1659=CARTESIAN_POINT('',(0.0,5.32448828497634,-3.72824683498343));
#1660=DIRECTION('',(0.0,-0.573576437011843,-0.819152043826297));
#1661=DIRECTION('',(0.0,0.819152043826297,-0.573576437011843));
#1663=ORIENTED_EDGE('',*,*,#2801,.F.);
#1664=ORIENTED_EDGE('',*,*,#2799,.F.);
#1665=ORIENTED_EDGE('',*,*,#2802,.F.);
#1666=ORIENTED_EDGE('',*,*,#2803,.T.);
#1667=CARTESIAN_POINT('',(0.0,3.69700001279227E-007,-3.69699995061978E-007));
#1668=DIRECTION('',(1.0,0.0,0.0));
#1669=DIRECTION('',(0.0,0.573576421377902,-0.8191520547733));
#1671=ORIENTED_EDGE('',*,*,#2805,.F.);
#1672=ORIENTED_EDGE('',*,*,#2803,.F.);
#1673=ORIENTED_EDGE('',*,*,#2806,.F.);
#1674=ORIENTED_EDGE('',*,*,#2807,.T.);
#1675=CARTESIAN_POINT('',(0.0,3.72824683502355,-5.32448828503363));
#1676=DIRECTION('',(0.0,0.819152043826297,0.573576437011843));
#1677=DIRECTION('',(-0.0,-0.573576437011843,0.819152043826297));
#1679=ORIENTED_EDGE('',*,*,#2809,.F.);
#1680=ORIENTED_EDGE('',*,*,#2807,.F.);
#1681=ORIENTED_EDGE('',*,*,#2810,.F.);
#1682=ORIENTED_EDGE('',*,*,#2811,.T.);
#1683=CARTESIAN_POINT('',(0.0,7.25999949047207E-008,-1.73599991271089E-007));
#1684=DIRECTION('',(1.0,0.0,0.0));
#1685=DIRECTION('',(0.0,0.173648172503614,-0.98480775392264));
#1687=ORIENTED_EDGE('',*,*,#2813,.F.);
#1688=ORIENTED_EDGE('',*,*,#2811,.F.);
#1689=ORIENTED_EDGE('',*,*,#2814,.F.);
#1690=ORIENTED_EDGE('',*,*,#2815,.T.);
#1691=CARTESIAN_POINT('',(0.0,1.12871315499451,-6.40125039496888));
#1692=DIRECTION('',(0.0,-0.984807753092434,-0.173648177211946));
#1693=DIRECTION('',(0.0,0.173648177211946,-0.984807753092434));
#1695=ORIENTED_EDGE('',*,*,#2817,.F.);
#1696=ORIENTED_EDGE('',*,*,#2815,.F.);
#1697=ORIENTED_EDGE('',*,*,#2818,.F.);
#1698=ORIENTED_EDGE('',*,*,#2819,.T.);
#1699=CARTESIAN_POINT('',(0.0,-5.32907051820075E-015,3.39199970333937E-007));
#1700=DIRECTION('',(1.0,0.0,0.0));
#1701=DIRECTION('',(0.0,-0.173648166219631,-0.984807755030676));
#1703=ORIENTED_EDGE('',*,*,#2821,.F.);
#1704=ORIENTED_EDGE('',*,*,#2819,.F.);
#1705=ORIENTED_EDGE('',*,*,#2822,.F.);
#1706=ORIENTED_EDGE('',*,*,#2823,.T.);
#1707=CARTESIAN_POINT('',(0.0,-1.12871315500001,-6.40125039500005));
#1708=DIRECTION('',(0.0,0.984807753092434,-0.173648177211946));
#1709=DIRECTION('',(0.0,0.173648177211946,0.984807753092434));
#1711=ORIENTED_EDGE('',*,*,#2825,.F.);
#1712=ORIENTED_EDGE('',*,*,#2823,.F.);
#1713=ORIENTED_EDGE('',*,*,#2826,.F.);
#1714=ORIENTED_EDGE('',*,*,#2827,.T.);
#1715=CARTESIAN_POINT('',(0.0,-7.25999917960962E-008,-1.73599985942019E-007));
#1716=DIRECTION('',(1.0,0.0,0.0));
#1717=DIRECTION('',(0.0,-0.573576440644404,-0.81915204128275));
#1719=ORIENTED_EDGE('',*,*,#2829,.F.);
#1720=ORIENTED_EDGE('',*,*,#2827,.F.);
#1721=ORIENTED_EDGE('',*,*,#2830,.F.);
#1722=ORIENTED_EDGE('',*,*,#2831,.T.);
#1723=CARTESIAN_POINT('',(0.0,-3.72824683498343,-5.32448828497634));
#1724=DIRECTION('',(0.0,-0.819152043826297,0.573576437011843));
#1725=DIRECTION('',(0.0,-0.573576437011843,-0.819152043826297));
#1727=ORIENTED_EDGE('',*,*,#2833,.F.);
#1728=ORIENTED_EDGE('',*,*,#2831,.F.);
#1729=ORIENTED_EDGE('',*,*,#2834,.F.);
#1730=ORIENTED_EDGE('',*,*,#2835,.T.);
#1731=CARTESIAN_POINT('',(0.0,-3.69699932001311E-007,-3.69699930669043E-007));
#1732=DIRECTION('',(1.0,0.0,0.0));
#1733=DIRECTION('',(0.0,-0.819152054773297,-0.573576421377906));
#1735=ORIENTED_EDGE('',*,*,#2837,.F.);
#1736=ORIENTED_EDGE('',*,*,#2835,.F.);
#1737=ORIENTED_EDGE('',*,*,#2838,.F.);
#1738=ORIENTED_EDGE('',*,*,#2839,.T.);
#1739=CARTESIAN_POINT('',(0.0,-5.32448828503363,-3.72824683502355));
#1740=DIRECTION('',(0.0,0.573576437011843,-0.819152043826297));
#1741=DIRECTION('',(0.0,0.819152043826297,0.573576437011843));
#1743=ORIENTED_EDGE('',*,*,#2841,.F.);
#1744=ORIENTED_EDGE('',*,*,#2839,.F.);
#1745=ORIENTED_EDGE('',*,*,#2842,.F.);
#1746=ORIENTED_EDGE('',*,*,#2843,.T.);
#1747=CARTESIAN_POINT('',(0.0,-1.73600031239118E-007,-7.25999993456128E-008));
#1748=DIRECTION('',(1.0,0.0,0.0));
#1749=DIRECTION('',(0.0,-0.98480775392264,-0.173648172503614));
#1751=ORIENTED_EDGE('',*,*,#2845,.F.);
#1752=ORIENTED_EDGE('',*,*,#2843,.F.);
#1753=ORIENTED_EDGE('',*,*,#2846,.F.);
#1754=ORIENTED_EDGE('',*,*,#2847,.T.);
#1755=CARTESIAN_POINT('',(0.0,-6.40125039496888,-1.12871315499451));
#1756=DIRECTION('',(0.0,-0.173648177211946,0.984807753092434));
#1757=DIRECTION('',(0.0,-0.984807753092434,-0.173648177211946));
#1759=ORIENTED_EDGE('',*,*,#2849,.F.);
#1760=ORIENTED_EDGE('',*,*,#2847,.F.);
#1761=ORIENTED_EDGE('',*,*,#2850,.F.);
#1762=ORIENTED_EDGE('',*,*,#2851,.T.);
#1763=CARTESIAN_POINT('',(0.0,3.39200044940924E-007,-2.44249065417534E-015));
#1764=DIRECTION('',(1.0,0.0,0.0));
#1765=DIRECTION('',(0.0,-0.984807755030676,0.173648166219629));
#1767=ORIENTED_EDGE('',*,*,#2853,.F.);
#1768=ORIENTED_EDGE('',*,*,#2851,.F.);
#1769=ORIENTED_EDGE('',*,*,#2854,.F.);
#1770=ORIENTED_EDGE('',*,*,#2855,.T.);
#1771=CARTESIAN_POINT('',(0.0,-6.40125039500005,1.12871315500001));
#1772=DIRECTION('',(0.0,-0.173648177211946,-0.984807753092434));
#1773=DIRECTION('',(0.0,0.984807753092434,-0.173648177211946));
#1775=ORIENTED_EDGE('',*,*,#2857,.F.);
#1776=ORIENTED_EDGE('',*,*,#2855,.F.);
#1777=ORIENTED_EDGE('',*,*,#2858,.F.);
#1778=ORIENTED_EDGE('',*,*,#2859,.T.);
#1779=CARTESIAN_POINT('',(0.0,-1.73599973507521E-007,7.25999953488099E-008));
#1780=DIRECTION('',(1.0,0.0,0.0));
#1781=DIRECTION('',(0.0,-0.81915204128275,0.573576440644404));
#1783=ORIENTED_EDGE('',*,*,#2861,.F.);
#1784=ORIENTED_EDGE('',*,*,#2859,.F.);
#1785=ORIENTED_EDGE('',*,*,#2862,.F.);
#1786=ORIENTED_EDGE('',*,*,#2863,.T.);
#1787=CARTESIAN_POINT('',(0.0,-5.32448828497634,3.72824683498343));
#1788=DIRECTION('',(0.0,0.573576437011843,0.819152043826297));
#1789=DIRECTION('',(-0.0,-0.819152043826297,0.573576437011843));
#1791=ORIENTED_EDGE('',*,*,#2865,.F.);
#1792=ORIENTED_EDGE('',*,*,#2863,.F.);
#1793=ORIENTED_EDGE('',*,*,#2866,.F.);
#1794=ORIENTED_EDGE('',*,*,#2867,.T.);
#1795=CARTESIAN_POINT('',(0.0,-3.69699951097147E-007,3.69699939106738E-007));
#1796=DIRECTION('',(1.0,0.0,0.0));
#1797=DIRECTION('',(0.0,-0.573576421377903,0.819152054773299));
#1799=ORIENTED_EDGE('',*,*,#2869,.F.);
#1800=ORIENTED_EDGE('',*,*,#2867,.F.);
#1801=ORIENTED_EDGE('',*,*,#2870,.F.);
#1802=ORIENTED_EDGE('',*,*,#2871,.T.);
#1803=CARTESIAN_POINT('',(0.0,-3.72824683502355,5.32448828503363));
#1804=DIRECTION('',(0.0,-0.819152043826297,-0.573576437011843));
#1805=DIRECTION('',(0.0,0.573576437011843,-0.819152043826297));
#1807=ORIENTED_EDGE('',*,*,#2873,.F.);
#1808=ORIENTED_EDGE('',*,*,#2871,.F.);
#1809=ORIENTED_EDGE('',*,*,#2874,.F.);
#1810=ORIENTED_EDGE('',*,*,#2875,.T.);
#1811=CARTESIAN_POINT('',(0.0,-7.26000044526387E-008,1.73600014363728E-007));
#1812=DIRECTION('',(1.0,0.0,0.0));
#1813=DIRECTION('',(0.0,-0.173648172503614,0.98480775392264));
#1815=ORIENTED_EDGE('',*,*,#2877,.F.);
#1816=ORIENTED_EDGE('',*,*,#2875,.F.);
#1817=ORIENTED_EDGE('',*,*,#2878,.F.);
#1818=ORIENTED_EDGE('',*,*,#2753,.T.);
#1819=CARTESIAN_POINT('',(0.0,-1.128713155,6.401250395));
#1820=DIRECTION('',(0.0,0.984807753092434,0.173648177211946));
#1821=DIRECTION('',(-0.0,-0.173648177211946,0.984807753092434));
#1823=ORIENTED_EDGE('',*,*,#2880,.T.);
#1824=ORIENTED_EDGE('',*,*,#2881,.F.);
#1825=ORIENTED_EDGE('',*,*,#2882,.T.);
#1826=ORIENTED_EDGE('',*,*,#2883,.T.);
#1827=CARTESIAN_POINT('',(0.0,5.8,21.75));
#1828=DIRECTION('',(0.0,-1.0,0.0));
#1829=DIRECTION('',(0.0,0.0,-1.0));
#1831=ORIENTED_EDGE('',*,*,#2885,.T.);
#1832=ORIENTED_EDGE('',*,*,#2886,.F.);
#1833=ORIENTED_EDGE('',*,*,#2887,.T.);
#1834=ORIENTED_EDGE('',*,*,#2881,.T.);
#1835=CARTESIAN_POINT('',(0.0,12.6499999999764,22.5));
#1836=DIRECTION('',(0.0,0.0,1.0));
#1837=DIRECTION('',(0.0,-1.0,0.0));
#1839=ORIENTED_EDGE('',*,*,#2889,.T.);
#1840=ORIENTED_EDGE('',*,*,#2890,.F.);
#1841=ORIENTED_EDGE('',*,*,#2891,.T.);
#1842=ORIENTED_EDGE('',*,*,#2886,.T.);
#1843=CARTESIAN_POINT('',(0.0,19.4999999878,19.4999999878));
#1844=DIRECTION('',(1.0,0.0,-0.0));
#1845=DIRECTION('',(0.0,1.0,4.05091425421864E-009));
#1847=ORIENTED_EDGE('',*,*,#2893,.T.);
#1848=ORIENTED_EDGE('',*,*,#2894,.F.);
#1849=ORIENTED_EDGE('',*,*,#2895,.T.);
#1850=ORIENTED_EDGE('',*,*,#2890,.T.);
#1851=CARTESIAN_POINT('',(0.0,22.5,12.65));
#1852=DIRECTION('',(0.0,1.0,0.0));
#1853=DIRECTION('',(0.0,0.0,1.0));
#1855=ORIENTED_EDGE('',*,*,#2897,.T.);
#1856=ORIENTED_EDGE('',*,*,#2898,.F.);
#1857=ORIENTED_EDGE('',*,*,#2899,.T.);
#1858=ORIENTED_EDGE('',*,*,#2894,.T.);
#1859=CARTESIAN_POINT('',(0.0,21.75,5.8));
#1860=DIRECTION('',(0.0,0.0,-1.0));
#1861=DIRECTION('',(0.0,1.0,0.0));
#1863=ORIENTED_EDGE('',*,*,#2901,.T.);
#1864=ORIENTED_EDGE('',*,*,#2902,.F.);
#1865=ORIENTED_EDGE('',*,*,#2903,.T.);
#1866=ORIENTED_EDGE('',*,*,#2898,.T.);
#1867=CARTESIAN_POINT('',(0.0,21.0,5.4));
#1868=DIRECTION('',(0.0,1.0,0.0));
#1869=DIRECTION('',(0.0,0.0,1.0));
#1871=ORIENTED_EDGE('',*,*,#2905,.T.);
#1872=ORIENTED_EDGE('',*,*,#2906,.F.);
#1873=ORIENTED_EDGE('',*,*,#2907,.T.);
#1874=ORIENTED_EDGE('',*,*,#2902,.T.);
#1875=CARTESIAN_POINT('',(0.0,18.75,5.0));
#1876=DIRECTION('',(0.0,0.0,-1.0));
#1877=DIRECTION('',(0.0,1.0,0.0));
#1879=ORIENTED_EDGE('',*,*,#2909,.T.);
#1880=ORIENTED_EDGE('',*,*,#2910,.F.);
#1881=ORIENTED_EDGE('',*,*,#2911,.T.);
#1882=ORIENTED_EDGE('',*,*,#2906,.T.);
#1883=CARTESIAN_POINT('',(0.0,16.5,7.525));
#1884=DIRECTION('',(0.0,-1.0,0.0));
#1885=DIRECTION('',(0.0,0.0,-1.0));
#1887=ORIENTED_EDGE('',*,*,#2913,.T.);
#1888=ORIENTED_EDGE('',*,*,#2914,.F.);
#1889=ORIENTED_EDGE('',*,*,#2915,.T.);
#1890=ORIENTED_EDGE('',*,*,#2910,.T.);
#1891=CARTESIAN_POINT('',(0.0,14.4,10.05));
#1892=DIRECTION('',(0.0,0.0,-1.0));
#1893=DIRECTION('',(0.0,1.0,0.0));
#1895=ORIENTED_EDGE('',*,*,#2917,.T.);
#1896=ORIENTED_EDGE('',*,*,#2918,.F.);
#1897=ORIENTED_EDGE('',*,*,#2919,.T.);
#1898=ORIENTED_EDGE('',*,*,#2914,.T.);
#1899=CARTESIAN_POINT('',(0.0,10.9,8.65));
#1900=DIRECTION('',(0.0,0.707106781186547,-0.707106781186547));
#1901=DIRECTION('',(0.0,0.707106781186548,0.707106781186548));
#1903=ORIENTED_EDGE('',*,*,#2921,.T.);
#1904=ORIENTED_EDGE('',*,*,#2922,.F.);
#1905=ORIENTED_EDGE('',*,*,#2923,.T.);
#1906=ORIENTED_EDGE('',*,*,#2918,.T.);
#1907=CARTESIAN_POINT('',(0.0,9.5,0.0));
#1908=DIRECTION('',(0.0,1.0,0.0));
#1909=DIRECTION('',(0.0,0.0,1.0));
#1911=ORIENTED_EDGE('',*,*,#2925,.T.);
#1912=ORIENTED_EDGE('',*,*,#2926,.F.);
#1913=ORIENTED_EDGE('',*,*,#2927,.T.);
#1914=ORIENTED_EDGE('',*,*,#2922,.T.);
#1915=CARTESIAN_POINT('',(0.0,10.9,-8.65));
#1916=DIRECTION('',(0.0,0.707106781186547,0.707106781186547));
#1917=DIRECTION('',(0.0,-0.707106781186548,0.707106781186548));
#1919=ORIENTED_EDGE('',*,*,#2929,.T.);
#1920=ORIENTED_EDGE('',*,*,#2930,.F.);
#1921=ORIENTED_EDGE('',*,*,#2931,.T.);
#1922=ORIENTED_EDGE('',*,*,#2926,.T.);
#1923=CARTESIAN_POINT('',(0.0,14.4,-10.05));
#1924=DIRECTION('',(0.0,0.0,1.0));
#1925=DIRECTION('',(0.0,-1.0,0.0));
#1927=ORIENTED_EDGE('',*,*,#2933,.T.);
#1928=ORIENTED_EDGE('',*,*,#2934,.F.);
#1929=ORIENTED_EDGE('',*,*,#2935,.T.);
#1930=ORIENTED_EDGE('',*,*,#2930,.T.);
#1931=CARTESIAN_POINT('',(0.0,16.5,-7.525));
#1932=DIRECTION('',(0.0,-1.0,0.0));
#1933=DIRECTION('',(0.0,0.0,-1.0));
#1935=ORIENTED_EDGE('',*,*,#2937,.T.);
#1936=ORIENTED_EDGE('',*,*,#2938,.F.);
#1937=ORIENTED_EDGE('',*,*,#2939,.T.);
#1938=ORIENTED_EDGE('',*,*,#2934,.T.);
#1939=CARTESIAN_POINT('',(0.0,18.75,-5.0));
#1940=DIRECTION('',(0.0,0.0,1.0));
#1941=DIRECTION('',(0.0,-1.0,0.0));
#1943=ORIENTED_EDGE('',*,*,#2941,.T.);
#1944=ORIENTED_EDGE('',*,*,#2942,.F.);
#1945=ORIENTED_EDGE('',*,*,#2943,.T.);
#1946=ORIENTED_EDGE('',*,*,#2938,.T.);
#1947=CARTESIAN_POINT('',(0.0,21.0,-5.4));
#1948=DIRECTION('',(0.0,1.0,0.0));
#1949=DIRECTION('',(0.0,0.0,1.0));
#1951=ORIENTED_EDGE('',*,*,#2945,.T.);
#1952=ORIENTED_EDGE('',*,*,#2946,.F.);
#1953=ORIENTED_EDGE('',*,*,#2947,.T.);
#1954=ORIENTED_EDGE('',*,*,#2942,.T.);
#1955=CARTESIAN_POINT('',(0.0,21.75,-5.8));
#1956=DIRECTION('',(0.0,0.0,1.0));
#1957=DIRECTION('',(0.0,-1.0,0.0));
#1959=ORIENTED_EDGE('',*,*,#2949,.T.);
#1960=ORIENTED_EDGE('',*,*,#2950,.F.);
#1961=ORIENTED_EDGE('',*,*,#2951,.T.);
#1962=ORIENTED_EDGE('',*,*,#2946,.T.);
#1963=CARTESIAN_POINT('',(0.0,22.5,-12.6499999999764));
#1964=DIRECTION('',(0.0,1.0,0.0));
#1965=DIRECTION('',(0.0,0.0,1.0));
#1967=ORIENTED_EDGE('',*,*,#2953,.T.);
#1968=ORIENTED_EDGE('',*,*,#2954,.F.);
#1969=ORIENTED_EDGE('',*,*,#2955,.T.);
#1970=ORIENTED_EDGE('',*,*,#2950,.T.);
#1971=CARTESIAN_POINT('',(0.0,19.4999999878,-19.4999999878));
#1972=DIRECTION('',(1.0,0.0,0.0));
#1973=DIRECTION('',(0.0,4.05091425421864E-009,-1.0));
#1975=ORIENTED_EDGE('',*,*,#2957,.T.);
#1976=ORIENTED_EDGE('',*,*,#2958,.F.);
#1977=ORIENTED_EDGE('',*,*,#2959,.T.);
#1978=ORIENTED_EDGE('',*,*,#2954,.T.);
#1979=CARTESIAN_POINT('',(0.0,12.65,-22.5));
#1980=DIRECTION('',(0.0,0.0,-1.0));
#1981=DIRECTION('',(0.0,1.0,0.0));
#1983=ORIENTED_EDGE('',*,*,#2961,.T.);
#1984=ORIENTED_EDGE('',*,*,#2962,.F.);
#1985=ORIENTED_EDGE('',*,*,#2963,.T.);
#1986=ORIENTED_EDGE('',*,*,#2958,.T.);
#1987=CARTESIAN_POINT('',(0.0,5.8,-21.75));
#1988=DIRECTION('',(0.0,-1.0,0.0));
#1989=DIRECTION('',(0.0,0.0,-1.0));
#1991=ORIENTED_EDGE('',*,*,#2965,.T.);
#1992=ORIENTED_EDGE('',*,*,#2966,.F.);
#1993=ORIENTED_EDGE('',*,*,#2967,.T.);
#1994=ORIENTED_EDGE('',*,*,#2962,.T.);
#1995=CARTESIAN_POINT('',(0.0,5.4,-21.0));
#1996=DIRECTION('',(0.0,0.0,-1.0));
#1997=DIRECTION('',(0.0,1.0,0.0));
#1999=ORIENTED_EDGE('',*,*,#2969,.T.);
#2000=ORIENTED_EDGE('',*,*,#2970,.F.);
#2001=ORIENTED_EDGE('',*,*,#2971,.T.);
#2002=ORIENTED_EDGE('',*,*,#2966,.T.);
#2003=CARTESIAN_POINT('',(0.0,5.0,-18.75));
#2004=DIRECTION('',(0.0,-1.0,0.0));
#2005=DIRECTION('',(0.0,0.0,-1.0));
#2007=ORIENTED_EDGE('',*,*,#2973,.T.);
#2008=ORIENTED_EDGE('',*,*,#2974,.F.);
#2009=ORIENTED_EDGE('',*,*,#2975,.T.);
#2010=ORIENTED_EDGE('',*,*,#2970,.T.);
#2011=CARTESIAN_POINT('',(0.0,7.525,-16.5));
#2012=DIRECTION('',(0.0,0.0,1.0));
#2013=DIRECTION('',(0.0,-1.0,0.0));
#2015=ORIENTED_EDGE('',*,*,#2977,.T.);
#2016=ORIENTED_EDGE('',*,*,#2978,.F.);
#2017=ORIENTED_EDGE('',*,*,#2979,.T.);
#2018=ORIENTED_EDGE('',*,*,#2974,.T.);
#2019=CARTESIAN_POINT('',(0.0,10.05,-14.4));
#2020=DIRECTION('',(0.0,-1.0,0.0));
#2021=DIRECTION('',(0.0,0.0,-1.0));
#2023=ORIENTED_EDGE('',*,*,#2981,.T.);
#2024=ORIENTED_EDGE('',*,*,#2982,.F.);
#2025=ORIENTED_EDGE('',*,*,#2983,.T.);
#2026=ORIENTED_EDGE('',*,*,#2978,.T.);
#2027=CARTESIAN_POINT('',(0.0,8.65,-10.9));
#2028=DIRECTION('',(0.0,-0.707106781186547,-0.707106781186547));
#2029=DIRECTION('',(0.0,0.707106781186548,-0.707106781186548));
#2031=ORIENTED_EDGE('',*,*,#2985,.T.);
#2032=ORIENTED_EDGE('',*,*,#2986,.F.);
#2033=ORIENTED_EDGE('',*,*,#2987,.T.);
#2034=ORIENTED_EDGE('',*,*,#2982,.T.);
#2035=CARTESIAN_POINT('',(0.0,0.0,-9.5));
#2036=DIRECTION('',(0.0,0.0,-1.0));
#2037=DIRECTION('',(0.0,1.0,0.0));
#2039=ORIENTED_EDGE('',*,*,#2989,.T.);
#2040=ORIENTED_EDGE('',*,*,#2990,.F.);
#2041=ORIENTED_EDGE('',*,*,#2991,.T.);
#2042=ORIENTED_EDGE('',*,*,#2986,.T.);
#2043=CARTESIAN_POINT('',(0.0,-8.65,-10.9));
#2044=DIRECTION('',(0.0,0.707106781186547,-0.707106781186547));
#2045=DIRECTION('',(0.0,0.707106781186548,0.707106781186548));
#2047=ORIENTED_EDGE('',*,*,#2993,.T.);
#2048=ORIENTED_EDGE('',*,*,#2994,.F.);
#2049=ORIENTED_EDGE('',*,*,#2995,.T.);
#2050=ORIENTED_EDGE('',*,*,#2990,.T.);
#2051=CARTESIAN_POINT('',(0.0,-10.05,-14.4));
#2052=DIRECTION('',(0.0,1.0,0.0));
#2053=DIRECTION('',(0.0,0.0,1.0));
#2055=ORIENTED_EDGE('',*,*,#2997,.T.);
#2056=ORIENTED_EDGE('',*,*,#2998,.F.);
#2057=ORIENTED_EDGE('',*,*,#2999,.T.);
#2058=ORIENTED_EDGE('',*,*,#2994,.T.);
#2059=CARTESIAN_POINT('',(0.0,-7.525,-16.5));
#2060=DIRECTION('',(0.0,0.0,1.0));
#2061=DIRECTION('',(0.0,-1.0,0.0));
#2063=ORIENTED_EDGE('',*,*,#3001,.T.);
#2064=ORIENTED_EDGE('',*,*,#3002,.F.);
#2065=ORIENTED_EDGE('',*,*,#3003,.T.);
#2066=ORIENTED_EDGE('',*,*,#2998,.T.);
#2067=CARTESIAN_POINT('',(0.0,-5.0,-18.75));
#2068=DIRECTION('',(0.0,1.0,0.0));
#2069=DIRECTION('',(0.0,0.0,1.0));
#2071=ORIENTED_EDGE('',*,*,#3005,.T.);
#2072=ORIENTED_EDGE('',*,*,#3006,.F.);
#2073=ORIENTED_EDGE('',*,*,#3007,.T.);
#2074=ORIENTED_EDGE('',*,*,#3002,.T.);
#2075=CARTESIAN_POINT('',(0.0,-5.4,-21.0));
#2076=DIRECTION('',(0.0,0.0,-1.0));
#2077=DIRECTION('',(0.0,1.0,0.0));
#2079=ORIENTED_EDGE('',*,*,#3009,.T.);
#2080=ORIENTED_EDGE('',*,*,#3010,.F.);
#2081=ORIENTED_EDGE('',*,*,#3011,.T.);
#2082=ORIENTED_EDGE('',*,*,#3006,.T.);
#2083=CARTESIAN_POINT('',(0.0,-5.8,-21.75));
#2084=DIRECTION('',(0.0,1.0,0.0));
#2085=DIRECTION('',(0.0,0.0,1.0));
#2087=ORIENTED_EDGE('',*,*,#3013,.T.);
#2088=ORIENTED_EDGE('',*,*,#3014,.F.);
#2089=ORIENTED_EDGE('',*,*,#3015,.T.);
#2090=ORIENTED_EDGE('',*,*,#3010,.T.);
#2091=CARTESIAN_POINT('',(0.0,-12.6499999999764,-22.5));
#2092=DIRECTION('',(0.0,0.0,-1.0));
#2093=DIRECTION('',(0.0,1.0,0.0));
#2095=ORIENTED_EDGE('',*,*,#3017,.T.);
#2096=ORIENTED_EDGE('',*,*,#3018,.F.);
#2097=ORIENTED_EDGE('',*,*,#3019,.T.);
#2098=ORIENTED_EDGE('',*,*,#3014,.T.);
#2099=CARTESIAN_POINT('',(0.0,-19.4999999878,-19.4999999878));
#2100=DIRECTION('',(1.0,0.0,0.0));
#2101=DIRECTION('',(0.0,-1.0,-4.05091306998075E-009));
#2103=ORIENTED_EDGE('',*,*,#3021,.T.);
#2104=ORIENTED_EDGE('',*,*,#3022,.F.);
#2105=ORIENTED_EDGE('',*,*,#3023,.T.);
#2106=ORIENTED_EDGE('',*,*,#3018,.T.);
#2107=CARTESIAN_POINT('',(0.0,-22.5,-12.65));
#2108=DIRECTION('',(0.0,-1.0,0.0));
#2109=DIRECTION('',(0.0,0.0,-1.0));
#2111=ORIENTED_EDGE('',*,*,#3025,.T.);
#2112=ORIENTED_EDGE('',*,*,#3026,.F.);
#2113=ORIENTED_EDGE('',*,*,#3027,.T.);
#2114=ORIENTED_EDGE('',*,*,#3022,.T.);
#2115=CARTESIAN_POINT('',(0.0,-21.75,-5.8));
#2116=DIRECTION('',(0.0,0.0,1.0));
#2117=DIRECTION('',(0.0,-1.0,0.0));
#2119=ORIENTED_EDGE('',*,*,#3029,.T.);
#2120=ORIENTED_EDGE('',*,*,#3030,.F.);
#2121=ORIENTED_EDGE('',*,*,#3031,.T.);
#2122=ORIENTED_EDGE('',*,*,#3026,.T.);
#2123=CARTESIAN_POINT('',(0.0,-21.0,-5.4));
#2124=DIRECTION('',(0.0,-1.0,0.0));
#2125=DIRECTION('',(0.0,0.0,-1.0));
#2127=ORIENTED_EDGE('',*,*,#3033,.T.);
#2128=ORIENTED_EDGE('',*,*,#3034,.F.);
#2129=ORIENTED_EDGE('',*,*,#3035,.T.);
#2130=ORIENTED_EDGE('',*,*,#3030,.T.);
#2131=CARTESIAN_POINT('',(0.0,-18.75,-5.0));
#2132=DIRECTION('',(0.0,0.0,1.0));
#2133=DIRECTION('',(0.0,-1.0,0.0));
#2135=ORIENTED_EDGE('',*,*,#3037,.T.);
#2136=ORIENTED_EDGE('',*,*,#3038,.F.);
#2137=ORIENTED_EDGE('',*,*,#3039,.T.);
#2138=ORIENTED_EDGE('',*,*,#3034,.T.);
#2139=CARTESIAN_POINT('',(0.0,-16.5,-7.525));
#2140=DIRECTION('',(0.0,1.0,0.0));
#2141=DIRECTION('',(0.0,0.0,1.0));
#2143=ORIENTED_EDGE('',*,*,#3041,.T.);
#2144=ORIENTED_EDGE('',*,*,#3042,.F.);
#2145=ORIENTED_EDGE('',*,*,#3043,.T.);
#2146=ORIENTED_EDGE('',*,*,#3038,.T.);
#2147=CARTESIAN_POINT('',(0.0,-14.4,-10.05));
#2148=DIRECTION('',(0.0,0.0,1.0));
#2149=DIRECTION('',(0.0,-1.0,0.0));
#2151=ORIENTED_EDGE('',*,*,#3045,.T.);
#2152=ORIENTED_EDGE('',*,*,#3046,.F.);
#2153=ORIENTED_EDGE('',*,*,#3047,.T.);
#2154=ORIENTED_EDGE('',*,*,#3042,.T.);
#2155=CARTESIAN_POINT('',(0.0,-10.9,-8.65));
#2156=DIRECTION('',(0.0,-0.707106781186547,0.707106781186547));
#2157=DIRECTION('',(0.0,-0.707106781186548,-0.707106781186548));
#2159=ORIENTED_EDGE('',*,*,#3049,.T.);
#2160=ORIENTED_EDGE('',*,*,#3050,.F.);
#2161=ORIENTED_EDGE('',*,*,#3051,.T.);
#2162=ORIENTED_EDGE('',*,*,#3046,.T.);
#2163=CARTESIAN_POINT('',(0.0,-9.5,0.0));
#2164=DIRECTION('',(0.0,-1.0,0.0));
#2165=DIRECTION('',(0.0,0.0,-1.0));
#2167=ORIENTED_EDGE('',*,*,#3053,.T.);
#2168=ORIENTED_EDGE('',*,*,#3054,.F.);
#2169=ORIENTED_EDGE('',*,*,#3055,.T.);
#2170=ORIENTED_EDGE('',*,*,#3050,.T.);
#2171=CARTESIAN_POINT('',(0.0,-10.9,8.65));
#2172=DIRECTION('',(0.0,-0.707106781186547,-0.707106781186547));
#2173=DIRECTION('',(0.0,0.707106781186548,-0.707106781186548));
#2175=ORIENTED_EDGE('',*,*,#3057,.T.);
#2176=ORIENTED_EDGE('',*,*,#3058,.F.);
#2177=ORIENTED_EDGE('',*,*,#3059,.T.);
#2178=ORIENTED_EDGE('',*,*,#3054,.T.);
#2179=CARTESIAN_POINT('',(0.0,-14.4,10.05));
#2180=DIRECTION('',(0.0,0.0,-1.0));
#2181=DIRECTION('',(0.0,1.0,0.0));
#2183=ORIENTED_EDGE('',*,*,#3061,.T.);
#2184=ORIENTED_EDGE('',*,*,#3062,.F.);
#2185=ORIENTED_EDGE('',*,*,#3063,.T.);
#2186=ORIENTED_EDGE('',*,*,#3058,.T.);
#2187=CARTESIAN_POINT('',(0.0,-16.5,7.525));
#2188=DIRECTION('',(0.0,1.0,0.0));
#2189=DIRECTION('',(0.0,0.0,1.0));
#2191=ORIENTED_EDGE('',*,*,#3065,.T.);
#2192=ORIENTED_EDGE('',*,*,#3066,.F.);
#2193=ORIENTED_EDGE('',*,*,#3067,.T.);
#2194=ORIENTED_EDGE('',*,*,#3062,.T.);
#2195=CARTESIAN_POINT('',(0.0,-18.75,5.0));
#2196=DIRECTION('',(0.0,0.0,-1.0));
#2197=DIRECTION('',(0.0,1.0,0.0));
#2199=ORIENTED_EDGE('',*,*,#3069,.T.);
#2200=ORIENTED_EDGE('',*,*,#3070,.F.);
#2201=ORIENTED_EDGE('',*,*,#3071,.T.);
#2202=ORIENTED_EDGE('',*,*,#3066,.T.);
#2203=CARTESIAN_POINT('',(0.0,-21.0,5.4));
#2204=DIRECTION('',(0.0,-1.0,0.0));
#2205=DIRECTION('',(0.0,0.0,-1.0));
#2207=ORIENTED_EDGE('',*,*,#3073,.T.);
#2208=ORIENTED_EDGE('',*,*,#3074,.F.);
#2209=ORIENTED_EDGE('',*,*,#3075,.T.);
#2210=ORIENTED_EDGE('',*,*,#3070,.T.);
#2211=CARTESIAN_POINT('',(0.0,-21.75,5.8));
#2212=DIRECTION('',(0.0,0.0,-1.0));
#2213=DIRECTION('',(0.0,1.0,0.0));
#2215=ORIENTED_EDGE('',*,*,#3077,.T.);
#2216=ORIENTED_EDGE('',*,*,#3078,.F.);
#2217=ORIENTED_EDGE('',*,*,#3079,.T.);
#2218=ORIENTED_EDGE('',*,*,#3074,.T.);
#2219=CARTESIAN_POINT('',(0.0,-22.5,12.6499999999764));
#2220=DIRECTION('',(0.0,-1.0,0.0));
#2221=DIRECTION('',(0.0,0.0,-1.0));
#2223=ORIENTED_EDGE('',*,*,#3081,.T.);
#2224=ORIENTED_EDGE('',*,*,#3082,.F.);
#2225=ORIENTED_EDGE('',*,*,#3083,.T.);
#2226=ORIENTED_EDGE('',*,*,#3078,.T.);
#2227=CARTESIAN_POINT('',(0.0,-19.4999999878,19.4999999878));
#2228=DIRECTION('',(1.0,0.0,0.0));
#2229=DIRECTION('',(0.0,-4.05091306998075E-009,1.0));
#2231=ORIENTED_EDGE('',*,*,#3085,.T.);
#2232=ORIENTED_EDGE('',*,*,#3086,.F.);
#2233=ORIENTED_EDGE('',*,*,#3087,.T.);
#2234=ORIENTED_EDGE('',*,*,#3082,.T.);
#2235=CARTESIAN_POINT('',(0.0,-12.65,22.5));
#2236=DIRECTION('',(0.0,0.0,1.0));
#2237=DIRECTION('',(0.0,-1.0,0.0));
#2239=ORIENTED_EDGE('',*,*,#3089,.T.);
#2240=ORIENTED_EDGE('',*,*,#3090,.F.);
#2241=ORIENTED_EDGE('',*,*,#3091,.T.);
#2242=ORIENTED_EDGE('',*,*,#3086,.T.);
#2243=CARTESIAN_POINT('',(0.0,-5.8,21.75));
#2244=DIRECTION('',(0.0,1.0,0.0));
#2245=DIRECTION('',(0.0,0.0,1.0));
#2247=ORIENTED_EDGE('',*,*,#3093,.T.);
#2248=ORIENTED_EDGE('',*,*,#3094,.F.);
#2249=ORIENTED_EDGE('',*,*,#3095,.T.);
#2250=ORIENTED_EDGE('',*,*,#3090,.T.);
#2251=CARTESIAN_POINT('',(0.0,-5.4,21.0));
#2252=DIRECTION('',(0.0,0.0,1.0));
#2253=DIRECTION('',(0.0,-1.0,0.0));
#2255=ORIENTED_EDGE('',*,*,#3097,.T.);
#2256=ORIENTED_EDGE('',*,*,#3098,.F.);
#2257=ORIENTED_EDGE('',*,*,#3099,.T.);
#2258=ORIENTED_EDGE('',*,*,#3094,.T.);
#2259=CARTESIAN_POINT('',(0.0,-5.0,18.75));
#2260=DIRECTION('',(0.0,1.0,0.0));
#2261=DIRECTION('',(0.0,0.0,1.0));
#2263=ORIENTED_EDGE('',*,*,#3101,.T.);
#2264=ORIENTED_EDGE('',*,*,#3102,.F.);
#2265=ORIENTED_EDGE('',*,*,#3103,.T.);
#2266=ORIENTED_EDGE('',*,*,#3098,.T.);
#2267=CARTESIAN_POINT('',(0.0,-7.525,16.5));
#2268=DIRECTION('',(0.0,0.0,-1.0));
#2269=DIRECTION('',(0.0,1.0,0.0));
#2271=ORIENTED_EDGE('',*,*,#3105,.T.);
#2272=ORIENTED_EDGE('',*,*,#3106,.F.);
#2273=ORIENTED_EDGE('',*,*,#3107,.T.);
#2274=ORIENTED_EDGE('',*,*,#3102,.T.);
#2275=CARTESIAN_POINT('',(0.0,-10.05,14.4));
#2276=DIRECTION('',(0.0,1.0,0.0));
#2277=DIRECTION('',(0.0,0.0,1.0));
#2279=ORIENTED_EDGE('',*,*,#3109,.T.);
#2280=ORIENTED_EDGE('',*,*,#3110,.F.);
#2281=ORIENTED_EDGE('',*,*,#3111,.T.);
#2282=ORIENTED_EDGE('',*,*,#3106,.T.);
#2283=CARTESIAN_POINT('',(0.0,-8.65,10.9));
#2284=DIRECTION('',(0.0,0.707106781186547,0.707106781186547));
#2285=DIRECTION('',(0.0,-0.707106781186548,0.707106781186548));
#2287=ORIENTED_EDGE('',*,*,#3113,.T.);
#2288=ORIENTED_EDGE('',*,*,#3114,.F.);
#2289=ORIENTED_EDGE('',*,*,#3115,.T.);
#2290=ORIENTED_EDGE('',*,*,#3110,.T.);
#2291=CARTESIAN_POINT('',(0.0,0.0,9.5));
#2292=DIRECTION('',(0.0,0.0,1.0));
#2293=DIRECTION('',(0.0,-1.0,0.0));
#2295=ORIENTED_EDGE('',*,*,#3117,.T.);
#2296=ORIENTED_EDGE('',*,*,#3118,.F.);
#2297=ORIENTED_EDGE('',*,*,#3119,.T.);
#2298=ORIENTED_EDGE('',*,*,#3114,.T.);
#2299=CARTESIAN_POINT('',(0.0,8.65,10.9));
#2300=DIRECTION('',(0.0,-0.707106781186547,0.707106781186547));
#2301=DIRECTION('',(0.0,-0.707106781186548,-0.707106781186548));
#2303=ORIENTED_EDGE('',*,*,#3121,.T.);
#2304=ORIENTED_EDGE('',*,*,#3122,.F.);
#2305=ORIENTED_EDGE('',*,*,#3123,.T.);
#2306=ORIENTED_EDGE('',*,*,#3118,.T.);
#2307=CARTESIAN_POINT('',(0.0,10.05,14.4));
#2308=DIRECTION('',(0.0,-1.0,0.0));
#2309=DIRECTION('',(0.0,0.0,-1.0));
#2311=ORIENTED_EDGE('',*,*,#3125,.T.);
#2312=ORIENTED_EDGE('',*,*,#3126,.F.);
#2313=ORIENTED_EDGE('',*,*,#3127,.T.);
#2314=ORIENTED_EDGE('',*,*,#3122,.T.);
#2315=CARTESIAN_POINT('',(0.0,7.525,16.5));
#2316=DIRECTION('',(0.0,0.0,-1.0));
#2317=DIRECTION('',(0.0,1.0,0.0));
#2319=ORIENTED_EDGE('',*,*,#3129,.T.);
#2320=ORIENTED_EDGE('',*,*,#3130,.F.);
#2321=ORIENTED_EDGE('',*,*,#3131,.T.);
#2322=ORIENTED_EDGE('',*,*,#3126,.T.);
#2323=CARTESIAN_POINT('',(0.0,5.0,18.75));
#2324=DIRECTION('',(0.0,-1.0,0.0));
#2325=DIRECTION('',(0.0,0.0,-1.0));
#2327=ORIENTED_EDGE('',*,*,#3133,.T.);
#2328=ORIENTED_EDGE('',*,*,#2883,.F.);
#2329=ORIENTED_EDGE('',*,*,#3134,.T.);
#2330=ORIENTED_EDGE('',*,*,#3130,.T.);
#2331=CARTESIAN_POINT('',(0.0,5.4,21.0));
#2332=DIRECTION('',(0.0,0.0,1.0));
#2333=DIRECTION('',(0.0,-1.0,0.0));
#2335=ORIENTED_EDGE('',*,*,#2610,.T.);
#2336=ORIENTED_EDGE('',*,*,#2642,.T.);
#2337=ORIENTED_EDGE('',*,*,#2638,.T.);
#2338=ORIENTED_EDGE('',*,*,#2634,.T.);
#2339=ORIENTED_EDGE('',*,*,#2630,.T.);
#2340=ORIENTED_EDGE('',*,*,#2626,.T.);
#2341=ORIENTED_EDGE('',*,*,#2622,.T.);
#2342=ORIENTED_EDGE('',*,*,#2618,.T.);
#2343=ORIENTED_EDGE('',*,*,#2614,.T.);
#2344=ORIENTED_EDGE('',*,*,#2646,.T.);
#2345=ORIENTED_EDGE('',*,*,#2678,.T.);
#2346=ORIENTED_EDGE('',*,*,#2674,.T.);
#2347=ORIENTED_EDGE('',*,*,#2670,.T.);
#2348=ORIENTED_EDGE('',*,*,#2666,.T.);
#2349=ORIENTED_EDGE('',*,*,#2662,.T.);
#2350=ORIENTED_EDGE('',*,*,#2658,.T.);
#2351=ORIENTED_EDGE('',*,*,#2654,.T.);
#2352=ORIENTED_EDGE('',*,*,#2650,.T.);
#2353=ORIENTED_EDGE('',*,*,#2682,.T.);
#2354=ORIENTED_EDGE('',*,*,#2714,.T.);
#2355=ORIENTED_EDGE('',*,*,#2710,.T.);
#2356=ORIENTED_EDGE('',*,*,#2706,.T.);
#2357=ORIENTED_EDGE('',*,*,#2702,.T.);
#2358=ORIENTED_EDGE('',*,*,#2698,.T.);
#2359=ORIENTED_EDGE('',*,*,#2694,.T.);
#2360=ORIENTED_EDGE('',*,*,#2690,.T.);
#2361=ORIENTED_EDGE('',*,*,#2686,.T.);
#2362=ORIENTED_EDGE('',*,*,#2718,.T.);
#2363=ORIENTED_EDGE('',*,*,#2750,.T.);
#2364=ORIENTED_EDGE('',*,*,#2746,.T.);
#2365=ORIENTED_EDGE('',*,*,#2742,.T.);
#2366=ORIENTED_EDGE('',*,*,#2738,.T.);
#2367=ORIENTED_EDGE('',*,*,#2734,.T.);
#2368=ORIENTED_EDGE('',*,*,#2730,.T.);
#2369=ORIENTED_EDGE('',*,*,#2726,.T.);
#2370=ORIENTED_EDGE('',*,*,#2722,.T.);
#2371=ORIENTED_EDGE('',*,*,#2754,.T.);
#2372=ORIENTED_EDGE('',*,*,#2878,.T.);
#2373=ORIENTED_EDGE('',*,*,#2874,.T.);
#2374=ORIENTED_EDGE('',*,*,#2870,.T.);
#2375=ORIENTED_EDGE('',*,*,#2866,.T.);
#2376=ORIENTED_EDGE('',*,*,#2862,.T.);
#2377=ORIENTED_EDGE('',*,*,#2858,.T.);
#2378=ORIENTED_EDGE('',*,*,#2854,.T.);
#2379=ORIENTED_EDGE('',*,*,#2850,.T.);
#2380=ORIENTED_EDGE('',*,*,#2846,.T.);
#2381=ORIENTED_EDGE('',*,*,#2842,.T.);
#2382=ORIENTED_EDGE('',*,*,#2838,.T.);
#2383=ORIENTED_EDGE('',*,*,#2834,.T.);
#2384=ORIENTED_EDGE('',*,*,#2830,.T.);
#2385=ORIENTED_EDGE('',*,*,#2826,.T.);
#2386=ORIENTED_EDGE('',*,*,#2822,.T.);
#2387=ORIENTED_EDGE('',*,*,#2818,.T.);
#2388=ORIENTED_EDGE('',*,*,#2814,.T.);
#2389=ORIENTED_EDGE('',*,*,#2810,.T.);
#2390=ORIENTED_EDGE('',*,*,#2806,.T.);
#2391=ORIENTED_EDGE('',*,*,#2802,.T.);
#2392=ORIENTED_EDGE('',*,*,#2798,.T.);
#2393=ORIENTED_EDGE('',*,*,#2794,.T.);
#2394=ORIENTED_EDGE('',*,*,#2790,.T.);
#2395=ORIENTED_EDGE('',*,*,#2786,.T.);
#2396=ORIENTED_EDGE('',*,*,#2782,.T.);
#2397=ORIENTED_EDGE('',*,*,#2778,.T.);
#2398=ORIENTED_EDGE('',*,*,#2774,.T.);
#2399=ORIENTED_EDGE('',*,*,#2770,.T.);
#2400=ORIENTED_EDGE('',*,*,#2766,.T.);
#2401=ORIENTED_EDGE('',*,*,#2762,.T.);
#2402=ORIENTED_EDGE('',*,*,#2758,.T.);
#2403=ORIENTED_EDGE('',*,*,#3134,.F.);
#2404=ORIENTED_EDGE('',*,*,#2882,.F.);
#2405=ORIENTED_EDGE('',*,*,#2887,.F.);
#2406=ORIENTED_EDGE('',*,*,#2891,.F.);
#2407=ORIENTED_EDGE('',*,*,#2895,.F.);
#2408=ORIENTED_EDGE('',*,*,#2899,.F.);
#2409=ORIENTED_EDGE('',*,*,#2903,.F.);
#2410=ORIENTED_EDGE('',*,*,#2907,.F.);
#2411=ORIENTED_EDGE('',*,*,#2911,.F.);
#2412=ORIENTED_EDGE('',*,*,#2915,.F.);
#2413=ORIENTED_EDGE('',*,*,#2919,.F.);
#2414=ORIENTED_EDGE('',*,*,#2923,.F.);
#2415=ORIENTED_EDGE('',*,*,#2927,.F.);
#2416=ORIENTED_EDGE('',*,*,#2931,.F.);
#2417=ORIENTED_EDGE('',*,*,#2935,.F.);
#2418=ORIENTED_EDGE('',*,*,#2939,.F.);
#2419=ORIENTED_EDGE('',*,*,#2943,.F.);
#2420=ORIENTED_EDGE('',*,*,#2947,.F.);
#2421=ORIENTED_EDGE('',*,*,#2951,.F.);
#2422=ORIENTED_EDGE('',*,*,#2955,.F.);
#2423=ORIENTED_EDGE('',*,*,#2959,.F.);
#2424=ORIENTED_EDGE('',*,*,#2963,.F.);
#2425=ORIENTED_EDGE('',*,*,#2967,.F.);
#2426=ORIENTED_EDGE('',*,*,#2971,.F.);
#2427=ORIENTED_EDGE('',*,*,#2975,.F.);
#2428=ORIENTED_EDGE('',*,*,#2979,.F.);
#2429=ORIENTED_EDGE('',*,*,#2983,.F.);
#2430=ORIENTED_EDGE('',*,*,#2987,.F.);
#2431=ORIENTED_EDGE('',*,*,#2991,.F.);
#2432=ORIENTED_EDGE('',*,*,#2995,.F.);
#2433=ORIENTED_EDGE('',*,*,#2999,.F.);
#2434=ORIENTED_EDGE('',*,*,#3003,.F.);
#2435=ORIENTED_EDGE('',*,*,#3007,.F.);
#2436=ORIENTED_EDGE('',*,*,#3011,.F.);
#2437=ORIENTED_EDGE('',*,*,#3015,.F.);
#2438=ORIENTED_EDGE('',*,*,#3019,.F.);
#2439=ORIENTED_EDGE('',*,*,#3023,.F.);
#2440=ORIENTED_EDGE('',*,*,#3027,.F.);
#2441=ORIENTED_EDGE('',*,*,#3031,.F.);
#2442=ORIENTED_EDGE('',*,*,#3035,.F.);
#2443=ORIENTED_EDGE('',*,*,#3039,.F.);
#2444=ORIENTED_EDGE('',*,*,#3043,.F.);
#2445=ORIENTED_EDGE('',*,*,#3047,.F.);
#2446=ORIENTED_EDGE('',*,*,#3051,.F.);
#2447=ORIENTED_EDGE('',*,*,#3055,.F.);
#2448=ORIENTED_EDGE('',*,*,#3059,.F.);
#2449=ORIENTED_EDGE('',*,*,#3063,.F.);
#2450=ORIENTED_EDGE('',*,*,#3067,.F.);
#2451=ORIENTED_EDGE('',*,*,#3071,.F.);
#2452=ORIENTED_EDGE('',*,*,#3075,.F.);
#2453=ORIENTED_EDGE('',*,*,#3079,.F.);
#2454=ORIENTED_EDGE('',*,*,#3083,.F.);
#2455=ORIENTED_EDGE('',*,*,#3087,.F.);
#2456=ORIENTED_EDGE('',*,*,#3091,.F.);
#2457=ORIENTED_EDGE('',*,*,#3095,.F.);
#2458=ORIENTED_EDGE('',*,*,#3099,.F.);
#2459=ORIENTED_EDGE('',*,*,#3103,.F.);
#2460=ORIENTED_EDGE('',*,*,#3107,.F.);
#2461=ORIENTED_EDGE('',*,*,#3111,.F.);
#2462=ORIENTED_EDGE('',*,*,#3115,.F.);
#2463=ORIENTED_EDGE('',*,*,#3119,.F.);
#2464=ORIENTED_EDGE('',*,*,#3123,.F.);
#2465=ORIENTED_EDGE('',*,*,#3127,.F.);
#2466=ORIENTED_EDGE('',*,*,#3131,.F.);
#2467=CARTESIAN_POINT('',(0.0,2.08166817117217E-016,2.77555756156289E-016));
#2468=DIRECTION('',(1.0,0.0,0.0));
#2469=DIRECTION('',(0.0,0.0,-1.0));
#2471=ORIENTED_EDGE('',*,*,#2608,.T.);
#2472=ORIENTED_EDGE('',*,*,#2613,.T.);
#2473=ORIENTED_EDGE('',*,*,#2617,.T.);
#2474=ORIENTED_EDGE('',*,*,#2621,.T.);
#2475=ORIENTED_EDGE('',*,*,#2625,.T.);
#2476=ORIENTED_EDGE('',*,*,#2629,.T.);
#2477=ORIENTED_EDGE('',*,*,#2633,.T.);
#2478=ORIENTED_EDGE('',*,*,#2637,.T.);
#2479=ORIENTED_EDGE('',*,*,#2641,.T.);
#2480=ORIENTED_EDGE('',*,*,#2644,.T.);
#2481=ORIENTED_EDGE('',*,*,#2649,.T.);
#2482=ORIENTED_EDGE('',*,*,#2653,.T.);
#2483=ORIENTED_EDGE('',*,*,#2657,.T.);
#2484=ORIENTED_EDGE('',*,*,#2661,.T.);
#2485=ORIENTED_EDGE('',*,*,#2665,.T.);
#2486=ORIENTED_EDGE('',*,*,#2669,.T.);
#2487=ORIENTED_EDGE('',*,*,#2673,.T.);
#2488=ORIENTED_EDGE('',*,*,#2677,.T.);
#2489=ORIENTED_EDGE('',*,*,#2680,.T.);
#2490=ORIENTED_EDGE('',*,*,#2685,.T.);
#2491=ORIENTED_EDGE('',*,*,#2689,.T.);
#2492=ORIENTED_EDGE('',*,*,#2693,.T.);
#2493=ORIENTED_EDGE('',*,*,#2697,.T.);
#2494=ORIENTED_EDGE('',*,*,#2701,.T.);
#2495=ORIENTED_EDGE('',*,*,#2705,.T.);
#2496=ORIENTED_EDGE('',*,*,#2709,.T.);
#2497=ORIENTED_EDGE('',*,*,#2713,.T.);
#2498=ORIENTED_EDGE('',*,*,#2716,.T.);
#2499=ORIENTED_EDGE('',*,*,#2721,.T.);
#2500=ORIENTED_EDGE('',*,*,#2725,.T.);
#2501=ORIENTED_EDGE('',*,*,#2729,.T.);
#2502=ORIENTED_EDGE('',*,*,#2733,.T.);
#2503=ORIENTED_EDGE('',*,*,#2737,.T.);
#2504=ORIENTED_EDGE('',*,*,#2741,.T.);
#2505=ORIENTED_EDGE('',*,*,#2745,.T.);
#2506=ORIENTED_EDGE('',*,*,#2749,.T.);
#2507=ORIENTED_EDGE('',*,*,#2752,.T.);
#2508=ORIENTED_EDGE('',*,*,#2757,.T.);
#2509=ORIENTED_EDGE('',*,*,#2761,.T.);
#2510=ORIENTED_EDGE('',*,*,#2765,.T.);
#2511=ORIENTED_EDGE('',*,*,#2769,.T.);
#2512=ORIENTED_EDGE('',*,*,#2773,.T.);
#2513=ORIENTED_EDGE('',*,*,#2777,.T.);
#2514=ORIENTED_EDGE('',*,*,#2781,.T.);
#2515=ORIENTED_EDGE('',*,*,#2785,.T.);
#2516=ORIENTED_EDGE('',*,*,#2789,.T.);
#2517=ORIENTED_EDGE('',*,*,#2793,.T.);
#2518=ORIENTED_EDGE('',*,*,#2797,.T.);
#2519=ORIENTED_EDGE('',*,*,#2801,.T.);
#2520=ORIENTED_EDGE('',*,*,#2805,.T.);
#2521=ORIENTED_EDGE('',*,*,#2809,.T.);
#2522=ORIENTED_EDGE('',*,*,#2813,.T.);
#2523=ORIENTED_EDGE('',*,*,#2817,.T.);
#2524=ORIENTED_EDGE('',*,*,#2821,.T.);
#2525=ORIENTED_EDGE('',*,*,#2825,.T.);
#2526=ORIENTED_EDGE('',*,*,#2829,.T.);
#2527=ORIENTED_EDGE('',*,*,#2833,.T.);
#2528=ORIENTED_EDGE('',*,*,#2837,.T.);
#2529=ORIENTED_EDGE('',*,*,#2841,.T.);
#2530=ORIENTED_EDGE('',*,*,#2845,.T.);
#2531=ORIENTED_EDGE('',*,*,#2849,.T.);
#2532=ORIENTED_EDGE('',*,*,#2853,.T.);
#2533=ORIENTED_EDGE('',*,*,#2857,.T.);
#2534=ORIENTED_EDGE('',*,*,#2861,.T.);
#2535=ORIENTED_EDGE('',*,*,#2865,.T.);
#2536=ORIENTED_EDGE('',*,*,#2869,.T.);
#2537=ORIENTED_EDGE('',*,*,#2873,.T.);
#2538=ORIENTED_EDGE('',*,*,#2877,.T.);
#2539=ORIENTED_EDGE('',*,*,#2880,.F.);
#2540=ORIENTED_EDGE('',*,*,#3133,.F.);
#2541=ORIENTED_EDGE('',*,*,#3129,.F.);
#2542=ORIENTED_EDGE('',*,*,#3125,.F.);
#2543=ORIENTED_EDGE('',*,*,#3121,.F.);
#2544=ORIENTED_EDGE('',*,*,#3117,.F.);
#2545=ORIENTED_EDGE('',*,*,#3113,.F.);
#2546=ORIENTED_EDGE('',*,*,#3109,.F.);
#2547=ORIENTED_EDGE('',*,*,#3105,.F.);
#2548=ORIENTED_EDGE('',*,*,#3101,.F.);
#2549=ORIENTED_EDGE('',*,*,#3097,.F.);
#2550=ORIENTED_EDGE('',*,*,#3093,.F.);
#2551=ORIENTED_EDGE('',*,*,#3089,.F.);
#2552=ORIENTED_EDGE('',*,*,#3085,.F.);
#2553=ORIENTED_EDGE('',*,*,#3081,.F.);
#2554=ORIENTED_EDGE('',*,*,#3077,.F.);
#2555=ORIENTED_EDGE('',*,*,#3073,.F.);
#2556=ORIENTED_EDGE('',*,*,#3069,.F.);
#2557=ORIENTED_EDGE('',*,*,#3065,.F.);
#2558=ORIENTED_EDGE('',*,*,#3061,.F.);
#2559=ORIENTED_EDGE('',*,*,#3057,.F.);
#2560=ORIENTED_EDGE('',*,*,#3053,.F.);
#2561=ORIENTED_EDGE('',*,*,#3049,.F.);
#2562=ORIENTED_EDGE('',*,*,#3045,.F.);
#2563=ORIENTED_EDGE('',*,*,#3041,.F.);
#2564=ORIENTED_EDGE('',*,*,#3037,.F.);
#2565=ORIENTED_EDGE('',*,*,#3033,.F.);
#2566=ORIENTED_EDGE('',*,*,#3029,.F.);
#2567=ORIENTED_EDGE('',*,*,#3025,.F.);
#2568=ORIENTED_EDGE('',*,*,#3021,.F.);
#2569=ORIENTED_EDGE('',*,*,#3017,.F.);
#2570=ORIENTED_EDGE('',*,*,#3013,.F.);
#2571=ORIENTED_EDGE('',*,*,#3009,.F.);
#2572=ORIENTED_EDGE('',*,*,#3005,.F.);
#2573=ORIENTED_EDGE('',*,*,#3001,.F.);
#2574=ORIENTED_EDGE('',*,*,#2997,.F.);
#2575=ORIENTED_EDGE('',*,*,#2993,.F.);
#2576=ORIENTED_EDGE('',*,*,#2989,.F.);
#2577=ORIENTED_EDGE('',*,*,#2985,.F.);
#2578=ORIENTED_EDGE('',*,*,#2981,.F.);
#2579=ORIENTED_EDGE('',*,*,#2977,.F.);
#2580=ORIENTED_EDGE('',*,*,#2973,.F.);
#2581=ORIENTED_EDGE('',*,*,#2969,.F.);
#2582=ORIENTED_EDGE('',*,*,#2965,.F.);
#2583=ORIENTED_EDGE('',*,*,#2961,.F.);
#2584=ORIENTED_EDGE('',*,*,#2957,.F.);
#2585=ORIENTED_EDGE('',*,*,#2953,.F.);
#2586=ORIENTED_EDGE('',*,*,#2949,.F.);
#2587=ORIENTED_EDGE('',*,*,#2945,.F.);
#2588=ORIENTED_EDGE('',*,*,#2941,.F.);
#2589=ORIENTED_EDGE('',*,*,#2937,.F.);
#2590=ORIENTED_EDGE('',*,*,#2933,.F.);
#2591=ORIENTED_EDGE('',*,*,#2929,.F.);
#2592=ORIENTED_EDGE('',*,*,#2925,.F.);
#2593=ORIENTED_EDGE('',*,*,#2921,.F.);
#2594=ORIENTED_EDGE('',*,*,#2917,.F.);
#2595=ORIENTED_EDGE('',*,*,#2913,.F.);
#2596=ORIENTED_EDGE('',*,*,#2909,.F.);
#2597=ORIENTED_EDGE('',*,*,#2905,.F.);
#2598=ORIENTED_EDGE('',*,*,#2901,.F.);
#2599=ORIENTED_EDGE('',*,*,#2897,.F.);
#2600=ORIENTED_EDGE('',*,*,#2893,.F.);
#2601=ORIENTED_EDGE('',*,*,#2889,.F.);
#2602=ORIENTED_EDGE('',*,*,#2885,.F.);
#2603=CARTESIAN_POINT('',(1000.0,9.67975699595058E-016,1.94289029309402E-016));
#2604=DIRECTION('',(1.0,0.0,0.0));
#2605=DIRECTION('',(0.0,0.0,-1.0));
#2607=FILL_AREA_STYLE('',(#3138));
#2608=EDGE_CURVE('',#3139,#3140,#3141,.T.);
#2609=EDGE_CURVE('',#3142,#3139,#3143,.T.);
#2610=EDGE_CURVE('',#3144,#3142,#3145,.T.);
#2611=EDGE_CURVE('',#3144,#3140,#3146,.T.);
#2613=EDGE_CURVE('',#3140,#3148,#3149,.T.);
#2614=EDGE_CURVE('',#3150,#3144,#3151,.T.);
#2615=EDGE_CURVE('',#3150,#3148,#3152,.T.);
#2617=EDGE_CURVE('',#3148,#3154,#3155,.T.);
#2618=EDGE_CURVE('',#3156,#3150,#3157,.T.);
#2619=EDGE_CURVE('',#3156,#3154,#3158,.T.);
#2621=EDGE_CURVE('',#3154,#3160,#3161,.T.);
#2622=EDGE_CURVE('',#3162,#3156,#3163,.T.);
#2623=EDGE_CURVE('',#3162,#3160,#3164,.T.);
#2625=EDGE_CURVE('',#3160,#3166,#3167,.T.);
#2626=EDGE_CURVE('',#3168,#3162,#3169,.T.);
#2627=EDGE_CURVE('',#3168,#3166,#3170,.T.);
#2629=EDGE_CURVE('',#3166,#3172,#3173,.T.);
#2630=EDGE_CURVE('',#3174,#3168,#3175,.T.);
#2631=EDGE_CURVE('',#3174,#3172,#3176,.T.);
#2633=EDGE_CURVE('',#3172,#3178,#3179,.T.);
#2634=EDGE_CURVE('',#3180,#3174,#3181,.T.);
#2635=EDGE_CURVE('',#3180,#3178,#3182,.T.);
#2637=EDGE_CURVE('',#3178,#3184,#3185,.T.);
#2638=EDGE_CURVE('',#3186,#3180,#3187,.T.);
#2639=EDGE_CURVE('',#3186,#3184,#3188,.T.);
#2641=EDGE_CURVE('',#3184,#3139,#3190,.T.);
#2642=EDGE_CURVE('',#3142,#3186,#3191,.T.);
#2644=EDGE_CURVE('',#3193,#3194,#3195,.T.);
#2645=EDGE_CURVE('',#3196,#3193,#3197,.T.);
#2646=EDGE_CURVE('',#3198,#3196,#3199,.T.);
#2647=EDGE_CURVE('',#3198,#3194,#3200,.T.);
#2649=EDGE_CURVE('',#3194,#3202,#3203,.T.);
#2650=EDGE_CURVE('',#3204,#3198,#3205,.T.);
#2651=EDGE_CURVE('',#3204,#3202,#3206,.T.);
#2653=EDGE_CURVE('',#3202,#3208,#3209,.T.);
#2654=EDGE_CURVE('',#3210,#3204,#3211,.T.);
#2655=EDGE_CURVE('',#3210,#3208,#3212,.T.);
#2657=EDGE_CURVE('',#3208,#3214,#3215,.T.);
#2658=EDGE_CURVE('',#3216,#3210,#3217,.T.);
#2659=EDGE_CURVE('',#3216,#3214,#3218,.T.);
#2661=EDGE_CURVE('',#3214,#3220,#3221,.T.);
#2662=EDGE_CURVE('',#3222,#3216,#3223,.T.);
#2663=EDGE_CURVE('',#3222,#3220,#3224,.T.);
#2665=EDGE_CURVE('',#3220,#3226,#3227,.T.);
#2666=EDGE_CURVE('',#3228,#3222,#3229,.T.);
#2667=EDGE_CURVE('',#3228,#3226,#3230,.T.);
#2669=EDGE_CURVE('',#3226,#3232,#3233,.T.);
#2670=EDGE_CURVE('',#3234,#3228,#3235,.T.);
#2671=EDGE_CURVE('',#3234,#3232,#3236,.T.);
#2673=EDGE_CURVE('',#3232,#3238,#3239,.T.);
#2674=EDGE_CURVE('',#3240,#3234,#3241,.T.);
#2675=EDGE_CURVE('',#3240,#3238,#3242,.T.);
#2677=EDGE_CURVE('',#3238,#3193,#3244,.T.);
#2678=EDGE_CURVE('',#3196,#3240,#3245,.T.);
#2680=EDGE_CURVE('',#3247,#3248,#3249,.T.);
#2681=EDGE_CURVE('',#3250,#3247,#3251,.T.);
#2682=EDGE_CURVE('',#3252,#3250,#3253,.T.);
#2683=EDGE_CURVE('',#3252,#3248,#3254,.T.);
#2685=EDGE_CURVE('',#3248,#3256,#3257,.T.);
#2686=EDGE_CURVE('',#3258,#3252,#3259,.T.);
#2687=EDGE_CURVE('',#3258,#3256,#3260,.T.);
#2689=EDGE_CURVE('',#3256,#3262,#3263,.T.);
#2690=EDGE_CURVE('',#3264,#3258,#3265,.T.);
#2691=EDGE_CURVE('',#3264,#3262,#3266,.T.);
#2693=EDGE_CURVE('',#3262,#3268,#3269,.T.);
#2694=EDGE_CURVE('',#3270,#3264,#3271,.T.);
#2695=EDGE_CURVE('',#3270,#3268,#3272,.T.);
#2697=EDGE_CURVE('',#3268,#3274,#3275,.T.);
#2698=EDGE_CURVE('',#3276,#3270,#3277,.T.);
#2699=EDGE_CURVE('',#3276,#3274,#3278,.T.);
#2701=EDGE_CURVE('',#3274,#3280,#3281,.T.);
#2702=EDGE_CURVE('',#3282,#3276,#3283,.T.);
#2703=EDGE_CURVE('',#3282,#3280,#3284,.T.);
#2705=EDGE_CURVE('',#3280,#3286,#3287,.T.);
#2706=EDGE_CURVE('',#3288,#3282,#3289,.T.);
#2707=EDGE_CURVE('',#3288,#3286,#3290,.T.);
#2709=EDGE_CURVE('',#3286,#3292,#3293,.T.);
#2710=EDGE_CURVE('',#3294,#3288,#3295,.T.);
#2711=EDGE_CURVE('',#3294,#3292,#3296,.T.);
#2713=EDGE_CURVE('',#3292,#3247,#3298,.T.);
#2714=EDGE_CURVE('',#3250,#3294,#3299,.T.);
#2716=EDGE_CURVE('',#3301,#3302,#3303,.T.);
#2717=EDGE_CURVE('',#3304,#3301,#3305,.T.);
#2718=EDGE_CURVE('',#3306,#3304,#3307,.T.);
#2719=EDGE_CURVE('',#3306,#3302,#3308,.T.);
#2721=EDGE_CURVE('',#3302,#3310,#3311,.T.);
#2722=EDGE_CURVE('',#3312,#3306,#3313,.T.);
#2723=EDGE_CURVE('',#3312,#3310,#3314,.T.);
#2725=EDGE_CURVE('',#3310,#3316,#3317,.T.);
#2726=EDGE_CURVE('',#3318,#3312,#3319,.T.);
#2727=EDGE_CURVE('',#3318,#3316,#3320,.T.);
#2729=EDGE_CURVE('',#3316,#3322,#3323,.T.);
#2730=EDGE_CURVE('',#3324,#3318,#3325,.T.);
#2731=EDGE_CURVE('',#3324,#3322,#3326,.T.);
#2733=EDGE_CURVE('',#3322,#3328,#3329,.T.);
#2734=EDGE_CURVE('',#3330,#3324,#3331,.T.);
#2735=EDGE_CURVE('',#3330,#3328,#3332,.T.);
#2737=EDGE_CURVE('',#3328,#3334,#3335,.T.);
#2738=EDGE_CURVE('',#3336,#3330,#3337,.T.);
#2739=EDGE_CURVE('',#3336,#3334,#3338,.T.);
#2741=EDGE_CURVE('',#3334,#3340,#3341,.T.);
#2742=EDGE_CURVE('',#3342,#3336,#3343,.T.);
#2743=EDGE_CURVE('',#3342,#3340,#3344,.T.);
#2745=EDGE_CURVE('',#3340,#3346,#3347,.T.);
#2746=EDGE_CURVE('',#3348,#3342,#3349,.T.);
#2747=EDGE_CURVE('',#3348,#3346,#3350,.T.);
#2749=EDGE_CURVE('',#3346,#3301,#3352,.T.);
#2750=EDGE_CURVE('',#3304,#3348,#3353,.T.);
#2752=EDGE_CURVE('',#3355,#3356,#3357,.T.);
#2753=EDGE_CURVE('',#3358,#3355,#3359,.T.);
#2754=EDGE_CURVE('',#3360,#3358,#3361,.T.);
#2755=EDGE_CURVE('',#3360,#3356,#3362,.T.);
#2757=EDGE_CURVE('',#3356,#3364,#3365,.T.);
#2758=EDGE_CURVE('',#3366,#3360,#3367,.T.);
#2759=EDGE_CURVE('',#3366,#3364,#3368,.T.);
#2761=EDGE_CURVE('',#3364,#3370,#3371,.T.);
#2762=EDGE_CURVE('',#3372,#3366,#3373,.T.);
#2763=EDGE_CURVE('',#3372,#3370,#3374,.T.);
#2765=EDGE_CURVE('',#3370,#3376,#3377,.T.);
#2766=EDGE_CURVE('',#3378,#3372,#3379,.T.);
#2767=EDGE_CURVE('',#3378,#3376,#3380,.T.);
#2769=EDGE_CURVE('',#3376,#3382,#3383,.T.);
#2770=EDGE_CURVE('',#3384,#3378,#3385,.T.);
#2771=EDGE_CURVE('',#3384,#3382,#3386,.T.);
#2773=EDGE_CURVE('',#3382,#3388,#3389,.T.);
#2774=EDGE_CURVE('',#3390,#3384,#3391,.T.);
#2775=EDGE_CURVE('',#3390,#3388,#3392,.T.);
#2777=EDGE_CURVE('',#3388,#3394,#3395,.T.);
#2778=EDGE_CURVE('',#3396,#3390,#3397,.T.);
#2779=EDGE_CURVE('',#3396,#3394,#3398,.T.);
#2781=EDGE_CURVE('',#3394,#3400,#3401,.T.);
#2782=EDGE_CURVE('',#3402,#3396,#3403,.T.);
#2783=EDGE_CURVE('',#3402,#3400,#3404,.T.);
#2785=EDGE_CURVE('',#3400,#3406,#3407,.T.);
#2786=EDGE_CURVE('',#3408,#3402,#3409,.T.);
#2787=EDGE_CURVE('',#3408,#3406,#3410,.T.);
#2789=EDGE_CURVE('',#3406,#3412,#3413,.T.);
#2790=EDGE_CURVE('',#3414,#3408,#3415,.T.);
#2791=EDGE_CURVE('',#3414,#3412,#3416,.T.);
#2793=EDGE_CURVE('',#3412,#3418,#3419,.T.);
#2794=EDGE_CURVE('',#3420,#3414,#3421,.T.);
#2795=EDGE_CURVE('',#3420,#3418,#3422,.T.);
#2797=EDGE_CURVE('',#3418,#3424,#3425,.T.);
#2798=EDGE_CURVE('',#3426,#3420,#3427,.T.);
#2799=EDGE_CURVE('',#3426,#3424,#3428,.T.);
#2801=EDGE_CURVE('',#3424,#3430,#3431,.T.);
#2802=EDGE_CURVE('',#3432,#3426,#3433,.T.);
#2803=EDGE_CURVE('',#3432,#3430,#3434,.T.);
#2805=EDGE_CURVE('',#3430,#3436,#3437,.T.);
#2806=EDGE_CURVE('',#3438,#3432,#3439,.T.);
#2807=EDGE_CURVE('',#3438,#3436,#3440,.T.);
#2809=EDGE_CURVE('',#3436,#3442,#3443,.T.);
#2810=EDGE_CURVE('',#3444,#3438,#3445,.T.);
#2811=EDGE_CURVE('',#3444,#3442,#3446,.T.);
#2813=EDGE_CURVE('',#3442,#3448,#3449,.T.);
#2814=EDGE_CURVE('',#3450,#3444,#3451,.T.);
#2815=EDGE_CURVE('',#3450,#3448,#3452,.T.);
#2817=EDGE_CURVE('',#3448,#3454,#3455,.T.);
#2818=EDGE_CURVE('',#3456,#3450,#3457,.T.);
#2819=EDGE_CURVE('',#3456,#3454,#3458,.T.);
#2821=EDGE_CURVE('',#3454,#3460,#3461,.T.);
#2822=EDGE_CURVE('',#3462,#3456,#3463,.T.);
#2823=EDGE_CURVE('',#3462,#3460,#3464,.T.);
#2825=EDGE_CURVE('',#3460,#3466,#3467,.T.);
#2826=EDGE_CURVE('',#3468,#3462,#3469,.T.);
#2827=EDGE_CURVE('',#3468,#3466,#3470,.T.);
#2829=EDGE_CURVE('',#3466,#3472,#3473,.T.);
#2830=EDGE_CURVE('',#3474,#3468,#3475,.T.);
#2831=EDGE_CURVE('',#3474,#3472,#3476,.T.);
#2833=EDGE_CURVE('',#3472,#3478,#3479,.T.);
#2834=EDGE_CURVE('',#3480,#3474,#3481,.T.);
#2835=EDGE_CURVE('',#3480,#3478,#3482,.T.);
#2837=EDGE_CURVE('',#3478,#3484,#3485,.T.);
#2838=EDGE_CURVE('',#3486,#3480,#3487,.T.);
#2839=EDGE_CURVE('',#3486,#3484,#3488,.T.);
#2841=EDGE_CURVE('',#3484,#3490,#3491,.T.);
#2842=EDGE_CURVE('',#3492,#3486,#3493,.T.);
#2843=EDGE_CURVE('',#3492,#3490,#3494,.T.);
#2845=EDGE_CURVE('',#3490,#3496,#3497,.T.);
#2846=EDGE_CURVE('',#3498,#3492,#3499,.T.);
#2847=EDGE_CURVE('',#3498,#3496,#3500,.T.);
#2849=EDGE_CURVE('',#3496,#3502,#3503,.T.);
#2850=EDGE_CURVE('',#3504,#3498,#3505,.T.);
#2851=EDGE_CURVE('',#3504,#3502,#3506,.T.);
#2853=EDGE_CURVE('',#3502,#3508,#3509,.T.);
#2854=EDGE_CURVE('',#3510,#3504,#3511,.T.);
#2855=EDGE_CURVE('',#3510,#3508,#3512,.T.);
#2857=EDGE_CURVE('',#3508,#3514,#3515,.T.);
#2858=EDGE_CURVE('',#3516,#3510,#3517,.T.);
#2859=EDGE_CURVE('',#3516,#3514,#3518,.T.);
#2861=EDGE_CURVE('',#3514,#3520,#3521,.T.);
#2862=EDGE_CURVE('',#3522,#3516,#3523,.T.);
#2863=EDGE_CURVE('',#3522,#3520,#3524,.T.);
#2865=EDGE_CURVE('',#3520,#3526,#3527,.T.);
#2866=EDGE_CURVE('',#3528,#3522,#3529,.T.);
#2867=EDGE_CURVE('',#3528,#3526,#3530,.T.);
#2869=EDGE_CURVE('',#3526,#3532,#3533,.T.);
#2870=EDGE_CURVE('',#3534,#3528,#3535,.T.);
#2871=EDGE_CURVE('',#3534,#3532,#3536,.T.);
#2873=EDGE_CURVE('',#3532,#3538,#3539,.T.);
#2874=EDGE_CURVE('',#3540,#3534,#3541,.T.);
#2875=EDGE_CURVE('',#3540,#3538,#3542,.T.);
#2877=EDGE_CURVE('',#3538,#3355,#3544,.T.);
#2878=EDGE_CURVE('',#3358,#3540,#3545,.T.);
#2880=EDGE_CURVE('',#3547,#3548,#3549,.T.);
#2881=EDGE_CURVE('',#3550,#3548,#3551,.T.);
#2882=EDGE_CURVE('',#3550,#3552,#3553,.T.);
#2883=EDGE_CURVE('',#3552,#3547,#3554,.T.);
#2885=EDGE_CURVE('',#3548,#3556,#3557,.T.);
#2886=EDGE_CURVE('',#3558,#3556,#3559,.T.);
#2887=EDGE_CURVE('',#3558,#3550,#3560,.T.);
#2889=EDGE_CURVE('',#3556,#3562,#3563,.T.);
#2890=EDGE_CURVE('',#3564,#3562,#3565,.T.);
#2891=EDGE_CURVE('',#3564,#3558,#3566,.T.);
#2893=EDGE_CURVE('',#3562,#3568,#3569,.T.);
#2894=EDGE_CURVE('',#3570,#3568,#3571,.T.);
#2895=EDGE_CURVE('',#3570,#3564,#3572,.T.);
#2897=EDGE_CURVE('',#3568,#3574,#3575,.T.);
#2898=EDGE_CURVE('',#3576,#3574,#3577,.T.);
#2899=EDGE_CURVE('',#3576,#3570,#3578,.T.);
#2901=EDGE_CURVE('',#3574,#3580,#3581,.T.);
#2902=EDGE_CURVE('',#3582,#3580,#3583,.T.);
#2903=EDGE_CURVE('',#3582,#3576,#3584,.T.);
#2905=EDGE_CURVE('',#3580,#3586,#3587,.T.);
#2906=EDGE_CURVE('',#3588,#3586,#3589,.T.);
#2907=EDGE_CURVE('',#3588,#3582,#3590,.T.);
#2909=EDGE_CURVE('',#3586,#3592,#3593,.T.);
#2910=EDGE_CURVE('',#3594,#3592,#3595,.T.);
#2911=EDGE_CURVE('',#3594,#3588,#3596,.T.);
#2913=EDGE_CURVE('',#3592,#3598,#3599,.T.);
#2914=EDGE_CURVE('',#3600,#3598,#3601,.T.);
#2915=EDGE_CURVE('',#3600,#3594,#3602,.T.);
#2917=EDGE_CURVE('',#3598,#3604,#3605,.T.);
#2918=EDGE_CURVE('',#3606,#3604,#3607,.T.);
#2919=EDGE_CURVE('',#3606,#3600,#3608,.T.);
#2921=EDGE_CURVE('',#3604,#3610,#3611,.T.);
#2922=EDGE_CURVE('',#3612,#3610,#3613,.T.);
#2923=EDGE_CURVE('',#3612,#3606,#3614,.T.);
#2925=EDGE_CURVE('',#3610,#3616,#3617,.T.);
#2926=EDGE_CURVE('',#3618,#3616,#3619,.T.);
#2927=EDGE_CURVE('',#3618,#3612,#3620,.T.);
#2929=EDGE_CURVE('',#3616,#3622,#3623,.T.);
#2930=EDGE_CURVE('',#3624,#3622,#3625,.T.);
#2931=EDGE_CURVE('',#3624,#3618,#3626,.T.);
#2933=EDGE_CURVE('',#3622,#3628,#3629,.T.);
#2934=EDGE_CURVE('',#3630,#3628,#3631,.T.);
#2935=EDGE_CURVE('',#3630,#3624,#3632,.T.);
#2937=EDGE_CURVE('',#3628,#3634,#3635,.T.);
#2938=EDGE_CURVE('',#3636,#3634,#3637,.T.);
#2939=EDGE_CURVE('',#3636,#3630,#3638,.T.);
#2941=EDGE_CURVE('',#3634,#3640,#3641,.T.);
#2942=EDGE_CURVE('',#3642,#3640,#3643,.T.);
#2943=EDGE_CURVE('',#3642,#3636,#3644,.T.);
#2945=EDGE_CURVE('',#3640,#3646,#3647,.T.);
#2946=EDGE_CURVE('',#3648,#3646,#3649,.T.);
#2947=EDGE_CURVE('',#3648,#3642,#3650,.T.);
#2949=EDGE_CURVE('',#3646,#3652,#3653,.T.);
#2950=EDGE_CURVE('',#3654,#3652,#3655,.T.);
#2951=EDGE_CURVE('',#3654,#3648,#3656,.T.);
#2953=EDGE_CURVE('',#3652,#3658,#3659,.T.);
#2954=EDGE_CURVE('',#3660,#3658,#3661,.T.);
#2955=EDGE_CURVE('',#3660,#3654,#3662,.T.);
#2957=EDGE_CURVE('',#3658,#3664,#3665,.T.);
#2958=EDGE_CURVE('',#3666,#3664,#3667,.T.);
#2959=EDGE_CURVE('',#3666,#3660,#3668,.T.);
#2961=EDGE_CURVE('',#3664,#3670,#3671,.T.);
#2962=EDGE_CURVE('',#3672,#3670,#3673,.T.);
#2963=EDGE_CURVE('',#3672,#3666,#3674,.T.);
#2965=EDGE_CURVE('',#3670,#3676,#3677,.T.);
#2966=EDGE_CURVE('',#3678,#3676,#3679,.T.);
#2967=EDGE_CURVE('',#3678,#3672,#3680,.T.);
#2969=EDGE_CURVE('',#3676,#3682,#3683,.T.);
#2970=EDGE_CURVE('',#3684,#3682,#3685,.T.);
#2971=EDGE_CURVE('',#3684,#3678,#3686,.T.);
#2973=EDGE_CURVE('',#3682,#3688,#3689,.T.);
#2974=EDGE_CURVE('',#3690,#3688,#3691,.T.);
#2975=EDGE_CURVE('',#3690,#3684,#3692,.T.);
#2977=EDGE_CURVE('',#3688,#3694,#3695,.T.);
#2978=EDGE_CURVE('',#3696,#3694,#3697,.T.);
#2979=EDGE_CURVE('',#3696,#3690,#3698,.T.);
#2981=EDGE_CURVE('',#3694,#3700,#3701,.T.);
#2982=EDGE_CURVE('',#3702,#3700,#3703,.T.);
#2983=EDGE_CURVE('',#3702,#3696,#3704,.T.);
#2985=EDGE_CURVE('',#3700,#3706,#3707,.T.);
#2986=EDGE_CURVE('',#3708,#3706,#3709,.T.);
#2987=EDGE_CURVE('',#3708,#3702,#3710,.T.);
#2989=EDGE_CURVE('',#3706,#3712,#3713,.T.);
#2990=EDGE_CURVE('',#3714,#3712,#3715,.T.);
#2991=EDGE_CURVE('',#3714,#3708,#3716,.T.);
#2993=EDGE_CURVE('',#3712,#3718,#3719,.T.);
#2994=EDGE_CURVE('',#3720,#3718,#3721,.T.);
#2995=EDGE_CURVE('',#3720,#3714,#3722,.T.);
#2997=EDGE_CURVE('',#3718,#3724,#3725,.T.);
#2998=EDGE_CURVE('',#3726,#3724,#3727,.T.);
#2999=EDGE_CURVE('',#3726,#3720,#3728,.T.);
#3001=EDGE_CURVE('',#3724,#3730,#3731,.T.);
#3002=EDGE_CURVE('',#3732,#3730,#3733,.T.);
#3003=EDGE_CURVE('',#3732,#3726,#3734,.T.);
#3005=EDGE_CURVE('',#3730,#3736,#3737,.T.);
#3006=EDGE_CURVE('',#3738,#3736,#3739,.T.);
#3007=EDGE_CURVE('',#3738,#3732,#3740,.T.);
#3009=EDGE_CURVE('',#3736,#3742,#3743,.T.);
#3010=EDGE_CURVE('',#3744,#3742,#3745,.T.);
#3011=EDGE_CURVE('',#3744,#3738,#3746,.T.);
#3013=EDGE_CURVE('',#3742,#3748,#3749,.T.);
#3014=EDGE_CURVE('',#3750,#3748,#3751,.T.);
#3015=EDGE_CURVE('',#3750,#3744,#3752,.T.);
#3017=EDGE_CURVE('',#3748,#3754,#3755,.T.);
#3018=EDGE_CURVE('',#3756,#3754,#3757,.T.);
#3019=EDGE_CURVE('',#3756,#3750,#3758,.T.);
#3021=EDGE_CURVE('',#3754,#3760,#3761,.T.);
#3022=EDGE_CURVE('',#3762,#3760,#3763,.T.);
#3023=EDGE_CURVE('',#3762,#3756,#3764,.T.);
#3025=EDGE_CURVE('',#3760,#3766,#3767,.T.);
#3026=EDGE_CURVE('',#3768,#3766,#3769,.T.);
#3027=EDGE_CURVE('',#3768,#3762,#3770,.T.);
#3029=EDGE_CURVE('',#3766,#3772,#3773,.T.);
#3030=EDGE_CURVE('',#3774,#3772,#3775,.T.);
#3031=EDGE_CURVE('',#3774,#3768,#3776,.T.);
#3033=EDGE_CURVE('',#3772,#3778,#3779,.T.);
#3034=EDGE_CURVE('',#3780,#3778,#3781,.T.);
#3035=EDGE_CURVE('',#3780,#3774,#3782,.T.);
#3037=EDGE_CURVE('',#3778,#3784,#3785,.T.);
#3038=EDGE_CURVE('',#3786,#3784,#3787,.T.);
#3039=EDGE_CURVE('',#3786,#3780,#3788,.T.);
#3041=EDGE_CURVE('',#3784,#3790,#3791,.T.);
#3042=EDGE_CURVE('',#3792,#3790,#3793,.T.);
#3043=EDGE_CURVE('',#3792,#3786,#3794,.T.);
#3045=EDGE_CURVE('',#3790,#3796,#3797,.T.);
#3046=EDGE_CURVE('',#3798,#3796,#3799,.T.);
#3047=EDGE_CURVE('',#3798,#3792,#3800,.T.);
#3049=EDGE_CURVE('',#3796,#3802,#3803,.T.);
#3050=EDGE_CURVE('',#3804,#3802,#3805,.T.);
#3051=EDGE_CURVE('',#3804,#3798,#3806,.T.);
#3053=EDGE_CURVE('',#3802,#3808,#3809,.T.);
#3054=EDGE_CURVE('',#3810,#3808,#3811,.T.);
#3055=EDGE_CURVE('',#3810,#3804,#3812,.T.);
#3057=EDGE_CURVE('',#3808,#3814,#3815,.T.);
#3058=EDGE_CURVE('',#3816,#3814,#3817,.T.);
#3059=EDGE_CURVE('',#3816,#3810,#3818,.T.);
#3061=EDGE_CURVE('',#3814,#3820,#3821,.T.);
#3062=EDGE_CURVE('',#3822,#3820,#3823,.T.);
#3063=EDGE_CURVE('',#3822,#3816,#3824,.T.);
#3065=EDGE_CURVE('',#3820,#3826,#3827,.T.);
#3066=EDGE_CURVE('',#3828,#3826,#3829,.T.);
#3067=EDGE_CURVE('',#3828,#3822,#3830,.T.);
#3069=EDGE_CURVE('',#3826,#3832,#3833,.T.);
#3070=EDGE_CURVE('',#3834,#3832,#3835,.T.);
#3071=EDGE_CURVE('',#3834,#3828,#3836,.T.);
#3073=EDGE_CURVE('',#3832,#3838,#3839,.T.);
#3074=EDGE_CURVE('',#3840,#3838,#3841,.T.);
#3075=EDGE_CURVE('',#3840,#3834,#3842,.T.);
#3077=EDGE_CURVE('',#3838,#3844,#3845,.T.);
#3078=EDGE_CURVE('',#3846,#3844,#3847,.T.);
#3079=EDGE_CURVE('',#3846,#3840,#3848,.T.);
#3081=EDGE_CURVE('',#3844,#3850,#3851,.T.);
#3082=EDGE_CURVE('',#3852,#3850,#3853,.T.);
#3083=EDGE_CURVE('',#3852,#3846,#3854,.T.);
#3085=EDGE_CURVE('',#3850,#3856,#3857,.T.);
#3086=EDGE_CURVE('',#3858,#3856,#3859,.T.);
#3087=EDGE_CURVE('',#3858,#3852,#3860,.T.);
#3089=EDGE_CURVE('',#3856,#3862,#3863,.T.);
#3090=EDGE_CURVE('',#3864,#3862,#3865,.T.);
#3091=EDGE_CURVE('',#3864,#3858,#3866,.T.);
#3093=EDGE_CURVE('',#3862,#3868,#3869,.T.);
#3094=EDGE_CURVE('',#3870,#3868,#3871,.T.);
#3095=EDGE_CURVE('',#3870,#3864,#3872,.T.);
#3097=EDGE_CURVE('',#3868,#3874,#3875,.T.);
#3098=EDGE_CURVE('',#3876,#3874,#3877,.T.);
#3099=EDGE_CURVE('',#3876,#3870,#3878,.T.);
#3101=EDGE_CURVE('',#3874,#3880,#3881,.T.);
#3102=EDGE_CURVE('',#3882,#3880,#3883,.T.);
#3103=EDGE_CURVE('',#3882,#3876,#3884,.T.);
#3105=EDGE_CURVE('',#3880,#3886,#3887,.T.);
#3106=EDGE_CURVE('',#3888,#3886,#3889,.T.);
#3107=EDGE_CURVE('',#3888,#3882,#3890,.T.);
#3109=EDGE_CURVE('',#3886,#3892,#3893,.T.);
#3110=EDGE_CURVE('',#3894,#3892,#3895,.T.);
#3111=EDGE_CURVE('',#3894,#3888,#3896,.T.);
#3113=EDGE_CURVE('',#3892,#3898,#3899,.T.);
#3114=EDGE_CURVE('',#3900,#3898,#3901,.T.);
#3115=EDGE_CURVE('',#3900,#3894,#3902,.T.);
#3117=EDGE_CURVE('',#3898,#3904,#3905,.T.);
#3118=EDGE_CURVE('',#3906,#3904,#3907,.T.);
#3119=EDGE_CURVE('',#3906,#3900,#3908,.T.);
#3121=EDGE_CURVE('',#3904,#3910,#3911,.T.);
#3122=EDGE_CURVE('',#3912,#3910,#3913,.T.);
#3123=EDGE_CURVE('',#3912,#3906,#3914,.T.);
#3125=EDGE_CURVE('',#3910,#3916,#3917,.T.);
#3126=EDGE_CURVE('',#3918,#3916,#3919,.T.);
#3127=EDGE_CURVE('',#3918,#3912,#3920,.T.);
#3129=EDGE_CURVE('',#3916,#3922,#3923,.T.);
#3130=EDGE_CURVE('',#3924,#3922,#3925,.T.);
#3131=EDGE_CURVE('',#3924,#3918,#3926,.T.);
#3133=EDGE_CURVE('',#3922,#3547,#3928,.T.);
#3134=EDGE_CURVE('',#3552,#3924,#3929,.T.);
#3138=FILL_AREA_STYLE_COLOUR('',#3933);
#3139=VERTEX_POINT('',#3934);
#3140=VERTEX_POINT('',#3935);
#3141=LINE('',#3936,#3937);
#3142=VERTEX_POINT('',#3938);
#3143=LINE('',#3939,#3940);
#3144=VERTEX_POINT('',#3941);
#3145=LINE('',#3942,#3943);
#3146=LINE('',#3944,#3945);
#3148=VERTEX_POINT('',#3947);
#3149=LINE('',#3948,#3949);
#3150=VERTEX_POINT('',#3950);
#3151=LINE('',#3951,#3952);
#3152=LINE('',#3953,#3954);
#3154=VERTEX_POINT('',#3956);
#3155=LINE('',#3957,#3958);
#3156=VERTEX_POINT('',#3959);
#3157=LINE('',#3960,#3961);
#3158=LINE('',#3962,#3963);
#3160=VERTEX_POINT('',#3965);
#3161=CIRCLE('',#3966,1.0000000041);
#3162=VERTEX_POINT('',#3967);
#3163=CIRCLE('',#3968,1.0000000041);
#3164=LINE('',#3969,#3970);
#3166=VERTEX_POINT('',#3972);
#3167=LINE('',#3973,#3974);
#3168=VERTEX_POINT('',#3975);
#3169=LINE('',#3976,#3977);
#3170=LINE('',#3978,#3979);
#3172=VERTEX_POINT('',#3981);
#3173=LINE('',#3982,#3983);
#3174=VERTEX_POINT('',#3984);
#3175=LINE('',#3985,#3986);
#3176=LINE('',#3987,#3988);
#3178=VERTEX_POINT('',#3990);
#3179=LINE('',#3991,#3992);
#3180=VERTEX_POINT('',#3993);
#3181=LINE('',#3994,#3995);
#3182=LINE('',#3996,#3997);
#3184=VERTEX_POINT('',#3999);
#3185=LINE('',#4000,#4001);
#3186=VERTEX_POINT('',#4002);
#3187=LINE('',#4003,#4004);
#3188=LINE('',#4005,#4006);
#3190=LINE('',#4008,#4009);
#3191=LINE('',#4010,#4011);
#3193=VERTEX_POINT('',#4013);
#3194=VERTEX_POINT('',#4014);
#3195=LINE('',#4015,#4016);
#3196=VERTEX_POINT('',#4017);
#3197=LINE('',#4018,#4019);
#3198=VERTEX_POINT('',#4020);
#3199=LINE('',#4021,#4022);
#3200=LINE('',#4023,#4024);
#3202=VERTEX_POINT('',#4026);
#3203=LINE('',#4027,#4028);
#3204=VERTEX_POINT('',#4029);
#3205=LINE('',#4030,#4031);
#3206=LINE('',#4032,#4033);
#3208=VERTEX_POINT('',#4035);
#3209=LINE('',#4036,#4037);
#3210=VERTEX_POINT('',#4038);
#3211=LINE('',#4039,#4040);
#3212=LINE('',#4041,#4042);
#3214=VERTEX_POINT('',#4044);
#3215=CIRCLE('',#4045,1.0000000041);
#3216=VERTEX_POINT('',#4046);
#3217=CIRCLE('',#4047,1.0000000041);
#3218=LINE('',#4048,#4049);
#3220=VERTEX_POINT('',#4051);
#3221=LINE('',#4052,#4053);
#3222=VERTEX_POINT('',#4054);
#3223=LINE('',#4055,#4056);
#3224=LINE('',#4057,#4058);
#3226=VERTEX_POINT('',#4060);
#3227=LINE('',#4061,#4062);
#3228=VERTEX_POINT('',#4063);
#3229=LINE('',#4064,#4065);
#3230=LINE('',#4066,#4067);
#3232=VERTEX_POINT('',#4069);
#3233=LINE('',#4070,#4071);
#3234=VERTEX_POINT('',#4072);
#3235=LINE('',#4073,#4074);
#3236=LINE('',#4075,#4076);
#3238=VERTEX_POINT('',#4078);
#3239=LINE('',#4079,#4080);
#3240=VERTEX_POINT('',#4081);
#3241=LINE('',#4082,#4083);
#3242=LINE('',#4084,#4085);
#3244=LINE('',#4087,#4088);
#3245=LINE('',#4089,#4090);
#3247=VERTEX_POINT('',#4092);
#3248=VERTEX_POINT('',#4093);
#3249=LINE('',#4094,#4095);
#3250=VERTEX_POINT('',#4096);
#3251=LINE('',#4097,#4098);
#3252=VERTEX_POINT('',#4099);
#3253=LINE('',#4100,#4101);
#3254=LINE('',#4102,#4103);
#3256=VERTEX_POINT('',#4105);
#3257=LINE('',#4106,#4107);
#3258=VERTEX_POINT('',#4108);
#3259=LINE('',#4109,#4110);
#3260=LINE('',#4111,#4112);
#3262=VERTEX_POINT('',#4114);
#3263=LINE('',#4115,#4116);
#3264=VERTEX_POINT('',#4117);
#3265=LINE('',#4118,#4119);
#3266=LINE('',#4120,#4121);
#3268=VERTEX_POINT('',#4123);
#3269=CIRCLE('',#4124,1.0000000041);
#3270=VERTEX_POINT('',#4125);
#3271=CIRCLE('',#4126,1.0000000041);
#3272=LINE('',#4127,#4128);
#3274=VERTEX_POINT('',#4130);
#3275=LINE('',#4131,#4132);
#3276=VERTEX_POINT('',#4133);
#3277=LINE('',#4134,#4135);
#3278=LINE('',#4136,#4137);
#3280=VERTEX_POINT('',#4139);
#3281=LINE('',#4140,#4141);
#3282=VERTEX_POINT('',#4142);
#3283=LINE('',#4143,#4144);
#3284=LINE('',#4145,#4146);
#3286=VERTEX_POINT('',#4148);
#3287=LINE('',#4149,#4150);
#3288=VERTEX_POINT('',#4151);
#3289=LINE('',#4152,#4153);
#3290=LINE('',#4154,#4155);
#3292=VERTEX_POINT('',#4157);
#3293=LINE('',#4158,#4159);
#3294=VERTEX_POINT('',#4160);
#3295=LINE('',#4161,#4162);
#3296=LINE('',#4163,#4164);
#3298=LINE('',#4166,#4167);
#3299=LINE('',#4168,#4169);
#3301=VERTEX_POINT('',#4171);
#3302=VERTEX_POINT('',#4172);
#3303=LINE('',#4173,#4174);
#3304=VERTEX_POINT('',#4175);
#3305=LINE('',#4176,#4177);
#3306=VERTEX_POINT('',#4178);
#3307=LINE('',#4179,#4180);
#3308=LINE('',#4181,#4182);
#3310=VERTEX_POINT('',#4184);
#3311=LINE('',#4185,#4186);
#3312=VERTEX_POINT('',#4187);
#3313=LINE('',#4188,#4189);
#3314=LINE('',#4190,#4191);
#3316=VERTEX_POINT('',#4193);
#3317=LINE('',#4194,#4195);
#3318=VERTEX_POINT('',#4196);
#3319=LINE('',#4197,#4198);
#3320=LINE('',#4199,#4200);
#3322=VERTEX_POINT('',#4202);
#3323=CIRCLE('',#4203,1.0000000041);
#3324=VERTEX_POINT('',#4204);
#3325=CIRCLE('',#4205,1.0000000041);
#3326=LINE('',#4206,#4207);
#3328=VERTEX_POINT('',#4209);
#3329=LINE('',#4210,#4211);
#3330=VERTEX_POINT('',#4212);
#3331=LINE('',#4213,#4214);
#3332=LINE('',#4215,#4216);
#3334=VERTEX_POINT('',#4218);
#3335=LINE('',#4219,#4220);
#3336=VERTEX_POINT('',#4221);
#3337=LINE('',#4222,#4223);
#3338=LINE('',#4224,#4225);
#3340=VERTEX_POINT('',#4227);
#3341=LINE('',#4228,#4229);
#3342=VERTEX_POINT('',#4230);
#3343=LINE('',#4231,#4232);
#3344=LINE('',#4233,#4234);
#3346=VERTEX_POINT('',#4236);
#3347=LINE('',#4237,#4238);
#3348=VERTEX_POINT('',#4239);
#3349=LINE('',#4240,#4241);
#3350=LINE('',#4242,#4243);
#3352=LINE('',#4245,#4246);
#3353=LINE('',#4247,#4248);
#3355=VERTEX_POINT('',#4250);
#3356=VERTEX_POINT('',#4251);
#3357=CIRCLE('',#4252,5.00000033919996);
#3358=VERTEX_POINT('',#4253);
#3359=LINE('',#4254,#4255);
#3360=VERTEX_POINT('',#4256);
#3361=CIRCLE('',#4257,5.00000033919996);
#3362=LINE('',#4258,#4259);
#3364=VERTEX_POINT('',#4261);
#3365=LINE('',#4262,#4263);
#3366=VERTEX_POINT('',#4264);
#3367=LINE('',#4265,#4266);
#3368=LINE('',#4267,#4268);
#3370=VERTEX_POINT('',#4270);
#3371=CIRCLE('',#4271,7.99999981210003);
#3372=VERTEX_POINT('',#4272);
#3373=CIRCLE('',#4273,7.99999981210003);
#3374=LINE('',#4274,#4275);
#3376=VERTEX_POINT('',#4277);
#3377=LINE('',#4278,#4279);
#3378=VERTEX_POINT('',#4280);
#3379=LINE('',#4281,#4282);
#3380=LINE('',#4283,#4284);
#3382=VERTEX_POINT('',#4286);
#3383=CIRCLE('',#4287,4.99999948300003);
#3384=VERTEX_POINT('',#4288);
#3385=CIRCLE('',#4289,4.99999948300003);
#3386=LINE('',#4290,#4291);
#3388=VERTEX_POINT('',#4293);
#3389=LINE('',#4294,#4295);
#3390=VERTEX_POINT('',#4296);
#3391=LINE('',#4297,#4298);
#3392=LINE('',#4299,#4300);
#3394=VERTEX_POINT('',#4302);
#3395=CIRCLE('',#4303,7.9999998121);
#3396=VERTEX_POINT('',#4304);
#3397=CIRCLE('',#4305,7.9999998121);
#3398=LINE('',#4306,#4307);
#3400=VERTEX_POINT('',#4309);
#3401=LINE('',#4310,#4311);
#3402=VERTEX_POINT('',#4312);
#3403=LINE('',#4313,#4314);
#3404=LINE('',#4315,#4316);
#3406=VERTEX_POINT('',#4318);
#3407=CIRCLE('',#4319,5.00000033919998);
#3408=VERTEX_POINT('',#4320);
#3409=CIRCLE('',#4321,5.00000033919998);
#3410=LINE('',#4322,#4323);
#3412=VERTEX_POINT('',#4325);
#3413=LINE('',#4326,#4327);
#3414=VERTEX_POINT('',#4328);
#3415=LINE('',#4329,#4330);
#3416=LINE('',#4331,#4332);
#3418=VERTEX_POINT('',#4334);
#3419=CIRCLE('',#4335,7.99999981209996);
#3420=VERTEX_POINT('',#4336);
#3421=CIRCLE('',#4337,7.99999981209996);
#3422=LINE('',#4338,#4339);
#3424=VERTEX_POINT('',#4341);
#3425=LINE('',#4342,#4343);
#3426=VERTEX_POINT('',#4344);
#3427=LINE('',#4345,#4346);
#3428=LINE('',#4347,#4348);
#3430=VERTEX_POINT('',#4350);
#3431=CIRCLE('',#4351,4.999999483);
#3432=VERTEX_POINT('',#4352);
#3433=CIRCLE('',#4353,4.999999483);
#3434=LINE('',#4354,#4355);
#3436=VERTEX_POINT('',#4357);
#3437=LINE('',#4358,#4359);
#3438=VERTEX_POINT('',#4360);
#3439=LINE('',#4361,#4362);
#3440=LINE('',#4363,#4364);
#3442=VERTEX_POINT('',#4366);
#3443=CIRCLE('',#4367,7.99999981210001);
#3444=VERTEX_POINT('',#4368);
#3445=CIRCLE('',#4369,7.99999981210001);
#3446=LINE('',#4370,#4371);
#3448=VERTEX_POINT('',#4373);
#3449=LINE('',#4374,#4375);
#3450=VERTEX_POINT('',#4376);
#3451=LINE('',#4377,#4378);
#3452=LINE('',#4379,#4380);
#3454=VERTEX_POINT('',#4382);
#3455=CIRCLE('',#4383,5.00000033919997);
#3456=VERTEX_POINT('',#4384);
#3457=CIRCLE('',#4385,5.00000033919997);
#3458=LINE('',#4386,#4387);
#3460=VERTEX_POINT('',#4389);
#3461=LINE('',#4390,#4391);
#3462=VERTEX_POINT('',#4392);
#3463=LINE('',#4393,#4394);
#3464=LINE('',#4395,#4396);
#3466=VERTEX_POINT('',#4398);
#3467=CIRCLE('',#4399,7.99999981210002);
#3468=VERTEX_POINT('',#4400);
#3469=CIRCLE('',#4401,7.99999981210002);
#3470=LINE('',#4402,#4403);
#3472=VERTEX_POINT('',#4405);
#3473=LINE('',#4406,#4407);
#3474=VERTEX_POINT('',#4408);
#3475=LINE('',#4409,#4410);
#3476=LINE('',#4411,#4412);
#3478=VERTEX_POINT('',#4414);
#3479=CIRCLE('',#4415,4.9999994830001);
#3480=VERTEX_POINT('',#4416);
#3481=CIRCLE('',#4417,4.9999994830001);
#3482=LINE('',#4418,#4419);
#3484=VERTEX_POINT('',#4421);
#3485=LINE('',#4422,#4423);
#3486=VERTEX_POINT('',#4424);
#3487=LINE('',#4425,#4426);
#3488=LINE('',#4427,#4428);
#3490=VERTEX_POINT('',#4430);
#3491=CIRCLE('',#4431,7.99999981209997);
#3492=VERTEX_POINT('',#4432);
#3493=CIRCLE('',#4433,7.99999981209997);
#3494=LINE('',#4434,#4435);
#3496=VERTEX_POINT('',#4437);
#3497=LINE('',#4438,#4439);
#3498=VERTEX_POINT('',#4440);
#3499=LINE('',#4441,#4442);
#3500=LINE('',#4443,#4444);
#3502=VERTEX_POINT('',#4446);
#3503=CIRCLE('',#4447,5.00000033920004);
#3504=VERTEX_POINT('',#4448);
#3505=CIRCLE('',#4449,5.00000033920004);
#3506=LINE('',#4450,#4451);
#3508=VERTEX_POINT('',#4453);
#3509=LINE('',#4454,#4455);
#3510=VERTEX_POINT('',#4456);
#3511=LINE('',#4457,#4458);
#3512=LINE('',#4459,#4460);
#3514=VERTEX_POINT('',#4462);
#3515=CIRCLE('',#4463,7.99999981210003);
#3516=VERTEX_POINT('',#4464);
#3517=CIRCLE('',#4465,7.99999981210003);
#3518=LINE('',#4466,#4467);
#3520=VERTEX_POINT('',#4469);
#3521=LINE('',#4470,#4471);
#3522=VERTEX_POINT('',#4472);
#3523=LINE('',#4473,#4474);
#3524=LINE('',#4475,#4476);
#3526=VERTEX_POINT('',#4478);
#3527=CIRCLE('',#4479,4.99999948300008);
#3528=VERTEX_POINT('',#4480);
#3529=CIRCLE('',#4481,4.99999948300008);
#3530=LINE('',#4482,#4483);
#3532=VERTEX_POINT('',#4485);
#3533=LINE('',#4486,#4487);
#3534=VERTEX_POINT('',#4488);
#3535=LINE('',#4489,#4490);
#3536=LINE('',#4491,#4492);
#3538=VERTEX_POINT('',#4494);
#3539=CIRCLE('',#4495,7.99999981209999);
#3540=VERTEX_POINT('',#4496);
#3541=CIRCLE('',#4497,7.99999981209999);
#3542=LINE('',#4498,#4499);
#3544=LINE('',#4501,#4502);
#3545=LINE('',#4503,#4504);
#3547=VERTEX_POINT('',#4506);
#3548=VERTEX_POINT('',#4507);
#3549=LINE('',#4508,#4509);
#3550=VERTEX_POINT('',#4510);
#3551=LINE('',#4511,#4512);
#3552=VERTEX_POINT('',#4513);
#3553=LINE('',#4514,#4515);
#3554=LINE('',#4516,#4517);
#3556=VERTEX_POINT('',#4519);
#3557=LINE('',#4520,#4521);
#3558=VERTEX_POINT('',#4522);
#3559=LINE('',#4523,#4524);
#3560=LINE('',#4525,#4526);
#3562=VERTEX_POINT('',#4528);
#3563=CIRCLE('',#4529,3.00000001220002);
#3564=VERTEX_POINT('',#4530);
#3565=LINE('',#4531,#4532);
#3566=CIRCLE('',#4533,3.00000001220002);
#3568=VERTEX_POINT('',#4535);
#3569=LINE('',#4536,#4537);
#3570=VERTEX_POINT('',#4538);
#3571=LINE('',#4539,#4540);
#3572=LINE('',#4541,#4542);
#3574=VERTEX_POINT('',#4544);
#3575=LINE('',#4545,#4546);
#3576=VERTEX_POINT('',#4547);
#3577=LINE('',#4548,#4549);
#3578=LINE('',#4550,#4551);
#3580=VERTEX_POINT('',#4553);
#3581=LINE('',#4554,#4555);
#3582=VERTEX_POINT('',#4556);
#3583=LINE('',#4557,#4558);
#3584=LINE('',#4559,#4560);
#3586=VERTEX_POINT('',#4562);
#3587=LINE('',#4563,#4564);
#3588=VERTEX_POINT('',#4565);
#3589=LINE('',#4566,#4567);
#3590=LINE('',#4568,#4569);
#3592=VERTEX_POINT('',#4571);
#3593=LINE('',#4572,#4573);
#3594=VERTEX_POINT('',#4574);
#3595=LINE('',#4575,#4576);
#3596=LINE('',#4577,#4578);
#3598=VERTEX_POINT('',#4580);
#3599=LINE('',#4581,#4582);
#3600=VERTEX_POINT('',#4583);
#3601=LINE('',#4584,#4585);
#3602=LINE('',#4586,#4587);
#3604=VERTEX_POINT('',#4589);
#3605=LINE('',#4590,#4591);
#3606=VERTEX_POINT('',#4592);
#3607=LINE('',#4593,#4594);
#3608=LINE('',#4595,#4596);
#3610=VERTEX_POINT('',#4598);
#3611=LINE('',#4599,#4600);
#3612=VERTEX_POINT('',#4601);
#3613=LINE('',#4602,#4603);
#3614=LINE('',#4604,#4605);
#3616=VERTEX_POINT('',#4607);
#3617=LINE('',#4608,#4609);
#3618=VERTEX_POINT('',#4610);
#3619=LINE('',#4611,#4612);
#3620=LINE('',#4613,#4614);
#3622=VERTEX_POINT('',#4616);
#3623=LINE('',#4617,#4618);
#3624=VERTEX_POINT('',#4619);
#3625=LINE('',#4620,#4621);
#3626=LINE('',#4622,#4623);
#3628=VERTEX_POINT('',#4625);
#3629=LINE('',#4626,#4627);
#3630=VERTEX_POINT('',#4628);
#3631=LINE('',#4629,#4630);
#3632=LINE('',#4631,#4632);
#3634=VERTEX_POINT('',#4634);
#3635=LINE('',#4635,#4636);
#3636=VERTEX_POINT('',#4637);
#3637=LINE('',#4638,#4639);
#3638=LINE('',#4640,#4641);
#3640=VERTEX_POINT('',#4643);
#3641=LINE('',#4644,#4645);
#3642=VERTEX_POINT('',#4646);
#3643=LINE('',#4647,#4648);
#3644=LINE('',#4649,#4650);
#3646=VERTEX_POINT('',#4652);
#3647=LINE('',#4653,#4654);
#3648=VERTEX_POINT('',#4655);
#3649=LINE('',#4656,#4657);
#3650=LINE('',#4658,#4659);
#3652=VERTEX_POINT('',#4661);
#3653=LINE('',#4662,#4663);
#3654=VERTEX_POINT('',#4664);
#3655=LINE('',#4665,#4666);
#3656=LINE('',#4667,#4668);
#3658=VERTEX_POINT('',#4670);
#3659=CIRCLE('',#4671,3.00000001220002);
#3660=VERTEX_POINT('',#4672);
#3661=LINE('',#4673,#4674);
#3662=CIRCLE('',#4675,3.00000001220002);
#3664=VERTEX_POINT('',#4677);
#3665=LINE('',#4678,#4679);
#3666=VERTEX_POINT('',#4680);
#3667=LINE('',#4681,#4682);
#3668=LINE('',#4683,#4684);
#3670=VERTEX_POINT('',#4686);
#3671=LINE('',#4687,#4688);
#3672=VERTEX_POINT('',#4689);
#3673=LINE('',#4690,#4691);
#3674=LINE('',#4692,#4693);
#3676=VERTEX_POINT('',#4695);
#3677=LINE('',#4696,#4697);
#3678=VERTEX_POINT('',#4698);
#3679=LINE('',#4699,#4700);
#3680=LINE('',#4701,#4702);
#3682=VERTEX_POINT('',#4704);
#3683=LINE('',#4705,#4706);
#3684=VERTEX_POINT('',#4707);
#3685=LINE('',#4708,#4709);
#3686=LINE('',#4710,#4711);
#3688=VERTEX_POINT('',#4713);
#3689=LINE('',#4714,#4715);
#3690=VERTEX_POINT('',#4716);
#3691=LINE('',#4717,#4718);
#3692=LINE('',#4719,#4720);
#3694=VERTEX_POINT('',#4722);
#3695=LINE('',#4723,#4724);
#3696=VERTEX_POINT('',#4725);
#3697=LINE('',#4726,#4727);
#3698=LINE('',#4728,#4729);
#3700=VERTEX_POINT('',#4731);
#3701=LINE('',#4732,#4733);
#3702=VERTEX_POINT('',#4734);
#3703=LINE('',#4735,#4736);
#3704=LINE('',#4737,#4738);
#3706=VERTEX_POINT('',#4740);
#3707=LINE('',#4741,#4742);
#3708=VERTEX_POINT('',#4743);
#3709=LINE('',#4744,#4745);
#3710=LINE('',#4746,#4747);
#3712=VERTEX_POINT('',#4749);
#3713=LINE('',#4750,#4751);
#3714=VERTEX_POINT('',#4752);
#3715=LINE('',#4753,#4754);
#3716=LINE('',#4755,#4756);
#3718=VERTEX_POINT('',#4758);
#3719=LINE('',#4759,#4760);
#3720=VERTEX_POINT('',#4761);
#3721=LINE('',#4762,#4763);
#3722=LINE('',#4764,#4765);
#3724=VERTEX_POINT('',#4767);
#3725=LINE('',#4768,#4769);
#3726=VERTEX_POINT('',#4770);
#3727=LINE('',#4771,#4772);
#3728=LINE('',#4773,#4774);
#3730=VERTEX_POINT('',#4776);
#3731=LINE('',#4777,#4778);
#3732=VERTEX_POINT('',#4779);
#3733=LINE('',#4780,#4781);
#3734=LINE('',#4782,#4783);
#3736=VERTEX_POINT('',#4785);
#3737=LINE('',#4786,#4787);
#3738=VERTEX_POINT('',#4788);
#3739=LINE('',#4789,#4790);
#3740=LINE('',#4791,#4792);
#3742=VERTEX_POINT('',#4794);
#3743=LINE('',#4795,#4796);
#3744=VERTEX_POINT('',#4797);
#3745=LINE('',#4798,#4799);
#3746=LINE('',#4800,#4801);
#3748=VERTEX_POINT('',#4803);
#3749=LINE('',#4804,#4805);
#3750=VERTEX_POINT('',#4806);
#3751=LINE('',#4807,#4808);
#3752=LINE('',#4809,#4810);
#3754=VERTEX_POINT('',#4812);
#3755=CIRCLE('',#4813,3.00000001220002);
#3756=VERTEX_POINT('',#4814);
#3757=LINE('',#4815,#4816);
#3758=CIRCLE('',#4817,3.00000001220002);
#3760=VERTEX_POINT('',#4819);
#3761=LINE('',#4820,#4821);
#3762=VERTEX_POINT('',#4822);
#3763=LINE('',#4823,#4824);
#3764=LINE('',#4825,#4826);
#3766=VERTEX_POINT('',#4828);
#3767=LINE('',#4829,#4830);
#3768=VERTEX_POINT('',#4831);
#3769=LINE('',#4832,#4833);
#3770=LINE('',#4834,#4835);
#3772=VERTEX_POINT('',#4837);
#3773=LINE('',#4838,#4839);
#3774=VERTEX_POINT('',#4840);
#3775=LINE('',#4841,#4842);
#3776=LINE('',#4843,#4844);
#3778=VERTEX_POINT('',#4846);
#3779=LINE('',#4847,#4848);
#3780=VERTEX_POINT('',#4849);
#3781=LINE('',#4850,#4851);
#3782=LINE('',#4852,#4853);
#3784=VERTEX_POINT('',#4855);
#3785=LINE('',#4856,#4857);
#3786=VERTEX_POINT('',#4858);
#3787=LINE('',#4859,#4860);
#3788=LINE('',#4861,#4862);
#3790=VERTEX_POINT('',#4864);
#3791=LINE('',#4865,#4866);
#3792=VERTEX_POINT('',#4867);
#3793=LINE('',#4868,#4869);
#3794=LINE('',#4870,#4871);
#3796=VERTEX_POINT('',#4873);
#3797=LINE('',#4874,#4875);
#3798=VERTEX_POINT('',#4876);
#3799=LINE('',#4877,#4878);
#3800=LINE('',#4879,#4880);
#3802=VERTEX_POINT('',#4882);
#3803=LINE('',#4883,#4884);
#3804=VERTEX_POINT('',#4885);
#3805=LINE('',#4886,#4887);
#3806=LINE('',#4888,#4889);
#3808=VERTEX_POINT('',#4891);
#3809=LINE('',#4892,#4893);
#3810=VERTEX_POINT('',#4894);
#3811=LINE('',#4895,#4896);
#3812=LINE('',#4897,#4898);
#3814=VERTEX_POINT('',#4900);
#3815=LINE('',#4901,#4902);
#3816=VERTEX_POINT('',#4903);
#3817=LINE('',#4904,#4905);
#3818=LINE('',#4906,#4907);
#3820=VERTEX_POINT('',#4909);
#3821=LINE('',#4910,#4911);
#3822=VERTEX_POINT('',#4912);
#3823=LINE('',#4913,#4914);
#3824=LINE('',#4915,#4916);
#3826=VERTEX_POINT('',#4918);
#3827=LINE('',#4919,#4920);
#3828=VERTEX_POINT('',#4921);
#3829=LINE('',#4922,#4923);
#3830=LINE('',#4924,#4925);
#3832=VERTEX_POINT('',#4927);
#3833=LINE('',#4928,#4929);
#3834=VERTEX_POINT('',#4930);
#3835=LINE('',#4931,#4932);
#3836=LINE('',#4933,#4934);
#3838=VERTEX_POINT('',#4936);
#3839=LINE('',#4937,#4938);
#3840=VERTEX_POINT('',#4939);
#3841=LINE('',#4940,#4941);
#3842=LINE('',#4942,#4943);
#3844=VERTEX_POINT('',#4945);
#3845=LINE('',#4946,#4947);
#3846=VERTEX_POINT('',#4948);
#3847=LINE('',#4949,#4950);
#3848=LINE('',#4951,#4952);
#3850=VERTEX_POINT('',#4954);
#3851=CIRCLE('',#4955,3.00000001220002);
#3852=VERTEX_POINT('',#4956);
#3853=LINE('',#4957,#4958);
#3854=CIRCLE('',#4959,3.00000001220002);
#3856=VERTEX_POINT('',#4961);
#3857=LINE('',#4962,#4963);
#3858=VERTEX_POINT('',#4964);
#3859=LINE('',#4965,#4966);
#3860=LINE('',#4967,#4968);
#3862=VERTEX_POINT('',#4970);
#3863=LINE('',#4971,#4972);
#3864=VERTEX_POINT('',#4973);
#3865=LINE('',#4974,#4975);
#3866=LINE('',#4976,#4977);
#3868=VERTEX_POINT('',#4979);
#3869=LINE('',#4980,#4981);
#3870=VERTEX_POINT('',#4982);
#3871=LINE('',#4983,#4984);
#3872=LINE('',#4985,#4986);
#3874=VERTEX_POINT('',#4988);
#3875=LINE('',#4989,#4990);
#3876=VERTEX_POINT('',#4991);
#3877=LINE('',#4992,#4993);
#3878=LINE('',#4994,#4995);
#3880=VERTEX_POINT('',#4997);
#3881=LINE('',#4998,#4999);
#3882=VERTEX_POINT('',#5000);
#3883=LINE('',#5001,#5002);
#3884=LINE('',#5003,#5004);
#3886=VERTEX_POINT('',#5006);
#3887=LINE('',#5007,#5008);
#3888=VERTEX_POINT('',#5009);
#3889=LINE('',#5010,#5011);
#3890=LINE('',#5012,#5013);
#3892=VERTEX_POINT('',#5015);
#3893=LINE('',#5016,#5017);
#3894=VERTEX_POINT('',#5018);
#3895=LINE('',#5019,#5020);
#3896=LINE('',#5021,#5022);
#3898=VERTEX_POINT('',#5024);
#3899=LINE('',#5025,#5026);
#3900=VERTEX_POINT('',#5027);
#3901=LINE('',#5028,#5029);
#3902=LINE('',#5030,#5031);
#3904=VERTEX_POINT('',#5033);
#3905=LINE('',#5034,#5035);
#3906=VERTEX_POINT('',#5036);
#3907=LINE('',#5037,#5038);
#3908=LINE('',#5039,#5040);
#3910=VERTEX_POINT('',#5042);
#3911=LINE('',#5043,#5044);
#3912=VERTEX_POINT('',#5045);
#3913=LINE('',#5046,#5047);
#3914=LINE('',#5048,#5049);
#3916=VERTEX_POINT('',#5051);
#3917=LINE('',#5052,#5053);
#3918=VERTEX_POINT('',#5054);
#3919=LINE('',#5055,#5056);
#3920=LINE('',#5057,#5058);
#3922=VERTEX_POINT('',#5060);
#3923=LINE('',#5061,#5062);
#3924=VERTEX_POINT('',#5063);
#3925=LINE('',#5064,#5065);
#3926=LINE('',#5066,#5067);
#3928=LINE('',#5069,#5070);
#3929=LINE('',#5071,#5072);
#3933=COLOUR_RGB('',0.509803950786591,0.509803950786591,0.588235318660736);
#3934=CARTESIAN_POINT('',(1000.0,-18.5,12.05));
#3935=CARTESIAN_POINT('',(1000.0,-18.5,8.0));
#3936=CARTESIAN_POINT('',(1000.0,-18.5,5.0125));
#3937=VECTOR('',#5076,1.0);
#3938=CARTESIAN_POINT('',(0.0,-18.5,12.05));
#3939=CARTESIAN_POINT('',(0.0,-18.5,12.05));
#3940=VECTOR('',#5077,1.0);
#3941=CARTESIAN_POINT('',(0.0,-18.5,8.0));
#3942=CARTESIAN_POINT('',(0.0,-18.5,5.0125));
#3943=VECTOR('',#5078,1.0);
#3944=CARTESIAN_POINT('',(0.0,-18.5,8.0));
#3945=VECTOR('',#5079,1.0);
#3947=CARTESIAN_POINT('',(1000.0,-20.5,8.0));
#3948=CARTESIAN_POINT('',(1000.0,-9.75,8.0));
#3949=VECTOR('',#5080,1.0);
#3950=CARTESIAN_POINT('',(0.0,-20.5,8.0));
#3951=CARTESIAN_POINT('',(0.0,-9.75,8.0));
#3952=VECTOR('',#5081,1.0);
#3953=CARTESIAN_POINT('',(0.0,-20.5,8.0));
#3954=VECTOR('',#5082,1.0);
#3956=CARTESIAN_POINT('',(1000.0,-20.5,19.5));
#3957=CARTESIAN_POINT('',(1000.0,-20.5,6.875));
#3958=VECTOR('',#5083,1.0);
#3959=CARTESIAN_POINT('',(0.0,-20.5,19.5));
#3960=CARTESIAN_POINT('',(0.0,-20.5,6.875));
#3961=VECTOR('',#5084,1.0);
#3962=CARTESIAN_POINT('',(0.0,-20.5,19.5));
#3963=VECTOR('',#5085,1.0);
#3965=CARTESIAN_POINT('',(1000.0,-19.4999999999509,20.5));
#3966=AXIS2_PLACEMENT_3D('',#5086,#5087,#5088);
#3967=CARTESIAN_POINT('',(0.0,-19.4999999999509,20.5));
#3968=AXIS2_PLACEMENT_3D('',#5089,#5090,#5091);
#3969=CARTESIAN_POINT('',(0.0,-19.4999999999509,20.5));
#3970=VECTOR('',#5092,1.0);
#3972=CARTESIAN_POINT('',(1000.0,-8.0,20.5));
#3973=CARTESIAN_POINT('',(1000.0,-6.87499999998773,20.5));
#3974=VECTOR('',#5093,1.0);
#3975=CARTESIAN_POINT('',(0.0,-8.0,20.5));
#3976=CARTESIAN_POINT('',(0.0,-6.87499999998773,20.5));
#3977=VECTOR('',#5094,1.0);
#3978=CARTESIAN_POINT('',(0.0,-8.0,20.5));
#3979=VECTOR('',#5095,1.0);
#3981=CARTESIAN_POINT('',(1000.0,-8.0,18.5));
#3982=CARTESIAN_POINT('',(1000.0,-8.0,9.75));
#3983=VECTOR('',#5096,1.0);
#3984=CARTESIAN_POINT('',(0.0,-8.0,18.5));
#3985=CARTESIAN_POINT('',(0.0,-8.0,9.75));
#3986=VECTOR('',#5097,1.0);
#3987=CARTESIAN_POINT('',(0.0,-8.0,18.5));
#3988=VECTOR('',#5098,1.0);
#3990=CARTESIAN_POINT('',(1000.0,-12.05,18.5));
#3991=CARTESIAN_POINT('',(1000.0,-5.0125,18.5));
#3992=VECTOR('',#5099,1.0);
#3993=CARTESIAN_POINT('',(0.0,-12.05,18.5));
#3994=CARTESIAN_POINT('',(0.0,-5.0125,18.5));
#3995=VECTOR('',#5100,1.0);
#3996=CARTESIAN_POINT('',(0.0,-12.05,18.5));
#3997=VECTOR('',#5101,1.0);
#3999=CARTESIAN_POINT('',(1000.0,-12.05,12.05));
#4000=CARTESIAN_POINT('',(1000.0,-12.05,7.6375));
#4001=VECTOR('',#5102,1.0);
#4002=CARTESIAN_POINT('',(0.0,-12.05,12.05));
#4003=CARTESIAN_POINT('',(0.0,-12.05,7.6375));
#4004=VECTOR('',#5103,1.0);
#4005=CARTESIAN_POINT('',(0.0,-12.05,12.05));
#4006=VECTOR('',#5104,1.0);
#4008=CARTESIAN_POINT('',(1000.0,-7.6375,12.05));
#4009=VECTOR('',#5105,1.0);
#4010=CARTESIAN_POINT('',(0.0,-7.6375,12.05));
#4011=VECTOR('',#5106,1.0);
#4013=CARTESIAN_POINT('',(1000.0,12.05,18.5));
#4014=CARTESIAN_POINT('',(1000.0,8.0,18.5));
#4015=CARTESIAN_POINT('',(1000.0,5.0125,18.5));
#4016=VECTOR('',#5107,1.0);
#4017=CARTESIAN_POINT('',(0.0,12.05,18.5));
#4018=CARTESIAN_POINT('',(0.0,12.05,18.5));
#4019=VECTOR('',#5108,1.0);
#4020=CARTESIAN_POINT('',(0.0,8.0,18.5));
#4021=CARTESIAN_POINT('',(0.0,5.0125,18.5));
#4022=VECTOR('',#5109,1.0);
#4023=CARTESIAN_POINT('',(0.0,8.0,18.5));
#4024=VECTOR('',#5110,1.0);
#4026=CARTESIAN_POINT('',(1000.0,8.0,20.5));
#4027=CARTESIAN_POINT('',(1000.0,8.0,9.75));
#4028=VECTOR('',#5111,1.0);
#4029=CARTESIAN_POINT('',(0.0,8.0,20.5));
#4030=CARTESIAN_POINT('',(0.0,8.0,9.75));
#4031=VECTOR('',#5112,1.0);
#4032=CARTESIAN_POINT('',(0.0,8.0,20.5));
#4033=VECTOR('',#5113,1.0);
#4035=CARTESIAN_POINT('',(1000.0,19.5,20.5));
#4036=CARTESIAN_POINT('',(1000.0,6.875,20.5));
#4037=VECTOR('',#5114,1.0);
#4038=CARTESIAN_POINT('',(0.0,19.5,20.5));
#4039=CARTESIAN_POINT('',(0.0,6.875,20.5));
#4040=VECTOR('',#5115,1.0);
#4041=CARTESIAN_POINT('',(0.0,19.5,20.5));
#4042=VECTOR('',#5116,1.0);
#4044=CARTESIAN_POINT('',(1000.0,20.5,19.4999999999509));
#4045=AXIS2_PLACEMENT_3D('',#5117,#5118,#5119);
#4046=CARTESIAN_POINT('',(0.0,20.5,19.4999999999509));
#4047=AXIS2_PLACEMENT_3D('',#5120,#5121,#5122);
#4048=CARTESIAN_POINT('',(0.0,20.5,19.4999999999509));
#4049=VECTOR('',#5123,1.0);
#4051=CARTESIAN_POINT('',(1000.0,20.5,8.0));
#4052=CARTESIAN_POINT('',(1000.0,20.5,6.87499999998773));
#4053=VECTOR('',#5124,1.0);
#4054=CARTESIAN_POINT('',(0.0,20.5,8.0));
#4055=CARTESIAN_POINT('',(0.0,20.5,6.87499999998773));
#4056=VECTOR('',#5125,1.0);
#4057=CARTESIAN_POINT('',(0.0,20.5,8.0));
#4058=VECTOR('',#5126,1.0);
#4060=CARTESIAN_POINT('',(1000.0,18.5,8.0));
#4061=CARTESIAN_POINT('',(1000.0,9.75,8.0));
#4062=VECTOR('',#5127,1.0);
#4063=CARTESIAN_POINT('',(0.0,18.5,8.0));
#4064=CARTESIAN_POINT('',(0.0,9.75,8.0));
#4065=VECTOR('',#5128,1.0);
#4066=CARTESIAN_POINT('',(0.0,18.5,8.0));
#4067=VECTOR('',#5129,1.0);
#4069=CARTESIAN_POINT('',(1000.0,18.5,12.05));
#4070=CARTESIAN_POINT('',(1000.0,18.5,5.0125));
#4071=VECTOR('',#5130,1.0);
#4072=CARTESIAN_POINT('',(0.0,18.5,12.05));
#4073=CARTESIAN_POINT('',(0.0,18.5,5.0125));
#4074=VECTOR('',#5131,1.0);
#4075=CARTESIAN_POINT('',(0.0,18.5,12.05));
#4076=VECTOR('',#5132,1.0);
#4078=CARTESIAN_POINT('',(1000.0,12.05,12.05));
#4079=CARTESIAN_POINT('',(1000.0,7.6375,12.05));
#4080=VECTOR('',#5133,1.0);
#4081=CARTESIAN_POINT('',(0.0,12.05,12.05));
#4082=CARTESIAN_POINT('',(0.0,7.6375,12.05));
#4083=VECTOR('',#5134,1.0);
#4084=CARTESIAN_POINT('',(0.0,12.05,12.05));
#4085=VECTOR('',#5135,1.0);
#4087=CARTESIAN_POINT('',(1000.0,12.05,7.6375));
#4088=VECTOR('',#5136,1.0);
#4089=CARTESIAN_POINT('',(0.0,12.05,7.6375));
#4090=VECTOR('',#5137,1.0);
#4092=CARTESIAN_POINT('',(1000.0,18.5,-12.05));
#4093=CARTESIAN_POINT('',(1000.0,18.5,-8.0));
#4094=CARTESIAN_POINT('',(1000.0,18.5,-5.0125));
#4095=VECTOR('',#5138,1.0);
#4096=CARTESIAN_POINT('',(0.0,18.5,-12.05));
#4097=CARTESIAN_POINT('',(0.0,18.5,-12.05));
#4098=VECTOR('',#5139,1.0);
#4099=CARTESIAN_POINT('',(0.0,18.5,-8.0));
#4100=CARTESIAN_POINT('',(0.0,18.5,-5.0125));
#4101=VECTOR('',#5140,1.0);
#4102=CARTESIAN_POINT('',(0.0,18.5,-8.0));
#4103=VECTOR('',#5141,1.0);
#4105=CARTESIAN_POINT('',(1000.0,20.5,-8.0));
#4106=CARTESIAN_POINT('',(1000.0,9.75,-8.0));
#4107=VECTOR('',#5142,1.0);
#4108=CARTESIAN_POINT('',(0.0,20.5,-8.0));
#4109=CARTESIAN_POINT('',(0.0,9.75,-8.0));
#4110=VECTOR('',#5143,1.0);
#4111=CARTESIAN_POINT('',(0.0,20.5,-8.0));
#4112=VECTOR('',#5144,1.0);
#4114=CARTESIAN_POINT('',(1000.0,20.5,-19.5));
#4115=CARTESIAN_POINT('',(1000.0,20.5,-6.875));
#4116=VECTOR('',#5145,1.0);
#4117=CARTESIAN_POINT('',(0.0,20.5,-19.5));
#4118=CARTESIAN_POINT('',(0.0,20.5,-6.875));
#4119=VECTOR('',#5146,1.0);
#4120=CARTESIAN_POINT('',(0.0,20.5,-19.5));
#4121=VECTOR('',#5147,1.0);
#4123=CARTESIAN_POINT('',(1000.0,19.4999999999509,-20.5));
#4124=AXIS2_PLACEMENT_3D('',#5148,#5149,#5150);
#4125=CARTESIAN_POINT('',(0.0,19.4999999999509,-20.5));
#4126=AXIS2_PLACEMENT_3D('',#5151,#5152,#5153);
#4127=CARTESIAN_POINT('',(0.0,19.4999999999509,-20.5));
#4128=VECTOR('',#5154,1.0);
#4130=CARTESIAN_POINT('',(1000.0,8.0,-20.5));
#4131=CARTESIAN_POINT('',(1000.0,6.87499999998773,-20.5));
#4132=VECTOR('',#5155,1.0);
#4133=CARTESIAN_POINT('',(0.0,8.0,-20.5));
#4134=CARTESIAN_POINT('',(0.0,6.87499999998773,-20.5));
#4135=VECTOR('',#5156,1.0);
#4136=CARTESIAN_POINT('',(0.0,8.0,-20.5));
#4137=VECTOR('',#5157,1.0);
#4139=CARTESIAN_POINT('',(1000.0,8.0,-18.5));
#4140=CARTESIAN_POINT('',(1000.0,8.0,-9.75));
#4141=VECTOR('',#5158,1.0);
#4142=CARTESIAN_POINT('',(0.0,8.0,-18.5));
#4143=CARTESIAN_POINT('',(0.0,8.0,-9.75));
#4144=VECTOR('',#5159,1.0);
#4145=CARTESIAN_POINT('',(0.0,8.0,-18.5));
#4146=VECTOR('',#5160,1.0);
#4148=CARTESIAN_POINT('',(1000.0,12.05,-18.5));
#4149=CARTESIAN_POINT('',(1000.0,5.0125,-18.5));
#4150=VECTOR('',#5161,1.0);
#4151=CARTESIAN_POINT('',(0.0,12.05,-18.5));
#4152=CARTESIAN_POINT('',(0.0,5.0125,-18.5));
#4153=VECTOR('',#5162,1.0);
#4154=CARTESIAN_POINT('',(0.0,12.05,-18.5));
#4155=VECTOR('',#5163,1.0);
#4157=CARTESIAN_POINT('',(1000.0,12.05,-12.05));
#4158=CARTESIAN_POINT('',(1000.0,12.05,-7.6375));
#4159=VECTOR('',#5164,1.0);
#4160=CARTESIAN_POINT('',(0.0,12.05,-12.05));
#4161=CARTESIAN_POINT('',(0.0,12.05,-7.6375));
#4162=VECTOR('',#5165,1.0);
#4163=CARTESIAN_POINT('',(0.0,12.05,-12.05));
#4164=VECTOR('',#5166,1.0);
#4166=CARTESIAN_POINT('',(1000.0,7.6375,-12.05));
#4167=VECTOR('',#5167,1.0);
#4168=CARTESIAN_POINT('',(0.0,7.6375,-12.05));
#4169=VECTOR('',#5168,1.0);
#4171=CARTESIAN_POINT('',(1000.0,-12.05,-18.5));
#4172=CARTESIAN_POINT('',(1000.0,-8.0,-18.5));
#4173=CARTESIAN_POINT('',(1000.0,-5.0125,-18.5));
#4174=VECTOR('',#5169,1.0);
#4175=CARTESIAN_POINT('',(0.0,-12.05,-18.5));
#4176=CARTESIAN_POINT('',(0.0,-12.05,-18.5));
#4177=VECTOR('',#5170,1.0);
#4178=CARTESIAN_POINT('',(0.0,-8.0,-18.5));
#4179=CARTESIAN_POINT('',(0.0,-5.0125,-18.5));
#4180=VECTOR('',#5171,1.0);
#4181=CARTESIAN_POINT('',(0.0,-8.0,-18.5));
#4182=VECTOR('',#5172,1.0);
#4184=CARTESIAN_POINT('',(1000.0,-8.0,-20.5));
#4185=CARTESIAN_POINT('',(1000.0,-8.0,-9.75));
#4186=VECTOR('',#5173,1.0);
#4187=CARTESIAN_POINT('',(0.0,-8.0,-20.5));
#4188=CARTESIAN_POINT('',(0.0,-8.0,-9.75));
#4189=VECTOR('',#5174,1.0);
#4190=CARTESIAN_POINT('',(0.0,-8.0,-20.5));
#4191=VECTOR('',#5175,1.0);
#4193=CARTESIAN_POINT('',(1000.0,-19.5,-20.5));
#4194=CARTESIAN_POINT('',(1000.0,-6.875,-20.5));
#4195=VECTOR('',#5176,1.0);
#4196=CARTESIAN_POINT('',(0.0,-19.5,-20.5));
#4197=CARTESIAN_POINT('',(0.0,-6.875,-20.5));
#4198=VECTOR('',#5177,1.0);
#4199=CARTESIAN_POINT('',(0.0,-19.5,-20.5));
#4200=VECTOR('',#5178,1.0);
#4202=CARTESIAN_POINT('',(1000.0,-20.5,-19.4999999999509));
#4203=AXIS2_PLACEMENT_3D('',#5179,#5180,#5181);
#4204=CARTESIAN_POINT('',(0.0,-20.5,-19.4999999999509));
#4205=AXIS2_PLACEMENT_3D('',#5182,#5183,#5184);
#4206=CARTESIAN_POINT('',(0.0,-20.5,-19.4999999999509));
#4207=VECTOR('',#5185,1.0);
#4209=CARTESIAN_POINT('',(1000.0,-20.5,-8.0));
#4210=CARTESIAN_POINT('',(1000.0,-20.5,-6.87499999998773));
#4211=VECTOR('',#5186,1.0);
#4212=CARTESIAN_POINT('',(0.0,-20.5,-8.0));
#4213=CARTESIAN_POINT('',(0.0,-20.5,-6.87499999998773));
#4214=VECTOR('',#5187,1.0);
#4215=CARTESIAN_POINT('',(0.0,-20.5,-8.0));
#4216=VECTOR('',#5188,1.0);
#4218=CARTESIAN_POINT('',(1000.0,-18.5,-8.0));
#4219=CARTESIAN_POINT('',(1000.0,-9.75,-8.0));
#4220=VECTOR('',#5189,1.0);
#4221=CARTESIAN_POINT('',(0.0,-18.5,-8.0));
#4222=CARTESIAN_POINT('',(0.0,-9.75,-8.0));
#4223=VECTOR('',#5190,1.0);
#4224=CARTESIAN_POINT('',(0.0,-18.5,-8.0));
#4225=VECTOR('',#5191,1.0);
#4227=CARTESIAN_POINT('',(1000.0,-18.5,-12.05));
#4228=CARTESIAN_POINT('',(1000.0,-18.5,-5.0125));
#4229=VECTOR('',#5192,1.0);
#4230=CARTESIAN_POINT('',(0.0,-18.5,-12.05));
#4231=CARTESIAN_POINT('',(0.0,-18.5,-5.0125));
#4232=VECTOR('',#5193,1.0);
#4233=CARTESIAN_POINT('',(0.0,-18.5,-12.05));
#4234=VECTOR('',#5194,1.0);
#4236=CARTESIAN_POINT('',(1000.0,-12.05,-12.05));
#4237=CARTESIAN_POINT('',(1000.0,-7.6375,-12.05));
#4238=VECTOR('',#5195,1.0);
#4239=CARTESIAN_POINT('',(0.0,-12.05,-12.05));
#4240=CARTESIAN_POINT('',(0.0,-7.6375,-12.05));
#4241=VECTOR('',#5196,1.0);
#4242=CARTESIAN_POINT('',(0.0,-12.05,-12.05));
#4243=VECTOR('',#5197,1.0);
#4245=CARTESIAN_POINT('',(1000.0,-12.05,-7.6375));
#4246=VECTOR('',#5198,1.0);
#4247=CARTESIAN_POINT('',(0.0,-12.05,-7.6375));
#4248=VECTOR('',#5199,1.0);
#4250=CARTESIAN_POINT('',(1000.0,-0.86824089,4.92403877));
#4251=CARTESIAN_POINT('',(1000.0,0.86824088999961,4.92403877000017));
#4252=AXIS2_PLACEMENT_3D('',#5200,#5201,#5202);
#4253=CARTESIAN_POINT('',(0.0,-0.86824089,4.92403877));
#4254=CARTESIAN_POINT('',(0.0,-0.86824089,4.92403877));
#4255=VECTOR('',#5203,1.0);
#4256=CARTESIAN_POINT('',(0.0,0.86824088999961,4.92403877000017));
#4257=AXIS2_PLACEMENT_3D('',#5204,#5205,#5206);
#4258=CARTESIAN_POINT('',(0.0,0.86824088999961,4.92403877000017));
#4259=VECTOR('',#5207,1.0);
#4261=CARTESIAN_POINT('',(1000.0,1.38918542,7.87846202));
#4262=CARTESIAN_POINT('',(1000.0,0.564356579022725,3.20062519723153));
#4263=VECTOR('',#5208,1.0);
#4264=CARTESIAN_POINT('',(0.0,1.38918542,7.87846202));
#4265=CARTESIAN_POINT('',(0.0,0.564356579022725,3.20062519723153));
#4266=VECTOR('',#5209,1.0);
#4267=CARTESIAN_POINT('',(0.0,1.38918542,7.87846202));
#4268=VECTOR('',#5210,1.0);
#4270=CARTESIAN_POINT('',(1000.0,4.58861148998023,6.55321634994333));
#4271=AXIS2_PLACEMENT_3D('',#5211,#5212,#5213);
#4272=CARTESIAN_POINT('',(0.0,4.58861148998023,6.55321634994333));
#4273=AXIS2_PLACEMENT_3D('',#5214,#5215,#5216);
#4274=CARTESIAN_POINT('',(0.0,4.58861148998023,6.55321634994333));
#4275=VECTOR('',#5217,1.0);
#4277=CARTESIAN_POINT('',(1000.0,2.86788218,4.09576022));
#4278=CARTESIAN_POINT('',(1000.0,1.86412341559029,2.66224414381956));
#4279=VECTOR('',#5218,1.0);
#4280=CARTESIAN_POINT('',(0.0,2.86788218,4.09576022));
#4281=CARTESIAN_POINT('',(0.0,1.86412341559029,2.66224414381956));
#4282=VECTOR('',#5219,1.0);
#4283=CARTESIAN_POINT('',(0.0,2.86788218,4.09576022));
#4284=VECTOR('',#5220,1.0);
#4286=CARTESIAN_POINT('',(1000.0,4.09576022006489,2.8678821800505));
#4287=AXIS2_PLACEMENT_3D('',#5221,#5222,#5223);
#4288=CARTESIAN_POINT('',(0.0,4.09576022006489,2.8678821800505));
#4289=AXIS2_PLACEMENT_3D('',#5224,#5225,#5226);
#4290=CARTESIAN_POINT('',(0.0,4.09576022006489,2.8678821800505));
#4291=VECTOR('',#5227,1.0);
#4293=CARTESIAN_POINT('',(1000.0,6.55321635,4.58861149));
#4294=CARTESIAN_POINT('',(1000.0,2.66224414384821,1.86412341561035));
#4295=VECTOR('',#5228,1.0);
#4296=CARTESIAN_POINT('',(0.0,6.55321635,4.58861149));
#4297=CARTESIAN_POINT('',(0.0,2.66224414384821,1.86412341561035));
#4298=VECTOR('',#5229,1.0);
#4299=CARTESIAN_POINT('',(0.0,6.55321635,4.58861149));
#4300=VECTOR('',#5230,1.0);
#4302=CARTESIAN_POINT('',(1000.0,7.87846201993574,1.38918542000042));
#4303=AXIS2_PLACEMENT_3D('',#5231,#5232,#5233);
#4304=CARTESIAN_POINT('',(0.0,7.87846201993574,1.38918542000042));
#4305=AXIS2_PLACEMENT_3D('',#5234,#5235,#5236);
#4306=CARTESIAN_POINT('',(0.0,7.87846201993574,1.38918542000042));
#4307=VECTOR('',#5237,1.0);
#4309=CARTESIAN_POINT('',(1000.0,4.92403877,0.86824089));
#4310=CARTESIAN_POINT('',(1000.0,3.20062519721594,0.564356579019976));
#4311=VECTOR('',#5238,1.0);
#4312=CARTESIAN_POINT('',(0.0,4.92403877,0.86824089));
#4313=CARTESIAN_POINT('',(0.0,3.20062519721594,0.564356579019976));
#4314=VECTOR('',#5239,1.0);
#4315=CARTESIAN_POINT('',(0.0,4.92403877,0.86824089));
#4316=VECTOR('',#5240,1.0);
#4318=CARTESIAN_POINT('',(1000.0,4.92403877000017,-0.86824088999961));
#4319=AXIS2_PLACEMENT_3D('',#5241,#5242,#5243);
#4320=CARTESIAN_POINT('',(0.0,4.92403877000017,-0.86824088999961));
#4321=AXIS2_PLACEMENT_3D('',#5244,#5245,#5246);
#4322=CARTESIAN_POINT('',(0.0,4.92403877000017,-0.86824088999961));
#4323=VECTOR('',#5247,1.0);
#4325=CARTESIAN_POINT('',(1000.0,7.87846202,-1.38918542));
#4326=CARTESIAN_POINT('',(1000.0,3.20062519723153,-0.564356579022725));
#4327=VECTOR('',#5248,1.0);
#4328=CARTESIAN_POINT('',(0.0,7.87846202,-1.38918542));
#4329=CARTESIAN_POINT('',(0.0,3.20062519723153,-0.564356579022725));
#4330=VECTOR('',#5249,1.0);
#4331=CARTESIAN_POINT('',(0.0,7.87846202,-1.38918542));
#4332=VECTOR('',#5250,1.0);
#4334=CARTESIAN_POINT('',(1000.0,6.55321634994333,-4.58861148998023));
#4335=AXIS2_PLACEMENT_3D('',#5251,#5252,#5253);
#4336=CARTESIAN_POINT('',(0.0,6.55321634994333,-4.58861148998023));
#4337=AXIS2_PLACEMENT_3D('',#5254,#5255,#5256);
#4338=CARTESIAN_POINT('',(0.0,6.55321634994333,-4.58861148998023));
#4339=VECTOR('',#5257,1.0);
#4341=CARTESIAN_POINT('',(1000.0,4.09576022,-2.86788218));
#4342=CARTESIAN_POINT('',(1000.0,2.66224414381956,-1.86412341559029));
#4343=VECTOR('',#5258,1.0);
#4344=CARTESIAN_POINT('',(0.0,4.09576022,-2.86788218));
#4345=CARTESIAN_POINT('',(0.0,2.66224414381956,-1.86412341559029));
#4346=VECTOR('',#5259,1.0);
#4347=CARTESIAN_POINT('',(0.0,4.09576022,-2.86788218));
#4348=VECTOR('',#5260,1.0);
#4350=CARTESIAN_POINT('',(1000.0,2.8678821800505,-4.09576022006489));
#4351=AXIS2_PLACEMENT_3D('',#5261,#5262,#5263);
#4352=CARTESIAN_POINT('',(0.0,2.8678821800505,-4.09576022006489));
#4353=AXIS2_PLACEMENT_3D('',#5264,#5265,#5266);
#4354=CARTESIAN_POINT('',(0.0,2.8678821800505,-4.09576022006489));
#4355=VECTOR('',#5267,1.0);
#4357=CARTESIAN_POINT('',(1000.0,4.58861149,-6.55321635));
#4358=CARTESIAN_POINT('',(1000.0,1.86412341561035,-2.66224414384821));
#4359=VECTOR('',#5268,1.0);
#4360=CARTESIAN_POINT('',(0.0,4.58861149,-6.55321635));
#4361=CARTESIAN_POINT('',(0.0,1.86412341561035,-2.66224414384821));
#4362=VECTOR('',#5269,1.0);
#4363=CARTESIAN_POINT('',(0.0,4.58861149,-6.55321635));
#4364=VECTOR('',#5270,1.0);
#4366=CARTESIAN_POINT('',(1000.0,1.38918542000042,-7.87846201993574));
#4367=AXIS2_PLACEMENT_3D('',#5271,#5272,#5273);
#4368=CARTESIAN_POINT('',(0.0,1.38918542000042,-7.87846201993574));
#4369=AXIS2_PLACEMENT_3D('',#5274,#5275,#5276);
#4370=CARTESIAN_POINT('',(0.0,1.38918542000042,-7.87846201993574));
#4371=VECTOR('',#5277,1.0);
#4373=CARTESIAN_POINT('',(1000.0,0.86824089,-4.92403877));
#4374=CARTESIAN_POINT('',(1000.0,0.564356579019976,-3.20062519721594));
#4375=VECTOR('',#5278,1.0);
#4376=CARTESIAN_POINT('',(0.0,0.86824089,-4.92403877));
#4377=CARTESIAN_POINT('',(0.0,0.564356579019976,-3.20062519721594));
#4378=VECTOR('',#5279,1.0);
#4379=CARTESIAN_POINT('',(0.0,0.86824089,-4.92403877));
#4380=VECTOR('',#5280,1.0);
#4382=CARTESIAN_POINT('',(1000.0,-0.868240889999615,-4.92403877000017));
#4383=AXIS2_PLACEMENT_3D('',#5281,#5282,#5283);
#4384=CARTESIAN_POINT('',(0.0,-0.868240889999615,-4.92403877000017));
#4385=AXIS2_PLACEMENT_3D('',#5284,#5285,#5286);
#4386=CARTESIAN_POINT('',(0.0,-0.868240889999615,-4.92403877000017));
#4387=VECTOR('',#5287,1.0);
#4389=CARTESIAN_POINT('',(1000.0,-1.38918542,-7.87846202));
#4390=CARTESIAN_POINT('',(1000.0,-0.564356579022725,-3.20062519723153));
#4391=VECTOR('',#5288,1.0);
#4392=CARTESIAN_POINT('',(0.0,-1.38918542,-7.87846202));
#4393=CARTESIAN_POINT('',(0.0,-0.564356579022725,-3.20062519723153));
#4394=VECTOR('',#5289,1.0);
#4395=CARTESIAN_POINT('',(0.0,-1.38918542,-7.87846202));
#4396=VECTOR('',#5290,1.0);
#4398=CARTESIAN_POINT('',(1000.0,-4.58861148998022,-6.55321634994333));
#4399=AXIS2_PLACEMENT_3D('',#5291,#5292,#5293);
#4400=CARTESIAN_POINT('',(0.0,-4.58861148998022,-6.55321634994333));
#4401=AXIS2_PLACEMENT_3D('',#5294,#5295,#5296);
#4402=CARTESIAN_POINT('',(0.0,-4.58861148998022,-6.55321634994333));
#4403=VECTOR('',#5297,1.0);
#4405=CARTESIAN_POINT('',(1000.0,-2.86788218,-4.09576022));
#4406=CARTESIAN_POINT('',(1000.0,-1.86412341559029,-2.66224414381956));
#4407=VECTOR('',#5298,1.0);
#4408=CARTESIAN_POINT('',(0.0,-2.86788218,-4.09576022));
#4409=CARTESIAN_POINT('',(0.0,-1.86412341559029,-2.66224414381956));
#4410=VECTOR('',#5299,1.0);
#4411=CARTESIAN_POINT('',(0.0,-2.86788218,-4.09576022));
#4412=VECTOR('',#5300,1.0);
#4414=CARTESIAN_POINT('',(1000.0,-4.09576022006488,-2.8678821800505));
#4415=AXIS2_PLACEMENT_3D('',#5301,#5302,#5303);
#4416=CARTESIAN_POINT('',(0.0,-4.09576022006488,-2.8678821800505));
#4417=AXIS2_PLACEMENT_3D('',#5304,#5305,#5306);
#4418=CARTESIAN_POINT('',(0.0,-4.09576022006488,-2.8678821800505));
#4419=VECTOR('',#5307,1.0);
#4421=CARTESIAN_POINT('',(1000.0,-6.55321635,-4.58861149));
#4422=CARTESIAN_POINT('',(1000.0,-2.66224414384821,-1.86412341561035));
#4423=VECTOR('',#5308,1.0);
#4424=CARTESIAN_POINT('',(0.0,-6.55321635,-4.58861149));
#4425=CARTESIAN_POINT('',(0.0,-2.66224414384821,-1.86412341561035));
#4426=VECTOR('',#5309,1.0);
#4427=CARTESIAN_POINT('',(0.0,-6.55321635,-4.58861149));
#4428=VECTOR('',#5310,1.0);
#4430=CARTESIAN_POINT('',(1000.0,-7.87846201993574,-1.38918542000042));
#4431=AXIS2_PLACEMENT_3D('',#5311,#5312,#5313);
#4432=CARTESIAN_POINT('',(0.0,-7.87846201993574,-1.38918542000042));
#4433=AXIS2_PLACEMENT_3D('',#5314,#5315,#5316);
#4434=CARTESIAN_POINT('',(0.0,-7.87846201993574,-1.38918542000042));
#4435=VECTOR('',#5317,1.0);
#4437=CARTESIAN_POINT('',(1000.0,-4.92403877,-0.86824089));
#4438=CARTESIAN_POINT('',(1000.0,-3.20062519721594,-0.564356579019976));
#4439=VECTOR('',#5318,1.0);
#4440=CARTESIAN_POINT('',(0.0,-4.92403877,-0.86824089));
#4441=CARTESIAN_POINT('',(0.0,-3.20062519721594,-0.564356579019976));
#4442=VECTOR('',#5319,1.0);
#4443=CARTESIAN_POINT('',(0.0,-4.92403877,-0.86824089));
#4444=VECTOR('',#5320,1.0);
#4446=CARTESIAN_POINT('',(1000.0,-4.92403877000017,0.86824088999961));
#4447=AXIS2_PLACEMENT_3D('',#5321,#5322,#5323);
#4448=CARTESIAN_POINT('',(0.0,-4.92403877000017,0.86824088999961));
#4449=AXIS2_PLACEMENT_3D('',#5324,#5325,#5326);
#4450=CARTESIAN_POINT('',(0.0,-4.92403877000017,0.86824088999961));
#4451=VECTOR('',#5327,1.0);
#4453=CARTESIAN_POINT('',(1000.0,-7.87846202,1.38918542));
#4454=CARTESIAN_POINT('',(1000.0,-3.20062519723153,0.564356579022725));
#4455=VECTOR('',#5328,1.0);
#4456=CARTESIAN_POINT('',(0.0,-7.87846202,1.38918542));
#4457=CARTESIAN_POINT('',(0.0,-3.20062519723153,0.564356579022725));
#4458=VECTOR('',#5329,1.0);
#4459=CARTESIAN_POINT('',(0.0,-7.87846202,1.38918542));
#4460=VECTOR('',#5330,1.0);
#4462=CARTESIAN_POINT('',(1000.0,-6.55321634994333,4.58861148998023));
#4463=AXIS2_PLACEMENT_3D('',#5331,#5332,#5333);
#4464=CARTESIAN_POINT('',(0.0,-6.55321634994333,4.58861148998023));
#4465=AXIS2_PLACEMENT_3D('',#5334,#5335,#5336);
#4466=CARTESIAN_POINT('',(0.0,-6.55321634994333,4.58861148998023));
#4467=VECTOR('',#5337,1.0);
#4469=CARTESIAN_POINT('',(1000.0,-4.09576022,2.86788218));
#4470=CARTESIAN_POINT('',(1000.0,-2.66224414381956,1.86412341559029));
#4471=VECTOR('',#5338,1.0);
#4472=CARTESIAN_POINT('',(0.0,-4.09576022,2.86788218));
#4473=CARTESIAN_POINT('',(0.0,-2.66224414381956,1.86412341559029));
#4474=VECTOR('',#5339,1.0);
#4475=CARTESIAN_POINT('',(0.0,-4.09576022,2.86788218));
#4476=VECTOR('',#5340,1.0);
#4478=CARTESIAN_POINT('',(1000.0,-2.8678821800505,4.09576022006489));
#4479=AXIS2_PLACEMENT_3D('',#5341,#5342,#5343);
#4480=CARTESIAN_POINT('',(0.0,-2.8678821800505,4.09576022006489));
#4481=AXIS2_PLACEMENT_3D('',#5344,#5345,#5346);
#4482=CARTESIAN_POINT('',(0.0,-2.8678821800505,4.09576022006489));
#4483=VECTOR('',#5347,1.0);
#4485=CARTESIAN_POINT('',(1000.0,-4.58861149,6.55321635));
#4486=CARTESIAN_POINT('',(1000.0,-1.86412341561035,2.66224414384821));
#4487=VECTOR('',#5348,1.0);
#4488=CARTESIAN_POINT('',(0.0,-4.58861149,6.55321635));
#4489=CARTESIAN_POINT('',(0.0,-1.86412341561035,2.66224414384821));
#4490=VECTOR('',#5349,1.0);
#4491=CARTESIAN_POINT('',(0.0,-4.58861149,6.55321635));
#4492=VECTOR('',#5350,1.0);
#4494=CARTESIAN_POINT('',(1000.0,-1.38918542,7.87846202));
#4495=AXIS2_PLACEMENT_3D('',#5351,#5352,#5353);
#4496=CARTESIAN_POINT('',(0.0,-1.38918542,7.87846202));
#4497=AXIS2_PLACEMENT_3D('',#5354,#5355,#5356);
#4498=CARTESIAN_POINT('',(0.0,-1.38918542,7.87846202));
#4499=VECTOR('',#5357,1.0);
#4501=CARTESIAN_POINT('',(1000.0,-0.56435657902272,3.2006251972315));
#4502=VECTOR('',#5358,1.0);
#4503=CARTESIAN_POINT('',(0.0,-0.56435657902272,3.2006251972315));
#4504=VECTOR('',#5359,1.0);
#4506=CARTESIAN_POINT('',(1000.0,5.8,21.0));
#4507=CARTESIAN_POINT('',(1000.0,5.8,22.5));
#4508=CARTESIAN_POINT('',(1000.0,5.8,22.5));
#4509=VECTOR('',#5360,1.0);
#4510=CARTESIAN_POINT('',(0.0,5.8,22.5));
#4511=CARTESIAN_POINT('',(0.0,5.8,22.5));
#4512=VECTOR('',#5361,1.0);
#4513=CARTESIAN_POINT('',(0.0,5.8,21.0));
#4514=CARTESIAN_POINT('',(0.0,5.8,22.5));
#4515=VECTOR('',#5362,1.0);
#4516=CARTESIAN_POINT('',(0.0,5.8,21.0));
#4517=VECTOR('',#5363,1.0);
#4519=CARTESIAN_POINT('',(1000.0,19.4999999999527,22.5));
#4520=CARTESIAN_POINT('',(1000.0,19.5,22.5));
#4521=VECTOR('',#5364,1.0);
#4522=CARTESIAN_POINT('',(0.0,19.4999999999527,22.5));
#4523=CARTESIAN_POINT('',(0.0,19.4999999999527,22.5));
#4524=VECTOR('',#5365,1.0);
#4525=CARTESIAN_POINT('',(0.0,19.5,22.5));
#4526=VECTOR('',#5366,1.0);
#4528=CARTESIAN_POINT('',(1000.0,22.5,19.5));
#4529=AXIS2_PLACEMENT_3D('',#5367,#5368,#5369);
#4530=CARTESIAN_POINT('',(0.0,22.5,19.5));
#4531=CARTESIAN_POINT('',(0.0,22.5,19.5));
#4532=VECTOR('',#5370,1.0);
#4533=AXIS2_PLACEMENT_3D('',#5371,#5372,#5373);
#4535=CARTESIAN_POINT('',(1000.0,22.5,5.8));
#4536=CARTESIAN_POINT('',(1000.0,22.5,5.8));
#4537=VECTOR('',#5374,1.0);
#4538=CARTESIAN_POINT('',(0.0,22.5,5.8));
#4539=CARTESIAN_POINT('',(0.0,22.5,5.8));
#4540=VECTOR('',#5375,1.0);
#4541=CARTESIAN_POINT('',(0.0,22.5,5.8));
#4542=VECTOR('',#5376,1.0);
#4544=CARTESIAN_POINT('',(1000.0,21.0,5.8));
#4545=CARTESIAN_POINT('',(1000.0,21.0,5.8));
#4546=VECTOR('',#5377,1.0);
#4547=CARTESIAN_POINT('',(0.0,21.0,5.8));
#4548=CARTESIAN_POINT('',(0.0,21.0,5.8));
#4549=VECTOR('',#5378,1.0);
#4550=CARTESIAN_POINT('',(0.0,21.0,5.8));
#4551=VECTOR('',#5379,1.0);
#4553=CARTESIAN_POINT('',(1000.0,21.0,5.0));
#4554=CARTESIAN_POINT('',(1000.0,21.0,5.0));
#4555=VECTOR('',#5380,1.0);
#4556=CARTESIAN_POINT('',(0.0,21.0,5.0));
#4557=CARTESIAN_POINT('',(0.0,21.0,5.0));
#4558=VECTOR('',#5381,1.0);
#4559=CARTESIAN_POINT('',(0.0,21.0,5.0));
#4560=VECTOR('',#5382,1.0);
#4562=CARTESIAN_POINT('',(1000.0,16.5,5.0));
#4563=CARTESIAN_POINT('',(1000.0,16.5,5.0));
#4564=VECTOR('',#5383,1.0);
#4565=CARTESIAN_POINT('',(0.0,16.5,5.0));
#4566=CARTESIAN_POINT('',(0.0,16.5,5.0));
#4567=VECTOR('',#5384,1.0);
#4568=CARTESIAN_POINT('',(0.0,16.5,5.0));
#4569=VECTOR('',#5385,1.0);
#4571=CARTESIAN_POINT('',(1000.0,16.5,10.05));
#4572=CARTESIAN_POINT('',(1000.0,16.5,10.05));
#4573=VECTOR('',#5386,1.0);
#4574=CARTESIAN_POINT('',(0.0,16.5,10.05));
#4575=CARTESIAN_POINT('',(0.0,16.5,10.05));
#4576=VECTOR('',#5387,1.0);
#4577=CARTESIAN_POINT('',(0.0,16.5,10.05));
#4578=VECTOR('',#5388,1.0);
#4580=CARTESIAN_POINT('',(1000.0,12.3,10.05));
#4581=CARTESIAN_POINT('',(1000.0,12.3,10.05));
#4582=VECTOR('',#5389,1.0);
#4583=CARTESIAN_POINT('',(0.0,12.3,10.05));
#4584=CARTESIAN_POINT('',(0.0,12.3,10.05));
#4585=VECTOR('',#5390,1.0);
#4586=CARTESIAN_POINT('',(0.0,12.3,10.05));
#4587=VECTOR('',#5391,1.0);
#4589=CARTESIAN_POINT('',(1000.0,9.5,7.25));
#4590=CARTESIAN_POINT('',(1000.0,9.5,7.25));
#4591=VECTOR('',#5392,1.0);
#4592=CARTESIAN_POINT('',(0.0,9.5,7.25));
#4593=CARTESIAN_POINT('',(0.0,9.5,7.25));
#4594=VECTOR('',#5393,1.0);
#4595=CARTESIAN_POINT('',(0.0,9.5,7.25));
#4596=VECTOR('',#5394,1.0);
#4598=CARTESIAN_POINT('',(1000.0,9.5,-7.25));
#4599=CARTESIAN_POINT('',(1000.0,9.5,-7.25));
#4600=VECTOR('',#5395,1.0);
#4601=CARTESIAN_POINT('',(0.0,9.5,-7.25));
#4602=CARTESIAN_POINT('',(0.0,9.5,-7.25));
#4603=VECTOR('',#5396,1.0);
#4604=CARTESIAN_POINT('',(0.0,9.5,-7.25));
#4605=VECTOR('',#5397,1.0);
#4607=CARTESIAN_POINT('',(1000.0,12.3,-10.05));
#4608=CARTESIAN_POINT('',(1000.0,12.3,-10.05));
#4609=VECTOR('',#5398,1.0);
#4610=CARTESIAN_POINT('',(0.0,12.3,-10.05));
#4611=CARTESIAN_POINT('',(0.0,12.3,-10.05));
#4612=VECTOR('',#5399,1.0);
#4613=CARTESIAN_POINT('',(0.0,12.3,-10.05));
#4614=VECTOR('',#5400,1.0);
#4616=CARTESIAN_POINT('',(1000.0,16.5,-10.05));
#4617=CARTESIAN_POINT('',(1000.0,16.5,-10.05));
#4618=VECTOR('',#5401,1.0);
#4619=CARTESIAN_POINT('',(0.0,16.5,-10.05));
#4620=CARTESIAN_POINT('',(0.0,16.5,-10.05));
#4621=VECTOR('',#5402,1.0);
#4622=CARTESIAN_POINT('',(0.0,16.5,-10.05));
#4623=VECTOR('',#5403,1.0);
#4625=CARTESIAN_POINT('',(1000.0,16.5,-5.0));
#4626=CARTESIAN_POINT('',(1000.0,16.5,-5.0));
#4627=VECTOR('',#5404,1.0);
#4628=CARTESIAN_POINT('',(0.0,16.5,-5.0));
#4629=CARTESIAN_POINT('',(0.0,16.5,-5.0));
#4630=VECTOR('',#5405,1.0);
#4631=CARTESIAN_POINT('',(0.0,16.5,-5.0));
#4632=VECTOR('',#5406,1.0);
#4634=CARTESIAN_POINT('',(1000.0,21.0,-5.0));
#4635=CARTESIAN_POINT('',(1000.0,21.0,-5.0));
#4636=VECTOR('',#5407,1.0);
#4637=CARTESIAN_POINT('',(0.0,21.0,-5.0));
#4638=CARTESIAN_POINT('',(0.0,21.0,-5.0));
#4639=VECTOR('',#5408,1.0);
#4640=CARTESIAN_POINT('',(0.0,21.0,-5.0));
#4641=VECTOR('',#5409,1.0);
#4643=CARTESIAN_POINT('',(1000.0,21.0,-5.8));
#4644=CARTESIAN_POINT('',(1000.0,21.0,-5.8));
#4645=VECTOR('',#5410,1.0);
#4646=CARTESIAN_POINT('',(0.0,21.0,-5.8));
#4647=CARTESIAN_POINT('',(0.0,21.0,-5.8));
#4648=VECTOR('',#5411,1.0);
#4649=CARTESIAN_POINT('',(0.0,21.0,-5.8));
#4650=VECTOR('',#5412,1.0);
#4652=CARTESIAN_POINT('',(1000.0,22.5,-5.8));
#4653=CARTESIAN_POINT('',(1000.0,22.5,-5.8));
#4654=VECTOR('',#5413,1.0);
#4655=CARTESIAN_POINT('',(0.0,22.5,-5.8));
#4656=CARTESIAN_POINT('',(0.0,22.5,-5.8));
#4657=VECTOR('',#5414,1.0);
#4658=CARTESIAN_POINT('',(0.0,22.5,-5.8));
#4659=VECTOR('',#5415,1.0);
#4661=CARTESIAN_POINT('',(1000.0,22.5,-19.4999999999527));
#4662=CARTESIAN_POINT('',(1000.0,22.5,-19.5));
#4663=VECTOR('',#5416,1.0);
#4664=CARTESIAN_POINT('',(0.0,22.5,-19.4999999999527));
#4665=CARTESIAN_POINT('',(0.0,22.5,-19.4999999999527));
#4666=VECTOR('',#5417,1.0);
#4667=CARTESIAN_POINT('',(0.0,22.5,-19.5));
#4668=VECTOR('',#5418,1.0);
#4670=CARTESIAN_POINT('',(1000.0,19.5,-22.5));
#4671=AXIS2_PLACEMENT_3D('',#5419,#5420,#5421);
#4672=CARTESIAN_POINT('',(0.0,19.5,-22.5));
#4673=CARTESIAN_POINT('',(0.0,19.5,-22.5));
#4674=VECTOR('',#5422,1.0);
#4675=AXIS2_PLACEMENT_3D('',#5423,#5424,#5425);
#4677=CARTESIAN_POINT('',(1000.0,5.8,-22.5));
#4678=CARTESIAN_POINT('',(1000.0,5.8,-22.5));
#4679=VECTOR('',#5426,1.0);
#4680=CARTESIAN_POINT('',(0.0,5.8,-22.5));
#4681=CARTESIAN_POINT('',(0.0,5.8,-22.5));
#4682=VECTOR('',#5427,1.0);
#4683=CARTESIAN_POINT('',(0.0,5.8,-22.5));
#4684=VECTOR('',#5428,1.0);
#4686=CARTESIAN_POINT('',(1000.0,5.8,-21.0));
#4687=CARTESIAN_POINT('',(1000.0,5.8,-21.0));
#4688=VECTOR('',#5429,1.0);
#4689=CARTESIAN_POINT('',(0.0,5.8,-21.0));
#4690=CARTESIAN_POINT('',(0.0,5.8,-21.0));
#4691=VECTOR('',#5430,1.0);
#4692=CARTESIAN_POINT('',(0.0,5.8,-21.0));
#4693=VECTOR('',#5431,1.0);
#4695=CARTESIAN_POINT('',(1000.0,5.0,-21.0));
#4696=CARTESIAN_POINT('',(1000.0,5.0,-21.0));
#4697=VECTOR('',#5432,1.0);
#4698=CARTESIAN_POINT('',(0.0,5.0,-21.0));
#4699=CARTESIAN_POINT('',(0.0,5.0,-21.0));
#4700=VECTOR('',#5433,1.0);
#4701=CARTESIAN_POINT('',(0.0,5.0,-21.0));
#4702=VECTOR('',#5434,1.0);
#4704=CARTESIAN_POINT('',(1000.0,5.0,-16.5));
#4705=CARTESIAN_POINT('',(1000.0,5.0,-16.5));
#4706=VECTOR('',#5435,1.0);
#4707=CARTESIAN_POINT('',(0.0,5.0,-16.5));
#4708=CARTESIAN_POINT('',(0.0,5.0,-16.5));
#4709=VECTOR('',#5436,1.0);
#4710=CARTESIAN_POINT('',(0.0,5.0,-16.5));
#4711=VECTOR('',#5437,1.0);
#4713=CARTESIAN_POINT('',(1000.0,10.05,-16.5));
#4714=CARTESIAN_POINT('',(1000.0,10.05,-16.5));
#4715=VECTOR('',#5438,1.0);
#4716=CARTESIAN_POINT('',(0.0,10.05,-16.5));
#4717=CARTESIAN_POINT('',(0.0,10.05,-16.5));
#4718=VECTOR('',#5439,1.0);
#4719=CARTESIAN_POINT('',(0.0,10.05,-16.5));
#4720=VECTOR('',#5440,1.0);
#4722=CARTESIAN_POINT('',(1000.0,10.05,-12.3));
#4723=CARTESIAN_POINT('',(1000.0,10.05,-12.3));
#4724=VECTOR('',#5441,1.0);
#4725=CARTESIAN_POINT('',(0.0,10.05,-12.3));
#4726=CARTESIAN_POINT('',(0.0,10.05,-12.3));
#4727=VECTOR('',#5442,1.0);
#4728=CARTESIAN_POINT('',(0.0,10.05,-12.3));
#4729=VECTOR('',#5443,1.0);
#4731=CARTESIAN_POINT('',(1000.0,7.25,-9.5));
#4732=CARTESIAN_POINT('',(1000.0,7.25,-9.5));
#4733=VECTOR('',#5444,1.0);
#4734=CARTESIAN_POINT('',(0.0,7.25,-9.5));
#4735=CARTESIAN_POINT('',(0.0,7.25,-9.5));
#4736=VECTOR('',#5445,1.0);
#4737=CARTESIAN_POINT('',(0.0,7.25,-9.5));
#4738=VECTOR('',#5446,1.0);
#4740=CARTESIAN_POINT('',(1000.0,-7.25,-9.5));
#4741=CARTESIAN_POINT('',(1000.0,-7.25,-9.5));
#4742=VECTOR('',#5447,1.0);
#4743=CARTESIAN_POINT('',(0.0,-7.25,-9.5));
#4744=CARTESIAN_POINT('',(0.0,-7.25,-9.5));
#4745=VECTOR('',#5448,1.0);
#4746=CARTESIAN_POINT('',(0.0,-7.25,-9.5));
#4747=VECTOR('',#5449,1.0);
#4749=CARTESIAN_POINT('',(1000.0,-10.05,-12.3));
#4750=CARTESIAN_POINT('',(1000.0,-10.05,-12.3));
#4751=VECTOR('',#5450,1.0);
#4752=CARTESIAN_POINT('',(0.0,-10.05,-12.3));
#4753=CARTESIAN_POINT('',(0.0,-10.05,-12.3));
#4754=VECTOR('',#5451,1.0);
#4755=CARTESIAN_POINT('',(0.0,-10.05,-12.3));
#4756=VECTOR('',#5452,1.0);
#4758=CARTESIAN_POINT('',(1000.0,-10.05,-16.5));
#4759=CARTESIAN_POINT('',(1000.0,-10.05,-16.5));
#4760=VECTOR('',#5453,1.0);
#4761=CARTESIAN_POINT('',(0.0,-10.05,-16.5));
#4762=CARTESIAN_POINT('',(0.0,-10.05,-16.5));
#4763=VECTOR('',#5454,1.0);
#4764=CARTESIAN_POINT('',(0.0,-10.05,-16.5));
#4765=VECTOR('',#5455,1.0);
#4767=CARTESIAN_POINT('',(1000.0,-5.0,-16.5));
#4768=CARTESIAN_POINT('',(1000.0,-5.0,-16.5));
#4769=VECTOR('',#5456,1.0);
#4770=CARTESIAN_POINT('',(0.0,-5.0,-16.5));
#4771=CARTESIAN_POINT('',(0.0,-5.0,-16.5));
#4772=VECTOR('',#5457,1.0);
#4773=CARTESIAN_POINT('',(0.0,-5.0,-16.5));
#4774=VECTOR('',#5458,1.0);
#4776=CARTESIAN_POINT('',(1000.0,-5.0,-21.0));
#4777=CARTESIAN_POINT('',(1000.0,-5.0,-21.0));
#4778=VECTOR('',#5459,1.0);
#4779=CARTESIAN_POINT('',(0.0,-5.0,-21.0));
#4780=CARTESIAN_POINT('',(0.0,-5.0,-21.0));
#4781=VECTOR('',#5460,1.0);
#4782=CARTESIAN_POINT('',(0.0,-5.0,-21.0));
#4783=VECTOR('',#5461,1.0);
#4785=CARTESIAN_POINT('',(1000.0,-5.8,-21.0));
#4786=CARTESIAN_POINT('',(1000.0,-5.8,-21.0));
#4787=VECTOR('',#5462,1.0);
#4788=CARTESIAN_POINT('',(0.0,-5.8,-21.0));
#4789=CARTESIAN_POINT('',(0.0,-5.8,-21.0));
#4790=VECTOR('',#5463,1.0);
#4791=CARTESIAN_POINT('',(0.0,-5.8,-21.0));
#4792=VECTOR('',#5464,1.0);
#4794=CARTESIAN_POINT('',(1000.0,-5.8,-22.5));
#4795=CARTESIAN_POINT('',(1000.0,-5.8,-22.5));
#4796=VECTOR('',#5465,1.0);
#4797=CARTESIAN_POINT('',(0.0,-5.8,-22.5));
#4798=CARTESIAN_POINT('',(0.0,-5.8,-22.5));
#4799=VECTOR('',#5466,1.0);
#4800=CARTESIAN_POINT('',(0.0,-5.8,-22.5));
#4801=VECTOR('',#5467,1.0);
#4803=CARTESIAN_POINT('',(1000.0,-19.4999999999527,-22.5));
#4804=CARTESIAN_POINT('',(1000.0,-19.5,-22.5));
#4805=VECTOR('',#5468,1.0);
#4806=CARTESIAN_POINT('',(0.0,-19.4999999999527,-22.5));
#4807=CARTESIAN_POINT('',(0.0,-19.4999999999527,-22.5));
#4808=VECTOR('',#5469,1.0);
#4809=CARTESIAN_POINT('',(0.0,-19.5,-22.5));
#4810=VECTOR('',#5470,1.0);
#4812=CARTESIAN_POINT('',(1000.0,-22.5,-19.5));
#4813=AXIS2_PLACEMENT_3D('',#5471,#5472,#5473);
#4814=CARTESIAN_POINT('',(0.0,-22.5,-19.5));
#4815=CARTESIAN_POINT('',(0.0,-22.5,-19.5));
#4816=VECTOR('',#5474,1.0);
#4817=AXIS2_PLACEMENT_3D('',#5475,#5476,#5477);
#4819=CARTESIAN_POINT('',(1000.0,-22.5,-5.8));
#4820=CARTESIAN_POINT('',(1000.0,-22.5,-5.8));
#4821=VECTOR('',#5478,1.0);
#4822=CARTESIAN_POINT('',(0.0,-22.5,-5.8));
#4823=CARTESIAN_POINT('',(0.0,-22.5,-5.8));
#4824=VECTOR('',#5479,1.0);
#4825=CARTESIAN_POINT('',(0.0,-22.5,-5.8));
#4826=VECTOR('',#5480,1.0);
#4828=CARTESIAN_POINT('',(1000.0,-21.0,-5.8));
#4829=CARTESIAN_POINT('',(1000.0,-21.0,-5.8));
#4830=VECTOR('',#5481,1.0);
#4831=CARTESIAN_POINT('',(0.0,-21.0,-5.8));
#4832=CARTESIAN_POINT('',(0.0,-21.0,-5.8));
#4833=VECTOR('',#5482,1.0);
#4834=CARTESIAN_POINT('',(0.0,-21.0,-5.8));
#4835=VECTOR('',#5483,1.0);
#4837=CARTESIAN_POINT('',(1000.0,-21.0,-5.0));
#4838=CARTESIAN_POINT('',(1000.0,-21.0,-5.0));
#4839=VECTOR('',#5484,1.0);
#4840=CARTESIAN_POINT('',(0.0,-21.0,-5.0));
#4841=CARTESIAN_POINT('',(0.0,-21.0,-5.0));
#4842=VECTOR('',#5485,1.0);
#4843=CARTESIAN_POINT('',(0.0,-21.0,-5.0));
#4844=VECTOR('',#5486,1.0);
#4846=CARTESIAN_POINT('',(1000.0,-16.5,-5.0));
#4847=CARTESIAN_POINT('',(1000.0,-16.5,-5.0));
#4848=VECTOR('',#5487,1.0);
#4849=CARTESIAN_POINT('',(0.0,-16.5,-5.0));
#4850=CARTESIAN_POINT('',(0.0,-16.5,-5.0));
#4851=VECTOR('',#5488,1.0);
#4852=CARTESIAN_POINT('',(0.0,-16.5,-5.0));
#4853=VECTOR('',#5489,1.0);
#4855=CARTESIAN_POINT('',(1000.0,-16.5,-10.05));
#4856=CARTESIAN_POINT('',(1000.0,-16.5,-10.05));
#4857=VECTOR('',#5490,1.0);
#4858=CARTESIAN_POINT('',(0.0,-16.5,-10.05));
#4859=CARTESIAN_POINT('',(0.0,-16.5,-10.05));
#4860=VECTOR('',#5491,1.0);
#4861=CARTESIAN_POINT('',(0.0,-16.5,-10.05));
#4862=VECTOR('',#5492,1.0);
#4864=CARTESIAN_POINT('',(1000.0,-12.3,-10.05));
#4865=CARTESIAN_POINT('',(1000.0,-12.3,-10.05));
#4866=VECTOR('',#5493,1.0);
#4867=CARTESIAN_POINT('',(0.0,-12.3,-10.05));
#4868=CARTESIAN_POINT('',(0.0,-12.3,-10.05));
#4869=VECTOR('',#5494,1.0);
#4870=CARTESIAN_POINT('',(0.0,-12.3,-10.05));
#4871=VECTOR('',#5495,1.0);
#4873=CARTESIAN_POINT('',(1000.0,-9.5,-7.25));
#4874=CARTESIAN_POINT('',(1000.0,-9.5,-7.25));
#4875=VECTOR('',#5496,1.0);
#4876=CARTESIAN_POINT('',(0.0,-9.5,-7.25));
#4877=CARTESIAN_POINT('',(0.0,-9.5,-7.25));
#4878=VECTOR('',#5497,1.0);
#4879=CARTESIAN_POINT('',(0.0,-9.5,-7.25));
#4880=VECTOR('',#5498,1.0);
#4882=CARTESIAN_POINT('',(1000.0,-9.5,7.25));
#4883=CARTESIAN_POINT('',(1000.0,-9.5,7.25));
#4884=VECTOR('',#5499,1.0);
#4885=CARTESIAN_POINT('',(0.0,-9.5,7.25));
#4886=CARTESIAN_POINT('',(0.0,-9.5,7.25));
#4887=VECTOR('',#5500,1.0);
#4888=CARTESIAN_POINT('',(0.0,-9.5,7.25));
#4889=VECTOR('',#5501,1.0);
#4891=CARTESIAN_POINT('',(1000.0,-12.3,10.05));
#4892=CARTESIAN_POINT('',(1000.0,-12.3,10.05));
#4893=VECTOR('',#5502,1.0);
#4894=CARTESIAN_POINT('',(0.0,-12.3,10.05));
#4895=CARTESIAN_POINT('',(0.0,-12.3,10.05));
#4896=VECTOR('',#5503,1.0);
#4897=CARTESIAN_POINT('',(0.0,-12.3,10.05));
#4898=VECTOR('',#5504,1.0);
#4900=CARTESIAN_POINT('',(1000.0,-16.5,10.05));
#4901=CARTESIAN_POINT('',(1000.0,-16.5,10.05));
#4902=VECTOR('',#5505,1.0);
#4903=CARTESIAN_POINT('',(0.0,-16.5,10.05));
#4904=CARTESIAN_POINT('',(0.0,-16.5,10.05));
#4905=VECTOR('',#5506,1.0);
#4906=CARTESIAN_POINT('',(0.0,-16.5,10.05));
#4907=VECTOR('',#5507,1.0);
#4909=CARTESIAN_POINT('',(1000.0,-16.5,5.0));
#4910=CARTESIAN_POINT('',(1000.0,-16.5,5.0));
#4911=VECTOR('',#5508,1.0);
#4912=CARTESIAN_POINT('',(0.0,-16.5,5.0));
#4913=CARTESIAN_POINT('',(0.0,-16.5,5.0));
#4914=VECTOR('',#5509,1.0);
#4915=CARTESIAN_POINT('',(0.0,-16.5,5.0));
#4916=VECTOR('',#5510,1.0);
#4918=CARTESIAN_POINT('',(1000.0,-21.0,5.0));
#4919=CARTESIAN_POINT('',(1000.0,-21.0,5.0));
#4920=VECTOR('',#5511,1.0);
#4921=CARTESIAN_POINT('',(0.0,-21.0,5.0));
#4922=CARTESIAN_POINT('',(0.0,-21.0,5.0));
#4923=VECTOR('',#5512,1.0);
#4924=CARTESIAN_POINT('',(0.0,-21.0,5.0));
#4925=VECTOR('',#5513,1.0);
#4927=CARTESIAN_POINT('',(1000.0,-21.0,5.8));
#4928=CARTESIAN_POINT('',(1000.0,-21.0,5.8));
#4929=VECTOR('',#5514,1.0);
#4930=CARTESIAN_POINT('',(0.0,-21.0,5.8));
#4931=CARTESIAN_POINT('',(0.0,-21.0,5.8));
#4932=VECTOR('',#5515,1.0);
#4933=CARTESIAN_POINT('',(0.0,-21.0,5.8));
#4934=VECTOR('',#5516,1.0);
#4936=CARTESIAN_POINT('',(1000.0,-22.5,5.8));
#4937=CARTESIAN_POINT('',(1000.0,-22.5,5.8));
#4938=VECTOR('',#5517,1.0);
#4939=CARTESIAN_POINT('',(0.0,-22.5,5.8));
#4940=CARTESIAN_POINT('',(0.0,-22.5,5.8));
#4941=VECTOR('',#5518,1.0);
#4942=CARTESIAN_POINT('',(0.0,-22.5,5.8));
#4943=VECTOR('',#5519,1.0);
#4945=CARTESIAN_POINT('',(1000.0,-22.5,19.4999999999527));
#4946=CARTESIAN_POINT('',(1000.0,-22.5,19.5));
#4947=VECTOR('',#5520,1.0);
#4948=CARTESIAN_POINT('',(0.0,-22.5,19.4999999999527));
#4949=CARTESIAN_POINT('',(0.0,-22.5,19.4999999999527));
#4950=VECTOR('',#5521,1.0);
#4951=CARTESIAN_POINT('',(0.0,-22.5,19.5));
#4952=VECTOR('',#5522,1.0);
#4954=CARTESIAN_POINT('',(1000.0,-19.5,22.5));
#4955=AXIS2_PLACEMENT_3D('',#5523,#5524,#5525);
#4956=CARTESIAN_POINT('',(0.0,-19.5,22.5));
#4957=CARTESIAN_POINT('',(0.0,-19.5,22.5));
#4958=VECTOR('',#5526,1.0);
#4959=AXIS2_PLACEMENT_3D('',#5527,#5528,#5529);
#4961=CARTESIAN_POINT('',(1000.0,-5.8,22.5));
#4962=CARTESIAN_POINT('',(1000.0,-5.8,22.5));
#4963=VECTOR('',#5530,1.0);
#4964=CARTESIAN_POINT('',(0.0,-5.8,22.5));
#4965=CARTESIAN_POINT('',(0.0,-5.8,22.5));
#4966=VECTOR('',#5531,1.0);
#4967=CARTESIAN_POINT('',(0.0,-5.8,22.5));
#4968=VECTOR('',#5532,1.0);
#4970=CARTESIAN_POINT('',(1000.0,-5.8,21.0));
#4971=CARTESIAN_POINT('',(1000.0,-5.8,21.0));
#4972=VECTOR('',#5533,1.0);
#4973=CARTESIAN_POINT('',(0.0,-5.8,21.0));
#4974=CARTESIAN_POINT('',(0.0,-5.8,21.0));
#4975=VECTOR('',#5534,1.0);
#4976=CARTESIAN_POINT('',(0.0,-5.8,21.0));
#4977=VECTOR('',#5535,1.0);
#4979=CARTESIAN_POINT('',(1000.0,-5.0,21.0));
#4980=CARTESIAN_POINT('',(1000.0,-5.0,21.0));
#4981=VECTOR('',#5536,1.0);
#4982=CARTESIAN_POINT('',(0.0,-5.0,21.0));
#4983=CARTESIAN_POINT('',(0.0,-5.0,21.0));
#4984=VECTOR('',#5537,1.0);
#4985=CARTESIAN_POINT('',(0.0,-5.0,21.0));
#4986=VECTOR('',#5538,1.0);
#4988=CARTESIAN_POINT('',(1000.0,-5.0,16.5));
#4989=CARTESIAN_POINT('',(1000.0,-5.0,16.5));
#4990=VECTOR('',#5539,1.0);
#4991=CARTESIAN_POINT('',(0.0,-5.0,16.5));
#4992=CARTESIAN_POINT('',(0.0,-5.0,16.5));
#4993=VECTOR('',#5540,1.0);
#4994=CARTESIAN_POINT('',(0.0,-5.0,16.5));
#4995=VECTOR('',#5541,1.0);
#4997=CARTESIAN_POINT('',(1000.0,-10.05,16.5));
#4998=CARTESIAN_POINT('',(1000.0,-10.05,16.5));
#4999=VECTOR('',#5542,1.0);
#5000=CARTESIAN_POINT('',(0.0,-10.05,16.5));
#5001=CARTESIAN_POINT('',(0.0,-10.05,16.5));
#5002=VECTOR('',#5543,1.0);
#5003=CARTESIAN_POINT('',(0.0,-10.05,16.5));
#5004=VECTOR('',#5544,1.0);
#5006=CARTESIAN_POINT('',(1000.0,-10.05,12.3));
#5007=CARTESIAN_POINT('',(1000.0,-10.05,12.3));
#5008=VECTOR('',#5545,1.0);
#5009=CARTESIAN_POINT('',(0.0,-10.05,12.3));
#5010=CARTESIAN_POINT('',(0.0,-10.05,12.3));
#5011=VECTOR('',#5546,1.0);
#5012=CARTESIAN_POINT('',(0.0,-10.05,12.3));
#5013=VECTOR('',#5547,1.0);
#5015=CARTESIAN_POINT('',(1000.0,-7.25,9.5));
#5016=CARTESIAN_POINT('',(1000.0,-7.25,9.5));
#5017=VECTOR('',#5548,1.0);
#5018=CARTESIAN_POINT('',(0.0,-7.25,9.5));
#5019=CARTESIAN_POINT('',(0.0,-7.25,9.5));
#5020=VECTOR('',#5549,1.0);
#5021=CARTESIAN_POINT('',(0.0,-7.25,9.5));
#5022=VECTOR('',#5550,1.0);
#5024=CARTESIAN_POINT('',(1000.0,7.25,9.5));
#5025=CARTESIAN_POINT('',(1000.0,7.25,9.5));
#5026=VECTOR('',#5551,1.0);
#5027=CARTESIAN_POINT('',(0.0,7.25,9.5));
#5028=CARTESIAN_POINT('',(0.0,7.25,9.5));
#5029=VECTOR('',#5552,1.0);
#5030=CARTESIAN_POINT('',(0.0,7.25,9.5));
#5031=VECTOR('',#5553,1.0);
#5033=CARTESIAN_POINT('',(1000.0,10.05,12.3));
#5034=CARTESIAN_POINT('',(1000.0,10.05,12.3));
#5035=VECTOR('',#5554,1.0);
#5036=CARTESIAN_POINT('',(0.0,10.05,12.3));
#5037=CARTESIAN_POINT('',(0.0,10.05,12.3));
#5038=VECTOR('',#5555,1.0);
#5039=CARTESIAN_POINT('',(0.0,10.05,12.3));
#5040=VECTOR('',#5556,1.0);
#5042=CARTESIAN_POINT('',(1000.0,10.05,16.5));
#5043=CARTESIAN_POINT('',(1000.0,10.05,16.5));
#5044=VECTOR('',#5557,1.0);
#5045=CARTESIAN_POINT('',(0.0,10.05,16.5));
#5046=CARTESIAN_POINT('',(0.0,10.05,16.5));
#5047=VECTOR('',#5558,1.0);
#5048=CARTESIAN_POINT('',(0.0,10.05,16.5));
#5049=VECTOR('',#5559,1.0);
#5051=CARTESIAN_POINT('',(1000.0,5.0,16.5));
#5052=CARTESIAN_POINT('',(1000.0,5.0,16.5));
#5053=VECTOR('',#5560,1.0);
#5054=CARTESIAN_POINT('',(0.0,5.0,16.5));
#5055=CARTESIAN_POINT('',(0.0,5.0,16.5));
#5056=VECTOR('',#5561,1.0);
#5057=CARTESIAN_POINT('',(0.0,5.0,16.5));
#5058=VECTOR('',#5562,1.0);
#5060=CARTESIAN_POINT('',(1000.0,5.0,21.0));
#5061=CARTESIAN_POINT('',(1000.0,5.0,21.0));
#5062=VECTOR('',#5563,1.0);
#5063=CARTESIAN_POINT('',(0.0,5.0,21.0));
#5064=CARTESIAN_POINT('',(0.0,5.0,21.0));
#5065=VECTOR('',#5564,1.0);
#5066=CARTESIAN_POINT('',(0.0,5.0,21.0));
#5067=VECTOR('',#5565,1.0);
#5069=CARTESIAN_POINT('',(1000.0,5.8,21.0));
#5070=VECTOR('',#5566,1.0);
#5071=CARTESIAN_POINT('',(0.0,5.8,21.0));
#5072=VECTOR('',#5567,1.0);
#5076=DIRECTION('',(0.0,0.0,-1.0));
#5077=DIRECTION('',(1.0,0.0,0.0));
#5078=DIRECTION('',(0.0,0.0,1.0));
#5079=DIRECTION('',(1.0,0.0,0.0));
#5080=DIRECTION('',(0.0,-1.0,0.0));
#5081=DIRECTION('',(-0.0,1.0,0.0));
#5082=DIRECTION('',(1.0,0.0,0.0));
#5083=DIRECTION('',(-0.0,0.0,1.0));
#5084=DIRECTION('',(0.0,0.0,-1.0));
#5085=DIRECTION('',(1.0,0.0,0.0));
#5086=CARTESIAN_POINT('',(1000.0,-19.4999999959,19.4999999959));
#5087=DIRECTION('',(-1.0,-0.0,0.0));
#5088=DIRECTION('',(0.0,-4.05090359594265E-009,1.0));
#5089=CARTESIAN_POINT('',(0.0,-19.4999999959,19.4999999959));
#5090=DIRECTION('',(1.0,0.0,0.0));
#5091=DIRECTION('',(0.0,-4.05090359594265E-009,1.0));
#5092=DIRECTION('',(1.0,0.0,0.0));
#5093=DIRECTION('',(0.0,1.0,0.0));
#5094=DIRECTION('',(0.0,-1.0,0.0));
#5095=DIRECTION('',(1.0,0.0,0.0));
#5096=DIRECTION('',(0.0,0.0,-1.0));
#5097=DIRECTION('',(0.0,0.0,1.0));
#5098=DIRECTION('',(1.0,0.0,0.0));
#5099=DIRECTION('',(0.0,-1.0,0.0));
#5100=DIRECTION('',(-0.0,1.0,0.0));
#5101=DIRECTION('',(1.0,0.0,0.0));
#5102=DIRECTION('',(0.0,0.0,-1.0));
#5103=DIRECTION('',(0.0,0.0,1.0));
#5104=DIRECTION('',(1.0,0.0,0.0));
#5105=DIRECTION('',(0.0,-1.0,0.0));
#5106=DIRECTION('',(-0.0,1.0,0.0));
#5107=DIRECTION('',(0.0,-1.0,0.0));
#5108=DIRECTION('',(1.0,0.0,0.0));
#5109=DIRECTION('',(-0.0,1.0,0.0));
#5110=DIRECTION('',(1.0,0.0,0.0));
#5111=DIRECTION('',(-0.0,0.0,1.0));
#5112=DIRECTION('',(0.0,0.0,-1.0));
#5113=DIRECTION('',(1.0,0.0,0.0));
#5114=DIRECTION('',(0.0,1.0,0.0));
#5115=DIRECTION('',(0.0,-1.0,0.0));
#5116=DIRECTION('',(1.0,0.0,0.0));
#5117=CARTESIAN_POINT('',(1000.0,19.4999999959,19.4999999959));
#5118=DIRECTION('',(-1.0,0.0,0.0));
#5119=DIRECTION('',(0.0,1.0,4.05090359594265E-009));
#5120=CARTESIAN_POINT('',(0.0,19.4999999959,19.4999999959));
#5121=DIRECTION('',(1.0,0.0,-0.0));
#5122=DIRECTION('',(0.0,1.0,4.05090359594265E-009));
#5123=DIRECTION('',(1.0,0.0,0.0));
#5124=DIRECTION('',(0.0,0.0,-1.0));
#5125=DIRECTION('',(0.0,0.0,1.0));
#5126=DIRECTION('',(1.0,0.0,0.0));
#5127=DIRECTION('',(0.0,-1.0,0.0));
#5128=DIRECTION('',(-0.0,1.0,0.0));
#5129=DIRECTION('',(1.0,0.0,0.0));
#5130=DIRECTION('',(-0.0,0.0,1.0));
#5131=DIRECTION('',(0.0,0.0,-1.0));
#5132=DIRECTION('',(1.0,0.0,0.0));
#5133=DIRECTION('',(0.0,-1.0,0.0));
#5134=DIRECTION('',(-0.0,1.0,0.0));
#5135=DIRECTION('',(1.0,0.0,0.0));
#5136=DIRECTION('',(-0.0,0.0,1.0));
#5137=DIRECTION('',(0.0,0.0,-1.0));
#5138=DIRECTION('',(-0.0,0.0,1.0));
#5139=DIRECTION('',(1.0,0.0,0.0));
#5140=DIRECTION('',(0.0,0.0,-1.0));
#5141=DIRECTION('',(1.0,0.0,0.0));
#5142=DIRECTION('',(0.0,1.0,0.0));
#5143=DIRECTION('',(0.0,-1.0,0.0));
#5144=DIRECTION('',(1.0,0.0,0.0));
#5145=DIRECTION('',(0.0,0.0,-1.0));
#5146=DIRECTION('',(0.0,0.0,1.0));
#5147=DIRECTION('',(1.0,0.0,0.0));
#5148=CARTESIAN_POINT('',(1000.0,19.4999999959,-19.4999999959));
#5149=DIRECTION('',(-1.0,0.0,-0.0));
#5150=DIRECTION('',(0.0,4.05090359594265E-009,-1.0));
#5151=CARTESIAN_POINT('',(0.0,19.4999999959,-19.4999999959));
#5152=DIRECTION('',(1.0,0.0,0.0));
#5153=DIRECTION('',(0.0,4.05090359594265E-009,-1.0));
#5154=DIRECTION('',(1.0,0.0,0.0));
#5155=DIRECTION('',(0.0,-1.0,0.0));
#5156=DIRECTION('',(-0.0,1.0,0.0));
#5157=DIRECTION('',(1.0,0.0,0.0));
#5158=DIRECTION('',(-0.0,0.0,1.0));
#5159=DIRECTION('',(0.0,0.0,-1.0));
#5160=DIRECTION('',(1.0,0.0,0.0));
#5161=DIRECTION('',(0.0,1.0,0.0));
#5162=DIRECTION('',(0.0,-1.0,0.0));
#5163=DIRECTION('',(1.0,0.0,0.0));
#5164=DIRECTION('',(-0.0,0.0,1.0));
#5165=DIRECTION('',(0.0,0.0,-1.0));
#5166=DIRECTION('',(1.0,0.0,0.0));
#5167=DIRECTION('',(0.0,1.0,0.0));
#5168=DIRECTION('',(0.0,-1.0,0.0));
#5169=DIRECTION('',(0.0,1.0,0.0));
#5170=DIRECTION('',(1.0,0.0,0.0));
#5171=DIRECTION('',(0.0,-1.0,0.0));
#5172=DIRECTION('',(1.0,0.0,0.0));
#5173=DIRECTION('',(0.0,0.0,-1.0));
#5174=DIRECTION('',(0.0,0.0,1.0));
#5175=DIRECTION('',(1.0,0.0,0.0));
#5176=DIRECTION('',(0.0,-1.0,0.0));
#5177=DIRECTION('',(-0.0,1.0,0.0));
#5178=DIRECTION('',(1.0,0.0,0.0));
#5179=CARTESIAN_POINT('',(1000.0,-19.4999999959,-19.4999999959));
#5180=DIRECTION('',(-1.0,-0.0,0.0));
#5181=DIRECTION('',(0.0,-1.0,-4.05090359594265E-009));
#5182=CARTESIAN_POINT('',(0.0,-19.4999999959,-19.4999999959));
#5183=DIRECTION('',(1.0,0.0,0.0));
#5184=DIRECTION('',(0.0,-1.0,-4.05090359594265E-009));
#5185=DIRECTION('',(1.0,0.0,0.0));
#5186=DIRECTION('',(-0.0,0.0,1.0));
#5187=DIRECTION('',(0.0,0.0,-1.0));
#5188=DIRECTION('',(1.0,0.0,0.0));
#5189=DIRECTION('',(0.0,1.0,0.0));
#5190=DIRECTION('',(0.0,-1.0,0.0));
#5191=DIRECTION('',(1.0,0.0,0.0));
#5192=DIRECTION('',(0.0,0.0,-1.0));
#5193=DIRECTION('',(0.0,0.0,1.0));
#5194=DIRECTION('',(1.0,0.0,0.0));
#5195=DIRECTION('',(0.0,1.0,0.0));
#5196=DIRECTION('',(0.0,-1.0,0.0));
#5197=DIRECTION('',(1.0,0.0,0.0));
#5198=DIRECTION('',(0.0,0.0,-1.0));
#5199=DIRECTION('',(0.0,0.0,1.0));
#5200=CARTESIAN_POINT('',(1000.0,-4.66293670342566E-015,-3.39199959675796E-007));
#5201=DIRECTION('',(-1.0,0.0,0.0));
#5202=DIRECTION('',(0.0,0.173648166219633,0.984807755030675));
#5203=DIRECTION('',(1.0,0.0,0.0));
#5204=CARTESIAN_POINT('',(0.0,-4.66293670342566E-015,-3.39199959675796E-007));
#5205=DIRECTION('',(1.0,0.0,-0.0));
#5206=DIRECTION('',(0.0,0.173648166219633,0.984807755030675));
#5207=DIRECTION('',(1.0,0.0,0.0));
#5208=DIRECTION('',(-0.0,0.173648177211946,0.984807753092434));
#5209=DIRECTION('',(0.0,-0.173648177211946,-0.984807753092434));
#5210=DIRECTION('',(1.0,0.0,0.0));
#5211=CARTESIAN_POINT('',(1000.0,7.25999909079178E-008,1.73599968178451E-007));
#5212=DIRECTION('',(-1.0,0.0,0.0));
#5213=DIRECTION('',(0.0,0.573576440644404,0.81915204128275));
#5214=CARTESIAN_POINT('',(0.0,7.25999909079178E-008,1.73599968178451E-007));
#5215=DIRECTION('',(1.0,0.0,-0.0));
#5216=DIRECTION('',(0.0,0.573576440644404,0.81915204128275));
#5217=DIRECTION('',(1.0,0.0,0.0));
#5218=DIRECTION('',(0.0,-0.573576437011843,-0.819152043826297));
#5219=DIRECTION('',(-0.0,0.573576437011843,0.819152043826297));
#5220=DIRECTION('',(1.0,0.0,0.0));
#5221=CARTESIAN_POINT('',(1000.0,3.69699979074767E-007,3.69699982183391E-007));
#5222=DIRECTION('',(-1.0,0.0,0.0));
#5223=DIRECTION('',(0.0,0.819152054773299,0.573576421377903));
#5224=CARTESIAN_POINT('',(0.0,3.69699979074767E-007,3.69699982183391E-007));
#5225=DIRECTION('',(1.0,0.0,-0.0));
#5226=DIRECTION('',(0.0,0.819152054773299,0.573576421377903));
#5227=DIRECTION('',(1.0,0.0,0.0));
#5228=DIRECTION('',(-0.0,0.819152043826297,0.573576437011843));
#5229=DIRECTION('',(0.0,-0.819152043826297,-0.573576437011843));
#5230=DIRECTION('',(1.0,0.0,0.0));
#5231=CARTESIAN_POINT('',(1000.0,1.73600001929231E-007,7.26000015660588E-008));
#5232=DIRECTION('',(-1.0,0.0,0.0));
#5233=DIRECTION('',(0.0,0.98480775392264,0.173648172503613));
#5234=CARTESIAN_POINT('',(0.0,1.73600001929231E-007,7.26000015660588E-008));
#5235=DIRECTION('',(1.0,0.0,-0.0));
#5236=DIRECTION('',(0.0,0.98480775392264,0.173648172503613));
#5237=DIRECTION('',(1.0,0.0,0.0));
#5238=DIRECTION('',(0.0,-0.984807753092434,-0.173648177211946));
#5239=DIRECTION('',(-0.0,0.984807753092434,0.173648177211946));
#5240=DIRECTION('',(1.0,0.0,0.0));
#5241=CARTESIAN_POINT('',(1000.0,-3.39199980103899E-007,7.99360577730113E-015));
#5242=DIRECTION('',(-1.0,0.0,-0.0));
#5243=DIRECTION('',(0.0,0.984807755030675,-0.173648166219633));
#5244=CARTESIAN_POINT('',(0.0,-3.39199980103899E-007,7.99360577730113E-015));
#5245=DIRECTION('',(1.0,0.0,0.0));
#5246=DIRECTION('',(0.0,0.984807755030675,-0.173648166219633));
#5247=DIRECTION('',(1.0,0.0,0.0));
#5248=DIRECTION('',(0.0,0.984807753092434,-0.173648177211946));
#5249=DIRECTION('',(0.0,-0.984807753092434,0.173648177211946));
#5250=DIRECTION('',(1.0,0.0,0.0));
#5251=CARTESIAN_POINT('',(1000.0,1.73600029462762E-007,-7.26000219941625E-008));
#5252=DIRECTION('',(-1.0,0.0,-0.0));
#5253=DIRECTION('',(0.0,0.819152041282749,-0.573576440644405));
#5254=CARTESIAN_POINT('',(0.0,1.73600029462762E-007,-7.26000219941625E-008));
#5255=DIRECTION('',(1.0,0.0,0.0));
#5256=DIRECTION('',(0.0,0.819152041282749,-0.573576440644405));
#5257=DIRECTION('',(1.0,0.0,0.0));
#5258=DIRECTION('',(0.0,-0.819152043826297,0.573576437011843));
#5259=DIRECTION('',(0.0,0.819152043826297,-0.573576437011843));
#5260=DIRECTION('',(1.0,0.0,0.0));
#5261=CARTESIAN_POINT('',(1000.0,3.69700001279227E-007,-3.69699995061978E-007));
#5262=DIRECTION('',(-1.0,0.0,-0.0));
#5263=DIRECTION('',(0.0,0.573576421377902,-0.8191520547733));
#5264=CARTESIAN_POINT('',(0.0,3.69700001279227E-007,-3.69699995061978E-007));
#5265=DIRECTION('',(1.0,0.0,0.0));
#5266=DIRECTION('',(0.0,0.573576421377902,-0.8191520547733));
#5267=DIRECTION('',(1.0,0.0,0.0));
#5268=DIRECTION('',(0.0,0.573576437011843,-0.819152043826297));
#5269=DIRECTION('',(0.0,-0.573576437011843,0.819152043826297));
#5270=DIRECTION('',(1.0,0.0,0.0));
#5271=CARTESIAN_POINT('',(1000.0,7.25999949047207E-008,-1.73599991271089E-007));
#5272=DIRECTION('',(-1.0,0.0,-0.0));
#5273=DIRECTION('',(0.0,0.173648172503614,-0.98480775392264));
#5274=CARTESIAN_POINT('',(0.0,7.25999949047207E-008,-1.73599991271089E-007));
#5275=DIRECTION('',(1.0,0.0,0.0));
#5276=DIRECTION('',(0.0,0.173648172503614,-0.98480775392264));
#5277=DIRECTION('',(1.0,0.0,0.0));
#5278=DIRECTION('',(0.0,-0.173648177211946,0.984807753092434));
#5279=DIRECTION('',(0.0,0.173648177211946,-0.984807753092434));
#5280=DIRECTION('',(1.0,0.0,0.0));
#5281=CARTESIAN_POINT('',(1000.0,-5.32907051820075E-015,3.39199970333937E-007));
#5282=DIRECTION('',(-1.0,-0.0,0.0));
#5283=DIRECTION('',(0.0,-0.173648166219631,-0.984807755030676));
#5284=CARTESIAN_POINT('',(0.0,-5.32907051820075E-015,3.39199970333937E-007));
#5285=DIRECTION('',(1.0,0.0,0.0));
#5286=DIRECTION('',(0.0,-0.173648166219631,-0.984807755030676));
#5287=DIRECTION('',(1.0,0.0,0.0));
#5288=DIRECTION('',(0.0,-0.173648177211946,-0.984807753092434));
#5289=DIRECTION('',(-0.0,0.173648177211946,0.984807753092434));
#5290=DIRECTION('',(1.0,0.0,0.0));
#5291=CARTESIAN_POINT('',(1000.0,-7.25999917960962E-008,-1.73599985942019E-007));
#5292=DIRECTION('',(-1.0,-0.0,0.0));
#5293=DIRECTION('',(0.0,-0.573576440644404,-0.81915204128275));
#5294=CARTESIAN_POINT('',(0.0,-7.25999917960962E-008,-1.73599985942019E-007));
#5295=DIRECTION('',(1.0,0.0,0.0));
#5296=DIRECTION('',(0.0,-0.573576440644404,-0.81915204128275));
#5297=DIRECTION('',(1.0,0.0,0.0));
#5298=DIRECTION('',(-0.0,0.573576437011843,0.819152043826297));
#5299=DIRECTION('',(0.0,-0.573576437011843,-0.819152043826297));
#5300=DIRECTION('',(1.0,0.0,0.0));
#5301=CARTESIAN_POINT('',(1000.0,-3.69699932001311E-007,-3.69699930669043E-007));
#5302=DIRECTION('',(-1.0,-0.0,0.0));
#5303=DIRECTION('',(0.0,-0.819152054773297,-0.573576421377906));
#5304=CARTESIAN_POINT('',(0.0,-3.69699932001311E-007,-3.69699930669043E-007));
#5305=DIRECTION('',(1.0,0.0,0.0));
#5306=DIRECTION('',(0.0,-0.819152054773297,-0.573576421377906));
#5307=DIRECTION('',(1.0,0.0,0.0));
#5308=DIRECTION('',(0.0,-0.819152043826297,-0.573576437011843));
#5309=DIRECTION('',(-0.0,0.819152043826297,0.573576437011843));
#5310=DIRECTION('',(1.0,0.0,0.0));
#5311=CARTESIAN_POINT('',(1000.0,-1.73600031239118E-007,-7.25999993456128E-008));
#5312=DIRECTION('',(-1.0,-0.0,0.0));
#5313=DIRECTION('',(0.0,-0.98480775392264,-0.173648172503614));
#5314=CARTESIAN_POINT('',(0.0,-1.73600031239118E-007,-7.25999993456128E-008));
#5315=DIRECTION('',(1.0,0.0,0.0));
#5316=DIRECTION('',(0.0,-0.98480775392264,-0.173648172503614));
#5317=DIRECTION('',(1.0,0.0,0.0));
#5318=DIRECTION('',(-0.0,0.984807753092434,0.173648177211946));
#5319=DIRECTION('',(0.0,-0.984807753092434,-0.173648177211946));
#5320=DIRECTION('',(1.0,0.0,0.0));
#5321=CARTESIAN_POINT('',(1000.0,3.39200044940924E-007,-2.44249065417534E-015));
#5322=DIRECTION('',(-1.0,-0.0,0.0));
#5323=DIRECTION('',(0.0,-0.984807755030676,0.173648166219629));
#5324=CARTESIAN_POINT('',(0.0,3.39200044940924E-007,-2.44249065417534E-015));
#5325=DIRECTION('',(1.0,0.0,0.0));
#5326=DIRECTION('',(0.0,-0.984807755030676,0.173648166219629));
#5327=DIRECTION('',(1.0,0.0,0.0));
#5328=DIRECTION('',(0.0,-0.984807753092434,0.173648177211946));
#5329=DIRECTION('',(0.0,0.984807753092434,-0.173648177211946));
#5330=DIRECTION('',(1.0,0.0,0.0));
#5331=CARTESIAN_POINT('',(1000.0,-1.73599973507521E-007,7.25999953488099E-008));
#5332=DIRECTION('',(-1.0,-0.0,0.0));
#5333=DIRECTION('',(0.0,-0.81915204128275,0.573576440644404));
#5334=CARTESIAN_POINT('',(0.0,-1.73599973507521E-007,7.25999953488099E-008));
#5335=DIRECTION('',(1.0,0.0,0.0));
#5336=DIRECTION('',(0.0,-0.81915204128275,0.573576440644404));
#5337=DIRECTION('',(1.0,0.0,0.0));
#5338=DIRECTION('',(0.0,0.819152043826297,-0.573576437011843));
#5339=DIRECTION('',(0.0,-0.819152043826297,0.573576437011843));
#5340=DIRECTION('',(1.0,0.0,0.0));
#5341=CARTESIAN_POINT('',(1000.0,-3.69699951097147E-007,3.69699939106738E-007));
#5342=DIRECTION('',(-1.0,-0.0,0.0));
#5343=DIRECTION('',(0.0,-0.573576421377903,0.819152054773299));
#5344=CARTESIAN_POINT('',(0.0,-3.69699951097147E-007,3.69699939106738E-007));
#5345=DIRECTION('',(1.0,0.0,0.0));
#5346=DIRECTION('',(0.0,-0.573576421377903,0.819152054773299));
#5347=DIRECTION('',(1.0,0.0,0.0));
#5348=DIRECTION('',(0.0,-0.573576437011843,0.819152043826297));
#5349=DIRECTION('',(0.0,0.573576437011843,-0.819152043826297));
#5350=DIRECTION('',(1.0,0.0,0.0));
#5351=CARTESIAN_POINT('',(1000.0,-7.26000044526387E-008,1.73600014363728E-007));
#5352=DIRECTION('',(-1.0,-0.0,0.0));
#5353=DIRECTION('',(0.0,-0.173648172503614,0.98480775392264));
#5354=CARTESIAN_POINT('',(0.0,-7.26000044526387E-008,1.73600014363728E-007));
#5355=DIRECTION('',(1.0,0.0,0.0));
#5356=DIRECTION('',(0.0,-0.173648172503614,0.98480775392264));
#5357=DIRECTION('',(1.0,0.0,0.0));
#5358=DIRECTION('',(0.0,0.173648177211946,-0.984807753092434));
#5359=DIRECTION('',(0.0,-0.173648177211946,0.984807753092434));
#5360=DIRECTION('',(-0.0,0.0,1.0));
#5361=DIRECTION('',(1.0,0.0,0.0));
#5362=DIRECTION('',(0.0,0.0,-1.0));
#5363=DIRECTION('',(1.0,0.0,0.0));
#5364=DIRECTION('',(0.0,1.0,0.0));
#5365=DIRECTION('',(1.0,0.0,0.0));
#5366=DIRECTION('',(0.0,-1.0,0.0));
#5367=CARTESIAN_POINT('',(1000.0,19.4999999878,19.4999999878));
#5368=DIRECTION('',(-1.0,0.0,0.0));
#5369=DIRECTION('',(0.0,1.0,4.05091425421864E-009));
#5370=DIRECTION('',(1.0,0.0,0.0));
#5371=CARTESIAN_POINT('',(0.0,19.4999999878,19.4999999878));
#5372=DIRECTION('',(1.0,0.0,-0.0));
#5373=DIRECTION('',(0.0,1.0,4.05091425421864E-009));
#5374=DIRECTION('',(0.0,0.0,-1.0));
#5375=DIRECTION('',(1.0,0.0,0.0));
#5376=DIRECTION('',(0.0,0.0,1.0));
#5377=DIRECTION('',(-0.0,-1.0,0.0));
#5378=DIRECTION('',(1.0,0.0,0.0));
#5379=DIRECTION('',(0.0,1.0,0.0));
#5380=DIRECTION('',(0.0,0.0,-1.0));
#5381=DIRECTION('',(1.0,0.0,0.0));
#5382=DIRECTION('',(0.0,0.0,1.0));
#5383=DIRECTION('',(-0.0,-1.0,0.0));
#5384=DIRECTION('',(1.0,0.0,0.0));
#5385=DIRECTION('',(0.0,1.0,0.0));
#5386=DIRECTION('',(-0.0,0.0,1.0));
#5387=DIRECTION('',(1.0,0.0,0.0));
#5388=DIRECTION('',(0.0,0.0,-1.0));
#5389=DIRECTION('',(-0.0,-1.0,0.0));
#5390=DIRECTION('',(1.0,0.0,0.0));
#5391=DIRECTION('',(0.0,1.0,0.0));
#5392=DIRECTION('',(0.0,-0.707106781186548,-0.707106781186548));
#5393=DIRECTION('',(1.0,0.0,0.0));
#5394=DIRECTION('',(0.0,0.707106781186548,0.707106781186548));
#5395=DIRECTION('',(0.0,0.0,-1.0));
#5396=DIRECTION('',(1.0,0.0,0.0));
#5397=DIRECTION('',(0.0,0.0,1.0));
#5398=DIRECTION('',(0.0,0.707106781186548,-0.707106781186548));
#5399=DIRECTION('',(1.0,0.0,0.0));
#5400=DIRECTION('',(0.0,-0.707106781186548,0.707106781186548));
#5401=DIRECTION('',(0.0,1.0,0.0));
#5402=DIRECTION('',(1.0,0.0,0.0));
#5403=DIRECTION('',(0.0,-1.0,0.0));
#5404=DIRECTION('',(-0.0,0.0,1.0));
#5405=DIRECTION('',(1.0,0.0,0.0));
#5406=DIRECTION('',(0.0,0.0,-1.0));
#5407=DIRECTION('',(0.0,1.0,0.0));
#5408=DIRECTION('',(1.0,0.0,0.0));
#5409=DIRECTION('',(0.0,-1.0,0.0));
#5410=DIRECTION('',(0.0,0.0,-1.0));
#5411=DIRECTION('',(1.0,0.0,0.0));
#5412=DIRECTION('',(0.0,0.0,1.0));
#5413=DIRECTION('',(0.0,1.0,0.0));
#5414=DIRECTION('',(1.0,0.0,0.0));
#5415=DIRECTION('',(0.0,-1.0,0.0));
#5416=DIRECTION('',(0.0,0.0,-1.0));
#5417=DIRECTION('',(1.0,0.0,0.0));
#5418=DIRECTION('',(0.0,0.0,1.0));
#5419=CARTESIAN_POINT('',(1000.0,19.4999999878,-19.4999999878));
#5420=DIRECTION('',(-1.0,0.0,0.0));
#5421=DIRECTION('',(0.0,4.05091425421864E-009,-1.0));
#5422=DIRECTION('',(1.0,0.0,0.0));
#5423=CARTESIAN_POINT('',(0.0,19.4999999878,-19.4999999878));
#5424=DIRECTION('',(1.0,0.0,0.0));
#5425=DIRECTION('',(0.0,4.05091425421864E-009,-1.0));
#5426=DIRECTION('',(-0.0,-1.0,0.0));
#5427=DIRECTION('',(1.0,0.0,0.0));
#5428=DIRECTION('',(0.0,1.0,0.0));
#5429=DIRECTION('',(-0.0,0.0,1.0));
#5430=DIRECTION('',(1.0,0.0,0.0));
#5431=DIRECTION('',(0.0,0.0,-1.0));
#5432=DIRECTION('',(-0.0,-1.0,0.0));
#5433=DIRECTION('',(1.0,0.0,0.0));
#5434=DIRECTION('',(0.0,1.0,0.0));
#5435=DIRECTION('',(-0.0,0.0,1.0));
#5436=DIRECTION('',(1.0,0.0,0.0));
#5437=DIRECTION('',(0.0,0.0,-1.0));
#5438=DIRECTION('',(0.0,1.0,0.0));
#5439=DIRECTION('',(1.0,0.0,0.0));
#5440=DIRECTION('',(0.0,-1.0,0.0));
#5441=DIRECTION('',(-0.0,0.0,1.0));
#5442=DIRECTION('',(1.0,0.0,0.0));
#5443=DIRECTION('',(0.0,0.0,-1.0));
#5444=DIRECTION('',(-0.0,-0.707106781186548,0.707106781186548));
#5445=DIRECTION('',(1.0,0.0,0.0));
#5446=DIRECTION('',(0.0,0.707106781186548,-0.707106781186548));
#5447=DIRECTION('',(-0.0,-1.0,0.0));
#5448=DIRECTION('',(1.0,0.0,0.0));
#5449=DIRECTION('',(0.0,1.0,0.0));
#5450=DIRECTION('',(0.0,-0.707106781186548,-0.707106781186548));
#5451=DIRECTION('',(1.0,0.0,0.0));
#5452=DIRECTION('',(0.0,0.707106781186548,0.707106781186548));
#5453=DIRECTION('',(0.0,0.0,-1.0));
#5454=DIRECTION('',(1.0,0.0,0.0));
#5455=DIRECTION('',(0.0,0.0,1.0));
#5456=DIRECTION('',(0.0,1.0,0.0));
#5457=DIRECTION('',(1.0,0.0,0.0));
#5458=DIRECTION('',(0.0,-1.0,0.0));
#5459=DIRECTION('',(0.0,0.0,-1.0));
#5460=DIRECTION('',(1.0,0.0,0.0));
#5461=DIRECTION('',(0.0,0.0,1.0));
#5462=DIRECTION('',(-0.0,-1.0,0.0));
#5463=DIRECTION('',(1.0,0.0,0.0));
#5464=DIRECTION('',(0.0,1.0,0.0));
#5465=DIRECTION('',(0.0,0.0,-1.0));
#5466=DIRECTION('',(1.0,0.0,0.0));
#5467=DIRECTION('',(0.0,0.0,1.0));
#5468=DIRECTION('',(-0.0,-1.0,0.0));
#5469=DIRECTION('',(1.0,0.0,0.0));
#5470=DIRECTION('',(0.0,1.0,0.0));
#5471=CARTESIAN_POINT('',(1000.0,-19.4999999878,-19.4999999878));
#5472=DIRECTION('',(-1.0,-0.0,0.0));
#5473=DIRECTION('',(0.0,-1.0,-4.05091306998075E-009));
#5474=DIRECTION('',(1.0,0.0,0.0));
#5475=CARTESIAN_POINT('',(0.0,-19.4999999878,-19.4999999878));
#5476=DIRECTION('',(1.0,0.0,0.0));
#5477=DIRECTION('',(0.0,-1.0,-4.05091306998075E-009));
#5478=DIRECTION('',(-0.0,0.0,1.0));
#5479=DIRECTION('',(1.0,0.0,0.0));
#5480=DIRECTION('',(0.0,0.0,-1.0));
#5481=DIRECTION('',(0.0,1.0,0.0));
#5482=DIRECTION('',(1.0,0.0,0.0));
#5483=DIRECTION('',(0.0,-1.0,0.0));
#5484=DIRECTION('',(-0.0,0.0,1.0));
#5485=DIRECTION('',(1.0,0.0,0.0));
#5486=DIRECTION('',(0.0,0.0,-1.0));
#5487=DIRECTION('',(0.0,1.0,0.0));
#5488=DIRECTION('',(1.0,0.0,0.0));
#5489=DIRECTION('',(0.0,-1.0,0.0));
#5490=DIRECTION('',(0.0,0.0,-1.0));
#5491=DIRECTION('',(1.0,0.0,0.0));
#5492=DIRECTION('',(0.0,0.0,1.0));
#5493=DIRECTION('',(0.0,1.0,0.0));
#5494=DIRECTION('',(1.0,0.0,0.0));
#5495=DIRECTION('',(0.0,-1.0,0.0));
#5496=DIRECTION('',(0.0,0.707106781186548,0.707106781186548));
#5497=DIRECTION('',(1.0,0.0,0.0));
#5498=DIRECTION('',(0.0,-0.707106781186548,-0.707106781186548));
#5499=DIRECTION('',(-0.0,0.0,1.0));
#5500=DIRECTION('',(1.0,0.0,0.0));
#5501=DIRECTION('',(0.0,0.0,-1.0));
#5502=DIRECTION('',(-0.0,-0.707106781186548,0.707106781186548));
#5503=DIRECTION('',(1.0,0.0,0.0));
#5504=DIRECTION('',(0.0,0.707106781186548,-0.707106781186548));
#5505=DIRECTION('',(-0.0,-1.0,0.0));
#5506=DIRECTION('',(1.0,0.0,0.0));
#5507=DIRECTION('',(0.0,1.0,0.0));
#5508=DIRECTION('',(0.0,0.0,-1.0));
#5509=DIRECTION('',(1.0,0.0,0.0));
#5510=DIRECTION('',(0.0,0.0,1.0));
#5511=DIRECTION('',(-0.0,-1.0,0.0));
#5512=DIRECTION('',(1.0,0.0,0.0));
#5513=DIRECTION('',(0.0,1.0,0.0));
#5514=DIRECTION('',(-0.0,0.0,1.0));
#5515=DIRECTION('',(1.0,0.0,0.0));
#5516=DIRECTION('',(0.0,0.0,-1.0));
#5517=DIRECTION('',(-0.0,-1.0,0.0));
#5518=DIRECTION('',(1.0,0.0,0.0));
#5519=DIRECTION('',(0.0,1.0,0.0));
#5520=DIRECTION('',(-0.0,0.0,1.0));
#5521=DIRECTION('',(1.0,0.0,0.0));
#5522=DIRECTION('',(0.0,0.0,-1.0));
#5523=CARTESIAN_POINT('',(1000.0,-19.4999999878,19.4999999878));
#5524=DIRECTION('',(-1.0,0.0,0.0));
#5525=DIRECTION('',(0.0,-4.05091306998075E-009,1.0));
#5526=DIRECTION('',(1.0,0.0,0.0));
#5527=CARTESIAN_POINT('',(0.0,-19.4999999878,19.4999999878));
#5528=DIRECTION('',(1.0,0.0,0.0));
#5529=DIRECTION('',(0.0,-4.05091306998075E-009,1.0));
#5530=DIRECTION('',(0.0,1.0,0.0));
#5531=DIRECTION('',(1.0,0.0,0.0));
#5532=DIRECTION('',(0.0,-1.0,0.0));
#5533=DIRECTION('',(0.0,0.0,-1.0));
#5534=DIRECTION('',(1.0,0.0,0.0));
#5535=DIRECTION('',(0.0,0.0,1.0));
#5536=DIRECTION('',(0.0,1.0,0.0));
#5537=DIRECTION('',(1.0,0.0,0.0));
#5538=DIRECTION('',(0.0,-1.0,0.0));
#5539=DIRECTION('',(0.0,0.0,-1.0));
#5540=DIRECTION('',(1.0,0.0,0.0));
#5541=DIRECTION('',(0.0,0.0,1.0));
#5542=DIRECTION('',(-0.0,-1.0,0.0));
#5543=DIRECTION('',(1.0,0.0,0.0));
#5544=DIRECTION('',(0.0,1.0,0.0));
#5545=DIRECTION('',(0.0,0.0,-1.0));
#5546=DIRECTION('',(1.0,0.0,0.0));
#5547=DIRECTION('',(0.0,0.0,1.0));
#5548=DIRECTION('',(0.0,0.707106781186548,-0.707106781186548));
#5549=DIRECTION('',(1.0,0.0,0.0));
#5550=DIRECTION('',(0.0,-0.707106781186548,0.707106781186548));
#5551=DIRECTION('',(0.0,1.0,0.0));
#5552=DIRECTION('',(1.0,0.0,0.0));
#5553=DIRECTION('',(0.0,-1.0,0.0));
#5554=DIRECTION('',(0.0,0.707106781186548,0.707106781186548));
#5555=DIRECTION('',(1.0,0.0,0.0));
#5556=DIRECTION('',(0.0,-0.707106781186548,-0.707106781186548));
#5557=DIRECTION('',(-0.0,0.0,1.0));
#5558=DIRECTION('',(1.0,0.0,0.0));
#5559=DIRECTION('',(0.0,0.0,-1.0));
#5560=DIRECTION('',(-0.0,-1.0,0.0));
#5561=DIRECTION('',(1.0,0.0,0.0));
#5562=DIRECTION('',(0.0,1.0,0.0));
#5563=DIRECTION('',(-0.0,0.0,1.0));
#5564=DIRECTION('',(1.0,0.0,0.0));
#5565=DIRECTION('',(0.0,0.0,-1.0));
#5566=DIRECTION('',(0.0,1.0,0.0));
#5567=DIRECTION('',(0.0,-1.0,0.0));
ENDSEC;
END-ISO-10303-21;

