ISO-10303-21;
HEADER;
FILE_DESCRIPTION (( 'STEP AP203' ),
    '1' );
FILE_NAME ('Lamp bulb mount E27.STEP',
    '2016-01-03T23:58:20',
    ( 'lukie80' ),
    ( '' ),
    'SwSTEP 2.0',
    'SolidWorks 2007',
    '' );
FILE_SCHEMA (( 'CONFIG_CONTROL_DESIGN' ));
ENDSEC;

DATA;
#1 = EDGE_CURVE ( 'NONE', #12, #10469, #5563, .T. ) ;
#2 = EDGE_CURVE ( 'NONE', #3863, #3419, #5559, .T. ) ;
#3 = EDGE_CURVE ( 'NONE', #2595, #2596, #5552, .T. ) ;
#4 = ADVANCED_FACE ( 'NONE', ( #5548 ), #5598, .F. ) ;
#5 = EDGE_CURVE ( 'NONE', #13, #10464, #5599, .T. ) ;
#6 = EDGE_LOOP ( 'NONE', ( #10473, #8, #3283, #3281 ) ) ;
#7 = ORIENTED_EDGE ( 'NONE', *, *, #11, .F. ) ;
#8 = ORIENTED_EDGE ( 'NONE', *, *, #9, .T. ) ;
#9 = EDGE_CURVE ( 'NONE', #23, #10471, #5590, .T. ) ;
#10 = VERTEX_POINT ( 'NONE', #5586 ) ;
#11 = EDGE_CURVE ( 'NONE', #10168, #3279, #5585, .T. ) ;
#12 = VERTEX_POINT ( 'NONE', #5581 ) ;
#13 = VERTEX_POINT ( 'NONE', #5580 ) ;
#14 = ORIENTED_EDGE ( 'NONE', *, *, #1, .T. ) ;
#15 = EDGE_CURVE ( 'NONE', #12, #13, #5579, .T. ) ;
#16 = EDGE_LOOP ( 'NONE', ( #17, #14, #10468, #10466 ) ) ;
#17 = ORIENTED_EDGE ( 'NONE', *, *, #15, .F. ) ;
#18 = EDGE_CURVE ( 'NONE', #10172, #3279, #5573, .T. ) ;
#19 = ADVANCED_FACE ( 'NONE', ( #5568 ), #5629, .F. ) ;
#20 = ORIENTED_EDGE ( 'NONE', *, *, #21, .F. ) ;
#21 = EDGE_CURVE ( 'NONE', #10446, #10451, #5625, .T. ) ;
#22 = EDGE_CURVE ( 'NONE', #10449, #10451, #5621, .T. ) ;
#23 = VERTEX_POINT ( 'NONE', #5616 ) ;
#24 = EDGE_CURVE ( 'NONE', #10469, #10464, #5615, .T. ) ;
#25 = ADVANCED_FACE ( 'NONE', ( #5610 ), #5609, .F. ) ;
#26 = ORIENTED_EDGE ( 'NONE', *, *, #30, .F. ) ;
#27 = EDGE_CURVE ( 'NONE', #34, #29, #5608, .T. ) ;
#28 = EDGE_CURVE ( 'NONE', #10317, #10347, #5656, .T. ) ;
#29 = VERTEX_POINT ( 'NONE', #5652 ) ;
#30 = EDGE_CURVE ( 'NONE', #10348, #29, #5651, .T. ) ;
#31 = ORIENTED_EDGE ( 'NONE', *, *, #27, .T. ) ;
#32 = EDGE_LOOP ( 'NONE', ( #33, #2659, #2662, #2926 ) ) ;
#33 = ORIENTED_EDGE ( 'NONE', *, *, #2657, .F. ) ;
#34 = VERTEX_POINT ( 'NONE', #5650 ) ;
#35 = EDGE_CURVE ( 'NONE', #34, #37, #5640, .T. ) ;
#36 = ORIENTED_EDGE ( 'NONE', *, *, #35, .F. ) ;
#37 = VERTEX_POINT ( 'NONE', #5639 ) ;
#38 = DIRECTION ( 'NONE',  ( -1.000000000000000000, 0.0000000000000000000, 0.0000000000000000000 ) ) ;
#39 = DIRECTION ( 'NONE',  ( 0.0000000000000000000, 0.0000000000000000000, 1.000000000000000000 ) ) ;
#40 = CARTESIAN_POINT ( 'NONE',  ( 0.0000000000000000000, 0.0000000000000000000, 4.999999999999999100 ) ) ;
#41 = AXIS2_PLACEMENT_3D ( 'NONE', #40, #39, #38 ) ;
#42 = CARTESIAN_POINT ( 'NONE',  ( 21.38589651379085100, -2.212109920738091000, 55.00000000000000000 ) ) ;
#43 = CARTESIAN_POINT ( 'NONE',  ( 21.38589651379085400, -2.212109920738090100, 50.82224149722621600 ) ) ;
#44 = CARTESIAN_POINT ( 'NONE',  ( 21.48251942103773600, -2.226673480731038000, 46.64819525586467100 ) ) ;
#45 = CARTESIAN_POINT ( 'NONE',  ( 21.81266685667463900, -2.276435200000467500, 38.30536254662527500 ) ) ;
#46 = CARTESIAN_POINT ( 'NONE',  ( 22.04635671166912300, -2.311658278253111700, 34.13658243061146200 ) ) ;
#47 = CARTESIAN_POINT ( 'NONE',  ( 22.88394267473729100, -2.437904049260861200, 21.63548705574657300 ) ) ;
#48 = CARTESIAN_POINT ( 'NONE',  ( 23.62240944551238900, -2.549210005844236600, 13.31660537112158800 ) ) ;
#49 = CARTESIAN_POINT ( 'NONE',  ( 24.38764561267335700, -2.664550799728087500, 5.000000000000000900 ) ) ;
#50 = CIRCLE ( 'NONE', #41, 24.53277582120860200 ) ;
#51 = B_SPLINE_CURVE_WITH_KNOTS ( 'NONE', 3,
 ( #49, #48, #47, #46, #45, #44, #43, #42 ),
 .UNSPECIFIED., .F., .F.,
 ( 4, 2, 2, 4 ),
 ( 0.0000000000000000000, 0.02505648205854301600, 0.03758472308781452000, 0.05011296411708603100 ),
 .UNSPECIFIED. ) ;
#52 = CARTESIAN_POINT ( 'NONE',  ( 24.38764561267335700, -2.664550799728087500, 5.000000000000000900 ) ) ;
#53 = CARTESIAN_POINT ( 'NONE',  ( 24.51238645039845200, -1.000000000000000000, 5.000000000000000900 ) ) ;
#54 = CARTESIAN_POINT ( 'NONE',  ( 23.73851353481279200, -0.9999999999999974500, 13.31653176580499400 ) ) ;
#55 = CARTESIAN_POINT ( 'NONE',  ( 22.99164541871501700, -0.9999999999999956700, 21.63629758780136900 ) ) ;
#56 = CARTESIAN_POINT ( 'NONE',  ( 22.14468984280069100, -0.9999999999999952300, 34.13601042383937300 ) ) ;
#57 = CARTESIAN_POINT ( 'NONE',  ( 21.90829580442377600, -1.000000000000005300, 38.30585360546408000 ) ) ;
#58 = CARTESIAN_POINT ( 'NONE',  ( 21.57442238038632700, -1.000000000000005100, 46.64895751929454800 ) ) ;
#59 = CARTESIAN_POINT ( 'NONE',  ( 21.47673159491451900, -1.000000000000000700, 50.82283696912820400 ) ) ;
#60 = CARTESIAN_POINT ( 'NONE',  ( 21.47673159491451900, -1.000000000000000000, 55.00000000000000000 ) ) ;
#61 = B_SPLINE_CURVE_WITH_KNOTS ( 'NONE', 3,
 ( #60, #59, #58, #57, #56, #55, #54, #53 ),
 .UNSPECIFIED., .F., .F.,
 ( 4, 2, 2, 4 ),
 ( 0.0000000000000000000, 0.01252441626355261700, 0.02504883252710523500, 0.05009766505421045500 ),
 .UNSPECIFIED. ) ;
#62 = CARTESIAN_POINT ( 'NONE',  ( 24.51238645039845200, -1.000000000000000000, 5.000000000000000900 ) ) ;
#63 = DIRECTION ( 'NONE',  ( -1.000000000000000000, 1.776356839400250500E-014, 0.0000000000000000000 ) ) ;
#64 = DIRECTION ( 'NONE',  ( 0.0000000000000000000, 0.0000000000000000000, 1.000000000000000000 ) ) ;
#65 = CARTESIAN_POINT ( 'NONE',  ( 0.0000000000000000000, 0.0000000000000000000, 4.999999999999999100 ) ) ;
#66 = AXIS2_PLACEMENT_3D ( 'NONE', #65, #64, #63 ) ;
#67 = CARTESIAN_POINT ( 'NONE',  ( 21.82153923339466300, -9.398783173940476100, 13.31660537112158800 ) ) ;
#68 = CARTESIAN_POINT ( 'NONE',  ( 22.51878080891977500, -9.734557019890729600, 5.000000000000000900 ) ) ;
#69 = B_SPLINE_CURVE_WITH_KNOTS ( 'NONE', 3,
 ( #68, #67, #117, #116, #115, #114, #113, #112 ),
 .UNSPECIFIED., .F., .F.,
 ( 4, 2, 2, 4 ),
 ( 0.0000000000000000000, 0.02505648205854301600, 0.03758472308781452000, 0.05011296411708603100 ),
 .UNSPECIFIED. ) ;
#70 = CARTESIAN_POINT ( 'NONE',  ( 22.51878080891977500, -9.734557019890729600, 5.000000000000000900 ) ) ;
#71 = CARTESIAN_POINT ( 'NONE',  ( 23.12861472251062600, -8.180725549200504400, 5.000000000000000900 ) ) ;
#72 = CARTESIAN_POINT ( 'NONE',  ( 22.38912280924254400, -7.952622502995188500, 13.31653176580499600 ) ) ;
#73 = CARTESIAN_POINT ( 'NONE',  ( 21.67543594799077800, -7.732479261172860800, 21.63629758780137300 ) ) ;
#74 = CARTESIAN_POINT ( 'NONE',  ( 20.86610823193810700, -7.482834722675956000, 34.13601042383937300 ) ) ;
#75 = CARTESIAN_POINT ( 'NONE',  ( 20.64021651741516200, -7.413156356664480000, 38.30585360546408000 ) ) ;
#76 = CARTESIAN_POINT ( 'NONE',  ( 20.32117615283026500, -7.314745437331156500, 46.64895751929454800 ) ) ;
#77 = CARTESIAN_POINT ( 'NONE',  ( 20.22782549485752300, -7.285950572821069400, 50.82283696912820400 ) ) ;
#78 = CARTESIAN_POINT ( 'NONE',  ( 20.22782549485752000, -7.285950572821071200, 55.00000000000000000 ) ) ;
#79 = B_SPLINE_CURVE_WITH_KNOTS ( 'NONE', 3,
 ( #78, #77, #76, #75, #74, #73, #72, #71 ),
 .UNSPECIFIED., .F., .F.,
 ( 4, 2, 2, 4 ),
 ( 0.0000000000000000000, 0.01252441626355261700, 0.02504883252710523500, 0.05009766505421045500 ),
 .UNSPECIFIED. ) ;
#80 = CARTESIAN_POINT ( 'NONE',  ( 13.12221862898361900, 20.72834937342655300, 5.000000000000000900 ) ) ;
#81 = CARTESIAN_POINT ( 'NONE',  ( 12.73528217119079100, 20.05815576922864500, 13.31653176580499400 ) ) ;
#82 = CARTESIAN_POINT ( 'NONE',  ( 12.36184811314189600, 19.41134900741133900, 21.63629758780136900 ) ) ;
#83 = CARTESIAN_POINT ( 'NONE',  ( 11.93837032518473900, 18.67786396279265700, 34.13601042383938000 ) ) ;
#84 = CARTESIAN_POINT ( 'NONE',  ( 11.82017330599629400, 18.47314072025505300, 38.30585360546408700 ) ) ;
#85 = CARTESIAN_POINT ( 'NONE',  ( 11.65323659397756600, 18.18399785339012500, 46.64895751929454100 ) ) ;
#86 = CARTESIAN_POINT ( 'NONE',  ( 11.60439120124165800, 18.09939515145589100, 50.82283696912819000 ) ) ;
#87 = CARTESIAN_POINT ( 'NONE',  ( 11.60439120124165800, 18.09939515145588700, 55.00000000000000000 ) ) ;
#88 = B_SPLINE_CURVE_WITH_KNOTS ( 'NONE', 3,
 ( #87, #86, #85, #84, #83, #82, #81, #80 ),
 .UNSPECIFIED., .F., .F.,
 ( 4, 2, 2, 4 ),
 ( 0.0000000000000000000, 0.01252441626355261700, 0.02504883252710523500, 0.05009766505421045500 ),
 .UNSPECIFIED. ) ;
#89 = CARTESIAN_POINT ( 'NONE',  ( 14.58879611460685200, -16.68989623035464800, 34.13658243061146200 ) ) ;
#90 = CARTESIAN_POINT ( 'NONE',  ( 15.11692114095401600, -17.35214406672103800, 21.63548705574657700 ) ) ;
#91 = CARTESIAN_POINT ( 'NONE',  ( 15.58254831233531900, -17.93602207177124800, 13.31660537112158900 ) ) ;
#92 = CARTESIAN_POINT ( 'NONE',  ( 16.06505445351189800, -18.54106563548533500, 5.000000000000004400 ) ) ;
#93 = CIRCLE ( 'NONE', #143, 24.53277582120860200 ) ;
#94 = B_SPLINE_CURVE_WITH_KNOTS ( 'NONE', 3,
 ( #92, #91, #90, #89, #147, #146, #145, #144 ),
 .UNSPECIFIED., .F., .F.,
 ( 4, 2, 2, 4 ),
 ( 0.0000000000000000000, 0.02505648205854300900, 0.03758472308781452000, 0.05011296411708603100 ),
 .UNSPECIFIED. ) ;
#95 = CARTESIAN_POINT ( 'NONE',  ( 17.28867803270995300, -17.40570887309590400, 5.000000000000000900 ) ) ;
#96 = CARTESIAN_POINT ( 'NONE',  ( 16.72138904338148900, -16.87934161341526700, 13.31653176580498500 ) ) ;
#97 = CARTESIAN_POINT ( 'NONE',  ( 16.17389597286597800, -16.37134228213522400, 21.63629758780138000 ) ) ;
#98 = CARTESIAN_POINT ( 'NONE',  ( 15.55303360258526600, -15.79526618929524400, 34.13601042383937300 ) ) ;
#99 = CARTESIAN_POINT ( 'NONE',  ( 15.37974451026364500, -15.63447740901970700, 38.30585360546407300 ) ) ;
#100 = CARTESIAN_POINT ( 'NONE',  ( 15.13499797181875700, -15.40738580812320700, 46.64895751929454800 ) ) ;
#101 = CARTESIAN_POINT ( 'NONE',  ( 15.06338555866813800, -15.34093919911385700, 50.82283696912821100 ) ) ;
#102 = CARTESIAN_POINT ( 'NONE',  ( 15.06338555866813800, -15.34093919911384800, 55.00000000000000000 ) ) ;
#103 = CARTESIAN_POINT ( 'NONE',  ( 16.06505445351189800, -18.54106563548533500, 5.000000000000004400 ) ) ;
#104 = B_SPLINE_CURVE_WITH_KNOTS ( 'NONE', 3,
 ( #102, #101, #100, #99, #98, #97, #96, #95 ),
 .UNSPECIFIED., .F., .F.,
 ( 4, 2, 2, 4 ),
 ( 0.0000000000000000000, 0.01252441626355261200, 0.02504883252710522400, 0.05009766505421044800 ),
 .UNSPECIFIED. ) ;
#105 = CARTESIAN_POINT ( 'NONE',  ( 20.81640419440099200, -12.98208018420014300, 5.000000000000004400 ) ) ;
#106 = DIRECTION ( 'NONE',  ( -1.000000000000000000, 0.0000000000000000000, 0.0000000000000000000 ) ) ;
#107 = DIRECTION ( 'NONE',  ( 0.0000000000000000000, 0.0000000000000000000, 1.000000000000000000 ) ) ;
#108 = CARTESIAN_POINT ( 'NONE',  ( 0.0000000000000000000, 0.0000000000000000000, 4.999999999999999100 ) ) ;
#109 = AXIS2_PLACEMENT_3D ( 'NONE', #108, #107, #106 ) ;
#110 = CIRCLE ( 'NONE', #109, 24.53277582120860200 ) ;
#111 = CARTESIAN_POINT ( 'NONE',  ( 21.65101333068467700, -11.53649475569558200, 5.000000000000000900 ) ) ;
#112 = CARTESIAN_POINT ( 'NONE',  ( 19.78375029043192200, -8.417435740523028900, 55.00000000000000000 ) ) ;
#113 = CARTESIAN_POINT ( 'NONE',  ( 19.78375029043192500, -8.417435740523030700, 50.82224149722621600 ) ) ;
#114 = CARTESIAN_POINT ( 'NONE',  ( 19.87178782834727300, -8.459832384285366700, 46.64819525586467100 ) ) ;
#115 = CARTESIAN_POINT ( 'NONE',  ( 20.17260021549968100, -8.604695994960865200, 38.30536254662527500 ) ) ;
#116 = CARTESIAN_POINT ( 'NONE',  ( 20.38552570134688200, -8.707235504642122600, 34.13658243061146200 ) ) ;
#117 = CARTESIAN_POINT ( 'NONE',  ( 21.14868847591098300, -9.074755326890912200, 21.63548705574657300 ) ) ;
#118 = B_SPLINE_CURVE_WITH_KNOTS ( 'NONE', 3,
 ( #174, #173, #172, #171, #170, #169, #168, #167 ),
 .UNSPECIFIED., .F., .F.,
 ( 4, 2, 2, 4 ),
 ( 0.0000000000000000000, 0.01252441626355261700, 0.02504883252710523500, 0.05009766505421045500 ),
 .UNSPECIFIED. ) ;
#119 = CARTESIAN_POINT ( 'NONE',  ( 8.024506626809563100, -23.18327808766411400, 5.000000000000000900 ) ) ;
#120 = DIRECTION ( 'NONE',  ( -1.000000000000000000, 0.0000000000000000000, 0.0000000000000000000 ) ) ;
#121 = DIRECTION ( 'NONE',  ( 0.0000000000000000000, 0.0000000000000000000, 1.000000000000000000 ) ) ;
#122 = AXIS2_PLACEMENT_3D ( 'NONE', #137, #121, #120 ) ;
#123 = CIRCLE ( 'NONE', #122, 24.53277582120860200 ) ;
#124 = DIRECTION ( 'NONE',  ( -1.000000000000000000, -1.332267629550187700E-014, 0.0000000000000000000 ) ) ;
#125 = DIRECTION ( 'NONE',  ( 0.0000000000000000000, 0.0000000000000000000, 1.000000000000000000 ) ) ;
#126 = CARTESIAN_POINT ( 'NONE',  ( 0.0000000000000000000, 0.0000000000000000000, 4.999999999999999100 ) ) ;
#127 = AXIS2_PLACEMENT_3D ( 'NONE', #126, #125, #124 ) ;
#128 = CARTESIAN_POINT ( 'NONE',  ( 14.50139148857584800, -19.78804523920282300, 5.000000000000000900 ) ) ;
#129 = CARTESIAN_POINT ( 'NONE',  ( 14.01888961777349800, -19.18300703036864600, 13.31653176580499600 ) ) ;
#130 = CARTESIAN_POINT ( 'NONE',  ( 13.55322496405307900, -18.59908202395181200, 21.63629758780137300 ) ) ;
#131 = CARTESIAN_POINT ( 'NONE',  ( 13.02515679984309900, -17.93690549045016200, 34.13601042383937300 ) ) ;
#132 = CARTESIAN_POINT ( 'NONE',  ( 12.87776752769489100, -17.75208518897934000, 38.30585360546408000 ) ) ;
#133 = CARTESIAN_POINT ( 'NONE',  ( 12.66960085269587900, -17.49105243490745900, 46.64895751929454800 ) ) ;
#134 = CARTESIAN_POINT ( 'NONE',  ( 12.60869164421863800, -17.41467470327857500, 50.82283696912820400 ) ) ;
#135 = CARTESIAN_POINT ( 'NONE',  ( 12.60869164421864300, -17.41467470327857500, 55.00000000000000000 ) ) ;
#136 = CIRCLE ( 'NONE', #127, 24.53277582120860200 ) ;
#137 = CARTESIAN_POINT ( 'NONE',  ( 0.0000000000000000000, 0.0000000000000000000, 4.999999999999999100 ) ) ;
#138 = B_SPLINE_CURVE_WITH_KNOTS ( 'NONE', 3,
 ( #135, #134, #133, #132, #131, #130, #129, #128 ),
 .UNSPECIFIED., .F., .F.,
 ( 4, 2, 2, 4 ),
 ( 0.0000000000000000000, 0.01252441626355261700, 0.02504883252710523500, 0.05009766505421045500 ),
 .UNSPECIFIED. ) ;
#139 = CARTESIAN_POINT ( 'NONE',  ( 14.50139148857584800, -19.78804523920282300, 5.000000000000000900 ) ) ;
#140 = DIRECTION ( 'NONE',  ( -1.000000000000000000, 1.243449787580175200E-014, 0.0000000000000000000 ) ) ;
#141 = DIRECTION ( 'NONE',  ( 0.0000000000000000000, 0.0000000000000000000, 1.000000000000000000 ) ) ;
#142 = CARTESIAN_POINT ( 'NONE',  ( 0.0000000000000000000, 0.0000000000000000000, 4.999999999999999100 ) ) ;
#143 = AXIS2_PLACEMENT_3D ( 'NONE', #142, #141, #140 ) ;
#144 = CARTESIAN_POINT ( 'NONE',  ( 14.17235460915468800, -16.16769509956108700, 55.00000000000000000 ) ) ;
#145 = CARTESIAN_POINT ( 'NONE',  ( 14.17235460915468600, -16.16769509956109000, 50.82224149722621600 ) ) ;
#146 = CARTESIAN_POINT ( 'NONE',  ( 14.23327847570155100, -16.24409121182791400, 46.64819525586468500 ) ) ;
#147 = CARTESIAN_POINT ( 'NONE',  ( 14.44144710654333100, -16.50512641844904500, 38.30536254662526800 ) ) ;
#148 = CARTESIAN_POINT ( 'NONE',  ( 8.777204869572612400, -19.62678462401700600, 55.00000000000000000 ) ) ;
#149 = CARTESIAN_POINT ( 'NONE',  ( 8.777204869572614100, -19.62678462401700600, 50.82224149722621600 ) ) ;
#150 = CARTESIAN_POINT ( 'NONE',  ( 8.812903910272622100, -19.71774429627678400, 46.64819525586468500 ) ) ;
#151 = CARTESIAN_POINT ( 'NONE',  ( 8.934882715067756100, -20.02854122216734800, 38.30536254662526800 ) ) ;
#152 = CARTESIAN_POINT ( 'NONE',  ( 9.021223561998718700, -20.24853411232559700, 34.13658243061146200 ) ) ;
#153 = CARTESIAN_POINT ( 'NONE',  ( 9.330684498719733700, -21.03702771969976800, 21.63548705574657300 ) ) ;
#154 = CARTESIAN_POINT ( 'NONE',  ( 9.603524098113553000, -21.73221168133334700, 13.31660537112158900 ) ) ;
#155 = CARTESIAN_POINT ( 'NONE',  ( 9.886254124097956000, -22.45259603893130100, 5.000000000000000000 ) ) ;
#156 = B_SPLINE_CURVE_WITH_KNOTS ( 'NONE', 3,
 ( #155, #154, #153, #152, #151, #150, #149, #148 ),
 .UNSPECIFIED., .F., .F.,
 ( 4, 2, 2, 4 ),
 ( 0.0000000000000000000, 0.02505648205854301200, 0.03758472308781452700, 0.05011296411708603800 ),
 .UNSPECIFIED. ) ;
#157 = CARTESIAN_POINT ( 'NONE',  ( 9.886254124097956000, -22.45259603893130100, 5.000000000000000000 ) ) ;
#158 = CARTESIAN_POINT ( 'NONE',  ( 11.39016782141503900, -21.72834937342638600, 5.000000000000000900 ) ) ;
#159 = CARTESIAN_POINT ( 'NONE',  ( 11.00323136362220000, -21.05815576922848800, 13.31653176580499400 ) ) ;
#160 = CARTESIAN_POINT ( 'NONE',  ( 10.62979730557330500, -20.41134900741118200, 21.63629758780136900 ) ) ;
#161 = CARTESIAN_POINT ( 'NONE',  ( 10.20631951761613700, -19.67786396279251100, 34.13601042383937300 ) ) ;
#162 = CARTESIAN_POINT ( 'NONE',  ( 10.08812249842767500, -19.47314072025491100, 38.30585360546408000 ) ) ;
#163 = CARTESIAN_POINT ( 'NONE',  ( 9.921185786408946300, -19.18399785338998200, 46.64895751929454800 ) ) ;
#164 = CARTESIAN_POINT ( 'NONE',  ( 9.872340393673047400, -19.09939515145574200, 50.82283696912820400 ) ) ;
#165 = CARTESIAN_POINT ( 'NONE',  ( 9.872340393673043800, -19.09939515145574200, 55.00000000000000000 ) ) ;
#166 = B_SPLINE_CURVE_WITH_KNOTS ( 'NONE', 3,
 ( #165, #164, #163, #162, #161, #160, #159, #158 ),
 .UNSPECIFIED., .F., .F.,
 ( 4, 2, 2, 4 ),
 ( 0.0000000000000000000, 0.01252441626355261700, 0.02504883252710523500, 0.05009766505421045500 ),
 .UNSPECIFIED. ) ;
#167 = CARTESIAN_POINT ( 'NONE',  ( 8.024506626809563100, -23.18327808766411400, 5.000000000000000900 ) ) ;
#168 = CARTESIAN_POINT ( 'NONE',  ( 7.741779103100081500, -22.46290010575868100, 13.31653176580499400 ) ) ;
#169 = CARTESIAN_POINT ( 'NONE',  ( 7.468917540498313900, -21.76766018278389900, 21.63629758780136900 ) ) ;
#170 = CARTESIAN_POINT ( 'NONE',  ( 7.159489922800936800, -20.97925147089742700, 34.13601042383937300 ) ) ;
#171 = CARTESIAN_POINT ( 'NONE',  ( 7.073125482666199600, -20.75919846623637700, 38.30585360546408000 ) ) ;
#172 = CARTESIAN_POINT ( 'NONE',  ( 6.951147823919638000, -20.44840446042995900, 46.64895751929454800 ) ) ;
#173 = CARTESIAN_POINT ( 'NONE',  ( 6.915457372284214100, -20.35746667274981900, 50.82283696912820400 ) ) ;
#174 = CARTESIAN_POINT ( 'NONE',  ( 6.915457372284213200, -20.35746667274981900, 55.00000000000000000 ) ) ;
#175 =( BOUNDED_SURFACE ( )  B_SPLINE_SURFACE ( 3, 2, ( 
 ( #241, #240, #239, #238, #237, #236, #235, #234, #233, #232, #231, #230, #229, #228, #227, #226, #225, #224, #223, #222, #221, #220, #219, #218, #217, #216, #215, #214, #213, #212, #211, #210, #209, #208, #207, #206, #205, #204, #203, #202, #201, #200, #199, #198, #289, #288, #287, #286, #285, #284, #283, #282, #281, #280, #279, #278, #277, #276, #275, #274, #273, #272, #271, #270, #269, #268, #267, #266, #265, #264, #263, #262, #261 ),
 ( #260, #259, #258, #257, #256, #255, #254, #253, #252, #251, #250, #249, #248, #247, #246, #245, #244, #243, #242, #10337, #10336, #10335, #10338, #10342, #10341, #10340, #10339, #10346, #10345, #10344, #10343, #10271, #10269, #10266, #10183, #10185, #10184, #10188, #10187, #10186, #10190, #10189, #10193, #10192, #10191, #10207, #10206, #10205, #10204, #10203, #10202, #10201, #10200, #10199, #10198, #10197, #10195, #10194, #10196, #10210, #10209, #10208, #10212, #10211, #10213, #10214, #10215, #10217, #10216, #10221, #10220, #10219, #10218 ),
 ( #10224, #10223, #10222, #10225, #10228, #10227, #10226, #10231, #10230, #10229, #10234, #10233, #10232, #10237, #10236, #10235, #10241, #10240, #10239, #10238, #10247, #10246, #10245, #10244, #10243, #10242, #10248, #10252, #10251, #10250, #10249, #10254, #10253, #10256, #10255, #10260, #10259, #10258, #10257, #10263, #10262, #10261, #10265, #10264, #10275, #10274, #10273, #10278, #10277, #10276, #10284, #10283, #10281, #10280, #10288, #10287, #10286, #10294, #10291, #10290, #10289, #10299, #10298, #10296, #10297, #10433, #10432, #10431, #10430, #10429, #10360, #10359, #10358 ),
 ( #10362, #10361, #10369, #10366, #10368, #10370, #10377, #10376, #10375, #10374, #10373, #10372, #10371, #10381, #10380, #10379, #10378, #10384, #10383, #10382, #10387, #10386, #10385, #10389, #10388, #10391, #10390, #10393, #10392, #10397, #10396, #10395, #10394, #10400, #10399, #10398, #10403, #10402, #10401, #10404, #10409, #10407, #10406, #10408, #10405, #10414, #10413, #10412, #10411, #10410, #10415, #10418, #10417, #10416, #10421, #10420, #10419, #10424, #10423, #10422, #10428, #10427, #10426, #10425, #10436, #10435, #10434, #10440, #10439, #10438, #10437, #10442, #10441 ) ),
 .UNSPECIFIED., .F., .F., .T. ) 
 B_SPLINE_SURFACE_WITH_KNOTS ( ( 4, 4 ),
 ( 3, 2, 2, 2, 2, 2, 2, 2, 2, 2, 2, 2, 2, 2, 2, 2, 2, 2, 2, 2, 2, 2, 2, 2, 2, 2, 2, 2, 2, 2, 2, 2, 2, 2, 2, 2, 3 ),
 ( 0.0000000000000000000, 1.000000000000000000 ),
 ( 0.0000000000000000000, 0.02777777777777777600, 0.05555555555555555200, 0.08333333333333332900, 0.1111111111111111000, 0.1388888888888889000, 0.1666666666666666600, 0.1944444444444444200, 0.2222222222222222100, 0.2500000000000000000, 0.2777777777777777900, 0.3055555555555555200, 0.3333333333333333100, 0.3611111111111111000, 0.3888888888888888400, 0.4166666666666666300, 0.4444444444444444200, 0.4722222222222222100, 0.5000000000000000000, 0.5277777777777777900, 0.5555555555555555800, 0.5833333333333332600, 0.6111111111111110500, 0.6388888888888888400, 0.6666666666666666300, 0.6944444444444444200, 0.7222222222222222100, 0.7500000000000000000, 0.7777777777777776800, 0.8055555555555554700, 0.8333333333333332600, 0.8611111111111110500, 0.8888888888888888400, 0.9166666666666666300, 0.9444444444444444200, 0.9722222222222222100, 1.000000000000000000 ),
 .UNSPECIFIED. ) 
 GEOMETRIC_REPRESENTATION_ITEM ( )  RATIONAL_B_SPLINE_SURFACE ( (
 ( 1.000000000000000000, 0.8660254037844387100, 1.000000000000000000, 0.8660254037844387100, 1.000000000000000000, 0.8660254037844387100, 1.000000000000000000, 0.8660254037844387100, 1.000000000000000000, 0.8660254037844387100, 1.000000000000000000, 0.8660254037844387100, 1.000000000000000000, 0.8660254037844387100, 1.000000000000000000, 0.8660254037844387100, 1.000000000000000000, 0.8660254037844387100, 1.000000000000000000, 0.8660254037844387100, 1.000000000000000000, 0.8660254037844387100, 1.000000000000000000, 0.8660254037844387100, 1.000000000000000000, 0.8660254037844387100, 1.000000000000000000, 0.8660254037844387100, 1.000000000000000000, 0.8660254037844387100, 1.000000000000000000, 0.8660254037844387100, 1.000000000000000000, 0.8660254037844387100, 1.000000000000000000, 0.8660254037844387100, 1.000000000000000000, 0.8660254037844387100, 1.000000000000000000, 0.8660254037844387100, 1.000000000000000000, 0.8660254037844387100, 1.000000000000000000, 0.8660254037844387100, 1.000000000000000000, 0.8660254037844387100, 1.000000000000000000, 0.8660254037844387100, 1.000000000000000000, 0.8660254037844387100, 1.000000000000000000, 0.8660254037844387100, 1.000000000000000000, 0.8660254037844387100, 1.000000000000000000, 0.8660254037844387100, 1.000000000000000000, 0.8660254037844387100, 1.000000000000000000, 0.8660254037844387100, 1.000000000000000000, 0.8660254037844387100, 1.000000000000000000, 0.8660254037844387100, 1.000000000000000000, 0.8660254037844387100, 1.000000000000000000, 0.8660254037844387100, 1.000000000000000000, 0.8660254037844387100, 1.000000000000000000, 0.8660254037844387100, 1.000000000000000000),
 ( 0.3333333333333271500, 0.2886751345948075400, 0.3333333333333271500, 0.2886751345948075400, 0.3333333333333271500, 0.2886751345948075400, 0.3333333333333271500, 0.2886751345948075400, 0.3333333333333271500, 0.2886751345948075400, 0.3333333333333271500, 0.2886751345948075400, 0.3333333333333271500, 0.2886751345948075400, 0.3333333333333271500, 0.2886751345948075400, 0.3333333333333271500, 0.2886751345948075400, 0.3333333333333271500, 0.2886751345948075400, 0.3333333333333271500, 0.2886751345948075400, 0.3333333333333271500, 0.2886751345948075400, 0.3333333333333271500, 0.2886751345948075400, 0.3333333333333271500, 0.2886751345948075400, 0.3333333333333271500, 0.2886751345948075400, 0.3333333333333271500, 0.2886751345948075400, 0.3333333333333271500, 0.2886751345948075400, 0.3333333333333271500, 0.2886751345948075400, 0.3333333333333271500, 0.2886751345948075400, 0.3333333333333271500, 0.2886751345948075400, 0.3333333333333271500, 0.2886751345948075400, 0.3333333333333271500, 0.2886751345948075400, 0.3333333333333271500, 0.2886751345948075400, 0.3333333333333271500, 0.2886751345948075400, 0.3333333333333271500, 0.2886751345948075400, 0.3333333333333271500, 0.2886751345948075400, 0.3333333333333271500, 0.2886751345948075400, 0.3333333333333271500, 0.2886751345948075400, 0.3333333333333271500, 0.2886751345948075400, 0.3333333333333271500, 0.2886751345948075400, 0.3333333333333271500, 0.2886751345948075400, 0.3333333333333271500, 0.2886751345948075400, 0.3333333333333271500, 0.2886751345948075400, 0.3333333333333271500, 0.2886751345948075400, 0.3333333333333271500, 0.2886751345948075400, 0.3333333333333271500, 0.2886751345948075400, 0.3333333333333271500),
 ( 0.3333333333333271500, 0.2886751345948075400, 0.3333333333333271500, 0.2886751345948075400, 0.3333333333333271500, 0.2886751345948075400, 0.3333333333333271500, 0.2886751345948075400, 0.3333333333333271500, 0.2886751345948075400, 0.3333333333333271500, 0.2886751345948075400, 0.3333333333333271500, 0.2886751345948075400, 0.3333333333333271500, 0.2886751345948075400, 0.3333333333333271500, 0.2886751345948075400, 0.3333333333333271500, 0.2886751345948075400, 0.3333333333333271500, 0.2886751345948075400, 0.3333333333333271500, 0.2886751345948075400, 0.3333333333333271500, 0.2886751345948075400, 0.3333333333333271500, 0.2886751345948075400, 0.3333333333333271500, 0.2886751345948075400, 0.3333333333333271500, 0.2886751345948075400, 0.3333333333333271500, 0.2886751345948075400, 0.3333333333333271500, 0.2886751345948075400, 0.3333333333333271500, 0.2886751345948075400, 0.3333333333333271500, 0.2886751345948075400, 0.3333333333333271500, 0.2886751345948075400, 0.3333333333333271500, 0.2886751345948075400, 0.3333333333333271500, 0.2886751345948075400, 0.3333333333333271500, 0.2886751345948075400, 0.3333333333333271500, 0.2886751345948075400, 0.3333333333333271500, 0.2886751345948075400, 0.3333333333333271500, 0.2886751345948075400, 0.3333333333333271500, 0.2886751345948075400, 0.3333333333333271500, 0.2886751345948075400, 0.3333333333333271500, 0.2886751345948075400, 0.3333333333333271500, 0.2886751345948075400, 0.3333333333333271500, 0.2886751345948075400, 0.3333333333333271500, 0.2886751345948075400, 0.3333333333333271500, 0.2886751345948075400, 0.3333333333333271500, 0.2886751345948075400, 0.3333333333333271500, 0.2886751345948075400, 0.3333333333333271500),
 ( 1.000000000000000000, 0.8660254037844387100, 1.000000000000000000, 0.8660254037844387100, 1.000000000000000000, 0.8660254037844387100, 1.000000000000000000, 0.8660254037844387100, 1.000000000000000000, 0.8660254037844387100, 1.000000000000000000, 0.8660254037844387100, 1.000000000000000000, 0.8660254037844387100, 1.000000000000000000, 0.8660254037844387100, 1.000000000000000000, 0.8660254037844387100, 1.000000000000000000, 0.8660254037844387100, 1.000000000000000000, 0.8660254037844387100, 1.000000000000000000, 0.8660254037844387100, 1.000000000000000000, 0.8660254037844387100, 1.000000000000000000, 0.8660254037844387100, 1.000000000000000000, 0.8660254037844387100, 1.000000000000000000, 0.8660254037844387100, 1.000000000000000000, 0.8660254037844387100, 1.000000000000000000, 0.8660254037844387100, 1.000000000000000000, 0.8660254037844387100, 1.000000000000000000, 0.8660254037844387100, 1.000000000000000000, 0.8660254037844387100, 1.000000000000000000, 0.8660254037844387100, 1.000000000000000000, 0.8660254037844387100, 1.000000000000000000, 0.8660254037844387100, 1.000000000000000000, 0.8660254037844387100, 1.000000000000000000, 0.8660254037844387100, 1.000000000000000000, 0.8660254037844387100, 1.000000000000000000, 0.8660254037844387100, 1.000000000000000000, 0.8660254037844387100, 1.000000000000000000, 0.8660254037844387100, 1.000000000000000000, 0.8660254037844387100, 1.000000000000000000, 0.8660254037844387100, 1.000000000000000000, 0.8660254037844387100, 1.000000000000000000, 0.8660254037844387100, 1.000000000000000000, 0.8660254037844387100, 1.000000000000000000, 0.8660254037844387100, 1.000000000000000000) ) ) 
 REPRESENTATION_ITEM ( '' )  SURFACE ( )  );
#176 = LINE ( 'NONE', #516, #570 ) ;
#177 = CARTESIAN_POINT ( 'NONE',  ( 12.74999999999999300, -2.000000000000002700, 3.249999999999987100 ) ) ;
#178 = CARTESIAN_POINT ( 'NONE',  ( 2.828427124746190300, -24.36918319299351400, 5.000000000000000000 ) ) ;
#179 = CARTESIAN_POINT ( 'NONE',  ( 2.909048696875262700, -24.38116942065010000, 4.771967758550468700 ) ) ;
#180 = CARTESIAN_POINT ( 'NONE',  ( 2.960886417037822000, -24.39669226322945100, 4.538574340477298500 ) ) ;
#181 = CARTESIAN_POINT ( 'NONE',  ( 3.008792415584876000, -24.43538803042174800, 4.063866225335091900 ) ) ;
#182 = CARTESIAN_POINT ( 'NONE',  ( 3.004024529390222600, -24.45886779714204100, 3.820362866433893800 ) ) ;
#183 = CARTESIAN_POINT ( 'NONE',  ( 2.938314906651720500, -24.51107375241664600, 3.349816654871652100 ) ) ;
#184 = CARTESIAN_POINT ( 'NONE',  ( 2.877311796508236000, -24.54026911945466700, 3.117798529015063800 ) ) ;
#185 = CARTESIAN_POINT ( 'NONE',  ( 2.701191214751355000, -24.60208661039337800, 2.673060426739961600 ) ) ;
#186 = CARTESIAN_POINT ( 'NONE',  ( 2.588408648631023400, -24.63401361991871900, 2.464822300052915200 ) ) ;
#187 = CARTESIAN_POINT ( 'NONE',  ( 2.314010375865571700, -24.69783486115674600, 2.075945457345562700 ) ) ;
#188 = CARTESIAN_POINT ( 'NONE',  ( 2.152158081679442800, -24.72957870569888800, 1.896547565501496700 ) ) ;
#189 = CARTESIAN_POINT ( 'NONE',  ( 1.794746882123786900, -24.78737629474229500, 1.584388238594048600 ) ) ;
#190 = CARTESIAN_POINT ( 'NONE',  ( 1.594482448132631000, -24.81415337917748700, 1.447604985597368300 ) ) ;
#191 = CARTESIAN_POINT ( 'NONE',  ( 1.170355183389073300, -24.85841126899457600, 1.227390519444765400 ) ) ;
#192 = CARTESIAN_POINT ( 'NONE',  ( 0.9472177084857074100, -24.87599717958690700, 1.143231855272908400 ) ) ;
#193 = CARTESIAN_POINT ( 'NONE',  ( 0.4779467736213808300, -24.90018330112264200, 1.028483131196914000 ) ) ;
#194 = CARTESIAN_POINT ( 'NONE',  ( 0.2393551306091367400, -24.90632975096301700, 0.9999999999985910200 ) ) ;
#195 = CARTESIAN_POINT ( 'NONE',  ( -1.766077973712777000E-011, -24.90632975096271200, 0.9999999999999995600 ) ) ;
#196 = FACE_OUTER_BOUND ( 'NONE', #4511, .T. ) ;
#197 = B_SPLINE_CURVE_WITH_KNOTS ( 'NONE', 3,
 ( #195, #194, #193, #192, #191, #190, #189, #188, #187, #186, #185, #184, #183, #182, #181, #180, #179, #178 ),
 .UNSPECIFIED., .F., .F.,
 ( 4, 2, 2, 2, 2, 2, 2, 2, 4 ),
 ( 0.009408926066629380600, 0.01012564187234243700, 0.01084235767805549600, 0.01155907348376855300, 0.01227578928948161100, 0.01299250509519466800, 0.01370922090090772500, 0.01442593670662078300, 0.01514265251233384000 ),
 .UNSPECIFIED. ) ;
#198 = CARTESIAN_POINT ( 'NONE',  ( -12.24997990347965500, 7.072575605652972700, 35.24333169624154000 ) ) ;
#199 = CARTESIAN_POINT ( 'NONE',  ( -12.24999999995053700, 3.480810861792681700E-005, 35.54499836290821000 ) ) ;
#200 = CARTESIAN_POINT ( 'NONE',  ( -12.25002009642141400, -7.072505989435742700, 35.84666502957487200 ) ) ;
#201 = CARTESIAN_POINT ( 'NONE',  ( -6.125030144681588200, -10.60879379226222600, 36.14833169624154200 ) ) ;
#202 = CARTESIAN_POINT ( 'NONE',  ( -4.019294176194966500E-005, -14.14508159508871500, 36.44999836290820400 ) ) ;
#203 = CARTESIAN_POINT ( 'NONE',  ( 6.124969855268947300, -10.60882860037084700, 36.75166502957487300 ) ) ;
#204 = CARTESIAN_POINT ( 'NONE',  ( 12.24997990347965500, -7.072575605652976300, 37.05333169624154300 ) ) ;
#205 = CARTESIAN_POINT ( 'NONE',  ( 12.24999999995053700, -3.480810861942695900E-005, 37.35499836290820500 ) ) ;
#206 = CARTESIAN_POINT ( 'NONE',  ( 12.25002009642141400, 7.072505989435744500, 37.65666502957487400 ) ) ;
#207 = CARTESIAN_POINT ( 'NONE',  ( 6.125030144681582900, 10.60879379226223100, 37.95833169624153700 ) ) ;
#208 = CARTESIAN_POINT ( 'NONE',  ( 4.019294176021744900E-005, 14.14508159508871500, 38.25999836290820600 ) ) ;
#209 = CARTESIAN_POINT ( 'NONE',  ( -6.124969855268950900, 10.60882860037084400, 38.56166502957486800 ) ) ;
#210 = CARTESIAN_POINT ( 'NONE',  ( -12.24997990347965500, 7.072575605652972700, 38.86333169624152400 ) ) ;
#211 = CARTESIAN_POINT ( 'NONE',  ( -12.24999999995053700, 3.480810861792681700E-005, 39.16499836290819300 ) ) ;
#212 = CARTESIAN_POINT ( 'NONE',  ( -12.25002009642141400, -7.072505989435742700, 39.46666502957486200 ) ) ;
#213 = CARTESIAN_POINT ( 'NONE',  ( -6.125030144681588200, -10.60879379226222600, 39.76833169624152500 ) ) ;
#214 = CARTESIAN_POINT ( 'NONE',  ( -4.019294176194966500E-005, -14.14508159508871500, 40.06999836290820100 ) ) ;
#215 = CARTESIAN_POINT ( 'NONE',  ( 6.124969855268947300, -10.60882860037084700, 40.37166502957486400 ) ) ;
#216 = CARTESIAN_POINT ( 'NONE',  ( 12.24997990347965500, -7.072575605652976300, 40.67333169624152600 ) ) ;
#217 = CARTESIAN_POINT ( 'NONE',  ( 12.24999999995053700, -3.480810861942695900E-005, 40.97499836290819500 ) ) ;
#218 = CARTESIAN_POINT ( 'NONE',  ( 12.25002009642141400, 7.072505989435744500, 41.27666502957485800 ) ) ;
#219 = CARTESIAN_POINT ( 'NONE',  ( 6.125030144681582900, 10.60879379226223100, 41.57833169624152700 ) ) ;
#220 = CARTESIAN_POINT ( 'NONE',  ( 4.019294176021744900E-005, 14.14508159508871500, 41.87999836290818900 ) ) ;
#221 = CARTESIAN_POINT ( 'NONE',  ( -6.124969855268950900, 10.60882860037084400, 42.18166502957485900 ) ) ;
#222 = CARTESIAN_POINT ( 'NONE',  ( -12.24997990347965500, 7.072575605652972700, 42.48333169624152100 ) ) ;
#223 = CARTESIAN_POINT ( 'NONE',  ( -12.24999999995053700, 3.480810861792681700E-005, 42.78499836290819800 ) ) ;
#224 = CARTESIAN_POINT ( 'NONE',  ( -12.25002009642141400, -7.072505989435742700, 43.08666502957485300 ) ) ;
#225 = CARTESIAN_POINT ( 'NONE',  ( -6.125030144681588200, -10.60879379226222600, 43.38833169624152200 ) ) ;
#226 = CARTESIAN_POINT ( 'NONE',  ( -4.019294176194966500E-005, -14.14508159508871500, 43.68999836290819200 ) ) ;
#227 = CARTESIAN_POINT ( 'NONE',  ( 6.124969855268947300, -10.60882860037084700, 43.99166502957485400 ) ) ;
#228 = CARTESIAN_POINT ( 'NONE',  ( 12.24997990347965500, -7.072575605652976300, 44.29333169624152300 ) ) ;
#229 = CARTESIAN_POINT ( 'NONE',  ( 12.24999999995053700, -3.480810861942695900E-005, 44.59499836290818600 ) ) ;
#230 = CARTESIAN_POINT ( 'NONE',  ( 12.25002009642141400, 7.072505989435744500, 44.89666502957485500 ) ) ;
#231 = CARTESIAN_POINT ( 'NONE',  ( 6.125030144681582900, 10.60879379226223100, 45.19833169624151700 ) ) ;
#232 = CARTESIAN_POINT ( 'NONE',  ( 4.019294176021744900E-005, 14.14508159508871500, 45.49999836290818700 ) ) ;
#233 = CARTESIAN_POINT ( 'NONE',  ( -6.124969855268950900, 10.60882860037084400, 45.80166502957484900 ) ) ;
#234 = CARTESIAN_POINT ( 'NONE',  ( -12.24997990347965500, 7.072575605652972700, 46.10333169624150400 ) ) ;
#235 = CARTESIAN_POINT ( 'NONE',  ( -12.24999999995053700, 3.480810861792681700E-005, 46.40499836290818100 ) ) ;
#236 = CARTESIAN_POINT ( 'NONE',  ( -12.25002009642141400, -7.072505989435742700, 46.70666502957484300 ) ) ;
#237 = CARTESIAN_POINT ( 'NONE',  ( -6.125030144681588200, -10.60879379226222600, 47.00833169624152000 ) ) ;
#238 = CARTESIAN_POINT ( 'NONE',  ( -4.019294176194966500E-005, -14.14508159508871500, 47.30999836290818200 ) ) ;
#239 = CARTESIAN_POINT ( 'NONE',  ( 6.124969855268947300, -10.60882860037084700, 47.61166502957484400 ) ) ;
#240 = CARTESIAN_POINT ( 'NONE',  ( 12.24997990347965500, -7.072575605652976300, 47.91333169624151400 ) ) ;
#241 = CARTESIAN_POINT ( 'NONE',  ( 12.24999999995053700, -3.480810861942695900E-005, 48.21499836290817600 ) ) ;
#242 = CARTESIAN_POINT ( 'NONE',  ( -14.74999999994049200, 4.191180425423855700E-005, 42.78499836290816900 ) ) ;
#243 = CARTESIAN_POINT ( 'NONE',  ( -14.75002419773195500, -8.515874558708374000, 43.08666502957483900 ) ) ;
#244 = CARTESIAN_POINT ( 'NONE',  ( -7.375036296657445900, -12.77385374986680600, 43.38833169624150100 ) ) ;
#245 = CARTESIAN_POINT ( 'NONE',  ( -4.839558293785793100E-005, -17.03183294102524700, 43.68999836290817000 ) ) ;
#246 = CARTESIAN_POINT ( 'NONE',  ( 7.374963703283043500, -12.77389566167106100, 43.99166502957484000 ) ) ;
#247 = CARTESIAN_POINT ( 'NONE',  ( 14.74997580214902200, -8.515958382316876300, 44.29333169624150900 ) ) ;
#248 = CARTESIAN_POINT ( 'NONE',  ( 14.74999999994049200, -4.191180425604484500E-005, 44.59499836290817100 ) ) ;
#249 = CARTESIAN_POINT ( 'NONE',  ( 14.75002419773195500, 8.515874558708375700, 44.89666502957483400 ) ) ;
#250 = CARTESIAN_POINT ( 'NONE',  ( 7.375036296657440500, 12.77385374986680900, 45.19833169624149600 ) ) ;
#251 = CARTESIAN_POINT ( 'NONE',  ( 4.839558293577219700E-005, 17.03183294102524700, 45.49999836290816500 ) ) ;
#252 = CARTESIAN_POINT ( 'NONE',  ( -7.374963703283048800, 12.77389566167105700, 45.80166502957482100 ) ) ;
#253 = CARTESIAN_POINT ( 'NONE',  ( -14.74997580214902200, 8.515958382316872700, 46.10333169624149000 ) ) ;
#254 = CARTESIAN_POINT ( 'NONE',  ( -14.74999999994049200, 4.191180425423855700E-005, 46.40499836290816700 ) ) ;
#255 = CARTESIAN_POINT ( 'NONE',  ( -14.75002419773195500, -8.515874558708374000, 46.70666502957483600 ) ) ;
#256 = CARTESIAN_POINT ( 'NONE',  ( -7.375036296657445900, -12.77385374986680600, 47.00833169624149100 ) ) ;
#257 = CARTESIAN_POINT ( 'NONE',  ( -4.839558293785793100E-005, -17.03183294102524700, 47.30999836290816800 ) ) ;
#258 = CARTESIAN_POINT ( 'NONE',  ( 7.374963703283043500, -12.77389566167106100, 47.61166502957482300 ) ) ;
#259 = CARTESIAN_POINT ( 'NONE',  ( 14.74997580214902200, -8.515958382316876300, 47.91333169624149200 ) ) ;
#260 = CARTESIAN_POINT ( 'NONE',  ( 14.74999999994049200, -4.191180425604484500E-005, 48.21499836290815500 ) ) ;
#261 = CARTESIAN_POINT ( 'NONE',  ( 12.24999999995053700, -3.480810861942695900E-005, 26.49499836290823000 ) ) ;
#262 = CARTESIAN_POINT ( 'NONE',  ( 12.25002009642141400, 7.072505989435744500, 26.79666502957489600 ) ) ;
#263 = CARTESIAN_POINT ( 'NONE',  ( 6.125030144681582900, 10.60879379226223100, 27.09833169624156200 ) ) ;
#264 = CARTESIAN_POINT ( 'NONE',  ( 4.019294176021744900E-005, 14.14508159508871500, 27.39999836290822400 ) ) ;
#265 = CARTESIAN_POINT ( 'NONE',  ( -6.124969855268950900, 10.60882860037084400, 27.70166502957489000 ) ) ;
#266 = CARTESIAN_POINT ( 'NONE',  ( -12.24997990347965500, 7.072575605652972700, 28.00333169624156000 ) ) ;
#267 = CARTESIAN_POINT ( 'NONE',  ( -12.24999999995053700, 3.480810861792681700E-005, 28.30499836290822600 ) ) ;
#268 = CARTESIAN_POINT ( 'NONE',  ( -12.25002009642141400, -7.072505989435742700, 28.60666502957489100 ) ) ;
#269 = CARTESIAN_POINT ( 'NONE',  ( -6.125030144681588200, -10.60879379226222600, 28.90833169624155700 ) ) ;
#270 = CARTESIAN_POINT ( 'NONE',  ( -4.019294176194966500E-005, -14.14508159508871500, 29.20999836290822000 ) ) ;
#271 = CARTESIAN_POINT ( 'NONE',  ( 6.124969855268947300, -10.60882860037084700, 29.51166502957488500 ) ) ;
#272 = CARTESIAN_POINT ( 'NONE',  ( 12.24997990347965500, -7.072575605652976300, 29.81333169624155500 ) ) ;
#273 = CARTESIAN_POINT ( 'NONE',  ( 12.24999999995053700, -3.480810861942695900E-005, 30.11499836290822100 ) ) ;
#274 = CARTESIAN_POINT ( 'NONE',  ( 12.25002009642141400, 7.072505989435744500, 30.41666502957488700 ) ) ;
#275 = CARTESIAN_POINT ( 'NONE',  ( 6.125030144681582900, 10.60879379226223100, 30.71833169624155200 ) ) ;
#276 = CARTESIAN_POINT ( 'NONE',  ( 4.019294176021744900E-005, 14.14508159508871500, 31.01999836290821800 ) ) ;
#277 = CARTESIAN_POINT ( 'NONE',  ( -6.124969855268950900, 10.60882860037084400, 31.32166502957488400 ) ) ;
#278 = CARTESIAN_POINT ( 'NONE',  ( -12.24997990347965500, 7.072575605652972700, 31.62333169624155700 ) ) ;
#279 = CARTESIAN_POINT ( 'NONE',  ( -12.24999999995053700, 3.480810861792681700E-005, 31.92499836290821200 ) ) ;
#280 = CARTESIAN_POINT ( 'NONE',  ( -12.25002009642141400, -7.072505989435742700, 32.22666502957488900 ) ) ;
#281 = CARTESIAN_POINT ( 'NONE',  ( -6.125030144681588200, -10.60879379226222600, 32.52833169624154400 ) ) ;
#282 = CARTESIAN_POINT ( 'NONE',  ( -4.019294176194966500E-005, -14.14508159508871500, 32.82999836290821300 ) ) ;
#283 = CARTESIAN_POINT ( 'NONE',  ( 6.124969855268947300, -10.60882860037084700, 33.13166502957488300 ) ) ;
#284 = CARTESIAN_POINT ( 'NONE',  ( 12.24997990347965500, -7.072575605652976300, 33.43333169624154500 ) ) ;
#285 = CARTESIAN_POINT ( 'NONE',  ( 12.24999999995053700, -3.480810861942695900E-005, 33.73499836290821500 ) ) ;
#286 = CARTESIAN_POINT ( 'NONE',  ( 12.25002009642141400, 7.072505989435744500, 34.03666502957487700 ) ) ;
#287 = CARTESIAN_POINT ( 'NONE',  ( 6.125030144681582900, 10.60879379226223100, 34.33833169624154600 ) ) ;
#288 = CARTESIAN_POINT ( 'NONE',  ( 4.019294176021744900E-005, 14.14508159508871500, 34.63999836290820900 ) ) ;
#289 = CARTESIAN_POINT ( 'NONE',  ( -6.124969855268950900, 10.60882860037084400, 34.94166502957487100 ) ) ;
#290 = LINE ( 'NONE', #351, #350 ) ;
#291 = CARTESIAN_POINT ( 'NONE',  ( 2.999999999999999600, 6.000000000000000900, 18.00000000000000400 ) ) ;
#292 = DIRECTION ( 'NONE',  ( -0.0000000000000000000, -0.0000000000000000000, 1.000000000000000000 ) ) ;
#293 = VECTOR ( 'NONE', #292, 1000.000000000000000 ) ;
#294 = CARTESIAN_POINT ( 'NONE',  ( 2.999999999999999600, 6.000000000000000900, 4.583592135001262900 ) ) ;
#295 = LINE ( 'NONE', #294, #293 ) ;
#296 = DIRECTION ( 'NONE',  ( -1.445602896647339400E-016, 1.000000000000000000, 0.0000000000000000000 ) ) ;
#297 = DIRECTION ( 'NONE',  ( 1.000000000000000000, 1.445602896647339400E-016, 0.0000000000000000000 ) ) ;
#298 = CARTESIAN_POINT ( 'NONE',  ( 18.30822844735953900, -11.27203491474785000, 55.00000000000000000 ) ) ;
#299 = CARTESIAN_POINT ( 'NONE',  ( 18.30822844735953900, -11.27203491474785400, 50.82224149722621600 ) ) ;
#300 = CARTESIAN_POINT ( 'NONE',  ( 18.38896378685059200, -11.32707933718801000, 46.64819525586467100 ) ) ;
#301 = CARTESIAN_POINT ( 'NONE',  ( 18.66482554735572600, -11.51515870089728500, 38.30536254662527500 ) ) ;
#302 = CARTESIAN_POINT ( 'NONE',  ( 18.86009011055491100, -11.64828782591344600, 34.13658243061146200 ) ) ;
#303 = CARTESIAN_POINT ( 'NONE',  ( 19.55995300029876900, -12.12544626478416100, 21.63548705574657300 ) ) ;
#304 = CARTESIAN_POINT ( 'NONE',  ( 20.17699472611910800, -12.54613819019585500, 13.31660537112158800 ) ) ;
#305 = CARTESIAN_POINT ( 'NONE',  ( 20.81640419440099200, -12.98208018420014300, 5.000000000000004400 ) ) ;
#306 = CARTESIAN_POINT ( 'NONE',  ( 2.999999999999999600, 6.000000000000000900, 4.583592135001262900 ) ) ;
#307 = PLANE ( 'NONE',  #309 ) ;
#308 = B_SPLINE_CURVE_WITH_KNOTS ( 'NONE', 3,
 ( #305, #304, #303, #302, #301, #300, #299, #298 ),
 .UNSPECIFIED., .F., .F.,
 ( 4, 2, 2, 4 ),
 ( 0.0000000000000000000, 0.02505648205854301600, 0.03758472308781452000, 0.05011296411708603100 ),
 .UNSPECIFIED. ) ;
#309 = AXIS2_PLACEMENT_3D ( 'NONE', #306, #297, #296 ) ;
#310 = FACE_OUTER_BOUND ( 'NONE', #4529, .T. ) ;
#311 = CARTESIAN_POINT ( 'NONE',  ( 19.68976407827377900, -14.63455773283214800, 5.000000000000000900 ) ) ;
#312 = CARTESIAN_POINT ( 'NONE',  ( 19.05036026902393700, -14.19861959709058600, 13.31653176580499000 ) ) ;
#313 = CARTESIAN_POINT ( 'NONE',  ( 18.43326887220360500, -13.77789380656451700, 21.63629758780138000 ) ) ;
#314 = CARTESIAN_POINT ( 'NONE',  ( 17.73348133526004500, -13.30078674236316000, 34.13601042383937300 ) ) ;
#315 = CARTESIAN_POINT ( 'NONE',  ( 17.53816341473589400, -13.16762123893878700, 38.30585360546407300 ) ) ;
#316 = CARTESIAN_POINT ( 'NONE',  ( 17.26230424608250000, -12.97954364232411000, 46.64895751929454800 ) ) ;
#317 = CARTESIAN_POINT ( 'NONE',  ( 17.18158833123231600, -12.92451246337985700, 50.82283696912821100 ) ) ;
#318 = CARTESIAN_POINT ( 'NONE',  ( 17.18158833123231200, -12.92451246337985400, 55.00000000000000000 ) ) ;
#319 = B_SPLINE_CURVE_WITH_KNOTS ( 'NONE', 3,
 ( #318, #317, #316, #315, #314, #313, #312, #311 ),
 .UNSPECIFIED., .F., .F.,
 ( 4, 2, 2, 4 ),
 ( 0.0000000000000000000, 0.01252441626355261200, 0.02504883252710522400, 0.05009766505421044800 ),
 .UNSPECIFIED. ) ;
#320 = CARTESIAN_POINT ( 'NONE',  ( 18.64902350825177600, -15.93960512943625600, 4.999999999999996400 ) ) ;
#321 = CARTESIAN_POINT ( 'NONE',  ( 0.0000000000000000000, 0.0000000000000000000, 4.999999999999999100 ) ) ;
#322 = B_SPLINE_CURVE_WITH_KNOTS ( 'NONE', 3,
 ( #379, #378, #377, #376, #375, #374, #373, #372 ),
 .UNSPECIFIED., .F., .F.,
 ( 4, 2, 2, 4 ),
 ( 0.0000000000000000000, 0.02505648205854302300, 0.03758472308781453400, 0.05011296411708604500 ),
 .UNSPECIFIED. ) ;
#323 = CARTESIAN_POINT ( 'NONE',  ( 20.99999999999999300, 1.000000000000000000, 5.000000000000000900 ) ) ;
#324 = DIRECTION ( 'NONE',  ( -1.000000000000000000, 0.0000000000000000000, 0.0000000000000000000 ) ) ;
#325 = VECTOR ( 'NONE', #324, 1000.000000000000000 ) ;
#326 = CARTESIAN_POINT ( 'NONE',  ( 20.99999999999999300, 1.000000000000000000, 5.000000000000000900 ) ) ;
#327 = LINE ( 'NONE', #326, #325 ) ;
#328 = DIRECTION ( 'NONE',  ( -1.000000000000000000, 0.0000000000000000000, 0.0000000000000000000 ) ) ;
#329 = DIRECTION ( 'NONE',  ( -0.0000000000000000000, 0.0000000000000000000, -1.000000000000000000 ) ) ;
#330 = CARTESIAN_POINT ( 'NONE',  ( 0.0000000000000000000, 0.0000000000000000000, 5.000000000000000000 ) ) ;
#331 = AXIS2_PLACEMENT_3D ( 'NONE', #330, #329, #328 ) ;
#332 = PLANE ( 'NONE',  #331 ) ;
#333 = FACE_OUTER_BOUND ( 'NONE', #4553, .T. ) ;
#334 = DIRECTION ( 'NONE',  ( 1.000000000000000000, 0.0000000000000000000, -0.0000000000000000000 ) ) ;
#335 = VECTOR ( 'NONE', #334, 1000.000000000000000 ) ;
#336 = CARTESIAN_POINT ( 'NONE',  ( -3.000000000000000400, 6.000000000000000900, 18.00000000000000400 ) ) ;
#337 = LINE ( 'NONE', #336, #335 ) ;
#338 = DIRECTION ( 'NONE',  ( 0.0000000000000000000, -0.0000000000000000000, 1.000000000000000000 ) ) ;
#339 = DIRECTION ( 'NONE',  ( -0.0000000000000000000, 1.000000000000000000, 0.0000000000000000000 ) ) ;
#340 = CARTESIAN_POINT ( 'NONE',  ( -3.000000000000000400, 6.000000000000000900, 4.583592135001262900 ) ) ;
#341 = AXIS2_PLACEMENT_3D ( 'NONE', #340, #339, #338 ) ;
#342 = PLANE ( 'NONE',  #341 ) ;
#343 = FACE_OUTER_BOUND ( 'NONE', #4541, .T. ) ;
#344 = DIRECTION ( 'NONE',  ( -0.0000000000000000000, -0.0000000000000000000, 1.000000000000000000 ) ) ;
#345 = VECTOR ( 'NONE', #344, 1000.000000000000000 ) ;
#346 = CARTESIAN_POINT ( 'NONE',  ( 3.000000000000001300, -5.999999999999999100, 4.583592135001262900 ) ) ;
#347 = LINE ( 'NONE', #346, #345 ) ;
#348 = CARTESIAN_POINT ( 'NONE',  ( 3.000000000000001300, -5.999999999999999100, 18.00000000000000400 ) ) ;
#349 = DIRECTION ( 'NONE',  ( 1.445602896647339400E-016, -1.000000000000000000, 0.0000000000000000000 ) ) ;
#350 = VECTOR ( 'NONE', #349, 1000.000000000000000 ) ;
#351 = CARTESIAN_POINT ( 'NONE',  ( 2.999999999999999600, 6.000000000000000900, 18.00000000000000400 ) ) ;
#352 = DIRECTION ( 'NONE',  ( -1.000000000000000000, 0.0000000000000000000, 0.0000000000000000000 ) ) ;
#353 = DIRECTION ( 'NONE',  ( 0.0000000000000000000, 0.0000000000000000000, 1.000000000000000000 ) ) ;
#354 = AXIS2_PLACEMENT_3D ( 'NONE', #367, #353, #352 ) ;
#355 = CARTESIAN_POINT ( 'NONE',  ( 11.39016782141503900, -21.72834937342638600, 5.000000000000000900 ) ) ;
#356 = CARTESIAN_POINT ( 'NONE',  ( 11.60439120124190800, -18.09939515145572000, 55.00000000000000000 ) ) ;
#357 = CARTESIAN_POINT ( 'NONE',  ( 11.60439120124191000, -18.09939515145572000, 50.82224149722621600 ) ) ;
#358 = CARTESIAN_POINT ( 'NONE',  ( 11.65324834883698000, -18.18401821340328800, 46.64819525586467100 ) ) ;
#359 = CARTESIAN_POINT ( 'NONE',  ( 11.82018662931982600, -18.47316379692775000, 38.30536254662527500 ) ) ;
#360 = CARTESIAN_POINT ( 'NONE',  ( 11.93835135921938200, -18.67783111277643100, 34.13658243061146200 ) ) ;
#361 = CARTESIAN_POINT ( 'NONE',  ( 12.36187474707009700, -19.41139513872754600, 21.63548705574657300 ) ) ;
#362 = CARTESIAN_POINT ( 'NONE',  ( 12.73527874661682600, -20.05814983769187900, 13.31660537112158800 ) ) ;
#363 = CARTESIAN_POINT ( 'NONE',  ( 13.12221862898390500, -20.72834937342636500, 5.000000000000000900 ) ) ;
#364 = CIRCLE ( 'NONE', #354, 24.53277582120860200 ) ;
#365 = CARTESIAN_POINT ( 'NONE',  ( 13.12221862898390500, -20.72834937342636500, 5.000000000000000900 ) ) ;
#366 = B_SPLINE_CURVE_WITH_KNOTS ( 'NONE', 3,
 ( #363, #362, #361, #360, #359, #358, #357, #356 ),
 .UNSPECIFIED., .F., .F.,
 ( 4, 2, 2, 4 ),
 ( 0.0000000000000000000, 0.02505648205854301600, 0.03758472308781452000, 0.05011296411708603100 ),
 .UNSPECIFIED. ) ;
#367 = CARTESIAN_POINT ( 'NONE',  ( 0.0000000000000000000, 0.0000000000000000000, 4.999999999999999100 ) ) ;
#368 = DIRECTION ( 'NONE',  ( -1.000000000000000000, 0.0000000000000000000, 0.0000000000000000000 ) ) ;
#369 = DIRECTION ( 'NONE',  ( 0.0000000000000000000, 0.0000000000000000000, 1.000000000000000000 ) ) ;
#370 = AXIS2_PLACEMENT_3D ( 'NONE', #321, #369, #368 ) ;
#371 = CIRCLE ( 'NONE', #370, 24.53277582120860200 ) ;
#372 = CARTESIAN_POINT ( 'NONE',  ( 16.42373103420995800, -13.87483545545417800, 55.00000000000000000 ) ) ;
#373 = CARTESIAN_POINT ( 'NONE',  ( 16.42373103420995800, -13.87483545545417700, 50.82224149722621600 ) ) ;
#374 = CARTESIAN_POINT ( 'NONE',  ( 16.49536068120362500, -13.94129805513301400, 46.64819525586467100 ) ) ;
#375 = CARTESIAN_POINT ( 'NONE',  ( 16.74010951917963300, -14.16839178968258000, 38.30536254662527500 ) ) ;
#376 = CARTESIAN_POINT ( 'NONE',  ( 16.91335127205389500, -14.32913664537006100, 34.13658243061146200 ) ) ;
#377 = CARTESIAN_POINT ( 'NONE',  ( 17.53428049650925000, -14.90527476981891500, 21.63548705574657300 ) ) ;
#378 = CARTESIAN_POINT ( 'NONE',  ( 18.08172949814218500, -15.41323321115153000, 13.31660537112158800 ) ) ;
#379 = CARTESIAN_POINT ( 'NONE',  ( 18.64902350825177600, -15.93960512943625600, 4.999999999999996400 ) ) ;
#380 = CARTESIAN_POINT ( 'NONE',  ( 17.28867803270995300, -17.40570887309590400, 5.000000000000000900 ) ) ;
#381 = CARTESIAN_POINT ( 'NONE',  ( -4.000000000000000900, 3.000000000000002200, 15.00000000000000400 ) ) ;
#382 = LINE ( 'NONE', #381, #449 ) ;
#383 = DIRECTION ( 'NONE',  ( -1.445602896647339200E-016, 1.000000000000000000, 0.0000000000000000000 ) ) ;
#384 = DIRECTION ( 'NONE',  ( 1.000000000000000000, 1.445602896647339200E-016, 0.0000000000000000000 ) ) ;
#385 = CARTESIAN_POINT ( 'NONE',  ( -4.000000000000000900, 3.000000000000002200, 15.00000000000000400 ) ) ;
#386 = AXIS2_PLACEMENT_3D ( 'NONE', #385, #384, #383 ) ;
#387 = PLANE ( 'NONE',  #386 ) ;
#388 = FACE_OUTER_BOUND ( 'NONE', #4630, .T. ) ;
#389 = DIRECTION ( 'NONE',  ( 1.000000000000000000, 0.0000000000000000000, -0.0000000000000000000 ) ) ;
#390 = DIRECTION ( 'NONE',  ( 0.0000000000000000000, 0.0000000000000000000, 1.000000000000000000 ) ) ;
#391 = CARTESIAN_POINT ( 'NONE',  ( 0.0000000000000000000, 2.999999999999997300, 18.00000000000000400 ) ) ;
#392 = AXIS2_PLACEMENT_3D ( 'NONE', #391, #390, #389 ) ;
#393 = PLANE ( 'NONE',  #392 ) ;
#394 = FACE_OUTER_BOUND ( 'NONE', #4587, .T. ) ;
#395 = FACE_BOUND ( 'NONE', #4584, .T. ) ;
#396 = DIRECTION ( 'NONE',  ( -1.000000000000000000, 0.0000000000000000000, 0.0000000000000000000 ) ) ;
#397 = VECTOR ( 'NONE', #396, 1000.000000000000000 ) ;
#398 = CARTESIAN_POINT ( 'NONE',  ( -2.999999999999998700, -5.999999999999999100, 18.00000000000000400 ) ) ;
#399 = LINE ( 'NONE', #398, #397 ) ;
#400 = DIRECTION ( 'NONE',  ( 0.0000000000000000000, -0.0000000000000000000, -1.000000000000000000 ) ) ;
#401 = DIRECTION ( 'NONE',  ( 0.0000000000000000000, -1.000000000000000000, 0.0000000000000000000 ) ) ;
#402 = CARTESIAN_POINT ( 'NONE',  ( -2.999999999999998700, -5.999999999999999100, 4.583592135001262900 ) ) ;
#403 = AXIS2_PLACEMENT_3D ( 'NONE', #402, #401, #400 ) ;
#404 = PLANE ( 'NONE',  #403 ) ;
#405 = FACE_OUTER_BOUND ( 'NONE', #4577, .T. ) ;
#406 = DIRECTION ( 'NONE',  ( 0.0000000000000000000, -0.0000000000000000000, 1.000000000000000000 ) ) ;
#407 = DIRECTION ( 'NONE',  ( -0.0000000000000000000, 1.000000000000000000, 0.0000000000000000000 ) ) ;
#408 = CARTESIAN_POINT ( 'NONE',  ( 20.99999999999999300, 1.000000000000000000, -5.385164807134510000 ) ) ;
#409 = AXIS2_PLACEMENT_3D ( 'NONE', #408, #407, #406 ) ;
#410 = PLANE ( 'NONE',  #409 ) ;
#411 = FACE_OUTER_BOUND ( 'NONE', #4573, .T. ) ;
#412 = DIRECTION ( 'NONE',  ( -0.0000000000000000000, -0.0000000000000000000, 1.000000000000000000 ) ) ;
#413 = VECTOR ( 'NONE', #412, 1000.000000000000000 ) ;
#414 = CARTESIAN_POINT ( 'NONE',  ( 20.99999999999999300, -1.000000000000000000, -5.385164807134510000 ) ) ;
#415 = LINE ( 'NONE', #414, #413 ) ;
#416 = PLANE ( 'NONE',  #479 ) ;
#417 = FACE_OUTER_BOUND ( 'NONE', #4613, .T. ) ;
#418 = DIRECTION ( 'NONE',  ( -0.0000000000000000000, -0.0000000000000000000, 1.000000000000000000 ) ) ;
#419 = VECTOR ( 'NONE', #418, 1000.000000000000000 ) ;
#420 = CARTESIAN_POINT ( 'NONE',  ( -3.000000000000000400, 6.000000000000000900, 4.583592135001262900 ) ) ;
#421 = LINE ( 'NONE', #420, #419 ) ;
#422 = CARTESIAN_POINT ( 'NONE',  ( -3.000000000000000400, 6.000000000000000900, 18.00000000000000400 ) ) ;
#423 = DIRECTION ( 'NONE',  ( -1.445602896647339400E-016, 1.000000000000000000, 0.0000000000000000000 ) ) ;
#424 = VECTOR ( 'NONE', #423, 1000.000000000000000 ) ;
#425 = CARTESIAN_POINT ( 'NONE',  ( -3.000000000000000400, 6.000000000000000900, 18.00000000000000400 ) ) ;
#426 = LINE ( 'NONE', #425, #424 ) ;
#427 = DIRECTION ( 'NONE',  ( -0.0000000000000000000, -0.0000000000000000000, 1.000000000000000000 ) ) ;
#428 = VECTOR ( 'NONE', #427, 1000.000000000000000 ) ;
#429 = CARTESIAN_POINT ( 'NONE',  ( -2.999999999999998700, -5.999999999999999100, 4.583592135001262900 ) ) ;
#430 = LINE ( 'NONE', #429, #428 ) ;
#431 = CARTESIAN_POINT ( 'NONE',  ( 20.99999999999999300, -1.000000000000000000, 5.000000000000000900 ) ) ;
#432 = DIRECTION ( 'NONE',  ( -1.000000000000000000, 0.0000000000000000000, 0.0000000000000000000 ) ) ;
#433 = DIRECTION ( 'NONE',  ( 0.0000000000000000000, 0.0000000000000000000, 1.000000000000000000 ) ) ;
#434 = CARTESIAN_POINT ( 'NONE',  ( 20.99999999999999300, 0.0000000000000000000, 5.000000000000000900 ) ) ;
#435 = AXIS2_PLACEMENT_3D ( 'NONE', #434, #433, #432 ) ;
#436 = CIRCLE ( 'NONE', #435, 1.000000000000000900 ) ;
#437 = DIRECTION ( 'NONE',  ( 1.000000000000000000, 3.614007241618347800E-016, 0.0000000000000000000 ) ) ;
#438 = DIRECTION ( 'NONE',  ( 3.614007241618347800E-016, -1.000000000000000000, 0.0000000000000000000 ) ) ;
#439 = CARTESIAN_POINT ( 'NONE',  ( -10.00000000000000000, -3.000000000000000000, 15.00000000000000400 ) ) ;
#440 = AXIS2_PLACEMENT_3D ( 'NONE', #439, #438, #437 ) ;
#441 = PLANE ( 'NONE',  #440 ) ;
#442 = FACE_OUTER_BOUND ( 'NONE', #4598, .T. ) ;
#443 = DIRECTION ( 'NONE',  ( -0.0000000000000000000, -0.0000000000000000000, 1.000000000000000000 ) ) ;
#444 = VECTOR ( 'NONE', #443, 1000.000000000000000 ) ;
#445 = CARTESIAN_POINT ( 'NONE',  ( -4.000000000000000000, -2.999999999999997800, 15.00000000000000400 ) ) ;
#446 = LINE ( 'NONE', #445, #444 ) ;
#447 = CARTESIAN_POINT ( 'NONE',  ( -4.000000000000000000, -2.999999999999997800, 15.00000000000000400 ) ) ;
#448 = DIRECTION ( 'NONE',  ( -1.445602896647339200E-016, 1.000000000000000000, -0.0000000000000000000 ) ) ;
#449 = VECTOR ( 'NONE', #448, 1000.000000000000000 ) ;
#450 = CARTESIAN_POINT ( 'NONE',  ( -10.00000000000000000, -3.000000000000000000, 15.00000000000000400 ) ) ;
#451 = DIRECTION ( 'NONE',  ( 1.000000000000000000, 3.614007241618347800E-016, 0.0000000000000000000 ) ) ;
#452 = VECTOR ( 'NONE', #451, 1000.000000000000000 ) ;
#453 = CARTESIAN_POINT ( 'NONE',  ( -10.00000000000000000, -3.000000000000000000, 15.00000000000000400 ) ) ;
#454 = LINE ( 'NONE', #453, #452 ) ;
#455 = DIRECTION ( 'NONE',  ( -0.0000000000000000000, -0.0000000000000000000, 1.000000000000000000 ) ) ;
#456 = VECTOR ( 'NONE', #455, 1000.000000000000000 ) ;
#457 = CARTESIAN_POINT ( 'NONE',  ( -4.000000000000000900, 3.000000000000002200, 15.00000000000000400 ) ) ;
#458 = LINE ( 'NONE', #457, #456 ) ;
#459 = CARTESIAN_POINT ( 'NONE',  ( -4.000000000000000900, 3.000000000000002200, 15.00000000000000400 ) ) ;
#460 = DIRECTION ( 'NONE',  ( -1.000000000000000000, -3.614007241618348800E-016, -0.0000000000000000000 ) ) ;
#461 = VECTOR ( 'NONE', #460, 1000.000000000000000 ) ;
#462 = CARTESIAN_POINT ( 'NONE',  ( -10.00000000000000000, 3.000000000000000000, 15.00000000000000400 ) ) ;
#463 = LINE ( 'NONE', #462, #461 ) ;
#464 = CARTESIAN_POINT ( 'NONE',  ( -10.00000000000000000, 3.000000000000000000, 15.00000000000000400 ) ) ;
#465 = DIRECTION ( 'NONE',  ( -0.0000000000000000000, -0.0000000000000000000, 1.000000000000000000 ) ) ;
#466 = VECTOR ( 'NONE', #465, 1000.000000000000000 ) ;
#467 = CARTESIAN_POINT ( 'NONE',  ( -10.00000000000000000, 3.000000000000000000, 15.00000000000000400 ) ) ;
#468 = DIRECTION ( 'NONE',  ( -1.000000000000000000, -3.614007241618348800E-016, 0.0000000000000000000 ) ) ;
#469 = DIRECTION ( 'NONE',  ( -3.614007241618348800E-016, 1.000000000000000000, 0.0000000000000000000 ) ) ;
#470 = CARTESIAN_POINT ( 'NONE',  ( -10.00000000000000000, 3.000000000000000000, 15.00000000000000400 ) ) ;
#471 = AXIS2_PLACEMENT_3D ( 'NONE', #470, #469, #468 ) ;
#472 = LINE ( 'NONE', #467, #466 ) ;
#473 = PLANE ( 'NONE',  #471 ) ;
#474 = FACE_OUTER_BOUND ( 'NONE', #4620, .T. ) ;
#475 = CARTESIAN_POINT ( 'NONE',  ( -2.999999999999998700, -5.999999999999999100, 18.00000000000000400 ) ) ;
#476 = DIRECTION ( 'NONE',  ( 1.445602896647339400E-016, -1.000000000000000000, 0.0000000000000000000 ) ) ;
#477 = DIRECTION ( 'NONE',  ( -1.000000000000000000, -1.445602896647339400E-016, 0.0000000000000000000 ) ) ;
#478 = CARTESIAN_POINT ( 'NONE',  ( -3.000000000000000400, 6.000000000000000900, 4.583592135001262900 ) ) ;
#479 = AXIS2_PLACEMENT_3D ( 'NONE', #478, #477, #476 ) ;
#480 = CARTESIAN_POINT ( 'NONE',  ( -13.00000000000001100, 0.0000000000000000000, 15.00000000000000400 ) ) ;
#481 = CARTESIAN_POINT ( 'NONE',  ( 2.828427124746190300, -24.36124700876337100, 5.000000000000000900 ) ) ;
#482 = DIRECTION ( 'NONE',  ( -0.0000000000000000000, 1.000000000000000000, -0.0000000000000000000 ) ) ;
#483 = VECTOR ( 'NONE', #482, 1000.000000000000000 ) ;
#484 = CARTESIAN_POINT ( 'NONE',  ( 2.828427124746190300, -25.00000000000000000, 5.000000000000000000 ) ) ;
#485 = DIRECTION ( 'NONE',  ( 0.0000000000000000000, 0.0000000000000000000, 1.000000000000000000 ) ) ;
#486 = DIRECTION ( 'NONE',  ( -0.0000000000000000000, 1.000000000000000000, -0.0000000000000000000 ) ) ;
#487 = CARTESIAN_POINT ( 'NONE',  ( 0.0000000000000000000, -25.00000000000000000, 4.000000000000000000 ) ) ;
#488 = AXIS2_PLACEMENT_3D ( 'NONE', #487, #486, #485 ) ;
#489 = LINE ( 'NONE', #484, #483 ) ;
#490 = CYLINDRICAL_SURFACE ( 'NONE', #488, 3.000000000000000900 ) ;
#491 = FACE_OUTER_BOUND ( 'NONE', #4654, .T. ) ;
#492 = DIRECTION ( 'NONE',  ( 0.0000000000000000000, -0.0000000000000000000, -1.000000000000000000 ) ) ;
#493 = DIRECTION ( 'NONE',  ( 0.0000000000000000000, -1.000000000000000000, 0.0000000000000000000 ) ) ;
#494 = CARTESIAN_POINT ( 'NONE',  ( 20.99999999999999300, -1.000000000000000000, -5.385164807134510000 ) ) ;
#495 = AXIS2_PLACEMENT_3D ( 'NONE', #494, #493, #492 ) ;
#496 = PLANE ( 'NONE',  #495 ) ;
#497 = FACE_OUTER_BOUND ( 'NONE', #4645, .T. ) ;
#498 = DIRECTION ( 'NONE',  ( 1.000000000000000000, 0.0000000000000000000, 0.0000000000000000000 ) ) ;
#499 = VECTOR ( 'NONE', #498, 1000.000000000000000 ) ;
#500 = CARTESIAN_POINT ( 'NONE',  ( 20.99999999999999300, -1.000000000000000000, 5.000000000000000900 ) ) ;
#501 = LINE ( 'NONE', #500, #499 ) ;
#502 = DIRECTION ( 'NONE',  ( 0.7071067811865489100, -0.7071067811865461300, 0.0000000000000000000 ) ) ;
#503 = DIRECTION ( 'NONE',  ( -0.7071067811865461300, -0.7071067811865489100, 0.0000000000000000000 ) ) ;
#504 = CARTESIAN_POINT ( 'NONE',  ( -13.00000000000001100, 0.0000000000000000000, 15.00000000000000400 ) ) ;
#505 = AXIS2_PLACEMENT_3D ( 'NONE', #504, #503, #502 ) ;
#506 = PLANE ( 'NONE',  #505 ) ;
#507 = FACE_OUTER_BOUND ( 'NONE', #4639, .T. ) ;
#508 = DIRECTION ( 'NONE',  ( -0.0000000000000000000, -0.0000000000000000000, 1.000000000000000000 ) ) ;
#509 = VECTOR ( 'NONE', #508, 1000.000000000000000 ) ;
#510 = CARTESIAN_POINT ( 'NONE',  ( -10.00000000000000000, -3.000000000000000000, 15.00000000000000400 ) ) ;
#511 = LINE ( 'NONE', #510, #509 ) ;
#512 = DIRECTION ( 'NONE',  ( 0.7071067811865487900, -0.7071067811865461300, 0.0000000000000000000 ) ) ;
#513 = VECTOR ( 'NONE', #512, 1000.000000000000100 ) ;
#514 = CARTESIAN_POINT ( 'NONE',  ( -13.00000000000001100, 0.0000000000000000000, 15.00000000000000400 ) ) ;
#515 = LINE ( 'NONE', #514, #513 ) ;
#516 = CARTESIAN_POINT ( 'NONE',  ( -12.00000000000000000, 1.999999999999997300, 3.999999999999988000 ) ) ;
#517 = DIRECTION ( 'NONE',  ( 0.0000000000000000000, 0.0000000000000000000, 1.000000000000000000 ) ) ;
#518 = DIRECTION ( 'NONE',  ( 0.0000000000000000000, 1.000000000000000000, 0.0000000000000000000 ) ) ;
#519 = CARTESIAN_POINT ( 'NONE',  ( 0.0000000000000000000, -8.000000000000000000, 4.000000000000000000 ) ) ;
#520 = AXIS2_PLACEMENT_3D ( 'NONE', #519, #518, #517 ) ;
#521 = CIRCLE ( 'NONE', #520, 3.000000000000000900 ) ;
#522 = DIRECTION ( 'NONE',  ( 0.0000000000000000000, -0.0000000000000000000, -1.000000000000000000 ) ) ;
#523 = DIRECTION ( 'NONE',  ( 0.0000000000000000000, -1.000000000000000000, 0.0000000000000000000 ) ) ;
#524 = CARTESIAN_POINT ( 'NONE',  ( 11.99999999999999800, -8.000000000000000000, 13.00000000000000000 ) ) ;
#525 = AXIS2_PLACEMENT_3D ( 'NONE', #524, #523, #522 ) ;
#526 = PLANE ( 'NONE',  #525 ) ;
#527 = FACE_OUTER_BOUND ( 'NONE', #4671, .T. ) ;
#528 = FACE_BOUND ( 'NONE', #4667, .T. ) ;
#529 = DIRECTION ( 'NONE',  ( -0.0000000000000000000, -0.0000000000000000000, -1.000000000000000000 ) ) ;
#530 = VECTOR ( 'NONE', #529, 1000.000000000000000 ) ;
#531 = CARTESIAN_POINT ( 'NONE',  ( -12.00000000000000000, -8.000000000000000000, 13.00000000000000000 ) ) ;
#532 = LINE ( 'NONE', #531, #530 ) ;
#533 = CARTESIAN_POINT ( 'NONE',  ( 2.566535762496314100, -20.86654964721832400, 5.553349342494295900 ) ) ;
#534 = CARTESIAN_POINT ( 'NONE',  ( 2.672566064270564600, -22.28142569609218500, 5.378159799506553500 ) ) ;
#535 = CARTESIAN_POINT ( 'NONE',  ( 2.760167977319643900, -23.45039198718665900, 5.193066024093294400 ) ) ;
#536 = CARTESIAN_POINT ( 'NONE',  ( 2.828427124746190300, -24.36124700876337100, 5.000000000000000900 ) ) ;
#537 =( BOUNDED_CURVE ( )  B_SPLINE_CURVE ( 3, ( #536, #535, #534, #533 ),
 .UNSPECIFIED., .F., .T. ) 
 B_SPLINE_CURVE_WITH_KNOTS ( ( 4, 4 ),
 ( 3.481429563043914500, 3.685850268747591600 ),
 .UNSPECIFIED. ) 
 CURVE ( )  GEOMETRIC_REPRESENTATION_ITEM ( )  RATIONAL_B_SPLINE_CURVE ( ( 1.000000000000000000, 0.9965207118370764700, 0.9965207118370764700, 1.000000000000000000 ) ) 
 REPRESENTATION_ITEM ( '' )  );
#538 = CARTESIAN_POINT ( 'NONE',  ( 0.0000000000000000000, -18.80028600874643300, 4.000000000000000000 ) ) ;
#539 = CARTESIAN_POINT ( 'NONE',  ( 0.4499999999999995700, -18.80028600874643300, 6.966057989992779500 ) ) ;
#540 = DIRECTION ( 'NONE',  ( -0.0000000000000000000, 1.000000000000000000, -0.0000000000000000000 ) ) ;
#541 = VECTOR ( 'NONE', #540, 1000.000000000000000 ) ;
#542 = CARTESIAN_POINT ( 'NONE',  ( 0.4499999999999995700, -25.00000000000000000, 6.966057989992779500 ) ) ;
#543 = LINE ( 'NONE', #542, #541 ) ;
#544 = DIRECTION ( 'NONE',  ( -0.7071067811865489100, -0.7071067811865461300, 0.0000000000000000000 ) ) ;
#545 = DIRECTION ( 'NONE',  ( -0.7071067811865461300, 0.7071067811865489100, 0.0000000000000000000 ) ) ;
#546 = CARTESIAN_POINT ( 'NONE',  ( -10.00000000000000000, 3.000000000000000000, 15.00000000000000400 ) ) ;
#547 = AXIS2_PLACEMENT_3D ( 'NONE', #546, #545, #544 ) ;
#548 = FACE_OUTER_BOUND ( 'NONE', #4702, .T. ) ;
#549 = DIRECTION ( 'NONE',  ( 1.000000000000000000, 0.0000000000000000000, 0.0000000000000000000 ) ) ;
#550 = DIRECTION ( 'NONE',  ( -0.0000000000000000000, -0.0000000000000000000, 1.000000000000000000 ) ) ;
#551 = CARTESIAN_POINT ( 'NONE',  ( 20.99999999999999300, 0.0000000000000000000, -5.385164807134510000 ) ) ;
#552 = AXIS2_PLACEMENT_3D ( 'NONE', #551, #550, #549 ) ;
#553 = CYLINDRICAL_SURFACE ( 'NONE', #552, 1.000000000000000900 ) ;
#554 = PLANE ( 'NONE',  #547 ) ;
#555 = FACE_OUTER_BOUND ( 'NONE', #10304, .T. ) ;
#556 = DIRECTION ( 'NONE',  ( -0.0000000000000000000, -0.0000000000000000000, 1.000000000000000000 ) ) ;
#557 = VECTOR ( 'NONE', #556, 1000.000000000000000 ) ;
#558 = CARTESIAN_POINT ( 'NONE',  ( 20.99999999999999300, 1.000000000000000000, -5.385164807134510000 ) ) ;
#559 = LINE ( 'NONE', #558, #557 ) ;
#560 = DIRECTION ( 'NONE',  ( -0.0000000000000000000, 1.000000000000000000, 2.168404344971008900E-016 ) ) ;
#561 = VECTOR ( 'NONE', #560, 1000.000000000000000 ) ;
#562 = CARTESIAN_POINT ( 'NONE',  ( -12.00000000000000000, 1.999999999999997100, 1.999999999999988000 ) ) ;
#563 = LINE ( 'NONE', #562, #561 ) ;
#564 = CARTESIAN_POINT ( 'NONE',  ( -12.00000000000000000, 1.999999999999997100, 1.999999999999988000 ) ) ;
#565 = DIRECTION ( 'NONE',  ( -0.0000000000000000000, 2.168404344971008900E-016, 1.000000000000000000 ) ) ;
#566 = VECTOR ( 'NONE', #565, 1000.000000000000000 ) ;
#567 = CARTESIAN_POINT ( 'NONE',  ( -12.00000000000000000, 1.999999999999997300, 3.999999999999988000 ) ) ;
#568 = LINE ( 'NONE', #567, #566 ) ;
#569 = DIRECTION ( 'NONE',  ( 0.0000000000000000000, -1.000000000000000000, 0.0000000000000000000 ) ) ;
#570 = VECTOR ( 'NONE', #569, 1000.000000000000000 ) ;
#571 = CARTESIAN_POINT ( 'NONE',  ( 0.5721281681339548400, -21.01600983439119800, 6.944939618944281400 ) ) ;
#572 = CARTESIAN_POINT ( 'NONE',  ( 0.5610676800566210000, -20.86841787805787300, 6.947088395354381200 ) ) ;
#573 = CARTESIAN_POINT ( 'NONE',  ( 0.5834402939431048200, -20.71891347661132700, 6.943210681727291200 ) ) ;
#574 = CARTESIAN_POINT ( 'NONE',  ( 0.6885446691943197800, -20.44565601041621200, 6.920410575955738600 ) ) ;
#575 = CARTESIAN_POINT ( 'NONE',  ( 0.7720660250390540800, -20.32073640891282600, 6.900975692098272800 ) ) ;
#576 = CARTESIAN_POINT ( 'NONE',  ( 0.9275534514781953500, -20.17102193282927300, 6.853520820485118600 ) ) ;
#577 = CARTESIAN_POINT ( 'NONE',  ( 0.9850050873552613800, -20.12676832402473100, 6.834391784024624000 ) ) ;
#578 = CARTESIAN_POINT ( 'NONE',  ( 1.103758714933118100, -20.05352510302466800, 6.790291831811008400 ) ) ;
#579 = CARTESIAN_POINT ( 'NONE',  ( 1.165781566020118700, -20.02377543552580600, 6.765125266555452700 ) ) ;
#580 = CARTESIAN_POINT ( 'NONE',  ( 1.358572650128852000, -19.95423931054440600, 6.678458129593322700 ) ) ;
#581 = CARTESIAN_POINT ( 'NONE',  ( 1.488930096698733600, -19.93676214134934100, 6.608616528852508900 ) ) ;
#582 = CARTESIAN_POINT ( 'NONE',  ( 1.737847301453433200, -19.94773927883107900, 6.449832603319834800 ) ) ;
#583 = CARTESIAN_POINT ( 'NONE',  ( 1.853474314687655300, -19.97553331724784100, 6.363143765325966200 ) ) ;
#584 = CARTESIAN_POINT ( 'NONE',  ( 2.066612612638729600, -20.06599979294959700, 6.179203478358179100 ) ) ;
#585 = CARTESIAN_POINT ( 'NONE',  ( 2.160462994219809500, -20.12683733995979900, 6.085227987130912700 ) ) ;
#586 = CARTESIAN_POINT ( 'NONE',  ( 2.327203787192330300, -20.27917505177699900, 5.897339885361854600 ) ) ;
#587 = CARTESIAN_POINT ( 'NONE',  ( 2.399252000329534800, -20.36999044360544500, 5.803717685924844700 ) ) ;
#588 = CARTESIAN_POINT ( 'NONE',  ( 2.484551525471133400, -20.53365511187386300, 5.682098579209884400 ) ) ;
#589 = CARTESIAN_POINT ( 'NONE',  ( 2.509334041874101900, -20.59354198732781800, 5.644535107715765500 ) ) ;
#590 = FACE_OUTER_BOUND ( 'NONE', #4649, .T. ) ;
#591 = PLANE ( 'NONE',  #623 ) ;
#592 =( BOUNDED_CURVE ( )  B_SPLINE_CURVE ( 3, ( #628, #627, #626, #625 ),
 .UNSPECIFIED., .F., .T. ) 
 B_SPLINE_CURVE_WITH_KNOTS ( ( 4, 4 ),
 ( 1.762681075221119900, 1.848187038999802100 ),
 .UNSPECIFIED. ) 
 CURVE ( )  GEOMETRIC_REPRESENTATION_ITEM ( )  RATIONAL_B_SPLINE_CURVE ( ( 1.000000000000000000, 0.9993908203107765300, 0.9993908203107765300, 1.000000000000000000 ) ) 
 REPRESENTATION_ITEM ( '' )  );
#593 = CARTESIAN_POINT ( 'NONE',  ( 2.547439386620873300, -20.72257601080684700, 5.584867699749914900 ) ) ;
#594 = CARTESIAN_POINT ( 'NONE',  ( 2.561071830461482800, -20.79363854124772700, 5.562377174539297400 ) ) ;
#595 = CARTESIAN_POINT ( 'NONE',  ( 2.566535762496314100, -20.86654964721832400, 5.553349342494295900 ) ) ;
#596 = B_SPLINE_CURVE_WITH_KNOTS ( 'NONE', 3,
 ( #595, #594, #593, #589, #588, #587, #586, #585, #584, #583, #582, #581, #580, #579, #578, #577, #576, #575, #574, #573, #572, #571 ),
 .UNSPECIFIED., .F., .F.,
 ( 4, 2, 2, 2, 2, 2, 2, 2, 2, 2, 4 ),
 ( 7.449175662650923800E-005, 0.0002953595336039319600, 0.0005162273105813547600, 0.0009579628645362001400, 0.001399698418491045900, 0.001841433972445891100, 0.002283169526400736600, 0.002504037303378161300, 0.002724905080355586000, 0.003166640634310443200, 0.003608376188265300400 ),
 .UNSPECIFIED. ) ;
#597 = CARTESIAN_POINT ( 'NONE',  ( 0.5721281681339548400, -21.01600983439119800, 6.944939618944281400 ) ) ;
#598 = DIRECTION ( 'NONE',  ( 1.509903313490212600E-014, 0.0000000000000000000, 1.000000000000000000 ) ) ;
#599 = DIRECTION ( 'NONE',  ( -0.0000000000000000000, -1.000000000000000000, -0.0000000000000000000 ) ) ;
#600 = AXIS2_PLACEMENT_3D ( 'NONE', #538, #599, #598 ) ;
#601 = CIRCLE ( 'NONE', #600, 3.000000000000000900 ) ;
#602 = CARTESIAN_POINT ( 'NONE',  ( 2.566535762496314100, -20.86654964721832400, 5.553349342494295900 ) ) ;
#603 = CARTESIAN_POINT ( 'NONE',  ( -12.00000000000000000, 1.999999999999997300, 3.999999999999988000 ) ) ;
#604 = CARTESIAN_POINT ( 'NONE',  ( -12.00000000000000000, -2.000000000000003100, 1.999999999999987100 ) ) ;
#605 = CARTESIAN_POINT ( 'NONE',  ( -12.00000000000000000, -2.000000000000002200, 3.999999999999988000 ) ) ;
#606 = DIRECTION ( 'NONE',  ( 0.0000000000000000000, -2.168404344971007900E-016, -1.000000000000000000 ) ) ;
#607 = VECTOR ( 'NONE', #606, 1000.000000000000000 ) ;
#608 = CARTESIAN_POINT ( 'NONE',  ( -12.00000000000000000, -2.000000000000002700, 3.999999999999988000 ) ) ;
#609 = LINE ( 'NONE', #608, #607 ) ;
#610 = DIRECTION ( 'NONE',  ( 0.0000000000000000000, 0.0000000000000000000, 1.000000000000000000 ) ) ;
#611 = DIRECTION ( 'NONE',  ( -1.000000000000000000, 0.0000000000000000000, 0.0000000000000000000 ) ) ;
#612 = CARTESIAN_POINT ( 'NONE',  ( -12.00000000000000000, 8.000000000000000000, 13.00000000000000000 ) ) ;
#613 = AXIS2_PLACEMENT_3D ( 'NONE', #612, #611, #610 ) ;
#614 = PLANE ( 'NONE',  #613 ) ;
#615 = FACE_OUTER_BOUND ( 'NONE', #4681, .T. ) ;
#616 = FACE_BOUND ( 'NONE', #4711, .T. ) ;
#617 = DIRECTION ( 'NONE',  ( -0.0000000000000000000, -0.0000000000000000000, -1.000000000000000000 ) ) ;
#618 = VECTOR ( 'NONE', #617, 1000.000000000000000 ) ;
#619 = CARTESIAN_POINT ( 'NONE',  ( -12.00000000000000000, 8.000000000000000000, 13.00000000000000000 ) ) ;
#620 = DIRECTION ( 'NONE',  ( 0.0000000000000000000, 0.0000000000000000000, 1.000000000000000000 ) ) ;
#621 = DIRECTION ( 'NONE',  ( 0.0000000000000000000, 1.000000000000000000, -0.0000000000000000000 ) ) ;
#622 = CARTESIAN_POINT ( 'NONE',  ( 12.00000000000000000, 8.000000000000000000, 13.00000000000000000 ) ) ;
#623 = AXIS2_PLACEMENT_3D ( 'NONE', #622, #621, #620 ) ;
#624 = LINE ( 'NONE', #619, #618 ) ;
#625 = CARTESIAN_POINT ( 'NONE',  ( 0.8215411212511830600, -24.34419439804358700, 6.885319771895890300 ) ) ;
#626 = CARTESIAN_POINT ( 'NONE',  ( 0.7392787095465950300, -23.24647880074922700, 6.908742463067553400 ) ) ;
#627 = CARTESIAN_POINT ( 'NONE',  ( 0.6560903818679171300, -22.13640771343845200, 6.928627859196451400 ) ) ;
#628 = CARTESIAN_POINT ( 'NONE',  ( 0.5721281681339548400, -21.01600983439119800, 6.944939618944281400 ) ) ;
#629 = DIRECTION ( 'NONE',  ( 0.0000000000000000000, -2.168404344971007900E-016, -1.000000000000000000 ) ) ;
#630 = VECTOR ( 'NONE', #629, 1000.000000000000000 ) ;
#631 = CARTESIAN_POINT ( 'NONE',  ( -13.50000000000000000, -2.000000000000002700, 3.999999999999988000 ) ) ;
#632 = LINE ( 'NONE', #631, #630 ) ;
#633 = DIRECTION ( 'NONE',  ( 0.0000000000000000000, -2.168404344971007900E-016, -1.000000000000000000 ) ) ;
#634 = DIRECTION ( 'NONE',  ( 0.0000000000000000000, -1.000000000000000000, 2.168404344971007900E-016 ) ) ;
#635 = CARTESIAN_POINT ( 'NONE',  ( -13.50000000000000000, -2.000000000000002700, 3.999999999999988000 ) ) ;
#636 = AXIS2_PLACEMENT_3D ( 'NONE', #635, #634, #633 ) ;
#637 = PLANE ( 'NONE',  #636 ) ;
#638 = FACE_OUTER_BOUND ( 'NONE', #4737, .T. ) ;
#639 = DIRECTION ( 'NONE',  ( 1.000000000000000000, -0.0000000000000000000, -0.0000000000000000000 ) ) ;
#640 = VECTOR ( 'NONE', #639, 1000.000000000000000 ) ;
#641 = CARTESIAN_POINT ( 'NONE',  ( -13.50000000000000000, -2.000000000000003100, 1.999999999999987100 ) ) ;
#642 = LINE ( 'NONE', #641, #640 ) ;
#643 = CARTESIAN_POINT ( 'NONE',  ( -13.50000000000000000, 1.999999999999997100, 1.999999999999988000 ) ) ;
#644 = DIRECTION ( 'NONE',  ( -0.0000000000000000000, 2.168404344971008900E-016, 1.000000000000000000 ) ) ;
#645 = VECTOR ( 'NONE', #644, 1000.000000000000000 ) ;
#646 = CARTESIAN_POINT ( 'NONE',  ( -13.50000000000000000, 1.999999999999997300, 3.999999999999988000 ) ) ;
#647 = LINE ( 'NONE', #646, #645 ) ;
#648 = DIRECTION ( 'NONE',  ( 1.000000000000000000, -0.0000000000000000000, -0.0000000000000000000 ) ) ;
#649 = VECTOR ( 'NONE', #648, 1000.000000000000000 ) ;
#650 = CARTESIAN_POINT ( 'NONE',  ( 12.00000000000000000, 8.000000000000000000, 13.00000000000000000 ) ) ;
#651 = LINE ( 'NONE', #650, #649 ) ;
#652 = CARTESIAN_POINT ( 'NONE',  ( -12.00000000000000000, 8.000000000000000000, 13.00000000000000000 ) ) ;
#653 = DIRECTION ( 'NONE',  ( -0.0000000000000000000, 1.000000000000000000, -0.0000000000000000000 ) ) ;
#654 = VECTOR ( 'NONE', #653, 1000.000000000000000 ) ;
#655 = CARTESIAN_POINT ( 'NONE',  ( -12.00000000000000000, 8.000000000000000000, 13.00000000000000000 ) ) ;
#656 = LINE ( 'NONE', #655, #654 ) ;
#657 = CARTESIAN_POINT ( 'NONE',  ( -12.00000000000000000, -8.000000000000000000, 13.00000000000000000 ) ) ;
#658 = DIRECTION ( 'NONE',  ( -1.000000000000000000, 0.0000000000000000000, 0.0000000000000000000 ) ) ;
#659 = VECTOR ( 'NONE', #658, 1000.000000000000000 ) ;
#660 = CARTESIAN_POINT ( 'NONE',  ( 11.99999999999999800, -8.000000000000000000, 13.00000000000000000 ) ) ;
#661 = LINE ( 'NONE', #660, #659 ) ;
#662 = AXIS2_PLACEMENT_3D ( 'NONE', #728, #727, #726 ) ;
#663 = PLANE ( 'NONE',  #662 ) ;
#664 = FACE_BOUND ( 'NONE', #4729, .T. ) ;
#665 = FACE_OUTER_BOUND ( 'NONE', #4719, .T. ) ;
#666 = FACE_BOUND ( 'NONE', #4768, .T. ) ;
#667 = CARTESIAN_POINT ( 'NONE',  ( 0.4499999999999995700, -24.19971399125355700, 6.966057989992779500 ) ) ;
#668 = DIRECTION ( 'NONE',  ( 0.0000000000000000000, 0.0000000000000000000, -1.000000000000000000 ) ) ;
#669 = DIRECTION ( 'NONE',  ( 0.0000000000000000000, 1.000000000000000000, 0.0000000000000000000 ) ) ;
#670 = CARTESIAN_POINT ( 'NONE',  ( 0.0000000000000000000, -24.19971399125355700, 4.000000000000000000 ) ) ;
#671 = AXIS2_PLACEMENT_3D ( 'NONE', #670, #669, #668 ) ;
#672 = CIRCLE ( 'NONE', #671, 3.000000000000000400 ) ;
#673 = DIRECTION ( 'NONE',  ( -1.000000000000000000, 0.0000000000000000000, -0.0000000000000000000 ) ) ;
#674 = DIRECTION ( 'NONE',  ( 0.0000000000000000000, 0.0000000000000000000, -1.000000000000000000 ) ) ;
#675 = CARTESIAN_POINT ( 'NONE',  ( -4.000000000000000900, 3.000000000000002200, 15.00000000000000400 ) ) ;
#676 = AXIS2_PLACEMENT_3D ( 'NONE', #675, #674, #673 ) ;
#677 = PLANE ( 'NONE',  #676 ) ;
#678 = FACE_OUTER_BOUND ( 'NONE', #4761, .T. ) ;
#679 = FACE_BOUND ( 'NONE', #4752, .T. ) ;
#680 = DIRECTION ( 'NONE',  ( -0.7071067811865487900, -0.7071067811865461300, 0.0000000000000000000 ) ) ;
#681 = VECTOR ( 'NONE', #680, 1000.000000000000100 ) ;
#682 = CARTESIAN_POINT ( 'NONE',  ( -10.00000000000000000, 3.000000000000000000, 15.00000000000000400 ) ) ;
#683 = LINE ( 'NONE', #682, #681 ) ;
#684 = CARTESIAN_POINT ( 'NONE',  ( 0.4499999999999995700, -18.80028600874643300, 1.033942010007221200 ) ) ;
#685 = DIRECTION ( 'NONE',  ( -0.7071067811865441300, 0.0000000000000000000, 0.7071067811865507900 ) ) ;
#686 = DIRECTION ( 'NONE',  ( -0.7071067811865509000, 0.0000000000000000000, -0.7071067811865442400 ) ) ;
#687 = CARTESIAN_POINT ( 'NONE',  ( 11.99999999999999800, 1.999999999999997300, 3.999999999999988000 ) ) ;
#688 = AXIS2_PLACEMENT_3D ( 'NONE', #687, #686, #685 ) ;
#689 = PLANE ( 'NONE',  #688 ) ;
#690 = FACE_OUTER_BOUND ( 'NONE', #4746, .T. ) ;
#691 = DIRECTION ( 'NONE',  ( 0.7071067811865441300, 1.533293416683380300E-016, 0.7071067811865507900 ) ) ;
#692 = VECTOR ( 'NONE', #691, 1000.000000000000100 ) ;
#693 = CARTESIAN_POINT ( 'NONE',  ( -13.50000000000000000, -2.000000000000003100, 2.499999999999972900 ) ) ;
#694 = LINE ( 'NONE', #693, #692 ) ;
#695 = CARTESIAN_POINT ( 'NONE',  ( -13.50000000000000000, -2.000000000000003100, 2.499999999999972900 ) ) ;
#696 = DIRECTION ( 'NONE',  ( 0.0000000000000000000, 2.168404344971008900E-016, 1.000000000000000000 ) ) ;
#697 = DIRECTION ( 'NONE',  ( 0.0000000000000000000, 1.000000000000000000, -2.168404344971008900E-016 ) ) ;
#698 = CARTESIAN_POINT ( 'NONE',  ( -13.50000000000000000, 1.999999999999997300, 3.999999999999988000 ) ) ;
#699 = AXIS2_PLACEMENT_3D ( 'NONE', #698, #697, #696 ) ;
#700 = PLANE ( 'NONE',  #699 ) ;
#701 = FACE_OUTER_BOUND ( 'NONE', #4808, .T. ) ;
#702 = CARTESIAN_POINT ( 'NONE',  ( -13.50000000000000000, -2.000000000000003100, 1.999999999999987100 ) ) ;
#703 = DIRECTION ( 'NONE',  ( -0.0000000000000000000, 1.000000000000000000, 2.168404344971008900E-016 ) ) ;
#704 = VECTOR ( 'NONE', #703, 1000.000000000000000 ) ;
#705 = CARTESIAN_POINT ( 'NONE',  ( -13.50000000000000000, 1.999999999999997100, 1.999999999999988000 ) ) ;
#706 = LINE ( 'NONE', #705, #704 ) ;
#707 = DIRECTION ( 'NONE',  ( 0.0000000000000000000, 1.000000000000000000, 2.168404344971008900E-016 ) ) ;
#708 = DIRECTION ( 'NONE',  ( 0.0000000000000000000, 2.168404344971008900E-016, -1.000000000000000000 ) ) ;
#709 = CARTESIAN_POINT ( 'NONE',  ( -13.50000000000000000, 1.999999999999997100, 1.999999999999988000 ) ) ;
#710 = AXIS2_PLACEMENT_3D ( 'NONE', #709, #708, #707 ) ;
#711 = PLANE ( 'NONE',  #710 ) ;
#712 = FACE_OUTER_BOUND ( 'NONE', #4778, .T. ) ;
#713 = DIRECTION ( 'NONE',  ( 1.000000000000000000, -0.0000000000000000000, -0.0000000000000000000 ) ) ;
#714 = VECTOR ( 'NONE', #713, 1000.000000000000000 ) ;
#715 = CARTESIAN_POINT ( 'NONE',  ( -13.50000000000000000, 1.999999999999997100, 1.999999999999988000 ) ) ;
#716 = LINE ( 'NONE', #715, #714 ) ;
#717 = CARTESIAN_POINT ( 'NONE',  ( 20.61640508455152000, 4.118718415924797100, 5.000000000000000900 ) ) ;
#718 = DIRECTION ( 'NONE',  ( -0.9888308262251285200, -0.1490422661761747800, 0.0000000000000000000 ) ) ;
#719 = VECTOR ( 'NONE', #718, 1000.000000000000000 ) ;
#720 = CARTESIAN_POINT ( 'NONE',  ( 20.61640508455152000, 4.118718415924797100, 5.000000000000000900 ) ) ;
#721 = LINE ( 'NONE', #720, #719 ) ;
#722 = DIRECTION ( 'NONE',  ( -0.0000000000000000000, -0.0000000000000000000, 1.000000000000000000 ) ) ;
#723 = VECTOR ( 'NONE', #722, 1000.000000000000000 ) ;
#724 = CARTESIAN_POINT ( 'NONE',  ( -13.00000000000001100, 0.0000000000000000000, 15.00000000000000400 ) ) ;
#725 = LINE ( 'NONE', #724, #723 ) ;
#726 = DIRECTION ( 'NONE',  ( -1.000000000000000000, 0.0000000000000000000, 0.0000000000000000000 ) ) ;
#727 = DIRECTION ( 'NONE',  ( 0.0000000000000000000, 0.0000000000000000000, -1.000000000000000000 ) ) ;
#728 = CARTESIAN_POINT ( 'NONE',  ( 11.99999999999999800, -8.000000000000000000, 13.00000000000000000 ) ) ;
#729 = AXIS2_PLACEMENT_3D ( 'NONE', #793, #792, #791 ) ;
#730 = PLANE ( 'NONE',  #729 ) ;
#731 = FACE_OUTER_BOUND ( 'NONE', #4804, .T. ) ;
#732 = DIRECTION ( 'NONE',  ( -1.000000000000000000, -0.0000000000000000000, -0.0000000000000000000 ) ) ;
#733 = VECTOR ( 'NONE', #732, 1000.000000000000000 ) ;
#734 = CARTESIAN_POINT ( 'NONE',  ( 13.50000000000000000, 1.999999999999997100, 1.999999999999988000 ) ) ;
#735 = LINE ( 'NONE', #734, #733 ) ;
#736 = DIRECTION ( 'NONE',  ( 0.0000000000000000000, 1.000000000000000000, 2.168404344971008900E-016 ) ) ;
#737 = VECTOR ( 'NONE', #736, 1000.000000000000000 ) ;
#738 = CARTESIAN_POINT ( 'NONE',  ( 13.50000000000000000, 1.999999999999997100, 1.999999999999988000 ) ) ;
#739 = LINE ( 'NONE', #738, #737 ) ;
#740 = DIRECTION ( 'NONE',  ( 0.0000000000000000000, 0.0000000000000000000, -1.000000000000000000 ) ) ;
#741 = DIRECTION ( 'NONE',  ( 1.000000000000000000, 0.0000000000000000000, 0.0000000000000000000 ) ) ;
#742 = CARTESIAN_POINT ( 'NONE',  ( -13.50000000000000000, -2.000000000000002700, 3.999999999999988000 ) ) ;
#743 = AXIS2_PLACEMENT_3D ( 'NONE', #742, #741, #740 ) ;
#744 = PLANE ( 'NONE',  #743 ) ;
#745 = FACE_OUTER_BOUND ( 'NONE', #4797, .T. ) ;
#746 = DIRECTION ( 'NONE',  ( 0.0000000000000000000, 1.000000000000000000, 0.0000000000000000000 ) ) ;
#747 = VECTOR ( 'NONE', #746, 1000.000000000000000 ) ;
#748 = CARTESIAN_POINT ( 'NONE',  ( 13.50000000000000000, 1.999999999999997300, 2.499999999999972500 ) ) ;
#749 = LINE ( 'NONE', #748, #747 ) ;
#750 = DIRECTION ( 'NONE',  ( 0.0000000000000000000, 0.0000000000000000000, -1.000000000000000000 ) ) ;
#751 = DIRECTION ( 'NONE',  ( -1.000000000000000000, 0.0000000000000000000, 0.0000000000000000000 ) ) ;
#752 = CARTESIAN_POINT ( 'NONE',  ( 13.50000000000000000, -2.000000000000002700, 3.999999999999988000 ) ) ;
#753 = AXIS2_PLACEMENT_3D ( 'NONE', #752, #751, #750 ) ;
#754 = PLANE ( 'NONE',  #753 ) ;
#755 = FACE_OUTER_BOUND ( 'NONE', #4790, .T. ) ;
#756 = DIRECTION ( 'NONE',  ( 0.0000000000000000000, 0.0000000000000000000, 1.000000000000000000 ) ) ;
#757 = DIRECTION ( 'NONE',  ( -0.0000000000000000000, -1.000000000000000000, -0.0000000000000000000 ) ) ;
#758 = CARTESIAN_POINT ( 'NONE',  ( 0.0000000000000000000, -18.80028600874643300, 4.000000000000000000 ) ) ;
#759 = AXIS2_PLACEMENT_3D ( 'NONE', #758, #757, #756 ) ;
#760 = CIRCLE ( 'NONE', #759, 3.000000000000000900 ) ;
#761 = LINE ( 'NONE', #177, #826 ) ;
#762 = AXIS2_PLACEMENT_3D ( 'NONE', #1285, #1291, #1549 ) ;
#763 = DIRECTION ( 'NONE',  ( 0.0000000000000000000, 2.168404344971007900E-016, 1.000000000000000000 ) ) ;
#764 = DIRECTION ( 'NONE',  ( 0.0000000000000000000, 1.000000000000000000, -2.168404344971007900E-016 ) ) ;
#765 = CARTESIAN_POINT ( 'NONE',  ( 13.50000000000000000, -2.000000000000002700, 3.999999999999988000 ) ) ;
#766 = AXIS2_PLACEMENT_3D ( 'NONE', #765, #764, #763 ) ;
#767 = PLANE ( 'NONE',  #766 ) ;
#768 = FACE_OUTER_BOUND ( 'NONE', #4823, .T. ) ;
#769 = DIRECTION ( 'NONE',  ( -0.7071067811865441300, 1.533293416683381000E-016, 0.7071067811865507900 ) ) ;
#770 = VECTOR ( 'NONE', #769, 1000.000000000000100 ) ;
#771 = CARTESIAN_POINT ( 'NONE',  ( 12.74999999999999300, 1.999999999999997300, 3.249999999999987100 ) ) ;
#772 = LINE ( 'NONE', #771, #770 ) ;
#773 = CARTESIAN_POINT ( 'NONE',  ( 13.50000000000000000, 1.999999999999997300, 2.499999999999972900 ) ) ;
#774 = DIRECTION ( 'NONE',  ( 0.0000000000000000000, 2.168404344971008900E-016, 1.000000000000000000 ) ) ;
#775 = VECTOR ( 'NONE', #774, 1000.000000000000000 ) ;
#776 = CARTESIAN_POINT ( 'NONE',  ( 13.50000000000000000, 1.999999999999997300, 3.999999999999988000 ) ) ;
#777 = LINE ( 'NONE', #776, #775 ) ;
#778 = CARTESIAN_POINT ( 'NONE',  ( 13.50000000000000000, 1.999999999999997100, 1.999999999999988000 ) ) ;
#779 = DIRECTION ( 'NONE',  ( 0.0000000000000000000, -1.000000000000000000, -2.168404344971008900E-016 ) ) ;
#780 = DIRECTION ( 'NONE',  ( 0.0000000000000000000, -2.168404344971008900E-016, 1.000000000000000000 ) ) ;
#781 = CARTESIAN_POINT ( 'NONE',  ( 13.50000000000000000, 1.999999999999997100, 1.999999999999988000 ) ) ;
#782 = AXIS2_PLACEMENT_3D ( 'NONE', #781, #780, #779 ) ;
#783 = PLANE ( 'NONE',  #782 ) ;
#784 = FACE_OUTER_BOUND ( 'NONE', #4832, .T. ) ;
#785 = DIRECTION ( 'NONE',  ( 9.769962616701377600E-015, 0.0000000000000000000, -1.000000000000000000 ) ) ;
#786 = DIRECTION ( 'NONE',  ( 0.0000000000000000000, 1.000000000000000000, 0.0000000000000000000 ) ) ;
#787 = CARTESIAN_POINT ( 'NONE',  ( 0.0000000000000000000, -24.19971399125355700, 4.000000000000000000 ) ) ;
#788 = AXIS2_PLACEMENT_3D ( 'NONE', #787, #786, #785 ) ;
#789 = CIRCLE ( 'NONE', #788, 3.000000000000000400 ) ;
#790 = CARTESIAN_POINT ( 'NONE',  ( 0.4499999999999995700, -24.19971399125355700, 1.033942010007221200 ) ) ;
#791 = DIRECTION ( 'NONE',  ( 0.0000000000000000000, -2.168404344971008900E-016, -1.000000000000000000 ) ) ;
#792 = DIRECTION ( 'NONE',  ( 0.0000000000000000000, -1.000000000000000000, 2.168404344971008900E-016 ) ) ;
#793 = CARTESIAN_POINT ( 'NONE',  ( 13.50000000000000000, 1.999999999999997300, 3.999999999999988000 ) ) ;
#794 = DIRECTION ( 'NONE',  ( -1.000000000000000000, 0.0000000000000000000, 0.0000000000000000000 ) ) ;
#795 = DIRECTION ( 'NONE',  ( -0.0000000000000000000, 0.0000000000000000000, -1.000000000000000000 ) ) ;
#796 = CARTESIAN_POINT ( 'NONE',  ( 0.0000000000000000000, 0.0000000000000000000, 5.000000000000000000 ) ) ;
#797 = AXIS2_PLACEMENT_3D ( 'NONE', #796, #795, #794 ) ;
#798 = PLANE ( 'NONE',  #797 ) ;
#799 = FACE_OUTER_BOUND ( 'NONE', #4850, .T. ) ;
#800 = DIRECTION ( 'NONE',  ( 0.0000000000000000000, -1.000000000000000000, 0.0000000000000000000 ) ) ;
#801 = VECTOR ( 'NONE', #800, 1000.000000000000000 ) ;
#802 = CARTESIAN_POINT ( 'NONE',  ( 0.4499999999999995700, -25.00000000000000000, 1.033942010007221200 ) ) ;
#803 = LINE ( 'NONE', #802, #801 ) ;
#804 = DIRECTION ( 'NONE',  ( 0.7071067811865441300, 0.0000000000000000000, 0.7071067811865507900 ) ) ;
#805 = DIRECTION ( 'NONE',  ( -0.7071067811865509000, 0.0000000000000000000, 0.7071067811865442400 ) ) ;
#806 = CARTESIAN_POINT ( 'NONE',  ( -13.50000000000000000, -2.000000000000002700, 2.499999999999972900 ) ) ;
#807 = AXIS2_PLACEMENT_3D ( 'NONE', #806, #805, #804 ) ;
#808 = PLANE ( 'NONE',  #807 ) ;
#809 = FACE_OUTER_BOUND ( 'NONE', #4841, .T. ) ;
#810 = DIRECTION ( 'NONE',  ( 0.0000000000000000000, -1.000000000000000000, 0.0000000000000000000 ) ) ;
#811 = VECTOR ( 'NONE', #810, 1000.000000000000000 ) ;
#812 = CARTESIAN_POINT ( 'NONE',  ( -13.50000000000000000, -2.000000000000002700, 2.499999999999972900 ) ) ;
#813 = LINE ( 'NONE', #812, #811 ) ;
#814 = CARTESIAN_POINT ( 'NONE',  ( -13.50000000000000000, 1.999999999999997300, 2.499999999999972000 ) ) ;
#815 = DIRECTION ( 'NONE',  ( -0.7071067811865441300, -1.533293416683381000E-016, -0.7071067811865507900 ) ) ;
#816 = VECTOR ( 'NONE', #815, 1000.000000000000100 ) ;
#817 = CARTESIAN_POINT ( 'NONE',  ( -13.50000000000000000, 1.999999999999997300, 2.499999999999972500 ) ) ;
#818 = LINE ( 'NONE', #817, #816 ) ;
#819 = DIRECTION ( 'NONE',  ( -0.0000000000000000000, -2.168404344971007900E-016, -1.000000000000000000 ) ) ;
#820 = VECTOR ( 'NONE', #819, 1000.000000000000000 ) ;
#821 = CARTESIAN_POINT ( 'NONE',  ( 13.50000000000000000, -2.000000000000002700, 3.999999999999988000 ) ) ;
#822 = LINE ( 'NONE', #821, #820 ) ;
#823 = CARTESIAN_POINT ( 'NONE',  ( 13.50000000000000000, -2.000000000000003100, 1.999999999999987100 ) ) ;
#824 = CARTESIAN_POINT ( 'NONE',  ( 13.50000000000000000, -2.000000000000003100, 2.499999999999972500 ) ) ;
#825 = DIRECTION ( 'NONE',  ( 0.7071067811865441300, -1.533293416683380300E-016, -0.7071067811865507900 ) ) ;
#826 = VECTOR ( 'NONE', #825, 1000.000000000000100 ) ;
#827 = DIRECTION ( 'NONE',  ( 1.000000000000000000, 0.0000000000000000000, 0.0000000000000000000 ) ) ;
#828 = DIRECTION ( 'NONE',  ( -0.0000000000000000000, -0.0000000000000000000, 1.000000000000000000 ) ) ;
#829 = CARTESIAN_POINT ( 'NONE',  ( 20.76544735072769400, 3.129887589699669200, -5.721605746580274300 ) ) ;
#830 = AXIS2_PLACEMENT_3D ( 'NONE', #829, #828, #827 ) ;
#831 = CYLINDRICAL_SURFACE ( 'NONE', #830, 1.000000000000000900 ) ;
#832 = FACE_OUTER_BOUND ( 'NONE', #4872, .T. ) ;
#833 = FACE_OUTER_BOUND ( 'NONE', #4866, .T. ) ;
#834 = DIRECTION ( 'NONE',  ( -0.0000000000000000000, -0.0000000000000000000, 1.000000000000000000 ) ) ;
#835 = VECTOR ( 'NONE', #834, 1000.000000000000000 ) ;
#836 = CARTESIAN_POINT ( 'NONE',  ( 20.61640508455152000, 4.118718415924797100, -5.721605746580274300 ) ) ;
#837 = LINE ( 'NONE', #836, #835 ) ;
#838 = DIRECTION ( 'NONE',  ( -0.0000000000000000000, -0.0000000000000000000, 1.000000000000000000 ) ) ;
#839 = VECTOR ( 'NONE', #838, 1000.000000000000000 ) ;
#840 = CARTESIAN_POINT ( 'NONE',  ( 20.36178409591985200, 5.234285856842859600, -6.000819966177919800 ) ) ;
#841 = LINE ( 'NONE', #840, #839 ) ;
#842 = DIRECTION ( 'NONE',  ( 0.9555728057861405700, 0.2947551744109048700, 0.0000000000000000000 ) ) ;
#843 = DIRECTION ( 'NONE',  ( 0.2947551744109048700, -0.9555728057861405700, 0.0000000000000000000 ) ) ;
#844 = CARTESIAN_POINT ( 'NONE',  ( 20.36178409591985200, 5.234285856842859600, -6.000819966177919800 ) ) ;
#845 = AXIS2_PLACEMENT_3D ( 'NONE', #844, #843, #842 ) ;
#846 = PLANE ( 'NONE',  #845 ) ;
#847 = FACE_OUTER_BOUND ( 'NONE', #4857, .T. ) ;
#848 = DIRECTION ( 'NONE',  ( 0.9555728057861405700, 0.2947551744109048700, 0.0000000000000000000 ) ) ;
#849 = VECTOR ( 'NONE', #848, 1000.000000000000000 ) ;
#850 = CARTESIAN_POINT ( 'NONE',  ( 20.36178409591985200, 5.234285856842859600, 5.000000000000000900 ) ) ;
#851 = LINE ( 'NONE', #850, #849 ) ;
#852 = CARTESIAN_POINT ( 'NONE',  ( 20.36178409591985200, 5.234285856842858700, 5.000000000000000900 ) ) ;
#853 = DIRECTION ( 'NONE',  ( -1.000000000000000000, -1.734723475976805500E-015, 0.0000000000000000000 ) ) ;
#854 = DIRECTION ( 'NONE',  ( 0.0000000000000000000, 0.0000000000000000000, 1.000000000000000000 ) ) ;
#855 = CARTESIAN_POINT ( 'NONE',  ( 20.06702892150894600, 6.189858662629000600, 5.000000000000000900 ) ) ;
#856 = AXIS2_PLACEMENT_3D ( 'NONE', #855, #854, #853 ) ;
#857 = CIRCLE ( 'NONE', #856, 1.000000000000000900 ) ;
#858 = DIRECTION ( 'NONE',  ( -0.0000000000000000000, 0.0000000000000000000, -1.000000000000000000 ) ) ;
#859 = CARTESIAN_POINT ( 'NONE',  ( 0.0000000000000000000, 0.0000000000000000000, 5.000000000000000000 ) ) ;
#860 = AXIS2_PLACEMENT_3D ( 'NONE', #859, #858, #923 ) ;
#861 = LINE ( 'NONE', #922, #921 ) ;
#862 = PLANE ( 'NONE',  #860 ) ;
#863 = FACE_OUTER_BOUND ( 'NONE', #4890, .T. ) ;
#864 = DIRECTION ( 'NONE',  ( -1.000000000000000000, -0.0000000000000000000, -0.0000000000000000000 ) ) ;
#865 = VECTOR ( 'NONE', #864, 1000.000000000000000 ) ;
#866 = CARTESIAN_POINT ( 'NONE',  ( 13.50000000000000000, -2.000000000000003100, 1.999999999999987100 ) ) ;
#867 = LINE ( 'NONE', #866, #865 ) ;
#868 = DIRECTION ( 'NONE',  ( -0.9888308262251285200, -0.1490422661761747800, 0.0000000000000000000 ) ) ;
#869 = DIRECTION ( 'NONE',  ( -0.1490422661761747800, 0.9888308262251285200, 0.0000000000000000000 ) ) ;
#870 = CARTESIAN_POINT ( 'NONE',  ( 20.61640508455152000, 4.118718415924797100, -5.721605746580274300 ) ) ;
#871 = AXIS2_PLACEMENT_3D ( 'NONE', #870, #869, #868 ) ;
#872 = PLANE ( 'NONE',  #871 ) ;
#873 = FACE_OUTER_BOUND ( 'NONE', #4883, .T. ) ;
#874 = DIRECTION ( 'NONE',  ( -0.0000000000000000000, -0.0000000000000000000, 1.000000000000000000 ) ) ;
#875 = VECTOR ( 'NONE', #874, 1000.000000000000000 ) ;
#876 = CARTESIAN_POINT ( 'NONE',  ( 20.91448961690386500, 2.141056763474541200, -5.721605746580274300 ) ) ;
#877 = LINE ( 'NONE', #876, #875 ) ;
#878 = DIRECTION ( 'NONE',  ( 0.9888308262251285200, 0.1490422661761747800, 0.0000000000000000000 ) ) ;
#879 = DIRECTION ( 'NONE',  ( 0.1490422661761747800, -0.9888308262251285200, 0.0000000000000000000 ) ) ;
#880 = CARTESIAN_POINT ( 'NONE',  ( 20.91448961690386500, 2.141056763474541200, -5.721605746580274300 ) ) ;
#881 = AXIS2_PLACEMENT_3D ( 'NONE', #880, #879, #878 ) ;
#882 = PLANE ( 'NONE',  #881 ) ;
#883 = FACE_OUTER_BOUND ( 'NONE', #4915, .T. ) ;
#884 = DIRECTION ( 'NONE',  ( 0.9888308262251285200, 0.1490422661761747800, 0.0000000000000000000 ) ) ;
#885 = VECTOR ( 'NONE', #884, 1000.000000000000000 ) ;
#886 = CARTESIAN_POINT ( 'NONE',  ( 20.91448961690386500, 2.141056763474541200, 5.000000000000000900 ) ) ;
#887 = LINE ( 'NONE', #886, #885 ) ;
#888 = DIRECTION ( 'NONE',  ( -1.000000000000000000, 0.0000000000000000000, 0.0000000000000000000 ) ) ;
#889 = DIRECTION ( 'NONE',  ( -0.0000000000000000000, 0.0000000000000000000, -1.000000000000000000 ) ) ;
#890 = CARTESIAN_POINT ( 'NONE',  ( 0.0000000000000000000, 0.0000000000000000000, 5.000000000000000000 ) ) ;
#891 = AXIS2_PLACEMENT_3D ( 'NONE', #890, #889, #888 ) ;
#892 = PLANE ( 'NONE',  #891 ) ;
#893 = PLANE ( 'NONE',  #956 ) ;
#894 = FACE_OUTER_BOUND ( 'NONE', #4907, .T. ) ;
#895 = DIRECTION ( 'NONE',  ( 0.8262387743159941300, 0.5633200580636231700, 0.0000000000000000000 ) ) ;
#896 = VECTOR ( 'NONE', #895, 1000.000000000000000 ) ;
#897 = CARTESIAN_POINT ( 'NONE',  ( 17.91433431869949500, 11.00348244502008800, 5.000000000000000900 ) ) ;
#898 = LINE ( 'NONE', #897, #896 ) ;
#899 = CARTESIAN_POINT ( 'NONE',  ( 17.91433431869949500, 11.00348244502008700, 5.000000000000000900 ) ) ;
#900 = DIRECTION ( 'NONE',  ( -1.000000000000000000, -3.469446951953611000E-015, 0.0000000000000000000 ) ) ;
#901 = DIRECTION ( 'NONE',  ( 0.0000000000000000000, 0.0000000000000000000, 1.000000000000000000 ) ) ;
#902 = CARTESIAN_POINT ( 'NONE',  ( 17.35101426063587100, 11.82972121933608300, 5.000000000000000900 ) ) ;
#903 = AXIS2_PLACEMENT_3D ( 'NONE', #902, #901, #900 ) ;
#904 = CIRCLE ( 'NONE', #903, 1.000000000000000900 ) ;
#905 = DIRECTION ( 'NONE',  ( -0.8262387743159941300, -0.5633200580636231700, 0.0000000000000000000 ) ) ;
#906 = VECTOR ( 'NONE', #905, 1000.000000000000000 ) ;
#907 = CARTESIAN_POINT ( 'NONE',  ( 16.78769420257225100, 12.65595999365207900, 5.000000000000000900 ) ) ;
#908 = LINE ( 'NONE', #907, #906 ) ;
#909 = DIRECTION ( 'NONE',  ( 0.9009688679024187000, 0.4338837391175590600, 0.0000000000000000000 ) ) ;
#910 = VECTOR ( 'NONE', #909, 999.9999999999998900 ) ;
#911 = CARTESIAN_POINT ( 'NONE',  ( 19.35422996506834500, 8.210589653566318100, 5.000000000000000900 ) ) ;
#912 = LINE ( 'NONE', #911, #910 ) ;
#913 = CARTESIAN_POINT ( 'NONE',  ( 19.35422996506834500, 8.210589653566318100, 5.000000000000000900 ) ) ;
#914 = DIRECTION ( 'NONE',  ( -1.000000000000000000, 1.734723475976805500E-015, 0.0000000000000000000 ) ) ;
#915 = DIRECTION ( 'NONE',  ( 0.0000000000000000000, 0.0000000000000000000, 1.000000000000000000 ) ) ;
#916 = CARTESIAN_POINT ( 'NONE',  ( 18.92034622595078700, 9.111558521468737100, 5.000000000000000900 ) ) ;
#917 = AXIS2_PLACEMENT_3D ( 'NONE', #916, #915, #914 ) ;
#918 = CIRCLE ( 'NONE', #917, 1.000000000000000900 ) ;
#919 = CARTESIAN_POINT ( 'NONE',  ( 18.48646248683322900, 10.01252738937115600, 5.000000000000000900 ) ) ;
#920 = DIRECTION ( 'NONE',  ( -0.9009688679024187000, -0.4338837391175590600, 0.0000000000000000000 ) ) ;
#921 = VECTOR ( 'NONE', #920, 999.9999999999998900 ) ;
#922 = CARTESIAN_POINT ( 'NONE',  ( 18.48646248683322900, 10.01252738937115600, 5.000000000000000900 ) ) ;
#923 = DIRECTION ( 'NONE',  ( -1.000000000000000000, 0.0000000000000000000, 0.0000000000000000000 ) ) ;
#924 = PLANE ( 'NONE',  #989 ) ;
#925 = FACE_OUTER_BOUND ( 'NONE', #4935, .T. ) ;
#926 = CARTESIAN_POINT ( 'NONE',  ( 19.77227374709804100, 7.145431468415140800, 5.000000000000000900 ) ) ;
#927 = DIRECTION ( 'NONE',  ( -0.9555728057861405700, -0.2947551744109048700, 0.0000000000000000000 ) ) ;
#928 = VECTOR ( 'NONE', #927, 1000.000000000000000 ) ;
#929 = CARTESIAN_POINT ( 'NONE',  ( 19.77227374709804100, 7.145431468415141700, 5.000000000000000900 ) ) ;
#930 = LINE ( 'NONE', #929, #928 ) ;
#931 = DIRECTION ( 'NONE',  ( -0.0000000000000000000, -0.0000000000000000000, 1.000000000000000000 ) ) ;
#932 = VECTOR ( 'NONE', #931, 1000.000000000000000 ) ;
#933 = CARTESIAN_POINT ( 'NONE',  ( 19.77227374709804100, 7.145431468415141700, -6.000819966177919800 ) ) ;
#934 = DIRECTION ( 'NONE',  ( -0.9555728057861405700, -0.2947551744109048700, 0.0000000000000000000 ) ) ;
#935 = DIRECTION ( 'NONE',  ( -0.2947551744109048700, 0.9555728057861405700, 0.0000000000000000000 ) ) ;
#936 = CARTESIAN_POINT ( 'NONE',  ( 19.77227374709804100, 7.145431468415141700, -6.000819966177919800 ) ) ;
#937 = AXIS2_PLACEMENT_3D ( 'NONE', #936, #935, #934 ) ;
#938 = LINE ( 'NONE', #933, #932 ) ;
#939 = PLANE ( 'NONE',  #937 ) ;
#940 = FACE_OUTER_BOUND ( 'NONE', #4919, .T. ) ;
#941 = CARTESIAN_POINT ( 'NONE',  ( 20.91448961690386500, 2.141056763474541200, 5.000000000000000900 ) ) ;
#942 = DIRECTION ( 'NONE',  ( -1.000000000000000000, 0.0000000000000000000, 0.0000000000000000000 ) ) ;
#943 = DIRECTION ( 'NONE',  ( 0.0000000000000000000, 0.0000000000000000000, 1.000000000000000000 ) ) ;
#944 = AXIS2_PLACEMENT_3D ( 'NONE', #950, #943, #942 ) ;
#945 = CIRCLE ( 'NONE', #944, 1.000000000000000900 ) ;
#946 = DIRECTION ( 'NONE',  ( 1.000000000000000000, 0.0000000000000000000, 0.0000000000000000000 ) ) ;
#947 = DIRECTION ( 'NONE',  ( -0.0000000000000000000, -0.0000000000000000000, 1.000000000000000000 ) ) ;
#948 = CARTESIAN_POINT ( 'NONE',  ( 20.06702892150894600, 6.189858662629000600, -6.000819966177919800 ) ) ;
#949 = AXIS2_PLACEMENT_3D ( 'NONE', #948, #947, #946 ) ;
#950 = CARTESIAN_POINT ( 'NONE',  ( 20.76544735072769400, 3.129887589699669200, 5.000000000000000900 ) ) ;
#951 = CYLINDRICAL_SURFACE ( 'NONE', #949, 1.000000000000000900 ) ;
#952 = FACE_OUTER_BOUND ( 'NONE', #4925, .T. ) ;
#953 = DIRECTION ( 'NONE',  ( 0.8262387743159941300, 0.5633200580636231700, 0.0000000000000000000 ) ) ;
#954 = DIRECTION ( 'NONE',  ( 0.5633200580636231700, -0.8262387743159941300, 0.0000000000000000000 ) ) ;
#955 = CARTESIAN_POINT ( 'NONE',  ( 17.91433431869949500, 11.00348244502008800, -6.351580772764362100 ) ) ;
#956 = AXIS2_PLACEMENT_3D ( 'NONE', #955, #954, #953 ) ;
#957 = DIRECTION ( 'NONE',  ( 0.9009688679024187000, 0.4338837391175590600, 0.0000000000000000000 ) ) ;
#958 = DIRECTION ( 'NONE',  ( 0.4338837391175590600, -0.9009688679024187000, 0.0000000000000000000 ) ) ;
#959 = CARTESIAN_POINT ( 'NONE',  ( 19.35422996506834500, 8.210589653566318100, -6.213145574501227800 ) ) ;
#960 = AXIS2_PLACEMENT_3D ( 'NONE', #959, #958, #957 ) ;
#961 = LINE ( 'NONE', #1022, #1021 ) ;
#962 = PLANE ( 'NONE',  #960 ) ;
#963 = FACE_OUTER_BOUND ( 'NONE', #4954, .T. ) ;
#964 = CARTESIAN_POINT ( 'NONE',  ( 16.78769420257225100, 12.65595999365207700, 5.000000000000000900 ) ) ;
#965 = DIRECTION ( 'NONE',  ( -1.000000000000000000, 0.0000000000000000000, 0.0000000000000000000 ) ) ;
#966 = DIRECTION ( 'NONE',  ( -0.0000000000000000000, 0.0000000000000000000, -1.000000000000000000 ) ) ;
#967 = CARTESIAN_POINT ( 'NONE',  ( 0.0000000000000000000, 0.0000000000000000000, 5.000000000000000000 ) ) ;
#968 = AXIS2_PLACEMENT_3D ( 'NONE', #967, #966, #965 ) ;
#969 = FACE_OUTER_BOUND ( 'NONE', #4949, .T. ) ;
#970 = DIRECTION ( 'NONE',  ( 1.000000000000000000, 0.0000000000000000000, 0.0000000000000000000 ) ) ;
#971 = DIRECTION ( 'NONE',  ( -0.0000000000000000000, -0.0000000000000000000, 1.000000000000000000 ) ) ;
#972 = CARTESIAN_POINT ( 'NONE',  ( 18.92034622595078700, 9.111558521468737100, -6.213145574501227800 ) ) ;
#973 = AXIS2_PLACEMENT_3D ( 'NONE', #972, #971, #970 ) ;
#974 = PLANE ( 'NONE',  #968 ) ;
#975 = CYLINDRICAL_SURFACE ( 'NONE', #973, 1.000000000000000900 ) ;
#976 = FACE_OUTER_BOUND ( 'NONE', #4943, .T. ) ;
#977 = DIRECTION ( 'NONE',  ( -0.0000000000000000000, -0.0000000000000000000, 1.000000000000000000 ) ) ;
#978 = VECTOR ( 'NONE', #977, 1000.000000000000000 ) ;
#979 = CARTESIAN_POINT ( 'NONE',  ( 18.48646248683322900, 10.01252738937115600, -6.213145574501227800 ) ) ;
#980 = LINE ( 'NONE', #979, #978 ) ;
#981 = CARTESIAN_POINT ( 'NONE',  ( 14.71391657065540300, 15.01667936501915600, 5.000000000000000900 ) ) ;
#982 = DIRECTION ( 'NONE',  ( -0.7330518718298251200, -0.6801727377709206900, 0.0000000000000000000 ) ) ;
#983 = VECTOR ( 'NONE', #982, 1000.000000000000000 ) ;
#984 = CARTESIAN_POINT ( 'NONE',  ( 14.71391657065540300, 15.01667936501915600, 5.000000000000000900 ) ) ;
#985 = LINE ( 'NONE', #984, #983 ) ;
#986 = DIRECTION ( 'NONE',  ( -1.000000000000000000, 0.0000000000000000000, 0.0000000000000000000 ) ) ;
#987 = DIRECTION ( 'NONE',  ( -0.0000000000000000000, 0.0000000000000000000, -1.000000000000000000 ) ) ;
#988 = CARTESIAN_POINT ( 'NONE',  ( 0.0000000000000000000, 0.0000000000000000000, 5.000000000000000000 ) ) ;
#989 = AXIS2_PLACEMENT_3D ( 'NONE', #988, #987, #986 ) ;
#990 = CARTESIAN_POINT ( 'NONE',  ( 16.07426204619724800, 13.55057562135950500, -6.411698407867996600 ) ) ;
#991 = AXIS2_PLACEMENT_3D ( 'NONE', #990, #1055, #1054 ) ;
#992 = PLANE ( 'NONE',  #991 ) ;
#993 = LINE ( 'NONE', #1053, #1052 ) ;
#994 = FACE_OUTER_BOUND ( 'NONE', #4979, .T. ) ;
#995 = DIRECTION ( 'NONE',  ( 0.7330518718298251200, 0.6801727377709206900, 0.0000000000000000000 ) ) ;
#996 = VECTOR ( 'NONE', #995, 1000.000000000000000 ) ;
#997 = CARTESIAN_POINT ( 'NONE',  ( 16.07426204619724800, 13.55057562135950500, 5.000000000000000900 ) ) ;
#998 = LINE ( 'NONE', #997, #996 ) ;
#999 = CARTESIAN_POINT ( 'NONE',  ( 16.07426204619724800, 13.55057562135950300, 5.000000000000000900 ) ) ;
#1000 = DIRECTION ( 'NONE',  ( -1.000000000000000000, -1.734723475976808700E-015, 0.0000000000000000000 ) ) ;
#1001 = DIRECTION ( 'NONE',  ( 0.0000000000000000000, 0.0000000000000000000, 1.000000000000000000 ) ) ;
#1002 = CARTESIAN_POINT ( 'NONE',  ( 15.39408930842632400, 14.28362749318933000, 5.000000000000000900 ) ) ;
#1003 = AXIS2_PLACEMENT_3D ( 'NONE', #1002, #1001, #1000 ) ;
#1004 = CIRCLE ( 'NONE', #1003, 0.9999999999999991100 ) ;
#1005 = DIRECTION ( 'NONE',  ( -0.0000000000000000000, -0.0000000000000000000, 1.000000000000000000 ) ) ;
#1006 = VECTOR ( 'NONE', #1005, 1000.000000000000000 ) ;
#1007 = CARTESIAN_POINT ( 'NONE',  ( 14.71391657065540300, 15.01667936501915600, -6.411698407867996600 ) ) ;
#1008 = LINE ( 'NONE', #1007, #1006 ) ;
#1009 = CARTESIAN_POINT ( 'NONE',  ( 12.31145435656533500, 17.04195093368738200, 5.000000000000000900 ) ) ;
#1010 = DIRECTION ( 'NONE',  ( -0.6234898018587320400, -0.7818314824680310200, 0.0000000000000000000 ) ) ;
#1011 = VECTOR ( 'NONE', #1010, 1000.000000000000000 ) ;
#1012 = CARTESIAN_POINT ( 'NONE',  ( 12.31145435656533700, 17.04195093368738200, 5.000000000000000900 ) ) ;
#1013 = LINE ( 'NONE', #1012, #1011 ) ;
#1014 = DIRECTION ( 'NONE',  ( -0.9009688679024187000, -0.4338837391175590600, 0.0000000000000000000 ) ) ;
#1015 = DIRECTION ( 'NONE',  ( -0.4338837391175590600, 0.9009688679024187000, 0.0000000000000000000 ) ) ;
#1016 = CARTESIAN_POINT ( 'NONE',  ( 18.48646248683322900, 10.01252738937115600, -6.213145574501227800 ) ) ;
#1017 = AXIS2_PLACEMENT_3D ( 'NONE', #1016, #1015, #1014 ) ;
#1018 = PLANE ( 'NONE',  #1017 ) ;
#1019 = FACE_OUTER_BOUND ( 'NONE', #4961, .T. ) ;
#1020 = DIRECTION ( 'NONE',  ( -0.0000000000000000000, -0.0000000000000000000, 1.000000000000000000 ) ) ;
#1021 = VECTOR ( 'NONE', #1020, 1000.000000000000000 ) ;
#1022 = CARTESIAN_POINT ( 'NONE',  ( 19.35422996506834500, 8.210589653566318100, -6.213145574501227800 ) ) ;
#1023 = PLANE ( 'NONE',  #762 ) ;
#1024 = DIRECTION ( 'NONE',  ( 1.000000000000000000, 0.0000000000000000000, 0.0000000000000000000 ) ) ;
#1025 = DIRECTION ( 'NONE',  ( -0.0000000000000000000, -0.0000000000000000000, 1.000000000000000000 ) ) ;
#1026 = CARTESIAN_POINT ( 'NONE',  ( 13.09328583903336900, 16.41846113182864600, -6.391606694777326700 ) ) ;
#1027 = AXIS2_PLACEMENT_3D ( 'NONE', #1026, #1025, #1024 ) ;
#1028 = CYLINDRICAL_SURFACE ( 'NONE', #1027, 0.9999999999999991100 ) ;
#1029 = CARTESIAN_POINT ( 'NONE',  ( -10.49999999999982900, -18.18653347947330100, 5.000000000000000900 ) ) ;
#1030 = FACE_OUTER_BOUND ( 'NONE', #4057, .T. ) ;
#1031 = DIRECTION ( 'NONE',  ( -0.0000000000000000000, -0.0000000000000000000, 1.000000000000000000 ) ) ;
#1032 = VECTOR ( 'NONE', #1031, 1000.000000000000000 ) ;
#1033 = CARTESIAN_POINT ( 'NONE',  ( 12.31145435656533700, 17.04195093368738200, -6.391606694777326700 ) ) ;
#1034 = LINE ( 'NONE', #1033, #1032 ) ;
#1035 = DIRECTION ( 'NONE',  ( -0.6234898018587320400, -0.7818314824680310200, 0.0000000000000000000 ) ) ;
#1036 = DIRECTION ( 'NONE',  ( -0.7818314824680310200, 0.6234898018587320400, 0.0000000000000000000 ) ) ;
#1037 = CARTESIAN_POINT ( 'NONE',  ( 12.31145435656533700, 17.04195093368738200, -6.391606694777326700 ) ) ;
#1038 = AXIS2_PLACEMENT_3D ( 'NONE', #1037, #1036, #1035 ) ;
#1039 = PLANE ( 'NONE',  #1038 ) ;
#1040 = FACE_OUTER_BOUND ( 'NONE', #4991, .T. ) ;
#1041 = DIRECTION ( 'NONE',  ( -0.0000000000000000000, -0.0000000000000000000, 1.000000000000000000 ) ) ;
#1042 = VECTOR ( 'NONE', #1041, 1000.000000000000000 ) ;
#1043 = CARTESIAN_POINT ( 'NONE',  ( 17.91433431869949500, 11.00348244502008800, -6.351580772764362100 ) ) ;
#1044 = LINE ( 'NONE', #1043, #1042 ) ;
#1045 = DIRECTION ( 'NONE',  ( -0.8262387743159941300, -0.5633200580636231700, 0.0000000000000000000 ) ) ;
#1046 = DIRECTION ( 'NONE',  ( -0.5633200580636231700, 0.8262387743159941300, 0.0000000000000000000 ) ) ;
#1047 = CARTESIAN_POINT ( 'NONE',  ( 16.78769420257225100, 12.65595999365207900, -6.351580772764362100 ) ) ;
#1048 = AXIS2_PLACEMENT_3D ( 'NONE', #1047, #1046, #1045 ) ;
#1049 = PLANE ( 'NONE',  #1048 ) ;
#1050 = FACE_OUTER_BOUND ( 'NONE', #4983, .T. ) ;
#1051 = DIRECTION ( 'NONE',  ( -0.0000000000000000000, -0.0000000000000000000, 1.000000000000000000 ) ) ;
#1052 = VECTOR ( 'NONE', #1051, 1000.000000000000000 ) ;
#1053 = CARTESIAN_POINT ( 'NONE',  ( 16.78769420257225100, 12.65595999365207900, -6.351580772764362100 ) ) ;
#1054 = DIRECTION ( 'NONE',  ( 0.7330518718298251200, 0.6801727377709205800, 0.0000000000000000000 ) ) ;
#1055 = DIRECTION ( 'NONE',  ( 0.6801727377709205800, -0.7330518718298251200, 0.0000000000000000000 ) ) ;
#1056 = VECTOR ( 'NONE', #1120, 1000.000000000000000 ) ;
#1057 = CARTESIAN_POINT ( 'NONE',  ( 5.647867525264363300, 20.25096522186199300, -5.869033853567545500 ) ) ;
#1058 = LINE ( 'NONE', #1057, #1056 ) ;
#1059 = DIRECTION ( 'NONE',  ( -0.4999999999999979500, -0.8660254037844397100, 0.0000000000000000000 ) ) ;
#1060 = VECTOR ( 'NONE', #1059, 1000.000000000000100 ) ;
#1061 = CARTESIAN_POINT ( 'NONE',  ( 9.633974596215516300, 18.68653347947322600, 5.000000000000000900 ) ) ;
#1062 = DIRECTION ( 'NONE',  ( 1.000000000000000000, 0.0000000000000000000, 0.0000000000000000000 ) ) ;
#1063 = DIRECTION ( 'NONE',  ( -0.0000000000000000000, -0.0000000000000000000, 1.000000000000000000 ) ) ;
#1064 = CARTESIAN_POINT ( 'NONE',  ( 10.49999999999995600, 18.18653347947323000, -6.291935891927058900 ) ) ;
#1065 = AXIS2_PLACEMENT_3D ( 'NONE', #1064, #1063, #1062 ) ;
#1066 = CYLINDRICAL_SURFACE ( 'NONE', #1065, 0.9999999999999991100 ) ;
#1067 = LINE ( 'NONE', #1061, #1060 ) ;
#1068 = FACE_OUTER_BOUND ( 'NONE', #5116, .T. ) ;
#1069 = DIRECTION ( 'NONE',  ( -0.0000000000000000000, -0.0000000000000000000, 1.000000000000000000 ) ) ;
#1070 = VECTOR ( 'NONE', #1069, 1000.000000000000000 ) ;
#1071 = CARTESIAN_POINT ( 'NONE',  ( 9.633974596215516300, 18.68653347947322600, -6.291935891927058900 ) ) ;
#1072 = LINE ( 'NONE', #1071, #1070 ) ;
#1073 = DIRECTION ( 'NONE',  ( -0.0000000000000000000, -0.0000000000000000000, 1.000000000000000000 ) ) ;
#1074 = VECTOR ( 'NONE', #1073, 1000.000000000000000 ) ;
#1075 = CARTESIAN_POINT ( 'NONE',  ( 8.603035260338446100, 19.18300769716191200, -6.115842512056158100 ) ) ;
#1076 = LINE ( 'NONE', #1075, #1074 ) ;
#1077 = DIRECTION ( 'NONE',  ( -0.7330518718298251200, -0.6801727377709205800, 0.0000000000000000000 ) ) ;
#1078 = DIRECTION ( 'NONE',  ( -0.6801727377709205800, 0.7330518718298251200, 0.0000000000000000000 ) ) ;
#1079 = CARTESIAN_POINT ( 'NONE',  ( 14.71391657065540300, 15.01667936501915600, -6.411698407867996600 ) ) ;
#1080 = AXIS2_PLACEMENT_3D ( 'NONE', #1079, #1078, #1077 ) ;
#1081 = PLANE ( 'NONE',  #1080 ) ;
#1082 = FACE_OUTER_BOUND ( 'NONE', #4928, .T. ) ;
#1083 = DIRECTION ( 'NONE',  ( -0.0000000000000000000, -0.0000000000000000000, 1.000000000000000000 ) ) ;
#1084 = VECTOR ( 'NONE', #1083, 1000.000000000000000 ) ;
#1085 = CARTESIAN_POINT ( 'NONE',  ( 16.07426204619724800, 13.55057562135950500, -6.411698407867996600 ) ) ;
#1086 = LINE ( 'NONE', #1085, #1084 ) ;
#1087 = DIRECTION ( 'NONE',  ( 1.000000000000000000, 0.0000000000000000000, 0.0000000000000000000 ) ) ;
#1088 = DIRECTION ( 'NONE',  ( -0.0000000000000000000, -0.0000000000000000000, 1.000000000000000000 ) ) ;
#1089 = CARTESIAN_POINT ( 'NONE',  ( 17.35101426063587100, 11.82972121933608300, -6.351580772764362100 ) ) ;
#1090 = AXIS2_PLACEMENT_3D ( 'NONE', #1089, #1088, #1087 ) ;
#1091 = CYLINDRICAL_SURFACE ( 'NONE', #1090, 1.000000000000000900 ) ;
#1092 = FACE_OUTER_BOUND ( 'NONE', #4972, .T. ) ;
#1093 = FACE_OUTER_BOUND ( 'NONE', #5035, .T. ) ;
#1094 = DIRECTION ( 'NONE',  ( -0.0000000000000000000, -0.0000000000000000000, 1.000000000000000000 ) ) ;
#1095 = VECTOR ( 'NONE', #1094, 1000.000000000000000 ) ;
#1096 = CARTESIAN_POINT ( 'NONE',  ( 13.87511732150139900, 15.79497132996991300, -6.391606694777326700 ) ) ;
#1097 = LINE ( 'NONE', #1096, #1095 ) ;
#1098 = DIRECTION ( 'NONE',  ( 0.6234898018587320400, 0.7818314824680310200, 0.0000000000000000000 ) ) ;
#1099 = DIRECTION ( 'NONE',  ( 0.7818314824680310200, -0.6234898018587320400, 0.0000000000000000000 ) ) ;
#1100 = CARTESIAN_POINT ( 'NONE',  ( 13.87511732150139900, 15.79497132996991300, -6.391606694777326700 ) ) ;
#1101 = AXIS2_PLACEMENT_3D ( 'NONE', #1100, #1099, #1098 ) ;
#1102 = PLANE ( 'NONE',  #1101 ) ;
#1103 = FACE_OUTER_BOUND ( 'NONE', #5028, .T. ) ;
#1104 = DIRECTION ( 'NONE',  ( 0.6234898018587320400, 0.7818314824680310200, 0.0000000000000000000 ) ) ;
#1105 = VECTOR ( 'NONE', #1104, 1000.000000000000000 ) ;
#1106 = CARTESIAN_POINT ( 'NONE',  ( 13.87511732150139900, 15.79497132996991300, 5.000000000000000900 ) ) ;
#1107 = LINE ( 'NONE', #1106, #1105 ) ;
#1108 = CARTESIAN_POINT ( 'NONE',  ( 13.87511732150139700, 15.79497132996991300, 5.000000000000000900 ) ) ;
#1109 = DIRECTION ( 'NONE',  ( -1.000000000000000000, -3.469446951953617300E-015, 0.0000000000000000000 ) ) ;
#1110 = DIRECTION ( 'NONE',  ( 0.0000000000000000000, 0.0000000000000000000, 1.000000000000000000 ) ) ;
#1111 = CARTESIAN_POINT ( 'NONE',  ( 13.09328583903336900, 16.41846113182864600, 5.000000000000000900 ) ) ;
#1112 = AXIS2_PLACEMENT_3D ( 'NONE', #1111, #1110, #1109 ) ;
#1113 = CIRCLE ( 'NONE', #1112, 0.9999999999999991100 ) ;
#1114 = DIRECTION ( 'NONE',  ( -0.2225209339563114200, -0.9749279121818244000, 0.0000000000000000000 ) ) ;
#1115 = DIRECTION ( 'NONE',  ( -0.9749279121818244000, 0.2225209339563114200, 0.0000000000000000000 ) ) ;
#1116 = CARTESIAN_POINT ( 'NONE',  ( 3.698011700900714500, 20.69600708977461800, -5.869033853567545500 ) ) ;
#1117 = AXIS2_PLACEMENT_3D ( 'NONE', #1116, #1115, #1114 ) ;
#1118 = PLANE ( 'NONE',  #1117 ) ;
#1119 = FACE_OUTER_BOUND ( 'NONE', #5019, .T. ) ;
#1120 = DIRECTION ( 'NONE',  ( -0.0000000000000000000, -0.0000000000000000000, 1.000000000000000000 ) ) ;
#1121 = DIRECTION ( 'NONE',  ( -0.0000000000000000000, -0.0000000000000000000, 1.000000000000000000 ) ) ;
#1122 = VECTOR ( 'NONE', #1121, 1000.000000000000000 ) ;
#1123 = CARTESIAN_POINT ( 'NONE',  ( 11.36602540378439500, 17.68653347947323300, -6.291935891927058900 ) ) ;
#1124 = LINE ( 'NONE', #1123, #1122 ) ;
#1125 = DIRECTION ( 'NONE',  ( 0.4999999999999980000, 0.8660254037844397100, 0.0000000000000000000 ) ) ;
#1126 = DIRECTION ( 'NONE',  ( 0.8660254037844397100, -0.4999999999999980000, 0.0000000000000000000 ) ) ;
#1127 = CARTESIAN_POINT ( 'NONE',  ( 11.36602540378439500, 17.68653347947323300, -6.291935891927058900 ) ) ;
#1128 = AXIS2_PLACEMENT_3D ( 'NONE', #1127, #1126, #1125 ) ;
#1129 = PLANE ( 'NONE',  #1128 ) ;
#1130 = FACE_OUTER_BOUND ( 'NONE', #5049, .T. ) ;
#1131 = DIRECTION ( 'NONE',  ( 0.4999999999999979500, 0.8660254037844397100, 0.0000000000000000000 ) ) ;
#1132 = VECTOR ( 'NONE', #1131, 1000.000000000000100 ) ;
#1133 = CARTESIAN_POINT ( 'NONE',  ( 11.36602540378439500, 17.68653347947323300, 5.000000000000000900 ) ) ;
#1134 = LINE ( 'NONE', #1133, #1132 ) ;
#1135 = CARTESIAN_POINT ( 'NONE',  ( 9.633974596215516300, 18.68653347947322600, 5.000000000000000900 ) ) ;
#1136 = CARTESIAN_POINT ( 'NONE',  ( 11.36602540378439500, 17.68653347947323300, 5.000000000000000900 ) ) ;
#1137 = DIRECTION ( 'NONE',  ( -1.000000000000000000, 0.0000000000000000000, 0.0000000000000000000 ) ) ;
#1138 = DIRECTION ( 'NONE',  ( 0.0000000000000000000, 0.0000000000000000000, 1.000000000000000000 ) ) ;
#1139 = CARTESIAN_POINT ( 'NONE',  ( 10.49999999999995600, 18.18653347947323000, 5.000000000000000900 ) ) ;
#1140 = AXIS2_PLACEMENT_3D ( 'NONE', #1139, #1138, #1137 ) ;
#1141 = CIRCLE ( 'NONE', #1140, 0.9999999999999991100 ) ;
#1142 = DIRECTION ( 'NONE',  ( -1.000000000000000000, 0.0000000000000000000, 0.0000000000000000000 ) ) ;
#1143 = DIRECTION ( 'NONE',  ( -0.0000000000000000000, 0.0000000000000000000, -1.000000000000000000 ) ) ;
#1144 = CARTESIAN_POINT ( 'NONE',  ( 0.0000000000000000000, 0.0000000000000000000, 5.000000000000000000 ) ) ;
#1145 = AXIS2_PLACEMENT_3D ( 'NONE', #1144, #1143, #1142 ) ;
#1146 = PLANE ( 'NONE',  #1145 ) ;
#1147 = DIRECTION ( 'NONE',  ( 1.000000000000000000, 0.0000000000000000000, 0.0000000000000000000 ) ) ;
#1148 = DIRECTION ( 'NONE',  ( -0.0000000000000000000, -0.0000000000000000000, 1.000000000000000000 ) ) ;
#1149 = CARTESIAN_POINT ( 'NONE',  ( 15.39408930842632400, 14.28362749318933000, -6.411698407867996600 ) ) ;
#1150 = AXIS2_PLACEMENT_3D ( 'NONE', #1149, #1148, #1147 ) ;
#1151 = FACE_OUTER_BOUND ( 'NONE', #5042, .T. ) ;
#1152 = CYLINDRICAL_SURFACE ( 'NONE', #1150, 0.9999999999999991100 ) ;
#1153 = DIRECTION ( 'NONE',  ( -1.000000000000000000, 0.0000000000000000000, 0.0000000000000000000 ) ) ;
#1154 = DIRECTION ( 'NONE',  ( -0.0000000000000000000, 0.0000000000000000000, -1.000000000000000000 ) ) ;
#1155 = CARTESIAN_POINT ( 'NONE',  ( 0.0000000000000000000, 0.0000000000000000000, 5.000000000000000000 ) ) ;
#1156 = AXIS2_PLACEMENT_3D ( 'NONE', #1155, #1154, #1153 ) ;
#1157 = PLANE ( 'NONE',  #1156 ) ;
#1158 = FACE_OUTER_BOUND ( 'NONE', #5091, .T. ) ;
#1159 = DIRECTION ( 'NONE',  ( -1.000000000000000000, 0.0000000000000000000, 0.0000000000000000000 ) ) ;
#1160 = DIRECTION ( 'NONE',  ( -0.0000000000000000000, 0.0000000000000000000, -1.000000000000000000 ) ) ;
#1161 = CARTESIAN_POINT ( 'NONE',  ( 0.0000000000000000000, 0.0000000000000000000, 5.000000000000000000 ) ) ;
#1162 = AXIS2_PLACEMENT_3D ( 'NONE', #1161, #1160, #1159 ) ;
#1163 = FACE_OUTER_BOUND ( 'NONE', #5085, .T. ) ;
#1164 = DIRECTION ( 'NONE',  ( 1.000000000000000000, 0.0000000000000000000, 0.0000000000000000000 ) ) ;
#1165 = DIRECTION ( 'NONE',  ( -0.0000000000000000000, -0.0000000000000000000, 1.000000000000000000 ) ) ;
#1166 = CARTESIAN_POINT ( 'NONE',  ( 7.672161511694239900, 19.54834872152830600, -6.115842512056158100 ) ) ;
#1167 = AXIS2_PLACEMENT_3D ( 'NONE', #1166, #1165, #1164 ) ;
#1168 = CYLINDRICAL_SURFACE ( 'NONE', #1167, 1.000000000000000000 ) ;
#1169 = PLANE ( 'NONE',  #1162 ) ;
#1170 = FACE_OUTER_BOUND ( 'NONE', #5076, .T. ) ;
#1171 = DIRECTION ( 'NONE',  ( -0.0000000000000000000, -0.0000000000000000000, 1.000000000000000000 ) ) ;
#1172 = VECTOR ( 'NONE', #1171, 1000.000000000000000 ) ;
#1173 = CARTESIAN_POINT ( 'NONE',  ( 6.741287763050034500, 19.91368974589469700, -6.115842512056158100 ) ) ;
#1174 = LINE ( 'NONE', #1173, #1172 ) ;
#1175 = DIRECTION ( 'NONE',  ( -0.3653410243663925400, -0.9308737486442052500, 0.0000000000000000000 ) ) ;
#1176 = DIRECTION ( 'NONE',  ( -0.9308737486442052500, 0.3653410243663925400, 0.0000000000000000000 ) ) ;
#1177 = CARTESIAN_POINT ( 'NONE',  ( 6.741287763050034500, 19.91368974589469700, -6.115842512056158100 ) ) ;
#1178 = AXIS2_PLACEMENT_3D ( 'NONE', #1177, #1176, #1175 ) ;
#1179 = PLANE ( 'NONE',  #1178 ) ;
#1180 = FACE_OUTER_BOUND ( 'NONE', #5069, .T. ) ;
#1181 = DIRECTION ( 'NONE',  ( -0.4999999999999980000, -0.8660254037844397100, 0.0000000000000000000 ) ) ;
#1182 = DIRECTION ( 'NONE',  ( -0.8660254037844397100, 0.4999999999999980000, 0.0000000000000000000 ) ) ;
#1183 = CARTESIAN_POINT ( 'NONE',  ( 9.633974596215516300, 18.68653347947322600, -6.291935891927058900 ) ) ;
#1184 = AXIS2_PLACEMENT_3D ( 'NONE', #1183, #1182, #1181 ) ;
#1185 = PLANE ( 'NONE',  #1184 ) ;
#1186 = FACE_OUTER_BOUND ( 'NONE', #5065, .T. ) ;
#1187 = CARTESIAN_POINT ( 'NONE',  ( 3.698011700900714100, 20.69600708977461800, 5.000000000000000900 ) ) ;
#1188 = DIRECTION ( 'NONE',  ( -0.2225209339563114200, -0.9749279121818244000, 0.0000000000000000000 ) ) ;
#1189 = VECTOR ( 'NONE', #1188, 999.9999999999998900 ) ;
#1190 = CARTESIAN_POINT ( 'NONE',  ( 3.698011700900714500, 20.69600708977461800, 5.000000000000000900 ) ) ;
#1191 = LINE ( 'NONE', #1190, #1189 ) ;
#1192 = DIRECTION ( 'NONE',  ( -1.000000000000000000, 0.0000000000000000000, 0.0000000000000000000 ) ) ;
#1193 = DIRECTION ( 'NONE',  ( -0.0000000000000000000, 0.0000000000000000000, -1.000000000000000000 ) ) ;
#1194 = CARTESIAN_POINT ( 'NONE',  ( 0.0000000000000000000, 0.0000000000000000000, 5.000000000000000000 ) ) ;
#1195 = AXIS2_PLACEMENT_3D ( 'NONE', #1194, #1193, #1192 ) ;
#1196 = PLANE ( 'NONE',  #1195 ) ;
#1197 = FACE_OUTER_BOUND ( 'NONE', #5104, .T. ) ;
#1198 = DIRECTION ( 'NONE',  ( 0.3653410243663925400, 0.9308737486442052500, 0.0000000000000000000 ) ) ;
#1199 = DIRECTION ( 'NONE',  ( 0.9308737486442052500, -0.3653410243663925400, 0.0000000000000000000 ) ) ;
#1200 = CARTESIAN_POINT ( 'NONE',  ( 8.603035260338446100, 19.18300769716191200, -6.115842512056158100 ) ) ;
#1201 = AXIS2_PLACEMENT_3D ( 'NONE', #1200, #1199, #1198 ) ;
#1202 = PLANE ( 'NONE',  #1201 ) ;
#1203 = FACE_OUTER_BOUND ( 'NONE', #5080, .T. ) ;
#1204 = DIRECTION ( 'NONE',  ( 0.3653410243663925400, 0.9308737486442052500, 0.0000000000000000000 ) ) ;
#1205 = VECTOR ( 'NONE', #1204, 999.9999999999998900 ) ;
#1206 = CARTESIAN_POINT ( 'NONE',  ( 8.603035260338446100, 19.18300769716191200, 5.000000000000000900 ) ) ;
#1207 = LINE ( 'NONE', #1206, #1205 ) ;
#1208 = CARTESIAN_POINT ( 'NONE',  ( 8.603035260338446100, 19.18300769716191200, 5.000000000000000900 ) ) ;
#1209 = DIRECTION ( 'NONE',  ( -1.000000000000000000, 0.0000000000000000000, 0.0000000000000000000 ) ) ;
#1210 = DIRECTION ( 'NONE',  ( 0.0000000000000000000, 0.0000000000000000000, 1.000000000000000000 ) ) ;
#1211 = CARTESIAN_POINT ( 'NONE',  ( 7.672161511694239900, 19.54834872152830600, 5.000000000000000900 ) ) ;
#1212 = AXIS2_PLACEMENT_3D ( 'NONE', #1211, #1210, #1209 ) ;
#1213 = CIRCLE ( 'NONE', #1212, 1.000000000000000000 ) ;
#1214 = CARTESIAN_POINT ( 'NONE',  ( 6.741287763050033600, 19.91368974589469700, 5.000000000000000900 ) ) ;
#1215 = DIRECTION ( 'NONE',  ( -0.3653410243663925400, -0.9308737486442052500, 0.0000000000000000000 ) ) ;
#1216 = VECTOR ( 'NONE', #1215, 999.9999999999998900 ) ;
#1217 = CARTESIAN_POINT ( 'NONE',  ( 6.741287763050034500, 19.91368974589469700, 5.000000000000000900 ) ) ;
#1218 = LINE ( 'NONE', #1217, #1216 ) ;
#1219 = FACE_OUTER_BOUND ( 'NONE', #5128, .T. ) ;
#1220 = DIRECTION ( 'NONE',  ( -0.9555728057861425700, 0.2947551744108981600, 0.0000000000000000000 ) ) ;
#1221 = VECTOR ( 'NONE', #1220, 1000.000000000000000 ) ;
#1222 = CARTESIAN_POINT ( 'NONE',  ( -19.77227374709809400, 7.145431468415004900, 5.000000000000000900 ) ) ;
#1223 = LINE ( 'NONE', #1222, #1221 ) ;
#1224 = CARTESIAN_POINT ( 'NONE',  ( -20.99999999999998600, -1.000000000000146500, 5.000000000000000900 ) ) ;
#1225 = DIRECTION ( 'NONE',  ( 1.000000000000000000, 6.982966722218764100E-015, 0.0000000000000000000 ) ) ;
#1226 = VECTOR ( 'NONE', #1225, 1000.000000000000000 ) ;
#1227 = CARTESIAN_POINT ( 'NONE',  ( -20.99999999999998600, -1.000000000000146500, 5.000000000000000900 ) ) ;
#1228 = LINE ( 'NONE', #1227, #1226 ) ;
#1229 = DIRECTION ( 'NONE',  ( -1.000000000000000000, 0.0000000000000000000, 0.0000000000000000000 ) ) ;
#1230 = DIRECTION ( 'NONE',  ( -0.0000000000000000000, 0.0000000000000000000, -1.000000000000000000 ) ) ;
#1231 = CARTESIAN_POINT ( 'NONE',  ( 0.0000000000000000000, 0.0000000000000000000, 5.000000000000000000 ) ) ;
#1232 = AXIS2_PLACEMENT_3D ( 'NONE', #1231, #1230, #1229 ) ;
#1233 = PLANE ( 'NONE',  #1232 ) ;
#1234 = FACE_OUTER_BOUND ( 'NONE', #5045, .T. ) ;
#1235 = DIRECTION ( 'NONE',  ( 0.2225209339563114200, 0.9749279121818244000, 0.0000000000000000000 ) ) ;
#1236 = DIRECTION ( 'NONE',  ( 0.9749279121818244000, -0.2225209339563114200, 0.0000000000000000000 ) ) ;
#1237 = CARTESIAN_POINT ( 'NONE',  ( 5.647867525264363300, 20.25096522186199300, -5.869033853567545500 ) ) ;
#1238 = AXIS2_PLACEMENT_3D ( 'NONE', #1237, #1236, #1235 ) ;
#1239 = PLANE ( 'NONE',  #1238 ) ;
#1240 = FACE_OUTER_BOUND ( 'NONE', #5115, .T. ) ;
#1241 = DIRECTION ( 'NONE',  ( 0.2225209339563114200, 0.9749279121818244000, 0.0000000000000000000 ) ) ;
#1242 = VECTOR ( 'NONE', #1241, 999.9999999999998900 ) ;
#1243 = CARTESIAN_POINT ( 'NONE',  ( 5.647867525264363300, 20.25096522186199300, 5.000000000000000900 ) ) ;
#1244 = LINE ( 'NONE', #1243, #1242 ) ;
#1245 = CARTESIAN_POINT ( 'NONE',  ( 5.647867525264363300, 20.25096522186199300, 5.000000000000000900 ) ) ;
#1246 = DIRECTION ( 'NONE',  ( -1.000000000000000000, 3.469446951953614200E-015, 0.0000000000000000000 ) ) ;
#1247 = DIRECTION ( 'NONE',  ( 0.0000000000000000000, 0.0000000000000000000, 1.000000000000000000 ) ) ;
#1248 = CARTESIAN_POINT ( 'NONE',  ( 4.672939613082538900, 20.47348615581830700, 5.000000000000000900 ) ) ;
#1249 = AXIS2_PLACEMENT_3D ( 'NONE', #1248, #1247, #1246 ) ;
#1250 = CIRCLE ( 'NONE', #1249, 1.000000000000000000 ) ;
#1251 = AXIS2_PLACEMENT_3D ( 'NONE', #1319, #1318, #1317 ) ;
#1252 = PLANE ( 'NONE',  #1251 ) ;
#1253 = FACE_OUTER_BOUND ( 'NONE', #5151, .T. ) ;
#1254 = DIRECTION ( 'NONE',  ( -0.9888308262251296300, 0.1490422661761676700, 0.0000000000000000000 ) ) ;
#1255 = DIRECTION ( 'NONE',  ( 0.1490422661761676700, 0.9888308262251296300, 0.0000000000000000000 ) ) ;
#1256 = CARTESIAN_POINT ( 'NONE',  ( -20.61640508455155500, 4.118718415924650600, -5.721605746580246800 ) ) ;
#1257 = AXIS2_PLACEMENT_3D ( 'NONE', #1256, #1255, #1254 ) ;
#1258 = PLANE ( 'NONE',  #1257 ) ;
#1259 = FACE_OUTER_BOUND ( 'NONE', #5145, .T. ) ;
#1260 = DIRECTION ( 'NONE',  ( -0.9888308262251296300, 0.1490422661761676700, 0.0000000000000000000 ) ) ;
#1261 = VECTOR ( 'NONE', #1260, 999.9999999999998900 ) ;
#1262 = CARTESIAN_POINT ( 'NONE',  ( -20.61640508455155500, 4.118718415924650600, 5.000000000000000900 ) ) ;
#1263 = LINE ( 'NONE', #1262, #1261 ) ;
#1264 = DIRECTION ( 'NONE',  ( -1.000000000000000000, 0.0000000000000000000, 0.0000000000000000000 ) ) ;
#1265 = DIRECTION ( 'NONE',  ( -0.0000000000000000000, 0.0000000000000000000, -1.000000000000000000 ) ) ;
#1266 = CARTESIAN_POINT ( 'NONE',  ( 0.0000000000000000000, 0.0000000000000000000, 5.000000000000000000 ) ) ;
#1267 = AXIS2_PLACEMENT_3D ( 'NONE', #1266, #1265, #1264 ) ;
#1268 = FACE_OUTER_BOUND ( 'NONE', #5142, .T. ) ;
#1269 = DIRECTION ( 'NONE',  ( 1.000000000000000000, 0.0000000000000000000, 0.0000000000000000000 ) ) ;
#1270 = DIRECTION ( 'NONE',  ( -0.0000000000000000000, -0.0000000000000000000, 1.000000000000000000 ) ) ;
#1271 = CARTESIAN_POINT ( 'NONE',  ( -20.76544735072771900, 3.129887589699520900, -5.721605746580246800 ) ) ;
#1272 = AXIS2_PLACEMENT_3D ( 'NONE', #1271, #1270, #1269 ) ;
#1273 = PLANE ( 'NONE',  #1267 ) ;
#1274 = CYLINDRICAL_SURFACE ( 'NONE', #1272, 1.000000000000000900 ) ;
#1275 = FACE_OUTER_BOUND ( 'NONE', #5136, .T. ) ;
#1276 = DIRECTION ( 'NONE',  ( -0.0000000000000000000, -0.0000000000000000000, 1.000000000000000000 ) ) ;
#1277 = VECTOR ( 'NONE', #1276, 1000.000000000000000 ) ;
#1278 = CARTESIAN_POINT ( 'NONE',  ( -20.91448961690388600, 2.141056763474391100, -5.721605746580246800 ) ) ;
#1279 = LINE ( 'NONE', #1278, #1277 ) ;
#1280 = DIRECTION ( 'NONE',  ( -0.9555728057861425700, 0.2947551744108981600, 0.0000000000000000000 ) ) ;
#1281 = DIRECTION ( 'NONE',  ( 0.2947551744108981600, 0.9555728057861425700, 0.0000000000000000000 ) ) ;
#1282 = CARTESIAN_POINT ( 'NONE',  ( -19.77227374709809400, 7.145431468415004900, -6.000819966177905600 ) ) ;
#1283 = AXIS2_PLACEMENT_3D ( 'NONE', #1282, #1281, #1280 ) ;
#1284 = PLANE ( 'NONE',  #1283 ) ;
#1285 = CARTESIAN_POINT ( 'NONE',  ( -3.698011700900560000, -20.69600708977464600, -5.869033853567532200 ) ) ;
#1286 = DIRECTION ( 'NONE',  ( -1.000000000000000000, -6.982966722218764100E-015, 0.0000000000000000000 ) ) ;
#1287 = DIRECTION ( 'NONE',  ( -6.982966722218764100E-015, 1.000000000000000000, 0.0000000000000000000 ) ) ;
#1288 = CARTESIAN_POINT ( 'NONE',  ( -21.00000000000000000, 0.9999999999998534500, -5.385164807134524200 ) ) ;
#1289 = AXIS2_PLACEMENT_3D ( 'NONE', #1288, #1287, #1286 ) ;
#1290 = PLANE ( 'NONE',  #1289 ) ;
#1291 = DIRECTION ( 'NONE',  ( 0.9749279121818259500, -0.2225209339563041800, 0.0000000000000000000 ) ) ;
#1292 = FACE_OUTER_BOUND ( 'NONE', #5170, .T. ) ;
#1293 = DIRECTION ( 'NONE',  ( -1.000000000000000000, -6.982966722218764100E-015, 0.0000000000000000000 ) ) ;
#1294 = VECTOR ( 'NONE', #1293, 1000.000000000000000 ) ;
#1295 = CARTESIAN_POINT ( 'NONE',  ( -21.00000000000000000, 0.9999999999998534500, 5.000000000000000900 ) ) ;
#1296 = LINE ( 'NONE', #1295, #1294 ) ;
#1297 = DIRECTION ( 'NONE',  ( -1.000000000000000000, 0.0000000000000000000, 0.0000000000000000000 ) ) ;
#1298 = DIRECTION ( 'NONE',  ( 0.0000000000000000000, 0.0000000000000000000, 1.000000000000000000 ) ) ;
#1299 = AXIS2_PLACEMENT_3D ( 'NONE', #1305, #1298, #1297 ) ;
#1300 = CIRCLE ( 'NONE', #1299, 1.000000000000000900 ) ;
#1301 = DIRECTION ( 'NONE',  ( 1.000000000000000000, 0.0000000000000000000, 0.0000000000000000000 ) ) ;
#1302 = DIRECTION ( 'NONE',  ( -0.0000000000000000000, -0.0000000000000000000, 1.000000000000000000 ) ) ;
#1303 = CARTESIAN_POINT ( 'NONE',  ( -20.06702892150899600, 6.189858662628862100, -6.000819966177905600 ) ) ;
#1304 = AXIS2_PLACEMENT_3D ( 'NONE', #1303, #1302, #1301 ) ;
#1305 = CARTESIAN_POINT ( 'NONE',  ( -20.99999999999999300, -1.466423011665940200E-013, 5.000000000000000900 ) ) ;
#1306 = CYLINDRICAL_SURFACE ( 'NONE', #1304, 1.000000000000000900 ) ;
#1307 = FACE_OUTER_BOUND ( 'NONE', #5163, .T. ) ;
#1308 = DIRECTION ( 'NONE',  ( -0.0000000000000000000, -0.0000000000000000000, 1.000000000000000000 ) ) ;
#1309 = VECTOR ( 'NONE', #1308, 1000.000000000000000 ) ;
#1310 = CARTESIAN_POINT ( 'NONE',  ( -20.36178409591989400, 5.234285856842719300, -6.000819966177905600 ) ) ;
#1311 = LINE ( 'NONE', #1310, #1309 ) ;
#1312 = DIRECTION ( 'NONE',  ( -1.000000000000000000, 0.0000000000000000000, 0.0000000000000000000 ) ) ;
#1313 = DIRECTION ( 'NONE',  ( 0.0000000000000000000, 0.0000000000000000000, 1.000000000000000000 ) ) ;
#1314 = CARTESIAN_POINT ( 'NONE',  ( -20.76544735072771900, 3.129887589699520900, 5.000000000000000900 ) ) ;
#1315 = AXIS2_PLACEMENT_3D ( 'NONE', #1314, #1313, #1312 ) ;
#1316 = CIRCLE ( 'NONE', #1315, 1.000000000000000900 ) ;
#1317 = DIRECTION ( 'NONE',  ( 0.9888308262251296300, -0.1490422661761676700, 0.0000000000000000000 ) ) ;
#1318 = DIRECTION ( 'NONE',  ( -0.1490422661761676700, -0.9888308262251296300, 0.0000000000000000000 ) ) ;
#1319 = CARTESIAN_POINT ( 'NONE',  ( -20.91448961690388600, 2.141056763474391100, -5.721605746580246800 ) ) ;
#1320 = CARTESIAN_POINT ( 'NONE',  ( -20.99999999999999300, -1.466423011665940200E-013, -5.385164807134524200 ) ) ;
#1321 = AXIS2_PLACEMENT_3D ( 'NONE', #1320, #1382, #1381 ) ;
#1322 = LINE ( 'NONE', #1380, #1379 ) ;
#1323 = CYLINDRICAL_SURFACE ( 'NONE', #1321, 1.000000000000000900 ) ;
#1324 = FACE_OUTER_BOUND ( 'NONE', #5195, .T. ) ;
#1325 = DIRECTION ( 'NONE',  ( -0.0000000000000000000, -0.0000000000000000000, 1.000000000000000000 ) ) ;
#1326 = VECTOR ( 'NONE', #1325, 1000.000000000000000 ) ;
#1327 = CARTESIAN_POINT ( 'NONE',  ( -20.99999999999998600, -1.000000000000146500, -5.385164807134524200 ) ) ;
#1328 = LINE ( 'NONE', #1327, #1326 ) ;
#1329 = DIRECTION ( 'NONE',  ( 1.000000000000000000, 6.982966722218764100E-015, 0.0000000000000000000 ) ) ;
#1330 = DIRECTION ( 'NONE',  ( 6.982966722218764100E-015, -1.000000000000000000, 0.0000000000000000000 ) ) ;
#1331 = CARTESIAN_POINT ( 'NONE',  ( -20.99999999999998600, -1.000000000000146500, -5.385164807134524200 ) ) ;
#1332 = AXIS2_PLACEMENT_3D ( 'NONE', #1331, #1330, #1329 ) ;
#1333 = PLANE ( 'NONE',  #1332 ) ;
#1334 = FACE_OUTER_BOUND ( 'NONE', #5188, .T. ) ;
#1335 = DIRECTION ( 'NONE',  ( -1.000000000000000000, 0.0000000000000000000, 0.0000000000000000000 ) ) ;
#1336 = DIRECTION ( 'NONE',  ( 0.0000000000000000000, 0.0000000000000000000, 1.000000000000000000 ) ) ;
#1337 = CARTESIAN_POINT ( 'NONE',  ( -20.06702892150899600, 6.189858662628862100, 5.000000000000000900 ) ) ;
#1338 = AXIS2_PLACEMENT_3D ( 'NONE', #1337, #1336, #1335 ) ;
#1339 = CIRCLE ( 'NONE', #1338, 1.000000000000000900 ) ;
#1340 = CARTESIAN_POINT ( 'NONE',  ( -20.91448961690388600, 2.141056763474391100, 5.000000000000000900 ) ) ;
#1341 = DIRECTION ( 'NONE',  ( 0.9888308262251296300, -0.1490422661761676700, 0.0000000000000000000 ) ) ;
#1342 = VECTOR ( 'NONE', #1341, 999.9999999999998900 ) ;
#1343 = CARTESIAN_POINT ( 'NONE',  ( -20.91448961690388600, 2.141056763474391100, 5.000000000000000900 ) ) ;
#1344 = LINE ( 'NONE', #1343, #1342 ) ;
#1345 = DIRECTION ( 'NONE',  ( -1.000000000000000000, 0.0000000000000000000, 0.0000000000000000000 ) ) ;
#1346 = DIRECTION ( 'NONE',  ( -0.0000000000000000000, 0.0000000000000000000, -1.000000000000000000 ) ) ;
#1347 = CARTESIAN_POINT ( 'NONE',  ( 0.0000000000000000000, 0.0000000000000000000, 5.000000000000000000 ) ) ;
#1348 = AXIS2_PLACEMENT_3D ( 'NONE', #1347, #1346, #1345 ) ;
#1349 = PLANE ( 'NONE',  #1348 ) ;
#1350 = FACE_OUTER_BOUND ( 'NONE', #5180, .T. ) ;
#1351 = DIRECTION ( 'NONE',  ( 1.000000000000000000, 0.0000000000000000000, 0.0000000000000000000 ) ) ;
#1352 = DIRECTION ( 'NONE',  ( -0.0000000000000000000, -0.0000000000000000000, 1.000000000000000000 ) ) ;
#1353 = CARTESIAN_POINT ( 'NONE',  ( -20.76544735072766900, -3.129887589699819700, -5.721605746580288500 ) ) ;
#1354 = AXIS2_PLACEMENT_3D ( 'NONE', #1353, #1352, #1351 ) ;
#1355 = CYLINDRICAL_SURFACE ( 'NONE', #1354, 1.000000000000000900 ) ;
#1356 = FACE_OUTER_BOUND ( 'NONE', #5214, .T. ) ;
#1357 = DIRECTION ( 'NONE',  ( -0.9555728057861384600, -0.2947551744109115900, 0.0000000000000000000 ) ) ;
#1358 = DIRECTION ( 'NONE',  ( -0.2947551744109115900, 0.9555728057861384600, 0.0000000000000000000 ) ) ;
#1359 = CARTESIAN_POINT ( 'NONE',  ( -20.36178409591981300, -5.234285856843003500, -6.000819966177919800 ) ) ;
#1360 = AXIS2_PLACEMENT_3D ( 'NONE', #1359, #1358, #1357 ) ;
#1361 = PLANE ( 'NONE',  #1360 ) ;
#1362 = FACE_OUTER_BOUND ( 'NONE', #5211, .T. ) ;
#1363 = DIRECTION ( 'NONE',  ( -0.9555728057861384600, -0.2947551744109115900, 0.0000000000000000000 ) ) ;
#1364 = VECTOR ( 'NONE', #1363, 1000.000000000000000 ) ;
#1365 = CARTESIAN_POINT ( 'NONE',  ( -20.36178409591981300, -5.234285856843003500, 5.000000000000000900 ) ) ;
#1366 = LINE ( 'NONE', #1365, #1364 ) ;
#1367 = DIRECTION ( 'NONE',  ( -1.000000000000000000, -8.673617379884027600E-016, 0.0000000000000000000 ) ) ;
#1368 = DIRECTION ( 'NONE',  ( 0.0000000000000000000, 0.0000000000000000000, 1.000000000000000000 ) ) ;
#1369 = CARTESIAN_POINT ( 'NONE',  ( -20.06702892150890000, -6.189858662629141900, 5.000000000000000900 ) ) ;
#1370 = AXIS2_PLACEMENT_3D ( 'NONE', #1369, #1368, #1367 ) ;
#1371 = CIRCLE ( 'NONE', #1370, 1.000000000000000900 ) ;
#1372 = CARTESIAN_POINT ( 'NONE',  ( -19.77227374709799100, -7.145431468415279300, 5.000000000000000900 ) ) ;
#1373 = DIRECTION ( 'NONE',  ( 0.9555728057861384600, 0.2947551744109115900, 0.0000000000000000000 ) ) ;
#1374 = VECTOR ( 'NONE', #1373, 1000.000000000000000 ) ;
#1375 = CARTESIAN_POINT ( 'NONE',  ( -19.77227374709799100, -7.145431468415280200, 5.000000000000000900 ) ) ;
#1376 = LINE ( 'NONE', #1375, #1374 ) ;
#1377 = CARTESIAN_POINT ( 'NONE',  ( -20.61640508455148800, -4.118718415924947300, 5.000000000000000900 ) ) ;
#1378 = DIRECTION ( 'NONE',  ( 0.9888308262251273000, 0.1490422661761818800, 0.0000000000000000000 ) ) ;
#1379 = VECTOR ( 'NONE', #1378, 1000.000000000000100 ) ;
#1380 = CARTESIAN_POINT ( 'NONE',  ( -20.61640508455148800, -4.118718415924947300, 5.000000000000000900 ) ) ;
#1381 = DIRECTION ( 'NONE',  ( 1.000000000000000000, 0.0000000000000000000, 0.0000000000000000000 ) ) ;
#1382 = DIRECTION ( 'NONE',  ( -0.0000000000000000000, -0.0000000000000000000, 1.000000000000000000 ) ) ;
#1383 = LINE ( 'NONE', #1447, #1446 ) ;
#1384 = DIRECTION ( 'NONE',  ( 1.000000000000000000, 0.0000000000000000000, 0.0000000000000000000 ) ) ;
#1385 = DIRECTION ( 'NONE',  ( -0.0000000000000000000, -0.0000000000000000000, 1.000000000000000000 ) ) ;
#1386 = CARTESIAN_POINT ( 'NONE',  ( -20.06702892150890000, -6.189858662629141900, -6.000819966177919800 ) ) ;
#1387 = AXIS2_PLACEMENT_3D ( 'NONE', #1386, #1385, #1384 ) ;
#1388 = CYLINDRICAL_SURFACE ( 'NONE', #1387, 1.000000000000000900 ) ;
#1389 = FACE_OUTER_BOUND ( 'NONE', #5243, .T. ) ;
#1390 = DIRECTION ( 'NONE',  ( -0.0000000000000000000, -0.0000000000000000000, 1.000000000000000000 ) ) ;
#1391 = VECTOR ( 'NONE', #1390, 1000.000000000000000 ) ;
#1392 = CARTESIAN_POINT ( 'NONE',  ( -19.77227374709799100, -7.145431468415280200, -6.000819966177919800 ) ) ;
#1393 = LINE ( 'NONE', #1392, #1391 ) ;
#1394 = DIRECTION ( 'NONE',  ( 0.9555728057861425700, -0.2947551744108981600, 0.0000000000000000000 ) ) ;
#1395 = DIRECTION ( 'NONE',  ( -0.2947551744108981600, -0.9555728057861425700, 0.0000000000000000000 ) ) ;
#1396 = CARTESIAN_POINT ( 'NONE',  ( -20.36178409591989400, 5.234285856842719300, -6.000819966177905600 ) ) ;
#1397 = AXIS2_PLACEMENT_3D ( 'NONE', #1396, #1395, #1394 ) ;
#1398 = PLANE ( 'NONE',  #1397 ) ;
#1399 = FACE_OUTER_BOUND ( 'NONE', #5233, .T. ) ;
#1400 = DIRECTION ( 'NONE',  ( 0.9009688679024157000, 0.4338837391175652300, 0.0000000000000000000 ) ) ;
#1401 = DIRECTION ( 'NONE',  ( 0.4338837391175652300, -0.9009688679024157000, 0.0000000000000000000 ) ) ;
#1402 = CARTESIAN_POINT ( 'NONE',  ( -18.48646248683315800, -10.01252738937128200, -6.213145574501227800 ) ) ;
#1403 = AXIS2_PLACEMENT_3D ( 'NONE', #1402, #1401, #1400 ) ;
#1404 = PLANE ( 'NONE',  #1403 ) ;
#1405 = FACE_OUTER_BOUND ( 'NONE', #5229, .T. ) ;
#1406 = DIRECTION ( 'NONE',  ( -0.9009688679024157000, -0.4338837391175652300, 0.0000000000000000000 ) ) ;
#1407 = DIRECTION ( 'NONE',  ( -0.4338837391175652300, 0.9009688679024157000, 0.0000000000000000000 ) ) ;
#1408 = CARTESIAN_POINT ( 'NONE',  ( -19.35422996506828900, -8.210589653566451300, -6.213145574501227800 ) ) ;
#1409 = AXIS2_PLACEMENT_3D ( 'NONE', #1408, #1407, #1406 ) ;
#1410 = PLANE ( 'NONE',  #1409 ) ;
#1411 = FACE_OUTER_BOUND ( 'NONE', #5223, .T. ) ;
#1412 = DIRECTION ( 'NONE',  ( -0.9009688679024157000, -0.4338837391175652300, 0.0000000000000000000 ) ) ;
#1413 = VECTOR ( 'NONE', #1412, 1000.000000000000000 ) ;
#1414 = CARTESIAN_POINT ( 'NONE',  ( -19.35422996506828900, -8.210589653566451300, 5.000000000000000900 ) ) ;
#1415 = LINE ( 'NONE', #1414, #1413 ) ;
#1416 = CARTESIAN_POINT ( 'NONE',  ( -20.76544735072766900, -3.129887589699819700, 5.000000000000000900 ) ) ;
#1417 = DIRECTION ( 'NONE',  ( -1.000000000000000000, 1.734723475976805500E-015, 0.0000000000000000000 ) ) ;
#1418 = DIRECTION ( 'NONE',  ( 0.0000000000000000000, 0.0000000000000000000, 1.000000000000000000 ) ) ;
#1419 = CARTESIAN_POINT ( 'NONE',  ( -18.92034622595072300, -9.111558521468866800, 5.000000000000000900 ) ) ;
#1420 = AXIS2_PLACEMENT_3D ( 'NONE', #1419, #1418, #1417 ) ;
#1421 = CIRCLE ( 'NONE', #1420, 1.000000000000000900 ) ;
#1422 = CARTESIAN_POINT ( 'NONE',  ( -18.48646248683315800, -10.01252738937128200, 5.000000000000000900 ) ) ;
#1423 = DIRECTION ( 'NONE',  ( 0.9009688679024157000, 0.4338837391175652300, 0.0000000000000000000 ) ) ;
#1424 = VECTOR ( 'NONE', #1423, 1000.000000000000000 ) ;
#1425 = CARTESIAN_POINT ( 'NONE',  ( -18.48646248683315800, -10.01252738937128200, 5.000000000000000900 ) ) ;
#1426 = LINE ( 'NONE', #1425, #1424 ) ;
#1427 = DIRECTION ( 'NONE',  ( -1.000000000000000000, 0.0000000000000000000, 0.0000000000000000000 ) ) ;
#1428 = DIRECTION ( 'NONE',  ( -0.0000000000000000000, 0.0000000000000000000, -1.000000000000000000 ) ) ;
#1429 = CARTESIAN_POINT ( 'NONE',  ( 0.0000000000000000000, 0.0000000000000000000, 5.000000000000000000 ) ) ;
#1430 = AXIS2_PLACEMENT_3D ( 'NONE', #1429, #1428, #1427 ) ;
#1431 = PLANE ( 'NONE',  #1430 ) ;
#1432 = FACE_OUTER_BOUND ( 'NONE', #5260, .T. ) ;
#1433 = DIRECTION ( 'NONE',  ( -1.000000000000000000, 0.0000000000000000000, 0.0000000000000000000 ) ) ;
#1434 = DIRECTION ( 'NONE',  ( -0.0000000000000000000, 0.0000000000000000000, -1.000000000000000000 ) ) ;
#1435 = CARTESIAN_POINT ( 'NONE',  ( 0.0000000000000000000, 0.0000000000000000000, 5.000000000000000000 ) ) ;
#1436 = AXIS2_PLACEMENT_3D ( 'NONE', #1435, #1434, #1433 ) ;
#1437 = PLANE ( 'NONE',  #1436 ) ;
#1438 = FACE_OUTER_BOUND ( 'NONE', #5253, .T. ) ;
#1439 = DIRECTION ( 'NONE',  ( -0.9888308262251273000, -0.1490422661761818800, 0.0000000000000000000 ) ) ;
#1440 = DIRECTION ( 'NONE',  ( -0.1490422661761819100, 0.9888308262251274100, 0.0000000000000000000 ) ) ;
#1441 = CARTESIAN_POINT ( 'NONE',  ( -20.91448961690385000, -2.141056763474692600, -5.721605746580288500 ) ) ;
#1442 = AXIS2_PLACEMENT_3D ( 'NONE', #1441, #1440, #1439 ) ;
#1443 = PLANE ( 'NONE',  #1442 ) ;
#1444 = FACE_OUTER_BOUND ( 'NONE', #5247, .T. ) ;
#1445 = DIRECTION ( 'NONE',  ( -0.9888308262251273000, -0.1490422661761818800, 0.0000000000000000000 ) ) ;
#1446 = VECTOR ( 'NONE', #1445, 1000.000000000000100 ) ;
#1447 = CARTESIAN_POINT ( 'NONE',  ( -20.91448961690385000, -2.141056763474692600, 5.000000000000000900 ) ) ;
#1448 = DIRECTION ( 'NONE',  ( -0.8262387743159902400, -0.5633200580636290600, 0.0000000000000000000 ) ) ;
#1449 = VECTOR ( 'NONE', #1448, 999.9999999999998900 ) ;
#1450 = CARTESIAN_POINT ( 'NONE',  ( -17.91433431869941700, -11.00348244502021400, 5.000000000000000900 ) ) ;
#1451 = LINE ( 'NONE', #1450, #1449 ) ;
#1452 = CARTESIAN_POINT ( 'NONE',  ( -16.78769420257215800, -12.65595999365219300, 5.000000000000000900 ) ) ;
#1453 = DIRECTION ( 'NONE',  ( 0.6234898018587267100, 0.7818314824680352400, 0.0000000000000000000 ) ) ;
#1454 = DIRECTION ( 'NONE',  ( 0.7818314824680352400, -0.6234898018587267100, 0.0000000000000000000 ) ) ;
#1455 = CARTESIAN_POINT ( 'NONE',  ( -12.31145435656522300, -17.04195093368746000, -6.391606694777326700 ) ) ;
#1456 = AXIS2_PLACEMENT_3D ( 'NONE', #1455, #1454, #1453 ) ;
#1457 = PLANE ( 'NONE',  #1456 ) ;
#1458 = FACE_OUTER_BOUND ( 'NONE', #5284, .T. ) ;
#1459 = DIRECTION ( 'NONE',  ( -0.6234898018587267100, -0.7818314824680352400, 0.0000000000000000000 ) ) ;
#1460 = DIRECTION ( 'NONE',  ( -0.7818314824680352400, 0.6234898018587267100, 0.0000000000000000000 ) ) ;
#1461 = CARTESIAN_POINT ( 'NONE',  ( -13.87511732150129300, -15.79497132997000700, -6.391606694777326700 ) ) ;
#1462 = AXIS2_PLACEMENT_3D ( 'NONE', #1461, #1460, #1459 ) ;
#1463 = PLANE ( 'NONE',  #1462 ) ;
#1464 = FACE_OUTER_BOUND ( 'NONE', #5276, .T. ) ;
#1465 = DIRECTION ( 'NONE',  ( -0.6234898018587267100, -0.7818314824680352400, 0.0000000000000000000 ) ) ;
#1466 = VECTOR ( 'NONE', #1465, 1000.000000000000000 ) ;
#1467 = CARTESIAN_POINT ( 'NONE',  ( -13.87511732150129300, -15.79497132997000700, 5.000000000000000900 ) ) ;
#1468 = LINE ( 'NONE', #1467, #1466 ) ;
#1469 = DIRECTION ( 'NONE',  ( -0.0000000000000000000, -0.0000000000000000000, 1.000000000000000000 ) ) ;
#1470 = VECTOR ( 'NONE', #1469, 1000.000000000000000 ) ;
#1471 = CARTESIAN_POINT ( 'NONE',  ( -20.61640508455148800, -4.118718415924947300, -5.721605746580288500 ) ) ;
#1472 = LINE ( 'NONE', #1471, #1470 ) ;
#1473 = DIRECTION ( 'NONE',  ( 0.9888308262251273000, 0.1490422661761818800, 0.0000000000000000000 ) ) ;
#1474 = DIRECTION ( 'NONE',  ( 0.1490422661761819100, -0.9888308262251274100, 0.0000000000000000000 ) ) ;
#1475 = CARTESIAN_POINT ( 'NONE',  ( -20.61640508455148800, -4.118718415924947300, -5.721605746580288500 ) ) ;
#1476 = AXIS2_PLACEMENT_3D ( 'NONE', #1475, #1474, #1473 ) ;
#1477 = PLANE ( 'NONE',  #1476 ) ;
#1478 = FACE_OUTER_BOUND ( 'NONE', #5271, .T. ) ;
#1479 = DIRECTION ( 'NONE',  ( -1.000000000000000000, 0.0000000000000000000, 0.0000000000000000000 ) ) ;
#1480 = DIRECTION ( 'NONE',  ( 0.0000000000000000000, 0.0000000000000000000, 1.000000000000000000 ) ) ;
#1481 = AXIS2_PLACEMENT_3D ( 'NONE', #1416, #1480, #1479 ) ;
#1482 = CIRCLE ( 'NONE', #1481, 1.000000000000000900 ) ;
#1483 = FACE_OUTER_BOUND ( 'NONE', #10308, .T. ) ;
#1484 = DIRECTION ( 'NONE',  ( -1.000000000000000000, 0.0000000000000000000, 0.0000000000000000000 ) ) ;
#1485 = DIRECTION ( 'NONE',  ( -0.0000000000000000000, 0.0000000000000000000, -1.000000000000000000 ) ) ;
#1486 = CARTESIAN_POINT ( 'NONE',  ( 0.0000000000000000000, 0.0000000000000000000, 5.000000000000000000 ) ) ;
#1487 = AXIS2_PLACEMENT_3D ( 'NONE', #1486, #1485, #1484 ) ;
#1488 = FACE_OUTER_BOUND ( 'NONE', #5087, .T. ) ;
#1489 = DIRECTION ( 'NONE',  ( 1.000000000000000000, 0.0000000000000000000, 0.0000000000000000000 ) ) ;
#1490 = DIRECTION ( 'NONE',  ( -0.0000000000000000000, -0.0000000000000000000, 1.000000000000000000 ) ) ;
#1491 = CARTESIAN_POINT ( 'NONE',  ( -18.92034622595072300, -9.111558521468866800, -6.213145574501227800 ) ) ;
#1492 = AXIS2_PLACEMENT_3D ( 'NONE', #1491, #1490, #1489 ) ;
#1493 = CYLINDRICAL_SURFACE ( 'NONE', #1492, 1.000000000000000900 ) ;
#1494 = PLANE ( 'NONE',  #1487 ) ;
#1495 = FACE_OUTER_BOUND ( 'NONE', #5305, .T. ) ;
#1496 = DIRECTION ( 'NONE',  ( -0.0000000000000000000, -0.0000000000000000000, 1.000000000000000000 ) ) ;
#1497 = VECTOR ( 'NONE', #1496, 1000.000000000000000 ) ;
#1498 = CARTESIAN_POINT ( 'NONE',  ( -18.48646248683315800, -10.01252738937128200, -6.213145574501227800 ) ) ;
#1499 = LINE ( 'NONE', #1498, #1497 ) ;
#1500 = DIRECTION ( 'NONE',  ( -1.000000000000000000, 0.0000000000000000000, 0.0000000000000000000 ) ) ;
#1501 = DIRECTION ( 'NONE',  ( 0.0000000000000000000, 0.0000000000000000000, 1.000000000000000000 ) ) ;
#1502 = CARTESIAN_POINT ( 'NONE',  ( -15.39408930842622600, -14.28362749318943500, 5.000000000000000900 ) ) ;
#1503 = AXIS2_PLACEMENT_3D ( 'NONE', #1502, #1501, #1500 ) ;
#1504 = CIRCLE ( 'NONE', #1503, 1.000000000000000900 ) ;
#1505 = CARTESIAN_POINT ( 'NONE',  ( -14.71391657065530000, -15.01667936501925600, 5.000000000000000900 ) ) ;
#1506 = DIRECTION ( 'NONE',  ( 0.7330518718298204600, 0.6801727377709256800, 0.0000000000000000000 ) ) ;
#1507 = VECTOR ( 'NONE', #1506, 1000.000000000000000 ) ;
#1508 = CARTESIAN_POINT ( 'NONE',  ( -14.71391657065530000, -15.01667936501925600, 5.000000000000000900 ) ) ;
#1509 = LINE ( 'NONE', #1508, #1507 ) ;
#1510 = DIRECTION ( 'NONE',  ( -0.8262387743159902400, -0.5633200580636290600, 0.0000000000000000000 ) ) ;
#1511 = DIRECTION ( 'NONE',  ( -0.5633200580636290600, 0.8262387743159902400, 0.0000000000000000000 ) ) ;
#1512 = CARTESIAN_POINT ( 'NONE',  ( -17.91433431869941700, -11.00348244502021400, -6.351580772764362100 ) ) ;
#1513 = AXIS2_PLACEMENT_3D ( 'NONE', #1512, #1511, #1510 ) ;
#1514 = PLANE ( 'NONE',  #1513 ) ;
#1515 = FACE_OUTER_BOUND ( 'NONE', #5292, .T. ) ;
#1516 = CARTESIAN_POINT ( 'NONE',  ( -17.35101426063579000, -11.82972121933620500, 5.000000000000000900 ) ) ;
#1517 = CIRCLE ( 'NONE', #1581, 1.000000000000000900 ) ;
#1518 = DIRECTION ( 'NONE',  ( 0.8262387743159902400, 0.5633200580636290600, 0.0000000000000000000 ) ) ;
#1519 = VECTOR ( 'NONE', #1518, 999.9999999999998900 ) ;
#1520 = CARTESIAN_POINT ( 'NONE',  ( -16.78769420257215800, -12.65595999365219400, 5.000000000000000900 ) ) ;
#1521 = LINE ( 'NONE', #1520, #1519 ) ;
#1522 = DIRECTION ( 'NONE',  ( -0.7330518718298204600, -0.6801727377709256800, 0.0000000000000000000 ) ) ;
#1523 = DIRECTION ( 'NONE',  ( -0.6801727377709256800, 0.7330518718298204600, 0.0000000000000000000 ) ) ;
#1524 = CARTESIAN_POINT ( 'NONE',  ( -16.07426204619714800, -13.55057562135961500, -6.411698407867996600 ) ) ;
#1525 = AXIS2_PLACEMENT_3D ( 'NONE', #1524, #1523, #1522 ) ;
#1526 = PLANE ( 'NONE',  #1525 ) ;
#1527 = FACE_OUTER_BOUND ( 'NONE', #5329, .T. ) ;
#1528 = DIRECTION ( 'NONE',  ( -0.7330518718298204600, -0.6801727377709256800, 0.0000000000000000000 ) ) ;
#1529 = VECTOR ( 'NONE', #1528, 1000.000000000000000 ) ;
#1530 = CARTESIAN_POINT ( 'NONE',  ( -16.07426204619714800, -13.55057562135961500, 5.000000000000000900 ) ) ;
#1531 = LINE ( 'NONE', #1530, #1529 ) ;
#1532 = DIRECTION ( 'NONE',  ( 0.7330518718298204600, 0.6801727377709256800, 0.0000000000000000000 ) ) ;
#1533 = DIRECTION ( 'NONE',  ( 0.6801727377709256800, -0.7330518718298204600, 0.0000000000000000000 ) ) ;
#1534 = CARTESIAN_POINT ( 'NONE',  ( -14.71391657065530000, -15.01667936501925600, -6.411698407867996600 ) ) ;
#1535 = AXIS2_PLACEMENT_3D ( 'NONE', #1534, #1533, #1532 ) ;
#1536 = FACE_OUTER_BOUND ( 'NONE', #5324, .T. ) ;
#1537 = DIRECTION ( 'NONE',  ( 1.000000000000000000, 0.0000000000000000000, 0.0000000000000000000 ) ) ;
#1538 = DIRECTION ( 'NONE',  ( -0.0000000000000000000, -0.0000000000000000000, 1.000000000000000000 ) ) ;
#1539 = AXIS2_PLACEMENT_3D ( 'NONE', #1542, #1538, #1537 ) ;
#1540 = CYLINDRICAL_SURFACE ( 'NONE', #1539, 1.000000000000000900 ) ;
#1541 = PLANE ( 'NONE',  #1535 ) ;
#1542 = CARTESIAN_POINT ( 'NONE',  ( -15.39408930842622600, -14.28362749318943500, -6.411698407867996600 ) ) ;
#1543 = DIRECTION ( 'NONE',  ( 0.9555728057861384600, 0.2947551744109115900, 0.0000000000000000000 ) ) ;
#1544 = DIRECTION ( 'NONE',  ( 0.2947551744109115900, -0.9555728057861384600, 0.0000000000000000000 ) ) ;
#1545 = CARTESIAN_POINT ( 'NONE',  ( -19.77227374709799100, -7.145431468415280200, -6.000819966177919800 ) ) ;
#1546 = AXIS2_PLACEMENT_3D ( 'NONE', #1545, #1544, #1543 ) ;
#1547 = PLANE ( 'NONE',  #1546 ) ;
#1548 = FACE_OUTER_BOUND ( 'NONE', #5317, .T. ) ;
#1549 = DIRECTION ( 'NONE',  ( 0.2225209339563041800, 0.9749279121818259500, 0.0000000000000000000 ) ) ;
#1550 = FACE_OUTER_BOUND ( 'NONE', #5360, .T. ) ;
#1551 = DIRECTION ( 'NONE',  ( -0.2225209339563041800, -0.9749279121818259500, 0.0000000000000000000 ) ) ;
#1552 = DIRECTION ( 'NONE',  ( -0.9749279121818259500, 0.2225209339563041800, 0.0000000000000000000 ) ) ;
#1553 = CARTESIAN_POINT ( 'NONE',  ( -5.647867525264212300, -20.25096522186203500, -5.869033853567532200 ) ) ;
#1554 = AXIS2_PLACEMENT_3D ( 'NONE', #1553, #1552, #1551 ) ;
#1555 = PLANE ( 'NONE',  #1554 ) ;
#1556 = FACE_OUTER_BOUND ( 'NONE', #5354, .T. ) ;
#1557 = DIRECTION ( 'NONE',  ( -1.000000000000000000, 0.0000000000000000000, 0.0000000000000000000 ) ) ;
#1558 = DIRECTION ( 'NONE',  ( 0.0000000000000000000, 0.0000000000000000000, 1.000000000000000000 ) ) ;
#1559 = CARTESIAN_POINT ( 'NONE',  ( -13.09328583903325700, -16.41846113182873500, 5.000000000000000900 ) ) ;
#1560 = AXIS2_PLACEMENT_3D ( 'NONE', #1559, #1558, #1557 ) ;
#1561 = CIRCLE ( 'NONE', #1560, 0.9999999999999991100 ) ;
#1562 = CARTESIAN_POINT ( 'NONE',  ( -12.31145435656522100, -17.04195093368746000, 5.000000000000000900 ) ) ;
#1563 = DIRECTION ( 'NONE',  ( 0.6234898018587267100, 0.7818314824680352400, 0.0000000000000000000 ) ) ;
#1564 = VECTOR ( 'NONE', #1563, 1000.000000000000000 ) ;
#1565 = CARTESIAN_POINT ( 'NONE',  ( -12.31145435656522300, -17.04195093368746000, 5.000000000000000900 ) ) ;
#1566 = LINE ( 'NONE', #1565, #1564 ) ;
#1567 = DIRECTION ( 'NONE',  ( -1.000000000000000000, 0.0000000000000000000, 0.0000000000000000000 ) ) ;
#1568 = DIRECTION ( 'NONE',  ( -0.0000000000000000000, 0.0000000000000000000, -1.000000000000000000 ) ) ;
#1569 = CARTESIAN_POINT ( 'NONE',  ( 0.0000000000000000000, 0.0000000000000000000, 5.000000000000000000 ) ) ;
#1570 = AXIS2_PLACEMENT_3D ( 'NONE', #1569, #1568, #1567 ) ;
#1571 = PLANE ( 'NONE',  #1570 ) ;
#1572 = FACE_OUTER_BOUND ( 'NONE', #5344, .T. ) ;
#1573 = DIRECTION ( 'NONE',  ( 0.8262387743159902400, 0.5633200580636290600, 0.0000000000000000000 ) ) ;
#1574 = DIRECTION ( 'NONE',  ( 0.5633200580636290600, -0.8262387743159902400, 0.0000000000000000000 ) ) ;
#1575 = CARTESIAN_POINT ( 'NONE',  ( -16.78769420257215800, -12.65595999365219400, -6.351580772764362100 ) ) ;
#1576 = AXIS2_PLACEMENT_3D ( 'NONE', #1575, #1574, #1573 ) ;
#1577 = PLANE ( 'NONE',  #1576 ) ;
#1578 = FACE_OUTER_BOUND ( 'NONE', #5336, .T. ) ;
#1579 = DIRECTION ( 'NONE',  ( -1.000000000000000000, -5.204170427930416600E-015, 0.0000000000000000000 ) ) ;
#1580 = DIRECTION ( 'NONE',  ( 0.0000000000000000000, 0.0000000000000000000, 1.000000000000000000 ) ) ;
#1581 = AXIS2_PLACEMENT_3D ( 'NONE', #1516, #1580, #1579 ) ;
#1582 = FACE_OUTER_BOUND ( 'NONE', #5393, .T. ) ;
#1583 = DIRECTION ( 'NONE',  ( -0.0000000000000000000, -0.0000000000000000000, 1.000000000000000000 ) ) ;
#1584 = VECTOR ( 'NONE', #1583, 1000.000000000000000 ) ;
#1585 = CARTESIAN_POINT ( 'NONE',  ( -14.71391657065530000, -15.01667936501925600, -6.411698407867996600 ) ) ;
#1586 = LINE ( 'NONE', #1585, #1584 ) ;
#1587 = DIRECTION ( 'NONE',  ( -1.000000000000000000, 0.0000000000000000000, 0.0000000000000000000 ) ) ;
#1588 = DIRECTION ( 'NONE',  ( -0.0000000000000000000, 0.0000000000000000000, -1.000000000000000000 ) ) ;
#1589 = CARTESIAN_POINT ( 'NONE',  ( 0.0000000000000000000, 0.0000000000000000000, 5.000000000000000000 ) ) ;
#1590 = AXIS2_PLACEMENT_3D ( 'NONE', #1589, #1588, #1587 ) ;
#1591 = FACE_OUTER_BOUND ( 'NONE', #5386, .T. ) ;
#1592 = DIRECTION ( 'NONE',  ( 1.000000000000000000, 0.0000000000000000000, 0.0000000000000000000 ) ) ;
#1593 = DIRECTION ( 'NONE',  ( -0.0000000000000000000, -0.0000000000000000000, 1.000000000000000000 ) ) ;
#1594 = CARTESIAN_POINT ( 'NONE',  ( -17.35101426063579000, -11.82972121933620500, -6.351580772764362100 ) ) ;
#1595 = AXIS2_PLACEMENT_3D ( 'NONE', #1594, #1593, #1592 ) ;
#1596 = PLANE ( 'NONE',  #1590 ) ;
#1597 = CYLINDRICAL_SURFACE ( 'NONE', #1595, 1.000000000000000900 ) ;
#1598 = FACE_OUTER_BOUND ( 'NONE', #5380, .T. ) ;
#1599 = DIRECTION ( 'NONE',  ( -0.0000000000000000000, -0.0000000000000000000, 1.000000000000000000 ) ) ;
#1600 = VECTOR ( 'NONE', #1599, 1000.000000000000000 ) ;
#1601 = CARTESIAN_POINT ( 'NONE',  ( -16.78769420257215800, -12.65595999365219400, -6.351580772764362100 ) ) ;
#1602 = LINE ( 'NONE', #1601, #1600 ) ;
#1603 = CARTESIAN_POINT ( 'NONE',  ( -3.698011700900559500, -20.69600708977464600, 5.000000000000000900 ) ) ;
#1604 = DIRECTION ( 'NONE',  ( 0.2225209339563041800, 0.9749279121818259500, 0.0000000000000000000 ) ) ;
#1605 = VECTOR ( 'NONE', #1604, 1000.000000000000000 ) ;
#1606 = CARTESIAN_POINT ( 'NONE',  ( -3.698011700900560000, -20.69600708977464600, 5.000000000000000900 ) ) ;
#1607 = LINE ( 'NONE', #1606, #1605 ) ;
#1608 = DIRECTION ( 'NONE',  ( -1.000000000000000000, 0.0000000000000000000, 0.0000000000000000000 ) ) ;
#1609 = DIRECTION ( 'NONE',  ( -0.0000000000000000000, 0.0000000000000000000, -1.000000000000000000 ) ) ;
#1610 = CARTESIAN_POINT ( 'NONE',  ( 0.0000000000000000000, 0.0000000000000000000, 5.000000000000000000 ) ) ;
#1611 = AXIS2_PLACEMENT_3D ( 'NONE', #1610, #1609, #1608 ) ;
#1612 = PLANE ( 'NONE',  #1611 ) ;
#1613 = FACE_OUTER_BOUND ( 'NONE', #5365, .T. ) ;
#1614 = PLANE ( 'NONE',  #1678 ) ;
#1615 = FACE_OUTER_BOUND ( 'NONE', #5413, .T. ) ;
#1616 = DIRECTION ( 'NONE',  ( 0.4999999999999920100, 0.8660254037844433700, 0.0000000000000000000 ) ) ;
#1617 = VECTOR ( 'NONE', #1616, 999.9999999999998900 ) ;
#1618 = CARTESIAN_POINT ( 'NONE',  ( -9.633974596215386700, -18.68653347947329700, 5.000000000000000900 ) ) ;
#1619 = LINE ( 'NONE', #1618, #1617 ) ;
#1620 = DIRECTION ( 'NONE',  ( -1.000000000000000000, 0.0000000000000000000, 0.0000000000000000000 ) ) ;
#1621 = DIRECTION ( 'NONE',  ( -0.0000000000000000000, 0.0000000000000000000, -1.000000000000000000 ) ) ;
#1622 = CARTESIAN_POINT ( 'NONE',  ( 0.0000000000000000000, 0.0000000000000000000, 5.000000000000000000 ) ) ;
#1623 = AXIS2_PLACEMENT_3D ( 'NONE', #1622, #1621, #1620 ) ;
#1624 = PLANE ( 'NONE',  #1623 ) ;
#1625 = FACE_OUTER_BOUND ( 'NONE', #5374, .T. ) ;
#1626 = DIRECTION ( 'NONE',  ( -0.4999999999999919500, -0.8660254037844432600, 0.0000000000000000000 ) ) ;
#1627 = DIRECTION ( 'NONE',  ( -0.8660254037844432600, 0.4999999999999919500, 0.0000000000000000000 ) ) ;
#1628 = CARTESIAN_POINT ( 'NONE',  ( -11.36602540378427200, -17.68653347947330800, -6.291935891927058900 ) ) ;
#1629 = AXIS2_PLACEMENT_3D ( 'NONE', #1628, #1627, #1626 ) ;
#1630 = PLANE ( 'NONE',  #1629 ) ;
#1631 = FACE_OUTER_BOUND ( 'NONE', #5402, .T. ) ;
#1632 = DIRECTION ( 'NONE',  ( -0.4999999999999920100, -0.8660254037844433700, 0.0000000000000000000 ) ) ;
#1633 = VECTOR ( 'NONE', #1632, 999.9999999999998900 ) ;
#1634 = CARTESIAN_POINT ( 'NONE',  ( -11.36602540378427200, -17.68653347947330800, 5.000000000000000900 ) ) ;
#1635 = LINE ( 'NONE', #1634, #1633 ) ;
#1636 = DIRECTION ( 'NONE',  ( -1.000000000000000000, 0.0000000000000000000, 0.0000000000000000000 ) ) ;
#1637 = DIRECTION ( 'NONE',  ( 0.0000000000000000000, 0.0000000000000000000, 1.000000000000000000 ) ) ;
#1638 = CARTESIAN_POINT ( 'NONE',  ( -10.49999999999982900, -18.18653347947330100, 5.000000000000000900 ) ) ;
#1639 = AXIS2_PLACEMENT_3D ( 'NONE', #1638, #1637, #1636 ) ;
#1640 = CIRCLE ( 'NONE', #1639, 1.000000000000000900 ) ;
#1641 = CARTESIAN_POINT ( 'NONE',  ( -9.633974596215386700, -18.68653347947329700, 5.000000000000000900 ) ) ;
#1642 = DIRECTION ( 'NONE',  ( 1.000000000000000000, 0.0000000000000000000, 0.0000000000000000000 ) ) ;
#1643 = DIRECTION ( 'NONE',  ( -0.0000000000000000000, -0.0000000000000000000, 1.000000000000000000 ) ) ;
#1644 = CARTESIAN_POINT ( 'NONE',  ( -7.672161511694100400, -19.54834872152836300, -6.115842512056143900 ) ) ;
#1645 = AXIS2_PLACEMENT_3D ( 'NONE', #1644, #1643, #1642 ) ;
#1646 = CYLINDRICAL_SURFACE ( 'NONE', #1645, 1.000000000000000000 ) ;
#1647 = LINE ( 'NONE', #1711, #1710 ) ;
#1648 = DIRECTION ( 'NONE',  ( -0.2225209339563041800, -0.9749279121818259500, 0.0000000000000000000 ) ) ;
#1649 = VECTOR ( 'NONE', #1648, 1000.000000000000000 ) ;
#1650 = CARTESIAN_POINT ( 'NONE',  ( -5.647867525264212300, -20.25096522186203500, 5.000000000000000900 ) ) ;
#1651 = LINE ( 'NONE', #1650, #1649 ) ;
#1652 = DIRECTION ( 'NONE',  ( -1.000000000000000000, 0.0000000000000000000, 0.0000000000000000000 ) ) ;
#1653 = DIRECTION ( 'NONE',  ( 0.0000000000000000000, 0.0000000000000000000, 1.000000000000000000 ) ) ;
#1654 = CARTESIAN_POINT ( 'NONE',  ( -4.672939613082386100, -20.47348615581833900, 5.000000000000000900 ) ) ;
#1655 = AXIS2_PLACEMENT_3D ( 'NONE', #1654, #1653, #1652 ) ;
#1656 = CIRCLE ( 'NONE', #1655, 1.000000000000000000 ) ;
#1657 = DIRECTION ( 'NONE',  ( -0.0000000000000000000, -0.0000000000000000000, 1.000000000000000000 ) ) ;
#1658 = VECTOR ( 'NONE', #1657, 1000.000000000000000 ) ;
#1659 = CARTESIAN_POINT ( 'NONE',  ( -12.31145435656522300, -17.04195093368746000, -6.391606694777326700 ) ) ;
#1660 = LINE ( 'NONE', #1659, #1658 ) ;
#1661 = DIRECTION ( 'NONE',  ( -0.3653410243663858200, -0.9308737486442078000, 0.0000000000000000000 ) ) ;
#1662 = VECTOR ( 'NONE', #1661, 1000.000000000000100 ) ;
#1663 = CARTESIAN_POINT ( 'NONE',  ( -8.603035260338307600, -19.18300769716197600, 5.000000000000000900 ) ) ;
#1664 = LINE ( 'NONE', #1663, #1662 ) ;
#1665 = DIRECTION ( 'NONE',  ( -1.000000000000000000, -3.469446951953611000E-015, 0.0000000000000000000 ) ) ;
#1666 = DIRECTION ( 'NONE',  ( 0.0000000000000000000, 0.0000000000000000000, 1.000000000000000000 ) ) ;
#1667 = CARTESIAN_POINT ( 'NONE',  ( -7.672161511694100400, -19.54834872152836300, 5.000000000000000900 ) ) ;
#1668 = AXIS2_PLACEMENT_3D ( 'NONE', #1667, #1666, #1665 ) ;
#1669 = CIRCLE ( 'NONE', #1668, 1.000000000000000900 ) ;
#1670 = CARTESIAN_POINT ( 'NONE',  ( -6.741287763049891500, -19.91368974589474700, 5.000000000000000900 ) ) ;
#1671 = DIRECTION ( 'NONE',  ( 0.3653410243663858200, 0.9308737486442078000, 0.0000000000000000000 ) ) ;
#1672 = VECTOR ( 'NONE', #1671, 1000.000000000000100 ) ;
#1673 = CARTESIAN_POINT ( 'NONE',  ( -6.741287763049892400, -19.91368974589474700, 5.000000000000000900 ) ) ;
#1674 = LINE ( 'NONE', #1673, #1672 ) ;
#1675 = DIRECTION ( 'NONE',  ( -1.000000000000000000, 0.0000000000000000000, 0.0000000000000000000 ) ) ;
#1676 = DIRECTION ( 'NONE',  ( -0.0000000000000000000, 0.0000000000000000000, -1.000000000000000000 ) ) ;
#1677 = CARTESIAN_POINT ( 'NONE',  ( 0.0000000000000000000, 0.0000000000000000000, 5.000000000000000000 ) ) ;
#1678 = AXIS2_PLACEMENT_3D ( 'NONE', #1677, #1676, #1675 ) ;
#1679 = LINE ( 'NONE', #1685, #1743 ) ;
#1680 = DIRECTION ( 'NONE',  ( 0.3653410243663858200, 0.9308737486442078000, 0.0000000000000000000 ) ) ;
#1681 = DIRECTION ( 'NONE',  ( 0.9308737486442078000, -0.3653410243663858200, 0.0000000000000000000 ) ) ;
#1682 = CARTESIAN_POINT ( 'NONE',  ( -6.741287763049892400, -19.91368974589474700, -6.115842512056143900 ) ) ;
#1683 = AXIS2_PLACEMENT_3D ( 'NONE', #1682, #1681, #1680 ) ;
#1684 = PLANE ( 'NONE',  #1683 ) ;
#1685 = CARTESIAN_POINT ( 'NONE',  ( -6.741287763049892400, -19.91368974589474700, -6.115842512056143900 ) ) ;
#1686 = FACE_OUTER_BOUND ( 'NONE', #5449, .T. ) ;
#1687 = DIRECTION ( 'NONE',  ( -0.3653410243663858200, -0.9308737486442078000, 0.0000000000000000000 ) ) ;
#1688 = DIRECTION ( 'NONE',  ( -0.9308737486442078000, 0.3653410243663858200, 0.0000000000000000000 ) ) ;
#1689 = CARTESIAN_POINT ( 'NONE',  ( -8.603035260338307600, -19.18300769716197600, -6.115842512056143900 ) ) ;
#1690 = AXIS2_PLACEMENT_3D ( 'NONE', #1689, #1688, #1687 ) ;
#1691 = FACE_OUTER_BOUND ( 'NONE', #5443, .T. ) ;
#1692 = DIRECTION ( 'NONE',  ( 1.000000000000000000, 0.0000000000000000000, 0.0000000000000000000 ) ) ;
#1693 = DIRECTION ( 'NONE',  ( -0.0000000000000000000, -0.0000000000000000000, 1.000000000000000000 ) ) ;
#1694 = CARTESIAN_POINT ( 'NONE',  ( 4.672939613082833800, -20.47348615581823600, -5.869033853567573900 ) ) ;
#1695 = AXIS2_PLACEMENT_3D ( 'NONE', #1694, #1693, #1692 ) ;
#1696 = CYLINDRICAL_SURFACE ( 'NONE', #1695, 1.000000000000000000 ) ;
#1697 = PLANE ( 'NONE',  #1690 ) ;
#1698 = FACE_OUTER_BOUND ( 'NONE', #2604, .T. ) ;
#1699 = DIRECTION ( 'NONE',  ( -0.0000000000000000000, -0.0000000000000000000, 1.000000000000000000 ) ) ;
#1700 = VECTOR ( 'NONE', #1699, 1000.000000000000000 ) ;
#1701 = CARTESIAN_POINT ( 'NONE',  ( 5.647867525264654600, -20.25096522186191100, -5.869033853567573900 ) ) ;
#1702 = LINE ( 'NONE', #1701, #1700 ) ;
#1703 = DIRECTION ( 'NONE',  ( -0.2225209339563255000, 0.9749279121818210700, 0.0000000000000000000 ) ) ;
#1704 = DIRECTION ( 'NONE',  ( 0.9749279121818210700, 0.2225209339563255000, 0.0000000000000000000 ) ) ;
#1705 = CARTESIAN_POINT ( 'NONE',  ( 5.647867525264654600, -20.25096522186191100, -5.869033853567573900 ) ) ;
#1706 = AXIS2_PLACEMENT_3D ( 'NONE', #1705, #1704, #1703 ) ;
#1707 = PLANE ( 'NONE',  #1706 ) ;
#1708 = FACE_OUTER_BOUND ( 'NONE', #5435, .T. ) ;
#1709 = DIRECTION ( 'NONE',  ( -0.0000000000000000000, -0.0000000000000000000, 1.000000000000000000 ) ) ;
#1710 = VECTOR ( 'NONE', #1709, 1000.000000000000000 ) ;
#1711 = CARTESIAN_POINT ( 'NONE',  ( 3.698011700901012900, -20.69600708977456100, -5.869033853567573900 ) ) ;
#1712 = AXIS2_PLACEMENT_3D ( 'NONE', #1777, #1776, #1775 ) ;
#1713 = CYLINDRICAL_SURFACE ( 'NONE', #1712, 1.000000000000000000 ) ;
#1714 = PLANE ( 'NONE',  #1773 ) ;
#1715 = FACE_OUTER_BOUND ( 'NONE', #5474, .T. ) ;
#1716 = DIRECTION ( 'NONE',  ( -0.07473009358641408100, -0.9972037971811809100, 0.0000000000000000000 ) ) ;
#1717 = VECTOR ( 'NONE', #1716, 1000.000000000000000 ) ;
#1718 = CARTESIAN_POINT ( 'NONE',  ( -2.566535762495876200, -20.86654964721837800, 5.000000000000000900 ) ) ;
#1719 = DIRECTION ( 'NONE',  ( 1.000000000000000000, 0.0000000000000000000, 0.0000000000000000000 ) ) ;
#1720 = DIRECTION ( 'NONE',  ( -0.0000000000000000000, -0.0000000000000000000, 1.000000000000000000 ) ) ;
#1721 = AXIS2_PLACEMENT_3D ( 'NONE', #1730, #1720, #1719 ) ;
#1722 = LINE ( 'NONE', #1718, #1717 ) ;
#1723 = CYLINDRICAL_SURFACE ( 'NONE', #1721, 0.9999999999999991100 ) ;
#1724 = FACE_OUTER_BOUND ( 'NONE', #5423, .T. ) ;
#1725 = DIRECTION ( 'NONE',  ( 1.000000000000000000, 0.0000000000000000000, 0.0000000000000000000 ) ) ;
#1726 = DIRECTION ( 'NONE',  ( -0.0000000000000000000, -0.0000000000000000000, 1.000000000000000000 ) ) ;
#1727 = CARTESIAN_POINT ( 'NONE',  ( -10.49999999999982900, -18.18653347947330100, -6.291935891927058900 ) ) ;
#1728 = AXIS2_PLACEMENT_3D ( 'NONE', #1727, #1726, #1725 ) ;
#1729 = CYLINDRICAL_SURFACE ( 'NONE', #1728, 1.000000000000000900 ) ;
#1730 = CARTESIAN_POINT ( 'NONE',  ( -13.09328583903325700, -16.41846113182873500, -6.391606694777326700 ) ) ;
#1731 = FACE_OUTER_BOUND ( 'NONE', #5462, .T. ) ;
#1732 = DIRECTION ( 'NONE',  ( -0.0000000000000000000, -0.0000000000000000000, 1.000000000000000000 ) ) ;
#1733 = VECTOR ( 'NONE', #1732, 1000.000000000000000 ) ;
#1734 = CARTESIAN_POINT ( 'NONE',  ( -9.633974596215386700, -18.68653347947329700, -6.291935891927058900 ) ) ;
#1735 = LINE ( 'NONE', #1734, #1733 ) ;
#1736 = DIRECTION ( 'NONE',  ( 0.4999999999999919500, 0.8660254037844432600, 0.0000000000000000000 ) ) ;
#1737 = DIRECTION ( 'NONE',  ( 0.8660254037844432600, -0.4999999999999919500, 0.0000000000000000000 ) ) ;
#1738 = CARTESIAN_POINT ( 'NONE',  ( -9.633974596215386700, -18.68653347947329700, -6.291935891927058900 ) ) ;
#1739 = AXIS2_PLACEMENT_3D ( 'NONE', #1738, #1737, #1736 ) ;
#1740 = PLANE ( 'NONE',  #1739 ) ;
#1741 = FACE_OUTER_BOUND ( 'NONE', #5455, .T. ) ;
#1742 = DIRECTION ( 'NONE',  ( -0.0000000000000000000, -0.0000000000000000000, 1.000000000000000000 ) ) ;
#1743 = VECTOR ( 'NONE', #1742, 1000.000000000000000 ) ;
#1744 = FACE_OUTER_BOUND ( 'NONE', #5484, .T. ) ;
#1745 = DIRECTION ( 'NONE',  ( -0.0000000000000000000, -0.0000000000000000000, 1.000000000000000000 ) ) ;
#1746 = VECTOR ( 'NONE', #1745, 1000.000000000000000 ) ;
#1747 = CARTESIAN_POINT ( 'NONE',  ( 0.5721281681339549500, -21.01600983439119800, -5.559827068991066500 ) ) ;
#1748 = PLANE ( 'NONE',  #1809 ) ;
#1749 = DIRECTION ( 'NONE',  ( 1.000000000000000000, 0.0000000000000000000, 0.0000000000000000000 ) ) ;
#1750 = DIRECTION ( 'NONE',  ( -0.0000000000000000000, -0.0000000000000000000, 1.000000000000000000 ) ) ;
#1751 = CARTESIAN_POINT ( 'NONE',  ( 1.569331965315134500, -20.94127974080476300, -5.559827068991066500 ) ) ;
#1752 = AXIS2_PLACEMENT_3D ( 'NONE', #1751, #1750, #1749 ) ;
#1753 = CYLINDRICAL_SURFACE ( 'NONE', #1752, 1.000000000000000000 ) ;
#1754 = LINE ( 'NONE', #1747, #1746 ) ;
#1755 = FACE_OUTER_BOUND ( 'NONE', #5499, .T. ) ;
#1756 = DIRECTION ( 'NONE',  ( -0.07473009358643498100, 0.9972037971811794600, 0.0000000000000000000 ) ) ;
#1757 = VECTOR ( 'NONE', #1756, 999.9999999999998900 ) ;
#1758 = CARTESIAN_POINT ( 'NONE',  ( 2.566535762496314100, -20.86654964721832400, 5.000000000000000900 ) ) ;
#1759 = LINE ( 'NONE', #1758, #1757 ) ;
#1760 = DIRECTION ( 'NONE',  ( -0.0000000000000000000, -0.0000000000000000000, 1.000000000000000000 ) ) ;
#1761 = VECTOR ( 'NONE', #1760, 1000.000000000000000 ) ;
#1762 = CARTESIAN_POINT ( 'NONE',  ( 2.566535762496314100, -20.86654964721832400, -5.559827068991066500 ) ) ;
#1763 = LINE ( 'NONE', #1762, #1761 ) ;
#1764 = DIRECTION ( 'NONE',  ( 0.07473009358643498100, -0.9972037971811794600, 0.0000000000000000000 ) ) ;
#1765 = DIRECTION ( 'NONE',  ( -0.9972037971811794600, -0.07473009358643498100, 0.0000000000000000000 ) ) ;
#1766 = CARTESIAN_POINT ( 'NONE',  ( 0.5721281681339549500, -21.01600983439119800, -5.559827068991066500 ) ) ;
#1767 = AXIS2_PLACEMENT_3D ( 'NONE', #1766, #1765, #1764 ) ;
#1768 = PLANE ( 'NONE',  #1767 ) ;
#1769 = FACE_OUTER_BOUND ( 'NONE', #5489, .T. ) ;
#1770 = DIRECTION ( 'NONE',  ( -0.07473009358643498100, 0.9972037971811794600, 0.0000000000000000000 ) ) ;
#1771 = DIRECTION ( 'NONE',  ( 0.9972037971811794600, 0.07473009358643498100, 0.0000000000000000000 ) ) ;
#1772 = CARTESIAN_POINT ( 'NONE',  ( 2.566535762496314100, -20.86654964721832400, -5.559827068991066500 ) ) ;
#1773 = AXIS2_PLACEMENT_3D ( 'NONE', #1772, #1771, #1770 ) ;
#1774 = FACE_OUTER_BOUND ( 'NONE', #5480, .T. ) ;
#1775 = DIRECTION ( 'NONE',  ( 1.000000000000000000, 0.0000000000000000000, 0.0000000000000000000 ) ) ;
#1776 = DIRECTION ( 'NONE',  ( -0.0000000000000000000, -0.0000000000000000000, 1.000000000000000000 ) ) ;
#1777 = CARTESIAN_POINT ( 'NONE',  ( -1.569331965314695500, -20.94127974080479100, -5.559827068991024700 ) ) ;
#1778 = CYLINDRICAL_SURFACE ( 'NONE', #1780, 1.000000000000000000 ) ;
#1779 = FACE_OUTER_BOUND ( 'NONE', #5526, .T. ) ;
#1780 = AXIS2_PLACEMENT_3D ( 'NONE', #1844, #1843, #1842 ) ;
#1781 = DIRECTION ( 'NONE',  ( -0.0000000000000000000, -0.0000000000000000000, 1.000000000000000000 ) ) ;
#1782 = VECTOR ( 'NONE', #1781, 1000.000000000000000 ) ;
#1783 = CARTESIAN_POINT ( 'NONE',  ( -3.698011700900560000, -20.69600708977464600, -5.869033853567532200 ) ) ;
#1784 = LINE ( 'NONE', #1783, #1782 ) ;
#1785 = DIRECTION ( 'NONE',  ( 0.2225209339563255000, -0.9749279121818210700, 0.0000000000000000000 ) ) ;
#1786 = DIRECTION ( 'NONE',  ( -0.9749279121818210700, -0.2225209339563255000, 0.0000000000000000000 ) ) ;
#1787 = CARTESIAN_POINT ( 'NONE',  ( 3.698011700901012900, -20.69600708977456100, -5.869033853567573900 ) ) ;
#1788 = AXIS2_PLACEMENT_3D ( 'NONE', #1787, #1786, #1785 ) ;
#1789 = PLANE ( 'NONE',  #1788 ) ;
#1790 = FACE_OUTER_BOUND ( 'NONE', #5518, .T. ) ;
#1791 = DIRECTION ( 'NONE',  ( 0.2225209339563255000, -0.9749279121818210700, 0.0000000000000000000 ) ) ;
#1792 = VECTOR ( 'NONE', #1791, 1000.000000000000000 ) ;
#1793 = CARTESIAN_POINT ( 'NONE',  ( 3.698011700901012900, -20.69600708977456100, 5.000000000000000900 ) ) ;
#1794 = LINE ( 'NONE', #1793, #1792 ) ;
#1795 = CARTESIAN_POINT ( 'NONE',  ( 3.698011700901012500, -20.69600708977456100, 5.000000000000000900 ) ) ;
#1796 = DIRECTION ( 'NONE',  ( -1.000000000000000000, -3.469446951953614200E-015, 0.0000000000000000000 ) ) ;
#1797 = DIRECTION ( 'NONE',  ( 0.0000000000000000000, 0.0000000000000000000, 1.000000000000000000 ) ) ;
#1798 = CARTESIAN_POINT ( 'NONE',  ( 4.672939613082833800, -20.47348615581823600, 5.000000000000000900 ) ) ;
#1799 = AXIS2_PLACEMENT_3D ( 'NONE', #1798, #1797, #1796 ) ;
#1800 = CIRCLE ( 'NONE', #1799, 1.000000000000000000 ) ;
#1801 = CARTESIAN_POINT ( 'NONE',  ( 5.647867525264654600, -20.25096522186191100, 5.000000000000000900 ) ) ;
#1802 = DIRECTION ( 'NONE',  ( -0.2225209339563255000, 0.9749279121818210700, 0.0000000000000000000 ) ) ;
#1803 = VECTOR ( 'NONE', #1802, 1000.000000000000000 ) ;
#1804 = CARTESIAN_POINT ( 'NONE',  ( 5.647867525264654600, -20.25096522186191100, 5.000000000000000900 ) ) ;
#1805 = LINE ( 'NONE', #1804, #1803 ) ;
#1806 = DIRECTION ( 'NONE',  ( -1.000000000000000000, 0.0000000000000000000, 0.0000000000000000000 ) ) ;
#1807 = DIRECTION ( 'NONE',  ( -0.0000000000000000000, 0.0000000000000000000, -1.000000000000000000 ) ) ;
#1808 = CARTESIAN_POINT ( 'NONE',  ( 0.0000000000000000000, 0.0000000000000000000, 5.000000000000000000 ) ) ;
#1809 = AXIS2_PLACEMENT_3D ( 'NONE', #1808, #1807, #1806 ) ;
#1810 = DIRECTION ( 'NONE',  ( -1.000000000000000000, 0.0000000000000000000, 0.0000000000000000000 ) ) ;
#1811 = DIRECTION ( 'NONE',  ( 0.0000000000000000000, 0.0000000000000000000, 1.000000000000000000 ) ) ;
#1812 = CARTESIAN_POINT ( 'NONE',  ( -6.429447038622683400, 23.67528881072464100, 5.000000000000004400 ) ) ;
#1813 = CARTESIAN_POINT ( 'NONE',  ( -3.672939613082386100, -20.47348615581833900, 5.000000000000000900 ) ) ;
#1814 = CARTESIAN_POINT ( 'NONE',  ( -3.672939613082386100, -20.47348615581833900, 55.00000000000000000 ) ) ;
#1815 = DIRECTION ( 'NONE',  ( -1.000000000000000000, 0.0000000000000000000, 0.0000000000000000000 ) ) ;
#1816 = DIRECTION ( 'NONE',  ( -0.0000000000000000000, 0.0000000000000000000, -1.000000000000000000 ) ) ;
#1817 = CARTESIAN_POINT ( 'NONE',  ( 0.0000000000000000000, 0.0000000000000000000, 5.000000000000000000 ) ) ;
#1818 = AXIS2_PLACEMENT_3D ( 'NONE', #1817, #1816, #1815 ) ;
#1819 = PLANE ( 'NONE',  #1818 ) ;
#1820 = FACE_OUTER_BOUND ( 'NONE', #5567, .T. ) ;
#1821 = DIRECTION ( 'NONE',  ( 0.07473009358641409500, 0.9972037971811809100, 0.0000000000000000000 ) ) ;
#1822 = DIRECTION ( 'NONE',  ( 0.9972037971811809100, -0.07473009358641409500, 0.0000000000000000000 ) ) ;
#1823 = CARTESIAN_POINT ( 'NONE',  ( -0.5721281681335145300, -21.01600983439120900, -5.559827068991024700 ) ) ;
#1824 = AXIS2_PLACEMENT_3D ( 'NONE', #1823, #1822, #1821 ) ;
#1825 = PLANE ( 'NONE',  #1824 ) ;
#1826 = FACE_OUTER_BOUND ( 'NONE', #5540, .T. ) ;
#1827 = DIRECTION ( 'NONE',  ( -1.000000000000000000, 0.0000000000000000000, 0.0000000000000000000 ) ) ;
#1828 = DIRECTION ( 'NONE',  ( -0.0000000000000000000, 0.0000000000000000000, -1.000000000000000000 ) ) ;
#1829 = CARTESIAN_POINT ( 'NONE',  ( 0.0000000000000000000, 0.0000000000000000000, 5.000000000000000000 ) ) ;
#1830 = AXIS2_PLACEMENT_3D ( 'NONE', #1829, #1828, #1827 ) ;
#1831 = PLANE ( 'NONE',  #1830 ) ;
#1832 = FACE_OUTER_BOUND ( 'NONE', #5535, .T. ) ;
#1833 = DIRECTION ( 'NONE',  ( -0.0000000000000000000, -0.0000000000000000000, 1.000000000000000000 ) ) ;
#1834 = VECTOR ( 'NONE', #1833, 1000.000000000000000 ) ;
#1835 = CARTESIAN_POINT ( 'NONE',  ( -0.5721281681335145300, -21.01600983439120900, -5.559827068991024700 ) ) ;
#1836 = LINE ( 'NONE', #1835, #1834 ) ;
#1837 = DIRECTION ( 'NONE',  ( -0.07473009358641409500, -0.9972037971811809100, 0.0000000000000000000 ) ) ;
#1838 = DIRECTION ( 'NONE',  ( -0.9972037971811809100, 0.07473009358641409500, 0.0000000000000000000 ) ) ;
#1839 = CARTESIAN_POINT ( 'NONE',  ( -2.566535762495876200, -20.86654964721837800, -5.559827068991024700 ) ) ;
#1840 = AXIS2_PLACEMENT_3D ( 'NONE', #1839, #1838, #1837 ) ;
#1841 = FACE_OUTER_BOUND ( 'NONE', #5544, .T. ) ;
#1842 = DIRECTION ( 'NONE',  ( 1.000000000000000000, 0.0000000000000000000, 0.0000000000000000000 ) ) ;
#1843 = DIRECTION ( 'NONE',  ( -0.0000000000000000000, -0.0000000000000000000, 1.000000000000000000 ) ) ;
#1844 = CARTESIAN_POINT ( 'NONE',  ( -4.672939613082386100, -20.47348615581833900, -5.869033853567532200 ) ) ;
#1845 = PLANE ( 'NONE',  #1840 ) ;
#1846 = DIRECTION ( 'NONE',  ( -0.07473009358641409500, -0.9972037971811809100, 0.0000000000000000000 ) ) ;
#1847 = DIRECTION ( 'NONE',  ( 0.0000000000000000000, 0.0000000000000000000, 1.000000000000000000 ) ) ;
#1848 = CARTESIAN_POINT ( 'NONE',  ( -1.569331965314695500, -20.94127974080479100, 55.00000000000000000 ) ) ;
#1849 = AXIS2_PLACEMENT_3D ( 'NONE', #1848, #1847, #1846 ) ;
#1850 = CIRCLE ( 'NONE', #1849, 0.9999999999999998900 ) ;
#1851 = DIRECTION ( 'NONE',  ( 1.000000000000000000, 0.0000000000000000000, 0.0000000000000000000 ) ) ;
#1852 = DIRECTION ( 'NONE',  ( -0.0000000000000000000, -0.0000000000000000000, 1.000000000000000000 ) ) ;
#1853 = AXIS2_PLACEMENT_3D ( 'NONE', #1856, #1852, #1851 ) ;
#1854 = CYLINDRICAL_SURFACE ( 'NONE', #1853, 1.000000000000000000 ) ;
#1855 = CARTESIAN_POINT ( 'NONE',  ( -2.566535762495876200, -20.86654964721837800, 55.00000000000000000 ) ) ;
#1856 = CARTESIAN_POINT ( 'NONE',  ( -4.672939613082386100, -20.47348615581833900, -5.869033853567532200 ) ) ;
#1857 = FACE_OUTER_BOUND ( 'NONE', #10139, .T. ) ;
#1858 = CARTESIAN_POINT ( 'NONE',  ( 2.412474517030082200E-015, -19.69999999999999200, 55.00000000000000000 ) ) ;
#1859 = CARTESIAN_POINT ( 'NONE',  ( 0.0000000000000000000, 13.74999999999999500, 48.00000000000000000 ) ) ;
#1860 = CARTESIAN_POINT ( 'NONE',  ( -0.5693319653146955400, -20.94127974080479100, 55.00000000000000000 ) ) ;
#1861 = DIRECTION ( 'NONE',  ( -1.000000000000000000, 0.0000000000000000000, 0.0000000000000000000 ) ) ;
#1862 = DIRECTION ( 'NONE',  ( 0.0000000000000000000, 0.0000000000000000000, 1.000000000000000000 ) ) ;
#1863 = CARTESIAN_POINT ( 'NONE',  ( -4.672939613082386100, -20.47348615581833900, 5.000000000000000900 ) ) ;
#1864 = AXIS2_PLACEMENT_3D ( 'NONE', #1863, #1862, #1861 ) ;
#1865 = CIRCLE ( 'NONE', #1864, 1.000000000000000000 ) ;
#1866 = DIRECTION ( 'NONE',  ( -0.0000000000000000000, -0.0000000000000000000, 1.000000000000000000 ) ) ;
#1867 = VECTOR ( 'NONE', #1866, 1000.000000000000000 ) ;
#1868 = CARTESIAN_POINT ( 'NONE',  ( -3.672939613082386100, -20.47348615581833900, -5.869033853567532200 ) ) ;
#1869 = LINE ( 'NONE', #1868, #1867 ) ;
#1870 = CARTESIAN_POINT ( 'NONE',  ( -5.647867525264212300, -20.25096522186203500, 5.000000000000000900 ) ) ;
#1871 = DIRECTION ( 'NONE',  ( -0.0000000000000000000, -0.0000000000000000000, 1.000000000000000000 ) ) ;
#1872 = VECTOR ( 'NONE', #1871, 1000.000000000000000 ) ;
#1873 = CARTESIAN_POINT ( 'NONE',  ( -8.603035260338307600, -19.18300769716197600, -6.115842512056143900 ) ) ;
#1874 = LINE ( 'NONE', #1873, #1872 ) ;
#1875 = CARTESIAN_POINT ( 'NONE',  ( -2.555841923026327800, -20.72385027653439900, 5.571018337283348400 ) ) ;
#1876 = CARTESIAN_POINT ( 'NONE',  ( -2.514658714289572700, -20.59342199151133100, 5.638830330292030600 ) ) ;
#1877 = CARTESIAN_POINT ( 'NONE',  ( -2.404379601122559300, -20.37794758123761000, 5.796728147089396500 ) ) ;
#1878 = CARTESIAN_POINT ( 'NONE',  ( -2.336210745953561900, -20.28999418592934100, 5.886016679658619700 ) ) ;
#1879 = CARTESIAN_POINT ( 'NONE',  ( -2.175040199009414400, -20.13791589184343400, 6.069816344063525500 ) ) ;
#1880 = CARTESIAN_POINT ( 'NONE',  ( -2.082882517155733900, -20.07589945252408000, 6.163373167300917100 ) ) ;
#1881 = CARTESIAN_POINT ( 'NONE',  ( -1.878097137750855500, -19.98353171500075500, 6.343359593072016800 ) ) ;
#1882 = CARTESIAN_POINT ( 'NONE',  ( -1.764947436450170700, -19.95318510305984500, 6.430166452118098300 ) ) ;
#1883 = CARTESIAN_POINT ( 'NONE',  ( -1.523999217989400600, -19.93502859536056300, 6.588083233205607000 ) ) ;
#1884 = CARTESIAN_POINT ( 'NONE',  ( -1.396575382672739600, -19.94745627739371200, 6.658763917832339500 ) ) ;
#1885 = CARTESIAN_POINT ( 'NONE',  ( -1.143896041819673300, -20.02665731145350100, 6.776859776035505200 ) ) ;
#1886 = CARTESIAN_POINT ( 'NONE',  ( -1.021006025318730100, -20.09345281345281700, 6.823089981194308400 ) ) ;
#1887 = CARTESIAN_POINT ( 'NONE',  ( -0.8098571925871190800, -20.27594531000630000, 6.890747597641782500 ) ) ;
#1888 = CARTESIAN_POINT ( 'NONE',  ( -0.7211539765655734500, -20.39258084078532500, 6.912681052624766800 ) ) ;
#1889 = CARTESIAN_POINT ( 'NONE',  ( -0.6312711860519293300, -20.58749863577060800, 6.932991677915146600 ) ) ;
#1890 = CARTESIAN_POINT ( 'NONE',  ( -0.6079262233374418400, -20.65694162486553500, 6.937800479505726900 ) ) ;
#1891 = CARTESIAN_POINT ( 'NONE',  ( -0.5771785335944167300, -20.79712450223057000, 6.943995735520553900 ) ) ;
#1892 = DIRECTION ( 'NONE',  ( 1.000000000000000000, 0.0000000000000000000, 0.0000000000000000000 ) ) ;
#1893 = DIRECTION ( 'NONE',  ( -0.0000000000000000000, -0.0000000000000000000, 1.000000000000000000 ) ) ;
#1894 = AXIS2_PLACEMENT_3D ( 'NONE', #1898, #1893, #1892 ) ;
#1895 = CYLINDRICAL_SURFACE ( 'NONE', #1894, 1.000000000000000000 ) ;
#1896 = CARTESIAN_POINT ( 'NONE',  ( -0.5693319653146957600, -20.86852375953516200, 6.945481473931030400 ) ) ;
#1897 = CARTESIAN_POINT ( 'NONE',  ( -0.5693319653146955400, -20.94127974080479100, 6.945481473931029500 ) ) ;
#1898 = CARTESIAN_POINT ( 'NONE',  ( -1.569331965314695500, -20.94127974080479100, -5.559827068991024700 ) ) ;
#1899 = B_SPLINE_CURVE_WITH_KNOTS ( 'NONE', 3,
 ( #1897, #1896, #1891, #1890, #1889, #1888, #1887, #1886, #1885, #1884, #1883, #1882, #1881, #1880, #1879, #1878, #1877, #1876, #1875, #1934 ),
 .UNSPECIFIED., .F., .F.,
 ( 4, 2, 2, 2, 2, 2, 2, 2, 2, 4 ),
 ( 0.0000000000000000000, 0.0002151842012388732900, 0.0004303684024777465900, 0.0008607368049554929600, 0.001291105207433239300, 0.001721473609910985700, 0.002151842012388732100, 0.002582210414866479000, 0.003012578817344226300, 0.003442947219821972700 ),
 .UNSPECIFIED. ) ;
#1900 = FACE_OUTER_BOUND ( 'NONE', #10156, .T. ) ;
#1901 = CARTESIAN_POINT ( 'NONE',  ( -2.566535762496238200, -20.86654964722255200, 5.553349342499694300 ) ) ;
#1902 = DIRECTION ( 'NONE',  ( -0.0000000000000000000, -0.0000000000000000000, 1.000000000000000000 ) ) ;
#1903 = VECTOR ( 'NONE', #1902, 1000.000000000000000 ) ;
#1904 = CARTESIAN_POINT ( 'NONE',  ( -0.5693319653146955400, -20.94127974080479100, -5.559827068991024700 ) ) ;
#1905 = LINE ( 'NONE', #1904, #1903 ) ;
#1906 = CARTESIAN_POINT ( 'NONE',  ( -0.5693319653146955400, -20.94127974080479100, 6.945481473931029500 ) ) ;
#1907 = DIRECTION ( 'NONE',  ( -0.0000000000000000000, -0.0000000000000000000, 1.000000000000000000 ) ) ;
#1908 = VECTOR ( 'NONE', #1907, 1000.000000000000000 ) ;
#1909 = CARTESIAN_POINT ( 'NONE',  ( -2.566535762495876200, -20.86654964721837800, -5.559827068991024700 ) ) ;
#1910 = LINE ( 'NONE', #1909, #1908 ) ;
#1911 = DIRECTION ( 'NONE',  ( -0.0000000000000000000, -0.0000000000000000000, 1.000000000000000000 ) ) ;
#1912 = VECTOR ( 'NONE', #1911, 1000.000000000000000 ) ;
#1913 = CARTESIAN_POINT ( 'NONE',  ( -14.39408930842622400, -14.28362749318943500, -6.411698407867996600 ) ) ;
#1914 = LINE ( 'NONE', #1913, #1912 ) ;
#1915 = CARTESIAN_POINT ( 'NONE',  ( 2.048154126767924900E-015, -13.74999999999999500, 48.00000000000000000 ) ) ;
#1916 = CARTESIAN_POINT ( 'NONE',  ( 2.040615074861670200E-015, -16.66343693622261300, 48.94336672307714100 ) ) ;
#1917 = CARTESIAN_POINT ( 'NONE',  ( 2.351803811385949500E-015, -19.20456973006254800, 51.79205236011245000 ) ) ;
#1918 = CARTESIAN_POINT ( 'NONE',  ( 2.412474517030082200E-015, -19.69999999999999200, 55.00000000000000000 ) ) ;
#1919 = B_SPLINE_CURVE_WITH_KNOTS ( 'NONE', 3,
 ( #1918, #1917, #1916, #1915 ),
 .UNSPECIFIED., .F., .F.,
 ( 4, 4 ),
 ( 0.0000000000000000000, 1.000000000000000000 ),
 .UNSPECIFIED. ) ;
#1920 = CARTESIAN_POINT ( 'NONE',  ( -16.07426204619714800, -13.55057562135961300, 5.000000000000000900 ) ) ;
#1921 = CARTESIAN_POINT ( 'NONE',  ( -14.39408930842622400, -14.28362749318943500, 5.000000000000000900 ) ) ;
#1922 = CARTESIAN_POINT ( 'NONE',  ( 0.0000000000000000000, 19.69999999999999200, 55.00000000000000000 ) ) ;
#1923 = DIRECTION ( 'NONE',  ( -1.000000000000000000, 0.0000000000000000000, 0.0000000000000000000 ) ) ;
#1924 = DIRECTION ( 'NONE',  ( -0.0000000000000000000, -0.0000000000000000000, -1.000000000000000000 ) ) ;
#1925 = CARTESIAN_POINT ( 'NONE',  ( 0.0000000000000000000, 0.0000000000000000000, 48.00000000000000000 ) ) ;
#1926 = AXIS2_PLACEMENT_3D ( 'NONE', #1925, #1924, #1923 ) ;
#1927 = CIRCLE ( 'NONE', #1926, 13.74999999999999500 ) ;
#1928 = CARTESIAN_POINT ( 'NONE',  ( 0.0000000000000000000, 13.74999999999999500, 48.00000000000000000 ) ) ;
#1929 = CARTESIAN_POINT ( 'NONE',  ( 0.0000000000000000000, 16.66343693622261300, 48.94336672307714100 ) ) ;
#1930 = CARTESIAN_POINT ( 'NONE',  ( 0.0000000000000000000, 19.20456973006254800, 51.79205236011245000 ) ) ;
#1931 = CARTESIAN_POINT ( 'NONE',  ( 0.0000000000000000000, 19.69999999999999200, 55.00000000000000000 ) ) ;
#1932 = B_SPLINE_CURVE_WITH_KNOTS ( 'NONE', 3,
 ( #1931, #1930, #1929, #1928 ),
 .UNSPECIFIED., .F., .F.,
 ( 4, 4 ),
 ( 0.0000000000000000000, 1.000000000000000000 ),
 .UNSPECIFIED. ) ;
#1933 = CARTESIAN_POINT ( 'NONE',  ( 2.048154126767924900E-015, -13.74999999999999500, 48.00000000000000000 ) ) ;
#1934 = CARTESIAN_POINT ( 'NONE',  ( -2.566535762496238200, -20.86654964722255200, 5.553349342499694300 ) ) ;
#1935 =( BOUNDED_SURFACE ( )  B_SPLINE_SURFACE ( 3, 3, ( 
 ( #1982, #1981, #1980, #1979 ),
 ( #1978, #1977, #1976, #1975 ),
 ( #1974, #1973, #1972, #1971 ),
 ( #1970, #1969, #1968, #1967 ) ),
 .UNSPECIFIED., .F., .F., .T. ) 
 B_SPLINE_SURFACE_WITH_KNOTS ( ( 4, 4 ),
 ( 4, 4 ),
 ( 0.0000000000000000000, 1.000000000000000000 ),
 ( 0.0000000000000000000, 1.000000000000000000 ),
 .UNSPECIFIED. ) 
 GEOMETRIC_REPRESENTATION_ITEM ( )  RATIONAL_B_SPLINE_SURFACE ( (
 ( 1.000000000000000000, 0.3333333333333333700, 0.3333333333333333700, 1.000000000000000000),
 ( 1.000000000000000000, 0.3333333333333333700, 0.3333333333333333700, 1.000000000000000000),
 ( 1.000000000000000000, 0.3333333333333333700, 0.3333333333333333700, 1.000000000000000000),
 ( 1.000000000000000000, 0.3333333333333333700, 0.3333333333333333700, 1.000000000000000000) ) ) 
 REPRESENTATION_ITEM ( '' )  SURFACE ( )  );
#1936 = CARTESIAN_POINT ( 'NONE',  ( -0.6077543648373777700, 21.49140839107620600, 55.00000000000000000 ) ) ;
#1937 = CARTESIAN_POINT ( 'NONE',  ( -0.8346091362837866300, 24.51857493989626500, 5.000000000000000900 ) ) ;
#1938 = DIRECTION ( 'NONE',  ( 1.000000000000000000, 0.0000000000000000000, 0.0000000000000000000 ) ) ;
#1939 = DIRECTION ( 'NONE',  ( -0.0000000000000000000, -0.0000000000000000000, 1.000000000000000000 ) ) ;
#1940 = CARTESIAN_POINT ( 'NONE',  ( -15.39408930842622600, -14.28362749318943500, -6.411698407867996600 ) ) ;
#1941 = AXIS2_PLACEMENT_3D ( 'NONE', #1940, #1939, #1938 ) ;
#1942 = FACE_OUTER_BOUND ( 'NONE', #10177, .T. ) ;
#1943 = CYLINDRICAL_SURFACE ( 'NONE', #1941, 1.000000000000000900 ) ;
#1944 = FACE_OUTER_BOUND ( 'NONE', #10175, .T. ) ;
#1945 = DIRECTION ( 'NONE',  ( -1.000000000000000000, -1.734723475976805500E-015, 0.0000000000000000000 ) ) ;
#1946 = DIRECTION ( 'NONE',  ( 0.0000000000000000000, 0.0000000000000000000, 1.000000000000000000 ) ) ;
#1947 = CARTESIAN_POINT ( 'NONE',  ( -15.39408930842622600, -14.28362749318943500, 5.000000000000000900 ) ) ;
#1948 = AXIS2_PLACEMENT_3D ( 'NONE', #1947, #1946, #1945 ) ;
#1949 = CIRCLE ( 'NONE', #1948, 1.000000000000000900 ) ;
#1950 = CARTESIAN_POINT ( 'NONE',  ( -14.39408930842622400, -14.28362749318943500, 55.00000000000000000 ) ) ;
#1951 = DIRECTION ( 'NONE',  ( -1.000000000000000000, 0.0000000000000000000, 0.0000000000000000000 ) ) ;
#1952 = DIRECTION ( 'NONE',  ( -0.0000000000000000000, -0.0000000000000000000, -1.000000000000000000 ) ) ;
#1953 = CARTESIAN_POINT ( 'NONE',  ( 0.0000000000000000000, 0.0000000000000000000, 55.00000000000000000 ) ) ;
#1954 = AXIS2_PLACEMENT_3D ( 'NONE', #1953, #1952, #1951 ) ;
#1955 = CIRCLE ( 'NONE', #1954, 19.69999999999999200 ) ;
#1956 = CARTESIAN_POINT ( 'NONE',  ( -0.8346091362837866300, 24.51857493989626500, 5.000000000000000900 ) ) ;
#1957 = CARTESIAN_POINT ( 'NONE',  ( -0.7767775408780773800, 23.74686592993857900, 13.31653176580499200 ) ) ;
#1958 = CARTESIAN_POINT ( 'NONE',  ( -0.7209640166653656900, 23.00208620857232200, 21.63629758780138000 ) ) ;
#1959 = CARTESIAN_POINT ( 'NONE',  ( -0.6576709472137406400, 22.15749889222677600, 34.13601042383937300 ) ) ;
#1960 = CARTESIAN_POINT ( 'NONE',  ( -0.6400051986025405700, 21.92176585952632500, 38.30585360546407300 ) ) ;
#1961 = CARTESIAN_POINT ( 'NONE',  ( -0.6150548063782007600, 21.58882601329829500, 46.64895751929454800 ) ) ;
#1962 = CARTESIAN_POINT ( 'NONE',  ( -0.6077543648373798800, 21.49140839107620600, 50.82283696912821100 ) ) ;
#1963 = CARTESIAN_POINT ( 'NONE',  ( -0.6077543648373777700, 21.49140839107620600, 55.00000000000000000 ) ) ;
#1964 = AXIS2_PLACEMENT_3D ( 'NONE', #2011, #2010, #2009 ) ;
#1965 = CIRCLE ( 'NONE', #1964, 21.49999999999999300 ) ;
#1966 = B_SPLINE_CURVE_WITH_KNOTS ( 'NONE', 3,
 ( #1963, #1962, #1961, #1960, #1959, #1958, #1957, #1956 ),
 .UNSPECIFIED., .F., .F.,
 ( 4, 2, 2, 4 ),
 ( 0.0000000000000000000, 0.01252441626355261200, 0.02504883252710522400, 0.05009766505421044800 ),
 .UNSPECIFIED. ) ;
#1967 = CARTESIAN_POINT ( 'NONE',  ( -3.367667473011535900E-015, 13.74999999999999500, 48.00000000000000000 ) ) ;
#1968 = CARTESIAN_POINT ( 'NONE',  ( -27.49999999999998900, 13.74999999999998800, 48.00000000000000700 ) ) ;
#1969 = CARTESIAN_POINT ( 'NONE',  ( -27.49999999999998600, -13.74999999999999800, 48.00000000000000700 ) ) ;
#1970 = CARTESIAN_POINT ( 'NONE',  ( 1.683833736505767900E-015, -13.74999999999999500, 48.00000000000000000 ) ) ;
#1971 = CARTESIAN_POINT ( 'NONE',  ( -4.081230149723340400E-015, 16.66343693622261300, 48.94336672307714100 ) ) ;
#1972 = CARTESIAN_POINT ( 'NONE',  ( -33.32687387244522600, 16.66343693622260600, 48.94336672307714100 ) ) ;
#1973 = CARTESIAN_POINT ( 'NONE',  ( -33.32687387244521900, -16.66343693622261700, 48.94336672307714100 ) ) ;
#1974 = CARTESIAN_POINT ( 'NONE',  ( 2.040615074861670200E-015, -16.66343693622261300, 48.94336672307714100 ) ) ;
#1975 = CARTESIAN_POINT ( 'NONE',  ( -4.703607622771899000E-015, 19.20456973006254800, 51.79205236011245000 ) ) ;
#1976 = CARTESIAN_POINT ( 'NONE',  ( -38.40913946012509700, 19.20456973006253800, 51.79205236011245000 ) ) ;
#1977 = CARTESIAN_POINT ( 'NONE',  ( -38.40913946012509000, -19.20456973006255200, 51.79205236011245000 ) ) ;
#1978 = CARTESIAN_POINT ( 'NONE',  ( 2.351803811385949500E-015, -19.20456973006254800, 51.79205236011245000 ) ) ;
#1979 = CARTESIAN_POINT ( 'NONE',  ( -4.824949034060164300E-015, 19.69999999999999200, 55.00000000000000000 ) ) ;
#1980 = CARTESIAN_POINT ( 'NONE',  ( -39.39999999999998400, 19.69999999999998500, 55.00000000000000000 ) ) ;
#1981 = CARTESIAN_POINT ( 'NONE',  ( -39.39999999999997700, -19.69999999999999600, 55.00000000000000000 ) ) ;
#1982 = CARTESIAN_POINT ( 'NONE',  ( 2.412474517030082200E-015, -19.69999999999999200, 55.00000000000000000 ) ) ;
#1983 = CARTESIAN_POINT ( 'NONE',  ( -2.829016730646127800, 24.36911475272341600, 4.999999999999999100 ) ) ;
#1984 = CARTESIAN_POINT ( 'NONE',  ( -11.36602540378427200, -17.68653347947330800, 55.00000000000000000 ) ) ;
#1985 = DIRECTION ( 'NONE',  ( -0.0000000000000000000, -0.0000000000000000000, 1.000000000000000000 ) ) ;
#1986 = VECTOR ( 'NONE', #1985, 1000.000000000000000 ) ;
#1987 = CARTESIAN_POINT ( 'NONE',  ( -5.647867525264212300, -20.25096522186203500, -5.869033853567532200 ) ) ;
#1988 = LINE ( 'NONE', #1987, #1986 ) ;
#1989 = DIRECTION ( 'NONE',  ( -0.0000000000000000000, -0.0000000000000000000, 1.000000000000000000 ) ) ;
#1990 = VECTOR ( 'NONE', #1989, 1000.000000000000000 ) ;
#1991 = CARTESIAN_POINT ( 'NONE',  ( -9.499999999999827700, -18.18653347947330100, -6.291935891927058900 ) ) ;
#1992 = LINE ( 'NONE', #1991, #1990 ) ;
#1993 = CARTESIAN_POINT ( 'NONE',  ( -11.36602540378427200, -17.68653347947330800, 5.000000000000000900 ) ) ;
#1994 = CARTESIAN_POINT ( 'NONE',  ( 20.36178409591993000, -5.234285856842567400, 55.00000000000000000 ) ) ;
#1995 = CARTESIAN_POINT ( 'NONE',  ( -9.499999999999827700, -18.18653347947330100, 55.00000000000000000 ) ) ;
#1996 = DIRECTION ( 'NONE',  ( -0.4999999999999920100, -0.8660254037844431500, 0.0000000000000000000 ) ) ;
#1997 = DIRECTION ( 'NONE',  ( 0.0000000000000000000, 0.0000000000000000000, 1.000000000000000000 ) ) ;
#1998 = CARTESIAN_POINT ( 'NONE',  ( -10.49999999999982900, -18.18653347947330100, 55.00000000000000000 ) ) ;
#1999 = AXIS2_PLACEMENT_3D ( 'NONE', #1998, #1997, #1996 ) ;
#2000 = CIRCLE ( 'NONE', #1999, 0.9999999999999995600 ) ;
#2001 = CARTESIAN_POINT ( 'NONE',  ( 0.0000000000000000000, 21.49999999999999300, 55.00000000000000000 ) ) ;
#2002 = CARTESIAN_POINT ( 'NONE',  ( 0.0000000000000000000, 21.49999999999999300, 37.36137445515917900 ) ) ;
#2003 = CARTESIAN_POINT ( 'NONE',  ( 0.0000000000000000000, 23.24999999999999600, 18.68068722757959000 ) ) ;
#2004 = CARTESIAN_POINT ( 'NONE',  ( 0.0000000000000000000, 25.00000000000000000, 0.0000000000000000000 ) ) ;
#2005 = B_SPLINE_CURVE_WITH_KNOTS ( 'NONE', 3,
 ( #2004, #2003, #2002, #2001 ),
 .UNSPECIFIED., .F., .F.,
 ( 4, 4 ),
 ( 0.0000000000000000000, 1.000000000000000000 ),
 .UNSPECIFIED. ) ;
#2006 = CARTESIAN_POINT ( 'NONE',  ( -17.92034622595072300, -9.111558521468866800, 55.00000000000000000 ) ) ;
#2007 = CARTESIAN_POINT ( 'NONE',  ( -9.499999999999827700, -18.18653347947330100, 5.000000000000000900 ) ) ;
#2008 = CARTESIAN_POINT ( 'NONE',  ( 0.0000000000000000000, 21.49999999999999300, 55.00000000000000000 ) ) ;
#2009 = DIRECTION ( 'NONE',  ( -1.000000000000000000, 0.0000000000000000000, 0.0000000000000000000 ) ) ;
#2010 = DIRECTION ( 'NONE',  ( -0.0000000000000000000, -0.0000000000000000000, -1.000000000000000000 ) ) ;
#2011 = CARTESIAN_POINT ( 'NONE',  ( 0.0000000000000000000, 0.0000000000000000000, 55.00000000000000000 ) ) ;
#2012 = CARTESIAN_POINT ( 'NONE',  ( -20.61640508455155500, 4.118718415924650600, 5.000000000000000900 ) ) ;
#2013 = DIRECTION ( 'NONE',  ( -0.0000000000000000000, -0.0000000000000000000, 1.000000000000000000 ) ) ;
#2014 = VECTOR ( 'NONE', #2013, 1000.000000000000000 ) ;
#2015 = CARTESIAN_POINT ( 'NONE',  ( -19.76544735072771900, 3.129887589699520900, -5.721605746580246800 ) ) ;
#2016 = LINE ( 'NONE', #2015, #2014 ) ;
#2017 = CARTESIAN_POINT ( 'NONE',  ( -19.76544735072771900, 3.129887589699520900, 5.000000000000000900 ) ) ;
#2018 = CARTESIAN_POINT ( 'NONE',  ( -20.36178409591981300, -5.234285856843003500, 55.00000000000000000 ) ) ;
#2019 = DIRECTION ( 'NONE',  ( -0.0000000000000000000, -0.0000000000000000000, 1.000000000000000000 ) ) ;
#2020 = VECTOR ( 'NONE', #2019, 1000.000000000000000 ) ;
#2021 = CARTESIAN_POINT ( 'NONE',  ( -20.36178409591981300, -5.234285856843003500, -6.000819966177919800 ) ) ;
#2022 = LINE ( 'NONE', #2021, #2020 ) ;
#2023 = DIRECTION ( 'NONE',  ( 1.000000000000000000, 0.0000000000000000000, 0.0000000000000000000 ) ) ;
#2024 = DIRECTION ( 'NONE',  ( -0.0000000000000000000, -0.0000000000000000000, 1.000000000000000000 ) ) ;
#2025 = CARTESIAN_POINT ( 'NONE',  ( -20.76544735072766900, -3.129887589699819700, -5.721605746580288500 ) ) ;
#2026 = AXIS2_PLACEMENT_3D ( 'NONE', #2025, #2024, #2023 ) ;
#2027 = CYLINDRICAL_SURFACE ( 'NONE', #2026, 1.000000000000000900 ) ;
#2028 = FACE_OUTER_BOUND ( 'NONE', #10355, .T. ) ;
#2029 = DIRECTION ( 'NONE',  ( -1.000000000000000000, 0.0000000000000000000, 0.0000000000000000000 ) ) ;
#2030 = DIRECTION ( 'NONE',  ( 0.0000000000000000000, 0.0000000000000000000, 1.000000000000000000 ) ) ;
#2031 = CARTESIAN_POINT ( 'NONE',  ( -20.76544735072766900, -3.129887589699819700, 5.000000000000000900 ) ) ;
#2032 = AXIS2_PLACEMENT_3D ( 'NONE', #2031, #2030, #2029 ) ;
#2033 = CIRCLE ( 'NONE', #2032, 1.000000000000000900 ) ;
#2034 = DIRECTION ( 'NONE',  ( -0.0000000000000000000, -0.0000000000000000000, 1.000000000000000000 ) ) ;
#2035 = VECTOR ( 'NONE', #2034, 1000.000000000000000 ) ;
#2036 = CARTESIAN_POINT ( 'NONE',  ( -17.92034622595072300, -9.111558521468866800, -6.213145574501227800 ) ) ;
#2037 = LINE ( 'NONE', #2036, #2035 ) ;
#2038 = CARTESIAN_POINT ( 'NONE',  ( -20.91448961690385000, -2.141056763474692600, 5.000000000000000900 ) ) ;
#2039 = CARTESIAN_POINT ( 'NONE',  ( -19.76544735072766900, -3.129887589699819700, 5.000000000000000900 ) ) ;
#2040 = DIRECTION ( 'NONE',  ( -1.000000000000000000, 1.332267629550187700E-014, 0.0000000000000000000 ) ) ;
#2041 = DIRECTION ( 'NONE',  ( 0.0000000000000000000, 0.0000000000000000000, 1.000000000000000000 ) ) ;
#2042 = CARTESIAN_POINT ( 'NONE',  ( 0.0000000000000000000, 0.0000000000000000000, 4.999999999999999100 ) ) ;
#2043 = AXIS2_PLACEMENT_3D ( 'NONE', #2042, #2041, #2040 ) ;
#2044 = CIRCLE ( 'NONE', #2043, 24.53277582120860200 ) ;
#2045 = AXIS2_PLACEMENT_3D ( 'NONE', #1029, #1811, #1810 ) ;
#2046 = CIRCLE ( 'NONE', #2045, 1.000000000000000900 ) ;
#2047 = DIRECTION ( 'NONE',  ( -0.0000000000000000000, -0.0000000000000000000, 1.000000000000000000 ) ) ;
#2048 = VECTOR ( 'NONE', #2047, 1000.000000000000000 ) ;
#2049 = CARTESIAN_POINT ( 'NONE',  ( -21.00000000000000000, 0.9999999999998534500, -5.385164807134524200 ) ) ;
#2050 = LINE ( 'NONE', #2049, #2048 ) ;
#2051 = CARTESIAN_POINT ( 'NONE',  ( -19.35422996506828900, -8.210589653566451300, 5.000000000000000900 ) ) ;
#2052 = CARTESIAN_POINT ( 'NONE',  ( -17.92034622595072300, -9.111558521468866800, 5.000000000000000900 ) ) ;
#2053 = DIRECTION ( 'NONE',  ( -1.000000000000000000, 0.0000000000000000000, 0.0000000000000000000 ) ) ;
#2054 = DIRECTION ( 'NONE',  ( 0.0000000000000000000, 0.0000000000000000000, 1.000000000000000000 ) ) ;
#2055 = CARTESIAN_POINT ( 'NONE',  ( -18.92034622595072300, -9.111558521468866800, 5.000000000000000900 ) ) ;
#2056 = AXIS2_PLACEMENT_3D ( 'NONE', #2055, #2054, #2053 ) ;
#2057 = DIRECTION ( 'NONE',  ( 1.000000000000000000, 0.0000000000000000000, 0.0000000000000000000 ) ) ;
#2058 = DIRECTION ( 'NONE',  ( -0.0000000000000000000, -0.0000000000000000000, 1.000000000000000000 ) ) ;
#2059 = CARTESIAN_POINT ( 'NONE',  ( -20.76544735072771900, 3.129887589699520900, -5.721605746580246800 ) ) ;
#2060 = AXIS2_PLACEMENT_3D ( 'NONE', #2059, #2058, #2057 ) ;
#2061 = CIRCLE ( 'NONE', #2056, 1.000000000000000900 ) ;
#2062 = CYLINDRICAL_SURFACE ( 'NONE', #2060, 1.000000000000000900 ) ;
#2063 = FACE_OUTER_BOUND ( 'NONE', #3278, .T. ) ;
#2064 = DIRECTION ( 'NONE',  ( -0.9555728057861383500, -0.2947551744109120400, 0.0000000000000000000 ) ) ;
#2065 = DIRECTION ( 'NONE',  ( 0.0000000000000000000, 0.0000000000000000000, 1.000000000000000000 ) ) ;
#2066 = CARTESIAN_POINT ( 'NONE',  ( -20.06702892150890000, -6.189858662629141900, 55.00000000000000000 ) ) ;
#2067 = AXIS2_PLACEMENT_3D ( 'NONE', #2066, #2065, #2064 ) ;
#2068 = CIRCLE ( 'NONE', #2067, 0.9999999999999991100 ) ;
#2069 = CARTESIAN_POINT ( 'NONE',  ( -20.61640508455155500, 4.118718415924650600, 55.00000000000000000 ) ) ;
#2070 = CARTESIAN_POINT ( 'NONE',  ( -19.76544735072771900, 3.129887589699520900, 55.00000000000000000 ) ) ;
#2071 = DIRECTION ( 'NONE',  ( -1.000000000000000000, -8.673617379884027600E-016, 0.0000000000000000000 ) ) ;
#2072 = DIRECTION ( 'NONE',  ( 0.0000000000000000000, 0.0000000000000000000, 1.000000000000000000 ) ) ;
#2073 = CARTESIAN_POINT ( 'NONE',  ( -20.76544735072771900, 3.129887589699520900, 5.000000000000000900 ) ) ;
#2074 = AXIS2_PLACEMENT_3D ( 'NONE', #2073, #2072, #2071 ) ;
#2075 = CIRCLE ( 'NONE', #2074, 1.000000000000000900 ) ;
#2076 = ADVANCED_BREP_SHAPE_REPRESENTATION ( 'Lamp bulb mount E27', ( #2566, #2748, #2105 ), #2077 ) ;
#2077 =( GEOMETRIC_REPRESENTATION_CONTEXT ( 3 ) GLOBAL_UNCERTAINTY_ASSIGNED_CONTEXT ( ( #2078 ) ) GLOBAL_UNIT_ASSIGNED_CONTEXT ( ( #2081, #2080, #2079 ) ) REPRESENTATION_CONTEXT ( 'NONE', 'WORKASPACE' ) );
#2078 = UNCERTAINTY_MEASURE_WITH_UNIT (LENGTH_MEASURE( 1.000000000000000100E-005 ), #2081, 'distance_accuracy_value', 'NONE');
#2079 =( NAMED_UNIT ( * ) SI_UNIT ( $, .STERADIAN. ) SOLID_ANGLE_UNIT ( ) );
#2080 =( NAMED_UNIT ( * ) PLANE_ANGLE_UNIT ( ) SI_UNIT ( $, .RADIAN. ) );
#2081 =( LENGTH_UNIT ( ) NAMED_UNIT ( * ) SI_UNIT ( .MILLI., .METRE. ) );
#2082 = CARTESIAN_POINT ( 'NONE',  ( 0.0000000000000000000, 0.0000000000000000000, 0.0000000000000000000 ) ) ;
#2083 = CARTESIAN_POINT ( 'NONE',  ( -17.91433431869941700, -11.00348244502021400, 55.00000000000000000 ) ) ;
#2084 = CARTESIAN_POINT ( 'NONE',  ( -16.35101426063578600, -11.82972121933620500, 55.00000000000000000 ) ) ;
#2085 = CARTESIAN_POINT ( 'NONE',  ( -19.06702892150899200, 6.189858662628862100, 55.00000000000000000 ) ) ;
#2086 = DIRECTION ( 'NONE',  ( 1.000000000000000000, 0.0000000000000000000, 0.0000000000000000000 ) ) ;
#2087 = DIRECTION ( 'NONE',  ( -0.0000000000000000000, -0.0000000000000000000, 1.000000000000000000 ) ) ;
#2088 = CARTESIAN_POINT ( 'NONE',  ( -18.92034622595072300, -9.111558521468866800, -6.213145574501227800 ) ) ;
#2089 = AXIS2_PLACEMENT_3D ( 'NONE', #2088, #2087, #2086 ) ;
#2090 = CYLINDRICAL_SURFACE ( 'NONE', #2089, 1.000000000000000900 ) ;
#2091 = FACE_OUTER_BOUND ( 'NONE', #10454, .T. ) ;
#2092 = CARTESIAN_POINT ( 'NONE',  ( -19.77227374709809400, 7.145431468415004900, 55.00000000000000000 ) ) ;
#2093 = DIRECTION ( 'NONE',  ( 1.000000000000000000, 0.0000000000000000000, 0.0000000000000000000 ) ) ;
#2094 = DIRECTION ( 'NONE',  ( -0.0000000000000000000, -0.0000000000000000000, 1.000000000000000000 ) ) ;
#2095 = AXIS2_PLACEMENT_3D ( 'NONE', #2096, #2094, #2093 ) ;
#2096 = CARTESIAN_POINT ( 'NONE',  ( -10.49999999999982900, -18.18653347947330100, -6.291935891927058900 ) ) ;
#2097 = CYLINDRICAL_SURFACE ( 'NONE', #2095, 1.000000000000000900 ) ;
#2098 = FACE_OUTER_BOUND ( 'NONE', #10460, .T. ) ;
#2099 = PRODUCT ( 'Lamp bulb mount E27', 'Lamp bulb mount E27', '', ( #2100 ) ) ;
#2100 = MECHANICAL_CONTEXT ( 'NONE', #2102, 'mechanical' ) ;
#2101 = APPLICATION_PROTOCOL_DEFINITION ( 'international standard', 'config_control_design', 1994, #2102 ) ;
#2102 = APPLICATION_CONTEXT ( 'configuration controlled 3d designs of mechanical parts and assemblies' ) ;
#2103 = DIRECTION ( 'NONE',  ( 1.000000000000000000, 0.0000000000000000000, 0.0000000000000000000 ) ) ;
#2104 = DIRECTION ( 'NONE',  ( 0.0000000000000000000, 0.0000000000000000000, 1.000000000000000000 ) ) ;
#2105 = AXIS2_PLACEMENT_3D ( 'NONE', #2082, #2104, #2103 ) ;
#2106 = SHAPE_DEFINITION_REPRESENTATION ( #2138, #2076 ) ;
#2107 = PERSON_AND_ORGANIZATION ( #2137, #2136 ) ;
#2108 = PRODUCT_DEFINITION_FORMATION_WITH_SPECIFIED_SOURCE ( 'ANY', '', #2099, .NOT_KNOWN. ) ;
#2109 = CC_DESIGN_DATE_AND_TIME_ASSIGNMENT ( #2111, #2110, ( #2129 ) ) ;
#2110 = DATE_TIME_ROLE ( 'creation_date' ) ;
#2111 = DATE_AND_TIME ( #2112, #2113 ) ;
#2112 = CALENDAR_DATE ( 2016, 4, 1 ) ;
#2113 = LOCAL_TIME ( 0, 58, 20.00000000000000000, #2114 ) ;
#2114 = COORDINATED_UNIVERSAL_TIME_OFFSET ( 1, 0, .AHEAD. ) ;
#2115 = CC_DESIGN_PERSON_AND_ORGANIZATION_ASSIGNMENT ( #2117, #2116, ( #2129 ) ) ;
#2116 = PERSON_AND_ORGANIZATION_ROLE ( 'creator' ) ;
#2117 = PERSON_AND_ORGANIZATION ( #2137, #2136 ) ;
#2118 = CC_DESIGN_APPROVAL ( #2126, ( #2129 ) ) ;
#2119 = APPROVAL_DATE_TIME ( #2120, #2126 ) ;
#2120 = DATE_AND_TIME ( #2121, #2122 ) ;
#2121 = CALENDAR_DATE ( 2016, 4, 1 ) ;
#2122 = LOCAL_TIME ( 0, 58, 20.00000000000000000, #2123 ) ;
#2123 = COORDINATED_UNIVERSAL_TIME_OFFSET ( 1, 0, .AHEAD. ) ;
#2124 = APPROVAL_PERSON_ORGANIZATION ( #2128, #2126, #2125 ) ;
#2125 = APPROVAL_ROLE ( '' ) ;
#2126 = APPROVAL ( #2127, 'UNSPECIFIED' ) ;
#2127 = APPROVAL_STATUS ( 'not_yet_approved' ) ;
#2128 = PERSON_AND_ORGANIZATION ( #2137, #2136 ) ;
#2129 = PRODUCT_DEFINITION ( 'UNKNOWN', '', #2108, #2130 ) ;
#2130 = DESIGN_CONTEXT ( 'detailed design', #2132, 'design' ) ;
#2131 = APPLICATION_PROTOCOL_DEFINITION ( 'international standard', 'config_control_design', 1994, #2132 ) ;
#2132 = APPLICATION_CONTEXT ( 'configuration controlled 3d designs of mechanical parts and assemblies' ) ;
#2133 = CC_DESIGN_PERSON_AND_ORGANIZATION_ASSIGNMENT ( #2135, #2134, ( #2099 ) ) ;
#2134 = PERSON_AND_ORGANIZATION_ROLE ( 'design_owner' ) ;
#2135 = PERSON_AND_ORGANIZATION ( #2137, #2136 ) ;
#2136 = ORGANIZATION ( 'UNSPECIFIED', 'UNSPECIFIED', '' ) ;
#2137 = PERSON ( 'UNSPECIFIED', 'UNSPECIFIED', 'UNSPECIFIED', ('UNSPECIFIED'), ('UNSPECIFIED'), ('UNSPECIFIED') ) ;
#2138 = PRODUCT_DEFINITION_SHAPE ( 'NONE', 'NONE',  #2129 ) ;
#2139 = PRODUCT_RELATED_PRODUCT_CATEGORY ( 'detail', '', ( #2099 ) ) ;
#2140 = CC_DESIGN_SECURITY_CLASSIFICATION ( #2161, ( #2108 ) ) ;
#2141 = CC_DESIGN_APPROVAL ( #2149, ( #2161 ) ) ;
#2142 = APPROVAL_DATE_TIME ( #2143, #2149 ) ;
#2143 = DATE_AND_TIME ( #2144, #2145 ) ;
#2144 = CALENDAR_DATE ( 2016, 4, 1 ) ;
#2145 = LOCAL_TIME ( 0, 58, 20.00000000000000000, #2146 ) ;
#2146 = COORDINATED_UNIVERSAL_TIME_OFFSET ( 1, 0, .AHEAD. ) ;
#2147 = APPROVAL_PERSON_ORGANIZATION ( #2151, #2149, #2148 ) ;
#2148 = APPROVAL_ROLE ( '' ) ;
#2149 = APPROVAL ( #2150, 'UNSPECIFIED' ) ;
#2150 = APPROVAL_STATUS ( 'not_yet_approved' ) ;
#2151 = PERSON_AND_ORGANIZATION ( #2137, #2136 ) ;
#2152 = CC_DESIGN_DATE_AND_TIME_ASSIGNMENT ( #2154, #2153, ( #2161 ) ) ;
#2153 = DATE_TIME_ROLE ( 'classification_date' ) ;
#2154 = DATE_AND_TIME ( #2155, #2156 ) ;
#2155 = CALENDAR_DATE ( 2016, 4, 1 ) ;
#2156 = LOCAL_TIME ( 0, 58, 20.00000000000000000, #2157 ) ;
#2157 = COORDINATED_UNIVERSAL_TIME_OFFSET ( 1, 0, .AHEAD. ) ;
#2158 = CC_DESIGN_PERSON_AND_ORGANIZATION_ASSIGNMENT ( #2160, #2159, ( #2161 ) ) ;
#2159 = PERSON_AND_ORGANIZATION_ROLE ( 'classification_officer' ) ;
#2160 = PERSON_AND_ORGANIZATION ( #2137, #2136 ) ;
#2161 = SECURITY_CLASSIFICATION ( '', '', #2162 ) ;
#2162 = SECURITY_CLASSIFICATION_LEVEL ( 'unclassified' ) ;
#2163 = CC_DESIGN_PERSON_AND_ORGANIZATION_ASSIGNMENT ( #2165, #2164, ( #2108 ) ) ;
#2164 = PERSON_AND_ORGANIZATION_ROLE ( 'design_supplier' ) ;
#2165 = PERSON_AND_ORGANIZATION ( #2137, #2136 ) ;
#2166 = CC_DESIGN_PERSON_AND_ORGANIZATION_ASSIGNMENT ( #2168, #2167, ( #2108 ) ) ;
#2167 = PERSON_AND_ORGANIZATION_ROLE ( 'creator' ) ;
#2168 = PERSON_AND_ORGANIZATION ( #2137, #2136 ) ;
#2169 = CC_DESIGN_APPROVAL ( #2177, ( #2108 ) ) ;
#2170 = APPROVAL_DATE_TIME ( #2171, #2177 ) ;
#2171 = DATE_AND_TIME ( #2172, #2173 ) ;
#2172 = CALENDAR_DATE ( 2016, 4, 1 ) ;
#2173 = LOCAL_TIME ( 0, 58, 20.00000000000000000, #2174 ) ;
#2174 = COORDINATED_UNIVERSAL_TIME_OFFSET ( 1, 0, .AHEAD. ) ;
#2175 = APPROVAL_PERSON_ORGANIZATION ( #2107, #2177, #2176 ) ;
#2176 = APPROVAL_ROLE ( '' ) ;
#2177 = APPROVAL ( #2178, 'UNSPECIFIED' ) ;
#2178 = APPROVAL_STATUS ( 'not_yet_approved' ) ;
#2179 = ADVANCED_FACE ( 'NONE', ( #5630 ), #5641, .F. ) ;
#2180 = ORIENTED_EDGE ( 'NONE', *, *, #28, .F. ) ;
#2181 = EDGE_LOOP ( 'NONE', ( #2185, #2186, #2223, #2224 ) ) ;
#2182 = ORIENTED_EDGE ( 'NONE', *, *, #2218, .T. ) ;
#2183 = VERTEX_POINT ( 'NONE', #5691 ) ;
#2184 = ADVANCED_FACE ( 'NONE', ( #5686 ), #5685, .F. ) ;
#2185 = ORIENTED_EDGE ( 'NONE', *, *, #3289, .F. ) ;
#2186 = ORIENTED_EDGE ( 'NONE', *, *, #2227, .F. ) ;
#2187 = ORIENTED_EDGE ( 'NONE', *, *, #2956, .T. ) ;
#2188 = ORIENTED_EDGE ( 'NONE', *, *, #4215, .T. ) ;
#2189 = EDGE_LOOP ( 'NONE', ( #3230, #3228, #3238, #3167 ) ) ;
#2190 = ADVANCED_FACE ( 'NONE', ( #5680 ), #5679, .F. ) ;
#2191 = EDGE_LOOP ( 'NONE', ( #2229, #2230, #2226, #2228, #2222 ) ) ;
#2192 = ORIENTED_EDGE ( 'NONE', *, *, #4068, .T. ) ;
#2193 = EDGE_CURVE ( 'NONE', #2225, #4007, #5674, .T. ) ;
#2194 = ADVANCED_FACE ( 'NONE', ( #5670 ), #5669, .F. ) ;
#2195 = EDGE_LOOP ( 'NONE', ( #2196, #2197, #2198, #2199 ) ) ;
#2196 = ORIENTED_EDGE ( 'NONE', *, *, #3312, .F. ) ;
#2197 = ORIENTED_EDGE ( 'NONE', *, *, #2215, .F. ) ;
#2198 = ORIENTED_EDGE ( 'NONE', *, *, #2211, .T. ) ;
#2199 = ORIENTED_EDGE ( 'NONE', *, *, #4019, .T. ) ;
#2200 = ORIENTED_EDGE ( 'NONE', *, *, #2231, .F. ) ;
#2201 = ADVANCED_FACE ( 'NONE', ( #5663 ), #5662, .F. ) ;
#2202 = EDGE_LOOP ( 'NONE', ( #2247, #2203, #2204, #2212 ) ) ;
#2203 = ORIENTED_EDGE ( 'NONE', *, *, #4093, .T. ) ;
#2204 = ORIENTED_EDGE ( 'NONE', *, *, #2211, .F. ) ;
#2205 = ORIENTED_EDGE ( 'NONE', *, *, #2206, .T. ) ;
#2206 = EDGE_CURVE ( 'NONE', #3310, #2957, #5657, .T. ) ;
#2207 = ADVANCED_FACE ( 'NONE', ( #5719 ), #5718, .F. ) ;
#2208 = EDGE_LOOP ( 'NONE', ( #2209, #2210, #2213, #2214 ) ) ;
#2209 = ORIENTED_EDGE ( 'NONE', *, *, #2959, .T. ) ;
#2210 = ORIENTED_EDGE ( 'NONE', *, *, #2206, .F. ) ;
#2211 = EDGE_CURVE ( 'NONE', #2183, #4020, #5713, .T. ) ;
#2212 = ORIENTED_EDGE ( 'NONE', *, *, #2218, .F. ) ;
#2213 = ORIENTED_EDGE ( 'NONE', *, *, #3331, .T. ) ;
#2214 = ORIENTED_EDGE ( 'NONE', *, *, #4081, .T. ) ;
#2215 = EDGE_CURVE ( 'NONE', #2183, #3309, #5709, .T. ) ;
#2216 = VERTEX_POINT ( 'NONE', #5704 ) ;
#2217 = ORIENTED_EDGE ( 'NONE', *, *, #2215, .T. ) ;
#2218 = EDGE_CURVE ( 'NONE', #2954, #2183, #5703, .T. ) ;
#2219 = VERTEX_POINT ( 'NONE', #5699 ) ;
#2220 = EDGE_CURVE ( 'NONE', #6798, #2219, #5698, .T. ) ;
#2221 = EDGE_CURVE ( 'NONE', #3295, #2936, #5693, .T. ) ;
#2222 = ORIENTED_EDGE ( 'NONE', *, *, #2259, .T. ) ;
#2223 = ORIENTED_EDGE ( 'NONE', *, *, #2193, .T. ) ;
#2224 = ORIENTED_EDGE ( 'NONE', *, *, #4101, .T. ) ;
#2225 = VERTEX_POINT ( 'NONE', #5752 ) ;
#2226 = ORIENTED_EDGE ( 'NONE', *, *, #2227, .T. ) ;
#2227 = EDGE_CURVE ( 'NONE', #2225, #3286, #5751, .T. ) ;
#2228 = ORIENTED_EDGE ( 'NONE', *, *, #3369, .T. ) ;
#2229 = ORIENTED_EDGE ( 'NONE', *, *, #2970, .T. ) ;
#2230 = ORIENTED_EDGE ( 'NONE', *, *, #2231, .T. ) ;
#2231 = EDGE_CURVE ( 'NONE', #2968, #2225, #5746, .T. ) ;
#2232 = ORIENTED_EDGE ( 'NONE', *, *, #2233, .T. ) ;
#2233 = EDGE_CURVE ( 'NONE', #2933, #2234, #5742, .T. ) ;
#2234 = VERTEX_POINT ( 'NONE', #5738 ) ;
#2235 = ORIENTED_EDGE ( 'NONE', *, *, #2236, .T. ) ;
#2236 = EDGE_CURVE ( 'NONE', #2234, #3294, #5737, .T. ) ;
#2237 = ORIENTED_EDGE ( 'NONE', *, *, #3321, .T. ) ;
#2238 = ORIENTED_EDGE ( 'NONE', *, *, #2221, .T. ) ;
#2239 = ORIENTED_EDGE ( 'NONE', *, *, #3304, .T. ) ;
#2240 = ORIENTED_EDGE ( 'NONE', *, *, #4079, .T. ) ;
#2241 = ADVANCED_FACE ( 'NONE', ( #5732 ), #5731, .F. ) ;
#2242 = EDGE_LOOP ( 'NONE', ( #2243, #2244, #2245, #2200 ) ) ;
#2243 = ORIENTED_EDGE ( 'NONE', *, *, #2967, .T. ) ;
#2244 = ORIENTED_EDGE ( 'NONE', *, *, #4023, .T. ) ;
#2245 = ORIENTED_EDGE ( 'NONE', *, *, #2193, .F. ) ;
#2246 = ADVANCED_FACE ( 'NONE', ( #5726 ), #5725, .F. ) ;
#2247 = ORIENTED_EDGE ( 'NONE', *, *, #2953, .T. ) ;
#2248 = EDGE_LOOP ( 'NONE', ( #2187, #2182, #2217, #2252, #2205 ) ) ;
#2249 = ADVANCED_FACE ( 'NONE', ( #5786 ), #5785, .F. ) ;
#2250 = EDGE_LOOP ( 'NONE', ( #2251, #2232, #2235, #2237, #2238 ) ) ;
#2251 = ORIENTED_EDGE ( 'NONE', *, *, #2935, .T. ) ;
#2252 = ORIENTED_EDGE ( 'NONE', *, *, #3308, .T. ) ;
#2253 = EDGE_LOOP ( 'NONE', ( #2261, #2284, #2239, #2240 ) ) ;
#2254 = EDGE_LOOP ( 'NONE', ( #2359, #2360, #2361, #2315 ) ) ;
#2255 = ORIENTED_EDGE ( 'NONE', *, *, #2375, .F. ) ;
#2256 = ADVANCED_FACE ( 'NONE', ( #5780 ), #5779, .F. ) ;
#2257 = EDGE_LOOP ( 'NONE', ( #2258, #2277, #2278, #2346 ) ) ;
#2258 = ORIENTED_EDGE ( 'NONE', *, *, #3358, .F. ) ;
#2259 = EDGE_CURVE ( 'NONE', #3287, #2971, #5774, .T. ) ;
#2260 = ADVANCED_FACE ( 'NONE', ( #5770 ), #5769, .F. ) ;
#2261 = ORIENTED_EDGE ( 'NONE', *, *, #2830, .T. ) ;
#2262 = EDGE_LOOP ( 'NONE', ( #2263, #2264, #2265, #2255 ) ) ;
#2263 = ORIENTED_EDGE ( 'NONE', *, *, #2879, .T. ) ;
#2264 = ORIENTED_EDGE ( 'NONE', *, *, #4123, .T. ) ;
#2265 = ORIENTED_EDGE ( 'NONE', *, *, #2275, .F. ) ;
#2266 = EDGE_LOOP ( 'NONE', ( #2267, #2268, #2281, #2280, #2339 ) ) ;
#2267 = ORIENTED_EDGE ( 'NONE', *, *, #2948, .T. ) ;
#2268 = ORIENTED_EDGE ( 'NONE', *, *, #2269, .T. ) ;
#2269 = EDGE_CURVE ( 'NONE', #2842, #2296, #5764, .T. ) ;
#2270 = ORIENTED_EDGE ( 'NONE', *, *, #4088, .T. ) ;
#2271 = ADVANCED_FACE ( 'NONE', ( #5760 ), #5759, .F. ) ;
#2272 = ORIENTED_EDGE ( 'NONE', *, *, #2273, .F. ) ;
#2273 = EDGE_CURVE ( 'NONE', #2234, #4089, #5820, .T. ) ;
#2274 = ORIENTED_EDGE ( 'NONE', *, *, #2233, .F. ) ;
#2275 = EDGE_CURVE ( 'NONE', #2366, #4010, #5816, .T. ) ;
#2276 = ADVANCED_FACE ( 'NONE', ( #5812 ), #5810, .F. ) ;
#2277 = ORIENTED_EDGE ( 'NONE', *, *, #2368, .F. ) ;
#2278 = ORIENTED_EDGE ( 'NONE', *, *, #2275, .T. ) ;
#2279 = EDGE_CURVE ( 'NONE', #2296, #3346, #5805, .T. ) ;
#2280 = ORIENTED_EDGE ( 'NONE', *, *, #3345, .T. ) ;
#2281 = ORIENTED_EDGE ( 'NONE', *, *, #2279, .T. ) ;
#2282 = ORIENTED_EDGE ( 'NONE', *, *, #3341, .T. ) ;
#2283 = ORIENTED_EDGE ( 'NONE', *, *, #4014, .T. ) ;
#2284 = ORIENTED_EDGE ( 'NONE', *, *, #2259, .F. ) ;
#2285 = EDGE_LOOP ( 'NONE', ( #2286, #2287, #2288, #2270 ) ) ;
#2286 = ORIENTED_EDGE ( 'NONE', *, *, #3297, .F. ) ;
#2287 = ORIENTED_EDGE ( 'NONE', *, *, #2236, .F. ) ;
#2288 = ORIENTED_EDGE ( 'NONE', *, *, #2273, .T. ) ;
#2289 = ADVANCED_FACE ( 'NONE', ( #5801 ), #5800, .F. ) ;
#2290 = ORIENTED_EDGE ( 'NONE', *, *, #3365, .T. ) ;
#2291 = ORIENTED_EDGE ( 'NONE', *, *, #4097, .T. ) ;
#2292 = ADVANCED_FACE ( 'NONE', ( #5795 ), #5794, .F. ) ;
#2293 = EDGE_LOOP ( 'NONE', ( #2294, #2295, #2272, #2274 ) ) ;
#2294 = ORIENTED_EDGE ( 'NONE', *, *, #2932, .T. ) ;
#2295 = ORIENTED_EDGE ( 'NONE', *, *, #4091, .T. ) ;
#2296 = VERTEX_POINT ( 'NONE', #5789 ) ;
#2297 = ADVANCED_FACE ( 'NONE', ( #5788 ), #5853, .F. ) ;
#2298 = EDGE_LOOP ( 'NONE', ( #2299, #2300, #2290, #2291 ) ) ;
#2299 = ORIENTED_EDGE ( 'NONE', *, *, #2938, .T. ) ;
#2300 = ORIENTED_EDGE ( 'NONE', *, *, #2221, .F. ) ;
#2301 = ORIENTED_EDGE ( 'NONE', *, *, #3, .T. ) ;
#2302 = ORIENTED_EDGE ( 'NONE', *, *, #2303, .T. ) ;
#2303 = EDGE_CURVE ( 'NONE', #2596, #2843, #5848, .T. ) ;
#2304 = ADVANCED_FACE ( 'NONE', ( #5844 ), #5843, .F. ) ;
#2305 = ORIENTED_EDGE ( 'NONE', *, *, #2306, .T. ) ;
#2306 = EDGE_CURVE ( 'NONE', #2869, #2307, #5838, .T. ) ;
#2307 = VERTEX_POINT ( 'NONE', #5834 ) ;
#2308 = ORIENTED_EDGE ( 'NONE', *, *, #2309, .T. ) ;
#2309 = EDGE_CURVE ( 'NONE', #2307, #2595, #5833, .T. ) ;
#2310 = ORIENTED_EDGE ( 'NONE', *, *, #4070, .T. ) ;
#2311 = ADVANCED_FACE ( 'NONE', ( #5828 ), #5827, .F. ) ;
#2312 = ORIENTED_EDGE ( 'NONE', *, *, #2950, .T. ) ;
#2313 = ORIENTED_EDGE ( 'NONE', *, *, #2321, .F. ) ;
#2314 = ORIENTED_EDGE ( 'NONE', *, *, #3317, .T. ) ;
#2315 = ORIENTED_EDGE ( 'NONE', *, *, #4113, .T. ) ;
#2316 = ADVANCED_FACE ( 'NONE', ( #5822 ), #5821, .F. ) ;
#2317 = ADVANCED_FACE ( 'NONE', ( #5884 ), #5883, .F. ) ;
#2318 = EDGE_LOOP ( 'NONE', ( #2322, #2323, #2324, #2325 ) ) ;
#2319 = EDGE_CURVE ( 'NONE', #2889, #2320, #5882, .T. ) ;
#2320 = VERTEX_POINT ( 'NONE', #5874 ) ;
#2321 = EDGE_CURVE ( 'NONE', #3347, #2841, #5873, .T. ) ;
#2322 = ORIENTED_EDGE ( 'NONE', *, *, #3349, .F. ) ;
#2323 = ORIENTED_EDGE ( 'NONE', *, *, #2279, .F. ) ;
#2324 = ORIENTED_EDGE ( 'NONE', *, *, #2340, .T. ) ;
#2325 = ORIENTED_EDGE ( 'NONE', *, *, #4073, .T. ) ;
#2326 = ADVANCED_FACE ( 'NONE', ( #5869 ), #5868, .F. ) ;
#2327 = EDGE_LOOP ( 'NONE', ( #2328, #2329, #2336, #2357 ) ) ;
#2328 = ORIENTED_EDGE ( 'NONE', *, *, #2868, .T. ) ;
#2329 = ORIENTED_EDGE ( 'NONE', *, *, #4181, .T. ) ;
#2330 = EDGE_LOOP ( 'NONE', ( #2331, #2332, #2358, #2341 ) ) ;
#2331 = ORIENTED_EDGE ( 'NONE', *, *, #2946, .T. ) ;
#2332 = ORIENTED_EDGE ( 'NONE', *, *, #4076, .T. ) ;
#2333 = ADVANCED_FACE ( 'NONE', ( #5863 ), #5862, .F. ) ;
#2334 = EDGE_LOOP ( 'NONE', ( #2335, #2305, #2308, #2301, #2302 ) ) ;
#2335 = ORIENTED_EDGE ( 'NONE', *, *, #2871, .T. ) ;
#2336 = ORIENTED_EDGE ( 'NONE', *, *, #2337, .F. ) ;
#2337 = EDGE_CURVE ( 'NONE', #2307, #4058, #5857, .T. ) ;
#2338 = EDGE_LOOP ( 'NONE', ( #2353, #2354, #2342, #2343 ) ) ;
#2339 = ORIENTED_EDGE ( 'NONE', *, *, #2321, .T. ) ;
#2340 = EDGE_CURVE ( 'NONE', #2296, #4074, #5921, .T. ) ;
#2341 = ORIENTED_EDGE ( 'NONE', *, *, #2269, .F. ) ;
#2342 = ORIENTED_EDGE ( 'NONE', *, *, #2337, .T. ) ;
#2343 = ORIENTED_EDGE ( 'NONE', *, *, #4144, .T. ) ;
#2344 = ADVANCED_FACE ( 'NONE', ( #5917 ), #5916, .F. ) ;
#2345 = EDGE_LOOP ( 'NONE', ( #2371, #2376, #2367, #2369, #2365 ) ) ;
#2346 = ORIENTED_EDGE ( 'NONE', *, *, #4009, .T. ) ;
#2347 = EDGE_LOOP ( 'NONE', ( #2348, #2349, #5124, #5186, #5125 ) ) ;
#2348 = ORIENTED_EDGE ( 'NONE', *, *, #2860, .T. ) ;
#2349 = ORIENTED_EDGE ( 'NONE', *, *, #2319, .T. ) ;
#2350 = ADVANCED_FACE ( 'NONE', ( #5911 ), #5910, .F. ) ;
#2351 = EDGE_LOOP ( 'NONE', ( #2312, #2313, #2314, #2310 ) ) ;
#2352 = ADVANCED_FACE ( 'NONE', ( #5905 ), #5904, .F. ) ;
#2353 = ORIENTED_EDGE ( 'NONE', *, *, #3335, .F. ) ;
#2354 = ORIENTED_EDGE ( 'NONE', *, *, #2309, .F. ) ;
#2355 = ORIENTED_EDGE ( 'NONE', *, *, #2837, .T. ) ;
#2356 = ORIENTED_EDGE ( 'NONE', *, *, #2364, .F. ) ;
#2357 = ORIENTED_EDGE ( 'NONE', *, *, #2306, .F. ) ;
#2358 = ORIENTED_EDGE ( 'NONE', *, *, #2340, .F. ) ;
#2359 = ORIENTED_EDGE ( 'NONE', *, *, #2845, .T. ) ;
#2360 = ORIENTED_EDGE ( 'NONE', *, *, #2303, .F. ) ;
#2361 = ORIENTED_EDGE ( 'NONE', *, *, #3354, .T. ) ;
#2362 = ADVANCED_FACE ( 'NONE', ( #5903 ), #5898, .F. ) ;
#2363 = EDGE_LOOP ( 'NONE', ( #2355, #2356, #2282, #2283 ) ) ;
#2364 = EDGE_CURVE ( 'NONE', #3356, #2965, #5893, .T. ) ;
#2365 = ORIENTED_EDGE ( 'NONE', *, *, #2364, .T. ) ;
#2366 = VERTEX_POINT ( 'NONE', #5889 ) ;
#2367 = ORIENTED_EDGE ( 'NONE', *, *, #2368, .T. ) ;
#2368 = EDGE_CURVE ( 'NONE', #2366, #3325, #5953, .T. ) ;
#2369 = ORIENTED_EDGE ( 'NONE', *, *, #3355, .T. ) ;
#2370 = EDGE_LOOP ( 'NONE', ( #2620, #2621, #2622, #2448 ) ) ;
#2371 = ORIENTED_EDGE ( 'NONE', *, *, #2836, .T. ) ;
#2372 = EDGE_CURVE ( 'NONE', #2611, #3969, #5948, .T. ) ;
#2373 = ADVANCED_FACE ( 'NONE', ( #5944 ), #5943, .F. ) ;
#2374 = EDGE_LOOP ( 'NONE', ( #2377, #2378, #2379, #2618 ) ) ;
#2375 = EDGE_CURVE ( 'NONE', #2880, #2366, #5938, .T. ) ;
#2376 = ORIENTED_EDGE ( 'NONE', *, *, #2375, .T. ) ;
#2377 = ORIENTED_EDGE ( 'NONE', *, *, #30, .T. ) ;
#2378 = ORIENTED_EDGE ( 'NONE', *, *, #3971, .T. ) ;
#2379 = ORIENTED_EDGE ( 'NONE', *, *, #2372, .F. ) ;
#2380 = ORIENTED_EDGE ( 'NONE', *, *, #3447, .T. ) ;
#2381 = ADVANCED_FACE ( 'NONE', ( #5934 ), #5933, .F. ) ;
#2382 = EDGE_LOOP ( 'NONE', ( #2383, #2384, #2385, #2386 ) ) ;
#2383 = ORIENTED_EDGE ( 'NONE', *, *, #35, .T. ) ;
#2384 = ORIENTED_EDGE ( 'NONE', *, *, #2394, .F. ) ;
#2385 = ORIENTED_EDGE ( 'NONE', *, *, #3390, .T. ) ;
#2386 = ORIENTED_EDGE ( 'NONE', *, *, #4086, .T. ) ;
#2387 = EDGE_LOOP ( 'NONE', ( #2467, #2468, #2469, #2471 ) ) ;
#2388 = ADVANCED_FACE ( 'NONE', ( #5928 ), #5927, .F. ) ;
#2389 = ORIENTED_EDGE ( 'NONE', *, *, #2616, .F. ) ;
#2390 = ORIENTED_EDGE ( 'NONE', *, *, #10270, .T. ) ;
#2391 = ADVANCED_FACE ( 'NONE', ( #5922 ), #5986, .F. ) ;
#2392 = ORIENTED_EDGE ( 'NONE', *, *, #3961, .T. ) ;
#2393 = EDGE_LOOP ( 'NONE', ( #2398, #2399, #2395, #2397 ) ) ;
#2394 = EDGE_CURVE ( 'NONE', #3403, #37, #5981, .T. ) ;
#2395 = ORIENTED_EDGE ( 'NONE', *, *, #2396, .T. ) ;
#2396 = EDGE_CURVE ( 'NONE', #2487, #4042, #5977, .T. ) ;
#2397 = ORIENTED_EDGE ( 'NONE', *, *, #4025, .T. ) ;
#2398 = ORIENTED_EDGE ( 'NONE', *, *, #4265, .T. ) ;
#2399 = ORIENTED_EDGE ( 'NONE', *, *, #2489, .F. ) ;
#2400 = EDGE_LOOP ( 'NONE', ( #2457, #2458, #2459, #2461 ) ) ;
#2401 = EDGE_CURVE ( 'NONE', #2454, #3395, #5973, .T. ) ;
#2402 = ORIENTED_EDGE ( 'NONE', *, *, #3394, .T. ) ;
#2403 = ORIENTED_EDGE ( 'NONE', *, *, #2394, .T. ) ;
#2404 = VERTEX_POINT ( 'NONE', #5968 ) ;
#2405 = ORIENTED_EDGE ( 'NONE', *, *, #2406, .T. ) ;
#2406 = EDGE_CURVE ( 'NONE', #2404, #2407, #5967, .T. ) ;
#2407 = VERTEX_POINT ( 'NONE', #5963 ) ;
#2408 = ORIENTED_EDGE ( 'NONE', *, *, #2409, .F. ) ;
#2409 = EDGE_CURVE ( 'NONE', #2758, #2643, #5962, .T. ) ;
#2410 = ORIENTED_EDGE ( 'NONE', *, *, #2411, .T. ) ;
#2411 = EDGE_CURVE ( 'NONE', #2758, #2412, #5958, .T. ) ;
#2412 = VERTEX_POINT ( 'NONE', #5954 ) ;
#2413 = ORIENTED_EDGE ( 'NONE', *, *, #2414, .F. ) ;
#2414 = EDGE_CURVE ( 'NONE', #2824, #2412, #6018, .T. ) ;
#2415 = ORIENTED_EDGE ( 'NONE', *, *, #2645, .F. ) ;
#2416 = ADVANCED_FACE ( 'NONE', ( #6014 ), #6013, .T. ) ;
#2417 = EDGE_LOOP ( 'NONE', ( #2418, #2421, #2784, #2787 ) ) ;
#2418 = ORIENTED_EDGE ( 'NONE', *, *, #2419, .F. ) ;
#2419 = EDGE_CURVE ( 'NONE', #2532, #2420, #6008, .T. ) ;
#2420 = VERTEX_POINT ( 'NONE', #6004 ) ;
#2421 = ORIENTED_EDGE ( 'NONE', *, *, #2531, .T. ) ;
#2422 = ORIENTED_EDGE ( 'NONE', *, *, #2423, .F. ) ;
#2423 = EDGE_CURVE ( 'NONE', #2424, #2786, #6003, .T. ) ;
#2424 = VERTEX_POINT ( 'NONE', #5999 ) ;
#2425 = ORIENTED_EDGE ( 'NONE', *, *, #2426, .F. ) ;
#2426 = EDGE_CURVE ( 'NONE', #2623, #2424, #5998, .T. ) ;
#2427 = ADVANCED_FACE ( 'NONE', ( #5994 ), #5992, .T. ) ;
#2428 = EDGE_LOOP ( 'NONE', ( #2429, #2431, #2432, #2772 ) ) ;
#2429 = ORIENTED_EDGE ( 'NONE', *, *, #2430, .F. ) ;
#2430 = EDGE_CURVE ( 'NONE', #2623, #2758, #5987, .T. ) ;
#2431 = ORIENTED_EDGE ( 'NONE', *, *, #2426, .T. ) ;
#2432 = ORIENTED_EDGE ( 'NONE', *, *, #2433, .F. ) ;
#2433 = EDGE_CURVE ( 'NONE', #2412, #2424, #6046, .T. ) ;
#2434 = EDGE_LOOP ( 'NONE', ( #2774, #2775, #2776, #2777, #2778, #2779 ) ) ;
#2435 = ORIENTED_EDGE ( 'NONE', *, *, #2436, .T. ) ;
#2436 = EDGE_CURVE ( 'NONE', #2407, #2437, #6042, .T. ) ;
#2437 = VERTEX_POINT ( 'NONE', #6038 ) ;
#2438 = ORIENTED_EDGE ( 'NONE', *, *, #2439, .F. ) ;
#2439 = EDGE_CURVE ( 'NONE', #2756, #2437, #6037, .T. ) ;
#2440 = ADVANCED_FACE ( 'NONE', ( #6033 ), #6032, .T. ) ;
#2441 = EDGE_LOOP ( 'NONE', ( #2442, #2444, #2445, #2447 ) ) ;
#2442 = ORIENTED_EDGE ( 'NONE', *, *, #2443, .T. ) ;
#2443 = EDGE_CURVE ( 'NONE', #2404, #2544, #6027, .T. ) ;
#2444 = ORIENTED_EDGE ( 'NONE', *, *, #2583, .F. ) ;
#2445 = ORIENTED_EDGE ( 'NONE', *, *, #2446, .T. ) ;
#2446 = EDGE_CURVE ( 'NONE', #2572, #2407, #6023, .T. ) ;
#2447 = ORIENTED_EDGE ( 'NONE', *, *, #2406, .F. ) ;
#2448 = ORIENTED_EDGE ( 'NONE', *, *, #3968, .T. ) ;
#2449 = ADVANCED_FACE ( 'NONE', ( #6019 ), #6082, .F. ) ;
#2450 = EDGE_LOOP ( 'NONE', ( #2451, #2452, #2455, #2402, #2403 ) ) ;
#2451 = ORIENTED_EDGE ( 'NONE', *, *, #2656, .T. ) ;
#2452 = ORIENTED_EDGE ( 'NONE', *, *, #2453, .T. ) ;
#2453 = EDGE_CURVE ( 'NONE', #10133, #2454, #6077, .T. ) ;
#2454 = VERTEX_POINT ( 'NONE', #6073 ) ;
#2455 = ORIENTED_EDGE ( 'NONE', *, *, #2401, .T. ) ;
#2456 = ADVANCED_FACE ( 'NONE', ( #6072 ), #6071, .F. ) ;
#2457 = ORIENTED_EDGE ( 'NONE', *, *, #4259, .T. ) ;
#2458 = ORIENTED_EDGE ( 'NONE', *, *, #4030, .T. ) ;
#2459 = ORIENTED_EDGE ( 'NONE', *, *, #2460, .F. ) ;
#2460 = EDGE_CURVE ( 'NONE', #2495, #4028, #6066, .T. ) ;
#2461 = ORIENTED_EDGE ( 'NONE', *, *, #2494, .F. ) ;
#2462 = ADVANCED_FACE ( 'NONE', ( #6062 ), #6060, .F. ) ;
#2463 = EDGE_LOOP ( 'NONE', ( #2464, #2465, #2466, #2605 ) ) ;
#2464 = ORIENTED_EDGE ( 'NONE', *, *, #2460, .T. ) ;
#2465 = ORIENTED_EDGE ( 'NONE', *, *, #4027, .T. ) ;
#2466 = ORIENTED_EDGE ( 'NONE', *, *, #2396, .F. ) ;
#2467 = ORIENTED_EDGE ( 'NONE', *, *, #2654, .T. ) ;
#2468 = ORIENTED_EDGE ( 'NONE', *, *, #4017, .T. ) ;
#2469 = ORIENTED_EDGE ( 'NONE', *, *, #2470, .F. ) ;
#2470 = EDGE_CURVE ( 'NONE', #2454, #4099, #6061, .T. ) ;
#2471 = ORIENTED_EDGE ( 'NONE', *, *, #2453, .F. ) ;
#2472 = ADVANCED_FACE ( 'NONE', ( #6052 ), #6049, .F. ) ;
#2473 = EDGE_LOOP ( 'NONE', ( #2474, #2475, #2476, #2192 ) ) ;
#2474 = ORIENTED_EDGE ( 'NONE', *, *, #3387, .F. ) ;
#2475 = ORIENTED_EDGE ( 'NONE', *, *, #2401, .F. ) ;
#2476 = ORIENTED_EDGE ( 'NONE', *, *, #2470, .T. ) ;
#2477 = EDGE_LOOP ( 'NONE', ( #2482, #2483, #2484, #2485 ) ) ;
#2478 = ORIENTED_EDGE ( 'NONE', *, *, #2479, .F. ) ;
#2479 = EDGE_CURVE ( 'NONE', #5108, #4047, #6114, .T. ) ;
#2480 = ORIENTED_EDGE ( 'NONE', *, *, #5107, .F. ) ;
#2481 = ADVANCED_FACE ( 'NONE', ( #6110 ), #6108, .F. ) ;
#2482 = ORIENTED_EDGE ( 'NONE', *, *, #2479, .T. ) ;
#2483 = ORIENTED_EDGE ( 'NONE', *, *, #4046, .T. ) ;
#2484 = ORIENTED_EDGE ( 'NONE', *, *, #5016, .F. ) ;
#2485 = ORIENTED_EDGE ( 'NONE', *, *, #5110, .F. ) ;
#2486 = EDGE_CURVE ( 'NONE', #2495, #2487, #6103, .T. ) ;
#2487 = VERTEX_POINT ( 'NONE', #6099 ) ;
#2488 = ORIENTED_EDGE ( 'NONE', *, *, #2489, .T. ) ;
#2489 = EDGE_CURVE ( 'NONE', #2487, #4263, #6098, .T. ) ;
#2490 = ADVANCED_FACE ( 'NONE', ( #6094 ), #6093, .F. ) ;
#2491 = EDGE_LOOP ( 'NONE', ( #2492, #2493, #2496, #2488 ) ) ;
#2492 = ORIENTED_EDGE ( 'NONE', *, *, #4262, .T. ) ;
#2493 = ORIENTED_EDGE ( 'NONE', *, *, #2494, .T. ) ;
#2494 = EDGE_CURVE ( 'NONE', #4260, #2495, #6088, .T. ) ;
#2495 = VERTEX_POINT ( 'NONE', #6084 ) ;
#2496 = ORIENTED_EDGE ( 'NONE', *, *, #2486, .T. ) ;
#2497 = ORIENTED_EDGE ( 'NONE', *, *, #3178, .T. ) ;
#2498 = ORIENTED_EDGE ( 'NONE', *, *, #3410, .F. ) ;
#2499 = ORIENTED_EDGE ( 'NONE', *, *, #5439, .T. ) ;
#2500 = ADVANCED_FACE ( 'NONE', ( #6083 ), #6145, .F. ) ;
#2501 = ORIENTED_EDGE ( 'NONE', *, *, #4498, .T. ) ;
#2502 = ORIENTED_EDGE ( 'NONE', *, *, #3126, .T. ) ;
#2503 = ORIENTED_EDGE ( 'NONE', *, *, #4285, .T. ) ;
#2504 = ORIENTED_EDGE ( 'NONE', *, *, #5432, .F. ) ;
#2505 = ORIENTED_EDGE ( 'NONE', *, *, #5513, .F. ) ;
#2506 = EDGE_LOOP ( 'NONE', ( #2501, #2502, #3133, #3234 ) ) ;
#2507 = ORIENTED_EDGE ( 'NONE', *, *, #2550, .T. ) ;
#2508 = ADVANCED_FACE ( 'NONE', ( #6140 ), #6139, .T. ) ;
#2509 = EDGE_LOOP ( 'NONE', ( #2510, #2513, #2597, #2594 ) ) ;
#2510 = ORIENTED_EDGE ( 'NONE', *, *, #2511, .F. ) ;
#2511 = EDGE_CURVE ( 'NONE', #2512, #2558, #6134, .T. ) ;
#2512 = VERTEX_POINT ( 'NONE', #6130 ) ;
#2513 = ORIENTED_EDGE ( 'NONE', *, *, #2514, .F. ) ;
#2514 = EDGE_CURVE ( 'NONE', #2541, #2512, #6129, .T. ) ;
#2515 = VERTEX_POINT ( 'NONE', #6125 ) ;
#2516 = EDGE_CURVE ( 'NONE', #2544, #2517, #6124, .T. ) ;
#2517 = VERTEX_POINT ( 'NONE', #6120 ) ;
#2518 = ORIENTED_EDGE ( 'NONE', *, *, #2574, .T. ) ;
#2519 = EDGE_CURVE ( 'NONE', #2520, #2572, #6119, .T. ) ;
#2520 = VERTEX_POINT ( 'NONE', #6115 ) ;
#2521 = ORIENTED_EDGE ( 'NONE', *, *, #2522, .F. ) ;
#2522 = EDGE_CURVE ( 'NONE', #2523, #2520, #6176, .T. ) ;
#2523 = VERTEX_POINT ( 'NONE', #6172 ) ;
#2524 = ORIENTED_EDGE ( 'NONE', *, *, #2525, .F. ) ;
#2525 = EDGE_CURVE ( 'NONE', #2526, #2523, #6171, .T. ) ;
#2526 = VERTEX_POINT ( 'NONE', #6167 ) ;
#2527 = ORIENTED_EDGE ( 'NONE', *, *, #2528, .F. ) ;
#2528 = EDGE_CURVE ( 'NONE', #2529, #2526, #6166, .T. ) ;
#2529 = VERTEX_POINT ( 'NONE', #6162 ) ;
#2530 = ORIENTED_EDGE ( 'NONE', *, *, #2531, .F. ) ;
#2531 = EDGE_CURVE ( 'NONE', #2532, #2529, #6161, .T. ) ;
#2532 = VERTEX_POINT ( 'NONE', #6157 ) ;
#2533 = ORIENTED_EDGE ( 'NONE', *, *, #2534, .F. ) ;
#2534 = EDGE_CURVE ( 'NONE', #2535, #2532, #6156, .T. ) ;
#2535 = VERTEX_POINT ( 'NONE', #6152 ) ;
#2536 = ORIENTED_EDGE ( 'NONE', *, *, #2537, .F. ) ;
#2537 = EDGE_CURVE ( 'NONE', #2538, #2535, #6151, .T. ) ;
#2538 = VERTEX_POINT ( 'NONE', #6147 ) ;
#2539 = ORIENTED_EDGE ( 'NONE', *, *, #2540, .F. ) ;
#2540 = EDGE_CURVE ( 'NONE', #2541, #2538, #6146, .T. ) ;
#2541 = VERTEX_POINT ( 'NONE', #6206 ) ;
#2542 = ORIENTED_EDGE ( 'NONE', *, *, #2543, .F. ) ;
#2543 = EDGE_CURVE ( 'NONE', #2544, #2541, #6205, .T. ) ;
#2544 = VERTEX_POINT ( 'NONE', #6201 ) ;
#2545 = ORIENTED_EDGE ( 'NONE', *, *, #2516, .T. ) ;
#2546 = ORIENTED_EDGE ( 'NONE', *, *, #2547, .F. ) ;
#2547 = EDGE_CURVE ( 'NONE', #2577, #2548, #6200, .T. ) ;
#2548 = VERTEX_POINT ( 'NONE', #6196 ) ;
#2549 = ORIENTED_EDGE ( 'NONE', *, *, #2550, .F. ) ;
#2550 = EDGE_CURVE ( 'NONE', #2523, #2577, #6195, .T. ) ;
#2551 = ORIENTED_EDGE ( 'NONE', *, *, #2522, .T. ) ;
#2552 = ORIENTED_EDGE ( 'NONE', *, *, #2553, .T. ) ;
#2553 = EDGE_CURVE ( 'NONE', #2520, #2548, #6191, .T. ) ;
#2554 = ADVANCED_FACE ( 'NONE', ( #6187 ), #6186, .T. ) ;
#2555 = EDGE_LOOP ( 'NONE', ( #2556, #2559, #2561, #2562, #2564, #2507 ) ) ;
#2556 = ORIENTED_EDGE ( 'NONE', *, *, #2557, .F. ) ;
#2557 = EDGE_CURVE ( 'NONE', #2558, #2577, #6181, .T. ) ;
#2558 = VERTEX_POINT ( 'NONE', #6177 ) ;
#2559 = ORIENTED_EDGE ( 'NONE', *, *, #2560, .F. ) ;
#2560 = EDGE_CURVE ( 'NONE', #2538, #2558, #6241, .T. ) ;
#2561 = ORIENTED_EDGE ( 'NONE', *, *, #2537, .T. ) ;
#2562 = ORIENTED_EDGE ( 'NONE', *, *, #2563, .T. ) ;
#2563 = EDGE_CURVE ( 'NONE', #2535, #2526, #6237, .T. ) ;
#2564 = ORIENTED_EDGE ( 'NONE', *, *, #2525, .T. ) ;
#2565 = EDGE_LOOP ( 'NONE', ( #2626, #2629, #2632, #2634 ) ) ;
#2566 = MANIFOLD_SOLID_BREP ( 'NONE', #2747 ) ;
#2567 = ADVANCED_FACE ( 'NONE', ( #6233 ), #6232, .F. ) ;
#2568 = EDGE_LOOP ( 'NONE', ( #2569, #2573, #2521, #2524, #2527, #2530, #2533, #2536, #2539, #2542, #2545, #2518 ) ) ;
#2569 = ORIENTED_EDGE ( 'NONE', *, *, #2570, .T. ) ;
#2570 = EDGE_CURVE ( 'NONE', #2571, #2572, #6227, .T. ) ;
#2571 = VERTEX_POINT ( 'NONE', #6223 ) ;
#2572 = VERTEX_POINT ( 'NONE', #6222 ) ;
#2573 = ORIENTED_EDGE ( 'NONE', *, *, #2519, .F. ) ;
#2574 = EDGE_CURVE ( 'NONE', #2517, #2571, #6221, .T. ) ;
#2575 = ADVANCED_FACE ( 'NONE', ( #6217 ), #6216, .T. ) ;
#2576 = EDGE_LOOP ( 'NONE', ( #2546, #2549, #2551, #2552 ) ) ;
#2577 = VERTEX_POINT ( 'NONE', #6211 ) ;
#2578 = ORIENTED_EDGE ( 'NONE', *, *, #2514, .T. ) ;
#2579 = ADVANCED_FACE ( 'NONE', ( #6210 ), #6271, .T. ) ;
#2580 = ORIENTED_EDGE ( 'NONE', *, *, #2553, .F. ) ;
#2581 = ORIENTED_EDGE ( 'NONE', *, *, #2543, .T. ) ;
#2582 = ORIENTED_EDGE ( 'NONE', *, *, #2519, .T. ) ;
#2583 = EDGE_CURVE ( 'NONE', #2572, #2544, #6272, .T. ) ;
#2584 = EDGE_LOOP ( 'NONE', ( #2585, #2586, #2587, #2588 ) ) ;
#2585 = ORIENTED_EDGE ( 'NONE', *, *, #2547, .T. ) ;
#2586 = ORIENTED_EDGE ( 'NONE', *, *, #2592, .T. ) ;
#2587 = ORIENTED_EDGE ( 'NONE', *, *, #2511, .T. ) ;
#2588 = ORIENTED_EDGE ( 'NONE', *, *, #2557, .T. ) ;
#2589 = ORIENTED_EDGE ( 'NONE', *, *, #2583, .T. ) ;
#2590 = ADVANCED_FACE ( 'NONE', ( #6263 ), #6262, .T. ) ;
#2591 = EDGE_LOOP ( 'NONE', ( #2593, #2580, #2582, #2589, #2581, #2578 ) ) ;
#2592 = EDGE_CURVE ( 'NONE', #2548, #2512, #6257, .T. ) ;
#2593 = ORIENTED_EDGE ( 'NONE', *, *, #2592, .F. ) ;
#2594 = ORIENTED_EDGE ( 'NONE', *, *, #2560, .T. ) ;
#2595 = VERTEX_POINT ( 'NONE', #6253 ) ;
#2596 = VERTEX_POINT ( 'NONE', #6252 ) ;
#2597 = ORIENTED_EDGE ( 'NONE', *, *, #2540, .T. ) ;
#2598 = ORIENTED_EDGE ( 'NONE', *, *, #2858, .F. ) ;
#2599 = ORIENTED_EDGE ( 'NONE', *, *, #4807, .F. ) ;
#2600 = ORIENTED_EDGE ( 'NONE', *, *, #3190, .F. ) ;
#2601 = ORIENTED_EDGE ( 'NONE', *, *, #4758, .F. ) ;
#2602 = CLOSED_SHELL ( 'NONE', ( #2749, #10180, #10159, #10146, #2179, #10463, #25, #10179, #3285, #10465, #3262, #10363, #3250, #10453, #19, #4, #3322, #3342, #3318, #3366, #3305, #3332, #3391, #3448, #3498, #3428, #3557, #3475, #3541, #3551, #3535, #3503, #3511, #3577, #3529, #3465, #3641, #3584, #3598, #3613, #3649, #3662, #3644, #3699, #3781, #3739, #3745, #3766, #3773, #3754, #3713, #3820, #3827, #3729, #3842, #3813, #3805, #3858, #3908, #3880, #3891, #4252, #4510, #4552, #4644, #4572, #4689, #4612, #4528, #4540, #4576, #4583, #4619, #4589, #4597, #4638, #4690, #4751, #4767, #4704, #4710, #4666, #4653, #4785, #4777, #4736, #4796, #4840, #4822, #4809, #4803, #4789, #4745, #4849, #4876, #4882, #4865, #4871, #4856, #4918, #4909, #4889, #4953, #4960, #4942, #4948, #4906, #4982, #5034, #4934, #4978, #5005, #5036, #5041, #5027, #4990, #4997, #5120, #5058, #5064, #5011, #5090, #5101, #5068, #5075, #5103, #5114, #5018, #2481, #2490, #2603, #2456, #2462, #2606, #2391, #2373, #2619, #2449, #2381, #2388, #2472, #2184, #2207, #2246, #2194, #2190, #2260, #2241, #2201, #2249, #2297, #2292, #2276, #2271, #2350, #2311, #2317, #2326, #2362, #2289, #2256, #2333, #2304, #2316, #2352, #2344, #5127, #5232, #5162, #5179, #5144, #5150, #5135, #5141, #5169, #5187, #5194, #5084, #5246, #5270, #5213, #5252, #5210, #5314, #5242, #5259, #5222, #5228, #5304, #5310, #5291, #5335, #5379, #5385, #5328, #5323, #5316, #5343, #5278, #5283, #5467, #5407, #5401, #5454, #5461, #5412, #5442, #5448, #5392, #5364, #5353, #5359, #5525, #5531, #5473, #5534, #5539, #5479, #5498, #5505, #5488, #5566, #5517, #5434, #5441, #2500, #3221, #3210, #3214, #3205, #3235, #3224, #3079, #3116, #3088, #3104, #2977, #3059, #3095, #3102, #2974, #3115, #3040, #3039, #3034, #3022, #3027, #3011, #3001, #2996, #2992, #2986, #3142, #3140, #3143, #3199, #3129, #3197, #3189, #3174, #3173 ) ) ;
#2603 = ADVANCED_FACE ( 'NONE', ( #6251 ), #6250, .F. ) ;
#2604 = EDGE_LOOP ( 'NONE', ( #2499, #2503, #2504, #2505 ) ) ;
#2605 = ORIENTED_EDGE ( 'NONE', *, *, #2486, .F. ) ;
#2606 = ADVANCED_FACE ( 'NONE', ( #6245 ), #6244, .F. ) ;
#2607 = EDGE_LOOP ( 'NONE', ( #2608, #2609, #2612, #2614, #2615 ) ) ;
#2608 = ORIENTED_EDGE ( 'NONE', *, *, #10350, .T. ) ;
#2609 = ORIENTED_EDGE ( 'NONE', *, *, #2610, .T. ) ;
#2610 = EDGE_CURVE ( 'NONE', #10348, #2611, #6302, .T. ) ;
#2611 = VERTEX_POINT ( 'NONE', #6298 ) ;
#2612 = ORIENTED_EDGE ( 'NONE', *, *, #2613, .T. ) ;
#2613 = EDGE_CURVE ( 'NONE', #2611, #3457, #6297, .T. ) ;
#2614 = ORIENTED_EDGE ( 'NONE', *, *, #3456, .T. ) ;
#2615 = ORIENTED_EDGE ( 'NONE', *, *, #2616, .T. ) ;
#2616 = EDGE_CURVE ( 'NONE', #3437, #10181, #6292, .T. ) ;
#2617 = EDGE_LOOP ( 'NONE', ( #2390, #2389, #2380, #2392 ) ) ;
#2618 = ORIENTED_EDGE ( 'NONE', *, *, #2610, .F. ) ;
#2619 = ADVANCED_FACE ( 'NONE', ( #6288 ), #6287, .F. ) ;
#2620 = ORIENTED_EDGE ( 'NONE', *, *, #3439, .F. ) ;
#2621 = ORIENTED_EDGE ( 'NONE', *, *, #2613, .F. ) ;
#2622 = ORIENTED_EDGE ( 'NONE', *, *, #2372, .T. ) ;
#2623 = VERTEX_POINT ( 'NONE', #6282 ) ;
#2624 = ORIENTED_EDGE ( 'NONE', *, *, #2788, .T. ) ;
#2625 = ADVANCED_FACE ( 'NONE', ( #6281 ), #6280, .T. ) ;
#2626 = ORIENTED_EDGE ( 'NONE', *, *, #2627, .T. ) ;
#2627 = EDGE_CURVE ( 'NONE', #2517, #2628, #6275, .T. ) ;
#2628 = VERTEX_POINT ( 'NONE', #6338 ) ;
#2629 = ORIENTED_EDGE ( 'NONE', *, *, #2630, .T. ) ;
#2630 = EDGE_CURVE ( 'NONE', #2628, #2631, #6337, .T. ) ;
#2631 = VERTEX_POINT ( 'NONE', #6333 ) ;
#2632 = ORIENTED_EDGE ( 'NONE', *, *, #2633, .T. ) ;
#2633 = EDGE_CURVE ( 'NONE', #2631, #2571, #6332, .T. ) ;
#2634 = ORIENTED_EDGE ( 'NONE', *, *, #2574, .F. ) ;
#2635 = ADVANCED_FACE ( 'NONE', ( #6328 ), #6327, .T. ) ;
#2636 = EDGE_LOOP ( 'NONE', ( #2637, #2720, #2736, #2804 ) ) ;
#2637 = ORIENTED_EDGE ( 'NONE', *, *, #2802, .T. ) ;
#2638 = ADVANCED_FACE ( 'NONE', ( #6322 ), #6321, .T. ) ;
#2639 = EDGE_LOOP ( 'NONE', ( #2640, #2641, #2644, #2825 ) ) ;
#2640 = ORIENTED_EDGE ( 'NONE', *, *, #2563, .F. ) ;
#2641 = ORIENTED_EDGE ( 'NONE', *, *, #2642, .F. ) ;
#2642 = EDGE_CURVE ( 'NONE', #2643, #2535, #6316, .T. ) ;
#2643 = VERTEX_POINT ( 'NONE', #6312 ) ;
#2644 = ORIENTED_EDGE ( 'NONE', *, *, #2645, .T. ) ;
#2645 = EDGE_CURVE ( 'NONE', #2643, #2824, #6311, .T. ) ;
#2646 = ORIENTED_EDGE ( 'NONE', *, *, #2430, .T. ) ;
#2647 = ADVANCED_FACE ( 'NONE', ( #6368 ), #6367, .T. ) ;
#2648 = ORIENTED_EDGE ( 'NONE', *, *, #2649, .T. ) ;
#2649 = EDGE_CURVE ( 'NONE', #3241, #2650, #6362, .T. ) ;
#2650 = VERTEX_POINT ( 'NONE', #6358 ) ;
#2651 = ORIENTED_EDGE ( 'NONE', *, *, #2652, .T. ) ;
#2652 = EDGE_CURVE ( 'NONE', #2650, #2653, #6357, .T. ) ;
#2653 = VERTEX_POINT ( 'NONE', #6352 ) ;
#2654 = EDGE_CURVE ( 'NONE', #10133, #2963, #6351, .T. ) ;
#2655 = ORIENTED_EDGE ( 'NONE', *, *, #2656, .F. ) ;
#2656 = EDGE_CURVE ( 'NONE', #37, #10133, #6350, .T. ) ;
#2657 = EDGE_CURVE ( 'NONE', #2216, #2658, #6396, .T. ) ;
#2658 = VERTEX_POINT ( 'NONE', #6392 ) ;
#2659 = ORIENTED_EDGE ( 'NONE', *, *, #2660, .T. ) ;
#2660 = EDGE_CURVE ( 'NONE', #2216, #2661, #6391, .T. ) ;
#2661 = VERTEX_POINT ( 'NONE', #6387 ) ;
#2662 = ORIENTED_EDGE ( 'NONE', *, *, #2663, .T. ) ;
#2663 = EDGE_CURVE ( 'NONE', #2661, #2664, #6386, .T. ) ;
#2664 = VERTEX_POINT ( 'NONE', #6381 ) ;
#2665 = VERTEX_POINT ( 'NONE', #6380 ) ;
#2666 = EDGE_CURVE ( 'NONE', #2913, #2877, #6379, .T. ) ;
#2667 = ORIENTED_EDGE ( 'NONE', *, *, #2678, .F. ) ;
#2668 = VERTEX_POINT ( 'NONE', #6374 ) ;
#2669 = EDGE_CURVE ( 'NONE', #2670, #2692, #6373, .T. ) ;
#2670 = VERTEX_POINT ( 'NONE', #6425 ) ;
#2671 = EDGE_CURVE ( 'NONE', #2896, #2894, #6424, .T. ) ;
#2672 = ORIENTED_EDGE ( 'NONE', *, *, #2673, .T. ) ;
#2673 = EDGE_CURVE ( 'NONE', #2896, #2674, #6414, .T. ) ;
#2674 = VERTEX_POINT ( 'NONE', #6410 ) ;
#2675 = ORIENTED_EDGE ( 'NONE', *, *, #2676, .F. ) ;
#2676 = EDGE_CURVE ( 'NONE', #2677, #2674, #6408, .T. ) ;
#2677 = VERTEX_POINT ( 'NONE', #6409 ) ;
#2678 = EDGE_CURVE ( 'NONE', #2668, #2877, #6453, .T. ) ;
#2679 = ORIENTED_EDGE ( 'NONE', *, *, #2680, .F. ) ;
#2680 = EDGE_CURVE ( 'NONE', #2681, #2668, #6443, .T. ) ;
#2681 = VERTEX_POINT ( 'NONE', #6439 ) ;
#2682 = ORIENTED_EDGE ( 'NONE', *, *, #2683, .F. ) ;
#2683 = EDGE_CURVE ( 'NONE', #2684, #2681, #6436, .T. ) ;
#2684 = VERTEX_POINT ( 'NONE', #6438 ) ;
#2685 = ORIENTED_EDGE ( 'NONE', *, *, #2686, .T. ) ;
#2686 = EDGE_CURVE ( 'NONE', #2684, #2687, #6427, .T. ) ;
#2687 = VERTEX_POINT ( 'NONE', #6479 ) ;
#2688 = ORIENTED_EDGE ( 'NONE', *, *, #2689, .F. ) ;
#2689 = EDGE_CURVE ( 'NONE', #2690, #2687, #6477, .T. ) ;
#2690 = VERTEX_POINT ( 'NONE', #6476 ) ;
#2691 = VERTEX_POINT ( 'NONE', #6478 ) ;
#2692 = VERTEX_POINT ( 'NONE', #6475 ) ;
#2693 = ORIENTED_EDGE ( 'NONE', *, *, #2694, .T. ) ;
#2694 = EDGE_CURVE ( 'NONE', #2816, #2695, #6466, .T. ) ;
#2695 = VERTEX_POINT ( 'NONE', #6461 ) ;
#2696 = ORIENTED_EDGE ( 'NONE', *, *, #2697, .F. ) ;
#2697 = EDGE_CURVE ( 'NONE', #2698, #2695, #6459, .T. ) ;
#2698 = VERTEX_POINT ( 'NONE', #6458 ) ;
#2699 = ORIENTED_EDGE ( 'NONE', *, *, #2700, .F. ) ;
#2700 = EDGE_CURVE ( 'NONE', #2701, #2698, #6457, .T. ) ;
#2701 = VERTEX_POINT ( 'NONE', #6500 ) ;
#2702 = ORIENTED_EDGE ( 'NONE', *, *, #2703, .F. ) ;
#2703 = EDGE_CURVE ( 'NONE', #2704, #2701, #6499, .T. ) ;
#2704 = VERTEX_POINT ( 'NONE', #6498 ) ;
#2705 = ORIENTED_EDGE ( 'NONE', *, *, #2706, .T. ) ;
#2706 = EDGE_CURVE ( 'NONE', #2704, #2707, #6497, .T. ) ;
#2707 = VERTEX_POINT ( 'NONE', #6484 ) ;
#2708 = ORIENTED_EDGE ( 'NONE', *, *, #2709, .F. ) ;
#2709 = EDGE_CURVE ( 'NONE', #2710, #2727, #6483, .T. ) ;
#2710 = VERTEX_POINT ( 'NONE', #6482 ) ;
#2711 = ORIENTED_EDGE ( 'NONE', *, *, #2712, .T. ) ;
#2712 = EDGE_CURVE ( 'NONE', #2710, #2793, #6540, .T. ) ;
#2713 = EDGE_CURVE ( 'NONE', #2714, #2822, #6526, .T. ) ;
#2714 = VERTEX_POINT ( 'NONE', #6525 ) ;
#2715 = VERTEX_POINT ( 'NONE', #6527 ) ;
#2716 = EDGE_CURVE ( 'NONE', #2715, #2756, #6516, .T. ) ;
#2717 = ORIENTED_EDGE ( 'NONE', *, *, #2439, .T. ) ;
#2718 = ORIENTED_EDGE ( 'NONE', *, *, #2728, .T. ) ;
#2719 = VERTEX_POINT ( 'NONE', #6512 ) ;
#2720 = ORIENTED_EDGE ( 'NONE', *, *, #2721, .T. ) ;
#2721 = EDGE_CURVE ( 'NONE', #2715, #2719, #6511, .T. ) ;
#2722 = ORIENTED_EDGE ( 'NONE', *, *, #2723, .F. ) ;
#2723 = EDGE_CURVE ( 'NONE', #2724, #2707, #6571, .T. ) ;
#2724 = VERTEX_POINT ( 'NONE', #6570 ) ;
#2725 = ORIENTED_EDGE ( 'NONE', *, *, #2726, .F. ) ;
#2726 = EDGE_CURVE ( 'NONE', #2727, #2724, #6569, .T. ) ;
#2727 = VERTEX_POINT ( 'NONE', #6560 ) ;
#2728 = EDGE_CURVE ( 'NONE', #2437, #2719, #6555, .T. ) ;
#2729 = ORIENTED_EDGE ( 'NONE', *, *, #2721, .F. ) ;
#2730 = ADVANCED_FACE ( 'NONE', ( #6551 ), #6550, .F. ) ;
#2731 = EDGE_LOOP ( 'NONE', ( #2732, #2765, #2766, #2767, #2768, #2769 ) ) ;
#2732 = ORIENTED_EDGE ( 'NONE', *, *, #2436, .F. ) ;
#2733 = ORIENTED_EDGE ( 'NONE', *, *, #2734, .T. ) ;
#2734 = EDGE_CURVE ( 'NONE', #2714, #2735, #6544, .T. ) ;
#2735 = VERTEX_POINT ( 'NONE', #6586 ) ;
#2736 = ORIENTED_EDGE ( 'NONE', *, *, #2803, .T. ) ;
#2737 = VERTEX_POINT ( 'NONE', #6585 ) ;
#2738 = ORIENTED_EDGE ( 'NONE', *, *, #2739, .T. ) ;
#2739 = EDGE_CURVE ( 'NONE', #2737, #2740, #6584, .T. ) ;
#2740 = VERTEX_POINT ( 'NONE', #6579 ) ;
#2741 = ORIENTED_EDGE ( 'NONE', *, *, #2755, .F. ) ;
#2742 = ORIENTED_EDGE ( 'NONE', *, *, #2716, .F. ) ;
#2743 = ORIENTED_EDGE ( 'NONE', *, *, #2802, .F. ) ;
#2744 = ORIENTED_EDGE ( 'NONE', *, *, #2627, .F. ) ;
#2745 = ORIENTED_EDGE ( 'NONE', *, *, #2516, .F. ) ;
#2746 = ORIENTED_EDGE ( 'NONE', *, *, #2443, .F. ) ;
#2747 = CLOSED_SHELL ( 'NONE', ( #2567, #2575, #2554, #2508, #2590, #2579, #2638, #2827, #2416, #2789, #2427, #2773, #2780, #2647, #2440, #2625, #2635, #2763, #2730, #2770 ) ) ;
#2748 = MANIFOLD_SOLID_BREP ( 'NONE', #2602 ) ;
#2749 = ADVANCED_FACE ( 'NONE', ( #6578 ), #6577, .T. ) ;
#2750 = EDGE_LOOP ( 'NONE', ( #2751, #2805, #2808, #2811, #2814, #2693, #2696, #2699, #2702, #2705, #2722, #2725, #2708, #2711, #2794, #2797, #2800, #2738, #2817, #2820, #2823, #2733, #2598, #2891, #2911, #2876, #2667, #2679, #2682, #2685, #2688, #2905, #2907, #2872, #2874, #2915, #2918, #2921, #2924, #2892, #2895, #2672, #2675, #2850, #2853, #2856, #2898, #2901, #2904, #2884, #2887, #2859, #2861, #2864, #2867, #2870, #2844, #2847, #2878, #2839, #2840, #2943, #2945, #2947, #2949, #2928, #2931, #2934, #2937, #2940, #2966, #2969, #2972, #2832, #2952, #2955, #2958, #2961, #2964, #2655, #36, #31, #26, #10349, #10182, #10268, #10282 ) ) ;
#2751 = ORIENTED_EDGE ( 'NONE', *, *, #2752, .F. ) ;
#2752 = EDGE_CURVE ( 'NONE', #2753, #2754, #6576, .T. ) ;
#2753 = VERTEX_POINT ( 'NONE', #6604 ) ;
#2754 = VERTEX_POINT ( 'NONE', #6603 ) ;
#2755 = EDGE_CURVE ( 'NONE', #2756, #2404, #6602, .T. ) ;
#2756 = VERTEX_POINT ( 'NONE', #6598 ) ;
#2757 = EDGE_LOOP ( 'NONE', ( #2408, #2410, #2413, #2415 ) ) ;
#2758 = VERTEX_POINT ( 'NONE', #6597 ) ;
#2759 = ORIENTED_EDGE ( 'NONE', *, *, #2534, .T. ) ;
#2760 = ORIENTED_EDGE ( 'NONE', *, *, #2419, .T. ) ;
#2761 = ORIENTED_EDGE ( 'NONE', *, *, #2792, .T. ) ;
#2762 = ORIENTED_EDGE ( 'NONE', *, *, #2716, .T. ) ;
#2763 = ADVANCED_FACE ( 'NONE', ( #6596 ), #6595, .T. ) ;
#2764 = EDGE_LOOP ( 'NONE', ( #2762, #2717, #2718, #2729 ) ) ;
#2765 = ORIENTED_EDGE ( 'NONE', *, *, #2446, .F. ) ;
#2766 = ORIENTED_EDGE ( 'NONE', *, *, #2570, .F. ) ;
#2767 = ORIENTED_EDGE ( 'NONE', *, *, #2633, .F. ) ;
#2768 = ORIENTED_EDGE ( 'NONE', *, *, #2803, .F. ) ;
#2769 = ORIENTED_EDGE ( 'NONE', *, *, #2728, .F. ) ;
#2770 = ADVANCED_FACE ( 'NONE', ( #6590 ), #6589, .F. ) ;
#2771 = EDGE_LOOP ( 'NONE', ( #2741, #2742, #2743, #2744, #2745, #2746 ) ) ;
#2772 = ORIENTED_EDGE ( 'NONE', *, *, #2411, .F. ) ;
#2773 = ADVANCED_FACE ( 'NONE', ( #6652 ), #6651, .F. ) ;
#2774 = ORIENTED_EDGE ( 'NONE', *, *, #2414, .T. ) ;
#2775 = ORIENTED_EDGE ( 'NONE', *, *, #2433, .T. ) ;
#2776 = ORIENTED_EDGE ( 'NONE', *, *, #2423, .T. ) ;
#2777 = ORIENTED_EDGE ( 'NONE', *, *, #2785, .T. ) ;
#2778 = ORIENTED_EDGE ( 'NONE', *, *, #2528, .T. ) ;
#2779 = ORIENTED_EDGE ( 'NONE', *, *, #2826, .T. ) ;
#2780 = ADVANCED_FACE ( 'NONE', ( #6646 ), #6645, .F. ) ;
#2781 = EDGE_LOOP ( 'NONE', ( #2782, #2783, #2759, #2760, #2761, #2646 ) ) ;
#2782 = ORIENTED_EDGE ( 'NONE', *, *, #2409, .T. ) ;
#2783 = ORIENTED_EDGE ( 'NONE', *, *, #2642, .T. ) ;
#2784 = ORIENTED_EDGE ( 'NONE', *, *, #2785, .F. ) ;
#2785 = EDGE_CURVE ( 'NONE', #2786, #2529, #6640, .T. ) ;
#2786 = VERTEX_POINT ( 'NONE', #6636 ) ;
#2787 = ORIENTED_EDGE ( 'NONE', *, *, #2788, .F. ) ;
#2788 = EDGE_CURVE ( 'NONE', #2420, #2786, #6635, .T. ) ;
#2789 = ADVANCED_FACE ( 'NONE', ( #6631 ), #6630, .T. ) ;
#2790 = EDGE_LOOP ( 'NONE', ( #2791, #2624, #2422, #2425 ) ) ;
#2791 = ORIENTED_EDGE ( 'NONE', *, *, #2792, .F. ) ;
#2792 = EDGE_CURVE ( 'NONE', #2420, #2623, #6625, .T. ) ;
#2793 = VERTEX_POINT ( 'NONE', #6682 ) ;
#2794 = ORIENTED_EDGE ( 'NONE', *, *, #2795, .F. ) ;
#2795 = EDGE_CURVE ( 'NONE', #2796, #2793, #6681, .T. ) ;
#2796 = VERTEX_POINT ( 'NONE', #6680 ) ;
#2797 = ORIENTED_EDGE ( 'NONE', *, *, #2798, .F. ) ;
#2798 = EDGE_CURVE ( 'NONE', #2799, #2796, #6679, .T. ) ;
#2799 = VERTEX_POINT ( 'NONE', #6666 ) ;
#2800 = ORIENTED_EDGE ( 'NONE', *, *, #2801, .F. ) ;
#2801 = EDGE_CURVE ( 'NONE', #2737, #2799, #6665, .T. ) ;
#2802 = EDGE_CURVE ( 'NONE', #2628, #2715, #6664, .T. ) ;
#2803 = EDGE_CURVE ( 'NONE', #2719, #2631, #6708, .T. ) ;
#2804 = ORIENTED_EDGE ( 'NONE', *, *, #2630, .F. ) ;
#2805 = ORIENTED_EDGE ( 'NONE', *, *, #2806, .T. ) ;
#2806 = EDGE_CURVE ( 'NONE', #2753, #2807, #6704, .T. ) ;
#2807 = VERTEX_POINT ( 'NONE', #6703 ) ;
#2808 = ORIENTED_EDGE ( 'NONE', *, *, #2809, .F. ) ;
#2809 = EDGE_CURVE ( 'NONE', #2810, #2807, #6697, .T. ) ;
#2810 = VERTEX_POINT ( 'NONE', #6696 ) ;
#2811 = ORIENTED_EDGE ( 'NONE', *, *, #2812, .F. ) ;
#2812 = EDGE_CURVE ( 'NONE', #2813, #2810, #6694, .T. ) ;
#2813 = VERTEX_POINT ( 'NONE', #6730 ) ;
#2814 = ORIENTED_EDGE ( 'NONE', *, *, #2815, .F. ) ;
#2815 = EDGE_CURVE ( 'NONE', #2816, #2813, #6729, .T. ) ;
#2816 = VERTEX_POINT ( 'NONE', #6728 ) ;
#2817 = ORIENTED_EDGE ( 'NONE', *, *, #2818, .F. ) ;
#2818 = EDGE_CURVE ( 'NONE', #2819, #2740, #6718, .T. ) ;
#2819 = VERTEX_POINT ( 'NONE', #6717 ) ;
#2820 = ORIENTED_EDGE ( 'NONE', *, *, #2821, .F. ) ;
#2821 = EDGE_CURVE ( 'NONE', #2822, #2819, #6716, .T. ) ;
#2822 = VERTEX_POINT ( 'NONE', #6766 ) ;
#2823 = ORIENTED_EDGE ( 'NONE', *, *, #2713, .F. ) ;
#2824 = VERTEX_POINT ( 'NONE', #6765 ) ;
#2825 = ORIENTED_EDGE ( 'NONE', *, *, #2826, .F. ) ;
#2826 = EDGE_CURVE ( 'NONE', #2526, #2824, #6764, .T. ) ;
#2827 = ADVANCED_FACE ( 'NONE', ( #6760 ), #6759, .T. ) ;
#2828 = EDGE_LOOP ( 'NONE', ( #2829, #2405, #2435, #2438 ) ) ;
#2829 = ORIENTED_EDGE ( 'NONE', *, *, #2755, .T. ) ;
#2830 = EDGE_CURVE ( 'NONE', #2831, #2971, #6753, .T. ) ;
#2831 = VERTEX_POINT ( 'NONE', #6752 ) ;
#2832 = ORIENTED_EDGE ( 'NONE', *, *, #2833, .T. ) ;
#2833 = EDGE_CURVE ( 'NONE', #2831, #2834, #6751, .T. ) ;
#2834 = VERTEX_POINT ( 'NONE', #6796 ) ;
#2835 = VERTEX_POINT ( 'NONE', #6795 ) ;
#2836 = EDGE_CURVE ( 'NONE', #2965, #2880, #6794, .T. ) ;
#2837 = EDGE_CURVE ( 'NONE', #2838, #2965, #6788, .T. ) ;
#2838 = VERTEX_POINT ( 'NONE', #6787 ) ;
#2839 = ORIENTED_EDGE ( 'NONE', *, *, #2836, .F. ) ;
#2840 = ORIENTED_EDGE ( 'NONE', *, *, #2837, .F. ) ;
#2841 = VERTEX_POINT ( 'NONE', #6789 ) ;
#2842 = VERTEX_POINT ( 'NONE', #6786 ) ;
#2843 = VERTEX_POINT ( 'NONE', #6785 ) ;
#2844 = ORIENTED_EDGE ( 'NONE', *, *, #2845, .F. ) ;
#2845 = EDGE_CURVE ( 'NONE', #2846, #2843, #6776, .T. ) ;
#2846 = VERTEX_POINT ( 'NONE', #6775 ) ;
#2847 = ORIENTED_EDGE ( 'NONE', *, *, #2848, .T. ) ;
#2848 = EDGE_CURVE ( 'NONE', #2846, #2849, #6774, .T. ) ;
#2849 = VERTEX_POINT ( 'NONE', #6822 ) ;
#2850 = ORIENTED_EDGE ( 'NONE', *, *, #2851, .F. ) ;
#2851 = EDGE_CURVE ( 'NONE', #2852, #2677, #6821, .T. ) ;
#2852 = VERTEX_POINT ( 'NONE', #6816 ) ;
#2853 = ORIENTED_EDGE ( 'NONE', *, *, #2854, .F. ) ;
#2854 = EDGE_CURVE ( 'NONE', #2855, #2852, #6813, .T. ) ;
#2855 = VERTEX_POINT ( 'NONE', #6815 ) ;
#2856 = ORIENTED_EDGE ( 'NONE', *, *, #2857, .T. ) ;
#2857 = EDGE_CURVE ( 'NONE', #2855, #2897, #6812, .T. ) ;
#2858 = EDGE_CURVE ( 'NONE', #2692, #2735, #6800, .T. ) ;
#2859 = ORIENTED_EDGE ( 'NONE', *, *, #2860, .F. ) ;
#2860 = EDGE_CURVE ( 'NONE', #2890, #2889, #6855, .T. ) ;
#2861 = ORIENTED_EDGE ( 'NONE', *, *, #2862, .F. ) ;
#2862 = EDGE_CURVE ( 'NONE', #2863, #2890, #6841, .T. ) ;
#2863 = VERTEX_POINT ( 'NONE', #6840 ) ;
#2864 = ORIENTED_EDGE ( 'NONE', *, *, #2865, .T. ) ;
#2865 = EDGE_CURVE ( 'NONE', #2863, #2866, #6839, .T. ) ;
#2866 = VERTEX_POINT ( 'NONE', #6827 ) ;
#2867 = ORIENTED_EDGE ( 'NONE', *, *, #2868, .F. ) ;
#2868 = EDGE_CURVE ( 'NONE', #2869, #2866, #6879, .T. ) ;
#2869 = VERTEX_POINT ( 'NONE', #6878 ) ;
#2870 = ORIENTED_EDGE ( 'NONE', *, *, #2871, .F. ) ;
#2871 = EDGE_CURVE ( 'NONE', #2843, #2869, #6877, .T. ) ;
#2872 = ORIENTED_EDGE ( 'NONE', *, *, #2873, .T. ) ;
#2873 = EDGE_CURVE ( 'NONE', #2909, #2910, #6864, .T. ) ;
#2874 = ORIENTED_EDGE ( 'NONE', *, *, #2914, .F. ) ;
#2875 = VERTEX_POINT ( 'NONE', #6859 ) ;
#2876 = ORIENTED_EDGE ( 'NONE', *, *, #2666, .T. ) ;
#2877 = VERTEX_POINT ( 'NONE', #6858 ) ;
#2878 = ORIENTED_EDGE ( 'NONE', *, *, #2879, .F. ) ;
#2879 = EDGE_CURVE ( 'NONE', #2880, #2849, #6857, .T. ) ;
#2880 = VERTEX_POINT ( 'NONE', #6856 ) ;
#2881 = ORIENTED_EDGE ( 'NONE', *, *, #3394, .F. ) ;
#2882 = EDGE_CURVE ( 'NONE', #2883, #2903, #6903, .T. ) ;
#2883 = VERTEX_POINT ( 'NONE', #6902 ) ;
#2884 = ORIENTED_EDGE ( 'NONE', *, *, #2885, .T. ) ;
#2885 = EDGE_CURVE ( 'NONE', #2883, #2886, #6901, .T. ) ;
#2886 = VERTEX_POINT ( 'NONE', #6888 ) ;
#2887 = ORIENTED_EDGE ( 'NONE', *, *, #2888, .F. ) ;
#2888 = EDGE_CURVE ( 'NONE', #2889, #2886, #6886, .T. ) ;
#2889 = VERTEX_POINT ( 'NONE', #6885 ) ;
#2890 = VERTEX_POINT ( 'NONE', #6887 ) ;
#2891 = ORIENTED_EDGE ( 'NONE', *, *, #2669, .F. ) ;
#2892 = ORIENTED_EDGE ( 'NONE', *, *, #2893, .F. ) ;
#2893 = EDGE_CURVE ( 'NONE', #2894, #2665, #6884, .T. ) ;
#2894 = VERTEX_POINT ( 'NONE', #6939 ) ;
#2895 = ORIENTED_EDGE ( 'NONE', *, *, #2671, .F. ) ;
#2896 = VERTEX_POINT ( 'NONE', #6934 ) ;
#2897 = VERTEX_POINT ( 'NONE', #6933 ) ;
#2898 = ORIENTED_EDGE ( 'NONE', *, *, #2899, .F. ) ;
#2899 = EDGE_CURVE ( 'NONE', #2900, #2897, #6931, .T. ) ;
#2900 = VERTEX_POINT ( 'NONE', #6930 ) ;
#2901 = ORIENTED_EDGE ( 'NONE', *, *, #2902, .F. ) ;
#2902 = EDGE_CURVE ( 'NONE', #2903, #2900, #6929, .T. ) ;
#2903 = VERTEX_POINT ( 'NONE', #6917 ) ;
#2904 = ORIENTED_EDGE ( 'NONE', *, *, #2882, .F. ) ;
#2905 = ORIENTED_EDGE ( 'NONE', *, *, #2906, .F. ) ;
#2906 = EDGE_CURVE ( 'NONE', #2691, #2690, #6916, .T. ) ;
#2907 = ORIENTED_EDGE ( 'NONE', *, *, #2908, .F. ) ;
#2908 = EDGE_CURVE ( 'NONE', #2909, #2691, #6967, .T. ) ;
#2909 = VERTEX_POINT ( 'NONE', #6966 ) ;
#2910 = VERTEX_POINT ( 'NONE', #6968 ) ;
#2911 = ORIENTED_EDGE ( 'NONE', *, *, #2912, .F. ) ;
#2912 = EDGE_CURVE ( 'NONE', #2913, #2670, #6957, .T. ) ;
#2913 = VERTEX_POINT ( 'NONE', #6956 ) ;
#2914 = EDGE_CURVE ( 'NONE', #2875, #2910, #6947, .T. ) ;
#2915 = ORIENTED_EDGE ( 'NONE', *, *, #2916, .F. ) ;
#2916 = EDGE_CURVE ( 'NONE', #2917, #2875, #6996, .T. ) ;
#2917 = VERTEX_POINT ( 'NONE', #6986 ) ;
#2918 = ORIENTED_EDGE ( 'NONE', *, *, #2919, .F. ) ;
#2919 = EDGE_CURVE ( 'NONE', #2920, #2917, #6985, .T. ) ;
#2920 = VERTEX_POINT ( 'NONE', #6984 ) ;
#2921 = ORIENTED_EDGE ( 'NONE', *, *, #2922, .T. ) ;
#2922 = EDGE_CURVE ( 'NONE', #2920, #2923, #6983, .T. ) ;
#2923 = VERTEX_POINT ( 'NONE', #6970 ) ;
#2924 = ORIENTED_EDGE ( 'NONE', *, *, #2925, .F. ) ;
#2925 = EDGE_CURVE ( 'NONE', #2665, #2923, #6969, .T. ) ;
#2926 = ORIENTED_EDGE ( 'NONE', *, *, #2927, .F. ) ;
#2927 = EDGE_CURVE ( 'NONE', #2658, #2664, #7030, .T. ) ;
#2928 = ORIENTED_EDGE ( 'NONE', *, *, #2929, .T. ) ;
#2929 = EDGE_CURVE ( 'NONE', #2951, #2930, #7018, .T. ) ;
#2930 = VERTEX_POINT ( 'NONE', #7013 ) ;
#2931 = ORIENTED_EDGE ( 'NONE', *, *, #2932, .F. ) ;
#2932 = EDGE_CURVE ( 'NONE', #2933, #2930, #7012, .T. ) ;
#2933 = VERTEX_POINT ( 'NONE', #7011 ) ;
#2934 = ORIENTED_EDGE ( 'NONE', *, *, #2935, .F. ) ;
#2935 = EDGE_CURVE ( 'NONE', #2936, #2933, #7009, .T. ) ;
#2936 = VERTEX_POINT ( 'NONE', #7054 ) ;
#2937 = ORIENTED_EDGE ( 'NONE', *, *, #2938, .F. ) ;
#2938 = EDGE_CURVE ( 'NONE', #2939, #2936, #7052, .T. ) ;
#2939 = VERTEX_POINT ( 'NONE', #7051 ) ;
#2940 = ORIENTED_EDGE ( 'NONE', *, *, #2941, .T. ) ;
#2941 = EDGE_CURVE ( 'NONE', #2939, #2942, #7042, .T. ) ;
#2942 = VERTEX_POINT ( 'NONE', #7038 ) ;
#2943 = ORIENTED_EDGE ( 'NONE', *, *, #2944, .T. ) ;
#2944 = EDGE_CURVE ( 'NONE', #2838, #2835, #7037, .T. ) ;
#2945 = ORIENTED_EDGE ( 'NONE', *, *, #2946, .F. ) ;
#2946 = EDGE_CURVE ( 'NONE', #2842, #2835, #7032, .T. ) ;
#2947 = ORIENTED_EDGE ( 'NONE', *, *, #2948, .F. ) ;
#2948 = EDGE_CURVE ( 'NONE', #2841, #2842, #7081, .T. ) ;
#2949 = ORIENTED_EDGE ( 'NONE', *, *, #2950, .F. ) ;
#2950 = EDGE_CURVE ( 'NONE', #2951, #2841, #7069, .T. ) ;
#2951 = VERTEX_POINT ( 'NONE', #7068 ) ;
#2952 = ORIENTED_EDGE ( 'NONE', *, *, #2953, .F. ) ;
#2953 = EDGE_CURVE ( 'NONE', #2954, #2834, #7059, .T. ) ;
#2954 = VERTEX_POINT ( 'NONE', #7058 ) ;
#2955 = ORIENTED_EDGE ( 'NONE', *, *, #2956, .F. ) ;
#2956 = EDGE_CURVE ( 'NONE', #2957, #2954, #7057, .T. ) ;
#2957 = VERTEX_POINT ( 'NONE', #7101 ) ;
#2958 = ORIENTED_EDGE ( 'NONE', *, *, #2959, .F. ) ;
#2959 = EDGE_CURVE ( 'NONE', #2960, #2957, #7098, .T. ) ;
#2960 = VERTEX_POINT ( 'NONE', #7100 ) ;
#2961 = ORIENTED_EDGE ( 'NONE', *, *, #2962, .T. ) ;
#2962 = EDGE_CURVE ( 'NONE', #2960, #2963, #7097, .T. ) ;
#2963 = VERTEX_POINT ( 'NONE', #7088 ) ;
#2964 = ORIENTED_EDGE ( 'NONE', *, *, #2654, .F. ) ;
#2965 = VERTEX_POINT ( 'NONE', #7084 ) ;
#2966 = ORIENTED_EDGE ( 'NONE', *, *, #2967, .F. ) ;
#2967 = EDGE_CURVE ( 'NONE', #2968, #2942, #7082, .T. ) ;
#2968 = VERTEX_POINT ( 'NONE', #7083 ) ;
#2969 = ORIENTED_EDGE ( 'NONE', *, *, #2970, .F. ) ;
#2970 = EDGE_CURVE ( 'NONE', #2971, #2968, #7137, .T. ) ;
#2971 = VERTEX_POINT ( 'NONE', #7138 ) ;
#2972 = ORIENTED_EDGE ( 'NONE', *, *, #2830, .F. ) ;
#2973 = ORIENTED_EDGE ( 'NONE', *, *, #3058, .F. ) ;
#2974 = ADVANCED_FACE ( 'NONE', ( #7132 ), #7129, .F. ) ;
#2975 = EDGE_LOOP ( 'NONE', ( #3111, #3112, #3113, #3114 ) ) ;
#2976 = ORIENTED_EDGE ( 'NONE', *, *, #3087, .F. ) ;
#2977 = ADVANCED_FACE ( 'NONE', ( #7130 ), #7125, .F. ) ;
#2978 = ORIENTED_EDGE ( 'NONE', *, *, #3109, .T. ) ;
#2979 = ORIENTED_EDGE ( 'NONE', *, *, #4384, .T. ) ;
#2980 = ORIENTED_EDGE ( 'NONE', *, *, #3065, .F. ) ;
#2981 = ORIENTED_EDGE ( 'NONE', *, *, #3067, .F. ) ;
#2982 = ORIENTED_EDGE ( 'NONE', *, *, #2983, .T. ) ;
#2983 = EDGE_CURVE ( 'NONE', #3160, #2993, #7124, .T. ) ;
#2984 = ORIENTED_EDGE ( 'NONE', *, *, #2989, .T. ) ;
#2985 = ORIENTED_EDGE ( 'NONE', *, *, #2989, .F. ) ;
#2986 = ADVANCED_FACE ( 'NONE', ( #7115 ), #7113, .F. ) ;
#2987 = EDGE_LOOP ( 'NONE', ( #2988, #3155, #3156, #3157 ) ) ;
#2988 = ORIENTED_EDGE ( 'NONE', *, *, #4408, .T. ) ;
#2989 = EDGE_CURVE ( 'NONE', #2993, #4338, #7114, .T. ) ;
#2990 = ORIENTED_EDGE ( 'NONE', *, *, #2991, .T. ) ;
#2991 = EDGE_CURVE ( 'NONE', #2993, #4375, #7174, .T. ) ;
#2992 = ADVANCED_FACE ( 'NONE', ( #7170 ), #7169, .F. ) ;
#2993 = VERTEX_POINT ( 'NONE', #7164 ) ;
#2994 = EDGE_LOOP ( 'NONE', ( #2995, #2985, #2990, #3162 ) ) ;
#2995 = ORIENTED_EDGE ( 'NONE', *, *, #4473, .T. ) ;
#2996 = ADVANCED_FACE ( 'NONE', ( #7163 ), #7162, .F. ) ;
#2997 = ORIENTED_EDGE ( 'NONE', *, *, #4365, .T. ) ;
#2998 = ORIENTED_EDGE ( 'NONE', *, *, #3006, .F. ) ;
#2999 = ORIENTED_EDGE ( 'NONE', *, *, #3018, .F. ) ;
#3000 = ORIENTED_EDGE ( 'NONE', *, *, #3015, .T. ) ;
#3001 = ADVANCED_FACE ( 'NONE', ( #7157 ), #7156, .F. ) ;
#3002 = ORIENTED_EDGE ( 'NONE', *, *, #3021, .F. ) ;
#3003 = EDGE_LOOP ( 'NONE', ( #3000, #2997, #2998, #2999 ) ) ;
#3004 = ORIENTED_EDGE ( 'NONE', *, *, #3025, .F. ) ;
#3005 = ORIENTED_EDGE ( 'NONE', *, *, #3006, .T. ) ;
#3006 = EDGE_CURVE ( 'NONE', #3029, #4363, #7151, .T. ) ;
#3007 = ORIENTED_EDGE ( 'NONE', *, *, #4432, .T. ) ;
#3008 = ORIENTED_EDGE ( 'NONE', *, *, #4362, .T. ) ;
#3009 = EDGE_LOOP ( 'NONE', ( #3012, #3013, #3014, #3002 ) ) ;
#3010 = EDGE_LOOP ( 'NONE', ( #3007, #3159, #2982, #2984 ) ) ;
#3011 = ADVANCED_FACE ( 'NONE', ( #7147 ), #7211, .F. ) ;
#3012 = ORIENTED_EDGE ( 'NONE', *, *, #4476, .T. ) ;
#3013 = ORIENTED_EDGE ( 'NONE', *, *, #4368, .T. ) ;
#3014 = ORIENTED_EDGE ( 'NONE', *, *, #3015, .F. ) ;
#3015 = EDGE_CURVE ( 'NONE', #3023, #4366, #7206, .T. ) ;
#3016 = ORIENTED_EDGE ( 'NONE', *, *, #3069, .F. ) ;
#3017 = EDGE_LOOP ( 'NONE', ( #3024, #3030, #3028, #3019 ) ) ;
#3018 = EDGE_CURVE ( 'NONE', #3023, #3029, #7202, .T. ) ;
#3019 = ORIENTED_EDGE ( 'NONE', *, *, #3025, .T. ) ;
#3020 = ORIENTED_EDGE ( 'NONE', *, *, #4386, .T. ) ;
#3021 = EDGE_CURVE ( 'NONE', #4477, #3023, #7197, .T. ) ;
#3022 = ADVANCED_FACE ( 'NONE', ( #7193 ), #7192, .F. ) ;
#3023 = VERTEX_POINT ( 'NONE', #7187 ) ;
#3024 = ORIENTED_EDGE ( 'NONE', *, *, #4479, .T. ) ;
#3025 = EDGE_CURVE ( 'NONE', #3029, #4480, #7186, .T. ) ;
#3026 = EDGE_LOOP ( 'NONE', ( #3020, #3004, #3005, #3008 ) ) ;
#3027 = ADVANCED_FACE ( 'NONE', ( #7182 ), #7181, .F. ) ;
#3028 = ORIENTED_EDGE ( 'NONE', *, *, #3018, .T. ) ;
#3029 = VERTEX_POINT ( 'NONE', #7240 ) ;
#3030 = ORIENTED_EDGE ( 'NONE', *, *, #3021, .T. ) ;
#3031 = EDGE_CURVE ( 'NONE', #3075, #4269, #7239, .T. ) ;
#3032 = ORIENTED_EDGE ( 'NONE', *, *, #3074, .F. ) ;
#3033 = ORIENTED_EDGE ( 'NONE', *, *, #3031, .T. ) ;
#3034 = ADVANCED_FACE ( 'NONE', ( #7235 ), #7234, .F. ) ;
#3035 = EDGE_LOOP ( 'NONE', ( #3033, #3036, #3037, #3016 ) ) ;
#3036 = ORIENTED_EDGE ( 'NONE', *, *, #4336, .T. ) ;
#3037 = ORIENTED_EDGE ( 'NONE', *, *, #3044, .F. ) ;
#3038 = ORIENTED_EDGE ( 'NONE', *, *, #4527, .T. ) ;
#3039 = ADVANCED_FACE ( 'NONE', ( #7233 ), #7228, .F. ) ;
#3040 = ADVANCED_FACE ( 'NONE', ( #7223 ), #7222, .F. ) ;
#3041 = ORIENTED_EDGE ( 'NONE', *, *, #3031, .F. ) ;
#3042 = ORIENTED_EDGE ( 'NONE', *, *, #4333, .T. ) ;
#3043 = EDGE_LOOP ( 'NONE', ( #3038, #3050, #3041, #3032 ) ) ;
#3044 = EDGE_CURVE ( 'NONE', #3070, #4334, #7217, .T. ) ;
#3045 = EDGE_LOOP ( 'NONE', ( #3049, #3046, #3047, #3042 ) ) ;
#3046 = ORIENTED_EDGE ( 'NONE', *, *, #3048, .F. ) ;
#3047 = ORIENTED_EDGE ( 'NONE', *, *, #3044, .T. ) ;
#3048 = EDGE_CURVE ( 'NONE', #3070, #4433, #7213, .T. ) ;
#3049 = ORIENTED_EDGE ( 'NONE', *, *, #4523, .T. ) ;
#3050 = ORIENTED_EDGE ( 'NONE', *, *, #4271, .T. ) ;
#3051 = ORIENTED_EDGE ( 'NONE', *, *, #3087, .T. ) ;
#3052 = VERTEX_POINT ( 'NONE', #7275 ) ;
#3053 = ORIENTED_EDGE ( 'NONE', *, *, #3054, .T. ) ;
#3054 = EDGE_CURVE ( 'NONE', #3052, #4492, #7274, .T. ) ;
#3055 = EDGE_LOOP ( 'NONE', ( #3117, #3051, #3066, #3053 ) ) ;
#3056 = ORIENTED_EDGE ( 'NONE', *, *, #4561, .T. ) ;
#3057 = ORIENTED_EDGE ( 'NONE', *, *, #3058, .T. ) ;
#3058 = EDGE_CURVE ( 'NONE', #4525, #3086, #7270, .T. ) ;
#3059 = ADVANCED_FACE ( 'NONE', ( #7266 ), #7265, .F. ) ;
#3060 = EDGE_LOOP ( 'NONE', ( #3056, #3057, #3090, #3093 ) ) ;
#3061 = VERTEX_POINT ( 'NONE', #7260 ) ;
#3062 = ORIENTED_EDGE ( 'NONE', *, *, #4494, .T. ) ;
#3063 = ORIENTED_EDGE ( 'NONE', *, *, #3054, .F. ) ;
#3064 = ORIENTED_EDGE ( 'NONE', *, *, #3065, .T. ) ;
#3065 = EDGE_CURVE ( 'NONE', #3052, #4382, #7259, .T. ) ;
#3066 = ORIENTED_EDGE ( 'NONE', *, *, #3067, .T. ) ;
#3067 = EDGE_CURVE ( 'NONE', #3061, #3052, #7255, .T. ) ;
#3068 = ORIENTED_EDGE ( 'NONE', *, *, #3069, .T. ) ;
#3069 = EDGE_CURVE ( 'NONE', #3075, #3070, #7249, .T. ) ;
#3070 = VERTEX_POINT ( 'NONE', #7308 ) ;
#3071 = EDGE_LOOP ( 'NONE', ( #3072, #3073, #3068, #5565 ) ) ;
#3072 = ORIENTED_EDGE ( 'NONE', *, *, #4496, .T. ) ;
#3073 = ORIENTED_EDGE ( 'NONE', *, *, #3074, .T. ) ;
#3074 = EDGE_CURVE ( 'NONE', #4483, #3075, #7307, .T. ) ;
#3075 = VERTEX_POINT ( 'NONE', #7303 ) ;
#3076 = ORIENTED_EDGE ( 'NONE', *, *, #3166, .F. ) ;
#3077 = ORIENTED_EDGE ( 'NONE', *, *, #3081, .F. ) ;
#3078 = ORIENTED_EDGE ( 'NONE', *, *, #3164, .F. ) ;
#3079 = ADVANCED_FACE ( 'NONE', ( #7302 ), #7301, .F. ) ;
#3080 = EDGE_LOOP ( 'NONE', ( #3083, #3084, #3082, #3076 ) ) ;
#3081 = EDGE_CURVE ( 'NONE', #3229, #4299, #7296, .T. ) ;
#3082 = ORIENTED_EDGE ( 'NONE', *, *, #3232, .F. ) ;
#3083 = ORIENTED_EDGE ( 'NONE', *, *, #3081, .T. ) ;
#3084 = ORIENTED_EDGE ( 'NONE', *, *, #4298, .T. ) ;
#3085 = EDGE_LOOP ( 'NONE', ( #3186, #3187, #3192, #3193 ) ) ;
#3086 = VERTEX_POINT ( 'NONE', #7292 ) ;
#3087 = EDGE_CURVE ( 'NONE', #4487, #3061, #7291, .T. ) ;
#3088 = ADVANCED_FACE ( 'NONE', ( #7287 ), #7286, .F. ) ;
#3089 = EDGE_LOOP ( 'NONE', ( #3062, #3063, #3064, #3103 ) ) ;
#3090 = ORIENTED_EDGE ( 'NONE', *, *, #3091, .T. ) ;
#3091 = EDGE_CURVE ( 'NONE', #3086, #3092, #7281, .T. ) ;
#3092 = VERTEX_POINT ( 'NONE', #7340 ) ;
#3093 = ORIENTED_EDGE ( 'NONE', *, *, #3094, .T. ) ;
#3094 = EDGE_CURVE ( 'NONE', #3092, #4562, #7339, .T. ) ;
#3095 = ADVANCED_FACE ( 'NONE', ( #7335 ), #7334, .F. ) ;
#3096 = EDGE_LOOP ( 'NONE', ( #3097, #3098, #3099, #3101 ) ) ;
#3097 = ORIENTED_EDGE ( 'NONE', *, *, #4485, .T. ) ;
#3098 = ORIENTED_EDGE ( 'NONE', *, *, #3094, .F. ) ;
#3099 = ORIENTED_EDGE ( 'NONE', *, *, #3100, .T. ) ;
#3100 = EDGE_CURVE ( 'NONE', #3092, #4322, #7329, .T. ) ;
#3101 = ORIENTED_EDGE ( 'NONE', *, *, #4281, .T. ) ;
#3102 = ADVANCED_FACE ( 'NONE', ( #7325 ), #7324, .F. ) ;
#3103 = ORIENTED_EDGE ( 'NONE', *, *, #4307, .T. ) ;
#3104 = ADVANCED_FACE ( 'NONE', ( #7319 ), #7318, .F. ) ;
#3105 = EDGE_LOOP ( 'NONE', ( #3106, #3107, #3108, #2976 ) ) ;
#3106 = ORIENTED_EDGE ( 'NONE', *, *, #4489, .T. ) ;
#3107 = ORIENTED_EDGE ( 'NONE', *, *, #4291, .T. ) ;
#3108 = ORIENTED_EDGE ( 'NONE', *, *, #3109, .F. ) ;
#3109 = EDGE_CURVE ( 'NONE', #3061, #4385, #7313, .T. ) ;
#3110 = EDGE_LOOP ( 'NONE', ( #2978, #2979, #2980, #2981 ) ) ;
#3111 = ORIENTED_EDGE ( 'NONE', *, *, #3122, .T. ) ;
#3112 = ORIENTED_EDGE ( 'NONE', *, *, #4324, .T. ) ;
#3113 = ORIENTED_EDGE ( 'NONE', *, *, #3100, .F. ) ;
#3114 = ORIENTED_EDGE ( 'NONE', *, *, #3091, .F. ) ;
#3115 = ADVANCED_FACE ( 'NONE', ( #7309 ), #7375, .F. ) ;
#3116 = ADVANCED_FACE ( 'NONE', ( #7370 ), #7369, .F. ) ;
#3117 = ORIENTED_EDGE ( 'NONE', *, *, #4491, .T. ) ;
#3118 = EDGE_LOOP ( 'NONE', ( #3119, #3120, #3121, #2973 ) ) ;
#3119 = ORIENTED_EDGE ( 'NONE', *, *, #4559, .T. ) ;
#3120 = ORIENTED_EDGE ( 'NONE', *, *, #4327, .T. ) ;
#3121 = ORIENTED_EDGE ( 'NONE', *, *, #3122, .F. ) ;
#3122 = EDGE_CURVE ( 'NONE', #3086, #4325, #7364, .T. ) ;
#3123 = ORIENTED_EDGE ( 'NONE', *, *, #3941, .T. ) ;
#3124 = ORIENTED_EDGE ( 'NONE', *, *, #4466, .T. ) ;
#3125 = ORIENTED_EDGE ( 'NONE', *, *, #3144, .F. ) ;
#3126 = EDGE_CURVE ( 'NONE', #4507, #3131, #7360, .T. ) ;
#3127 = ORIENTED_EDGE ( 'NONE', *, *, #3134, .T. ) ;
#3128 = ORIENTED_EDGE ( 'NONE', *, *, #3132, .F. ) ;
#3129 = ADVANCED_FACE ( 'NONE', ( #7356 ), #7355, .F. ) ;
#3130 = ORIENTED_EDGE ( 'NONE', *, *, #3150, .F. ) ;
#3131 = VERTEX_POINT ( 'NONE', #7350 ) ;
#3132 = EDGE_CURVE ( 'NONE', #3151, #3944, #7349, .T. ) ;
#3133 = ORIENTED_EDGE ( 'NONE', *, *, #3165, .T. ) ;
#3134 = EDGE_CURVE ( 'NONE', #3154, #3942, #7345, .T. ) ;
#3135 = EDGE_LOOP ( 'NONE', ( #3124, #3200, #3128, #3130 ) ) ;
#3136 = EDGE_CURVE ( 'NONE', #3151, #3154, #7406, .T. ) ;
#3137 = ORIENTED_EDGE ( 'NONE', *, *, #3144, .T. ) ;
#3138 = ORIENTED_EDGE ( 'NONE', *, *, #4469, .T. ) ;
#3139 = EDGE_LOOP ( 'NONE', ( #3138, #3152, #3153, #3137 ) ) ;
#3140 = ADVANCED_FACE ( 'NONE', ( #7401 ), #7400, .F. ) ;
#3141 = ORIENTED_EDGE ( 'NONE', *, *, #2983, .F. ) ;
#3142 = ADVANCED_FACE ( 'NONE', ( #7395 ), #7394, .F. ) ;
#3143 = ADVANCED_FACE ( 'NONE', ( #7388 ), #7393, .F. ) ;
#3144 = EDGE_CURVE ( 'NONE', #3154, #4403, #7383, .T. ) ;
#3145 = EDGE_LOOP ( 'NONE', ( #3201, #3125, #3127, #3123 ) ) ;
#3146 = EDGE_LOOP ( 'NONE', ( #3149, #3147, #3148, #3141 ) ) ;
#3147 = ORIENTED_EDGE ( 'NONE', *, *, #4337, .T. ) ;
#3148 = ORIENTED_EDGE ( 'NONE', *, *, #2991, .F. ) ;
#3149 = ORIENTED_EDGE ( 'NONE', *, *, #3158, .T. ) ;
#3150 = EDGE_CURVE ( 'NONE', #4467, #3151, #7379, .T. ) ;
#3151 = VERTEX_POINT ( 'NONE', #7438 ) ;
#3152 = ORIENTED_EDGE ( 'NONE', *, *, #3150, .T. ) ;
#3153 = ORIENTED_EDGE ( 'NONE', *, *, #3136, .T. ) ;
#3154 = VERTEX_POINT ( 'NONE', #7437 ) ;
#3155 = ORIENTED_EDGE ( 'NONE', *, *, #4245, .T. ) ;
#3156 = ORIENTED_EDGE ( 'NONE', *, *, #3158, .F. ) ;
#3157 = ORIENTED_EDGE ( 'NONE', *, *, #3161, .F. ) ;
#3158 = EDGE_CURVE ( 'NONE', #3160, #10302, #7436, .T. ) ;
#3159 = ORIENTED_EDGE ( 'NONE', *, *, #3161, .T. ) ;
#3160 = VERTEX_POINT ( 'NONE', #7432 ) ;
#3161 = EDGE_CURVE ( 'NONE', #4430, #3160, #7431, .T. ) ;
#3162 = ORIENTED_EDGE ( 'NONE', *, *, #4374, .T. ) ;
#3163 = EDGE_CURVE ( 'NONE', #3225, #4499, #7427, .T. ) ;
#3164 = EDGE_CURVE ( 'NONE', #4566, #3229, #7423, .T. ) ;
#3165 = EDGE_CURVE ( 'NONE', #3131, #3225, #7419, .T. ) ;
#3166 = EDGE_CURVE ( 'NONE', #3229, #3239, #7414, .T. ) ;
#3167 = ORIENTED_EDGE ( 'NONE', *, *, #3236, .T. ) ;
#3168 = ORIENTED_EDGE ( 'NONE', *, *, #3177, .F. ) ;
#3169 = ORIENTED_EDGE ( 'NONE', *, *, #3178, .F. ) ;
#3170 = ORIENTED_EDGE ( 'NONE', *, *, #3413, .F. ) ;
#3171 = ORIENTED_EDGE ( 'NONE', *, *, #3458, .F. ) ;
#3172 = ORIENTED_EDGE ( 'NONE', *, *, #3177, .T. ) ;
#3173 = ADVANCED_FACE ( 'NONE', ( #7409 ), #7408, .T. ) ;
#3174 = ADVANCED_FACE ( 'NONE', ( #7468 ), #7467, .T. ) ;
#3175 = EDGE_LOOP ( 'NONE', ( #3171, #3172, #3170, #3169 ) ) ;
#3176 = ORIENTED_EDGE ( 'NONE', *, *, #4788, .F. ) ;
#3177 = EDGE_CURVE ( 'NONE', #3401, #3328, #7462, .T. ) ;
#3178 = EDGE_CURVE ( 'NONE', #3370, #3411, #7458, .T. ) ;
#3179 = EDGE_LOOP ( 'NONE', ( #3182, #2497, #2498, #2599, #2600, #2601 ) ) ;
#3180 = ORIENTED_EDGE ( 'NONE', *, *, #3400, .F. ) ;
#3181 = ORIENTED_EDGE ( 'NONE', *, *, #3191, .T. ) ;
#3182 = ORIENTED_EDGE ( 'NONE', *, *, #3372, .F. ) ;
#3183 = ORIENTED_EDGE ( 'NONE', *, *, #4695, .F. ) ;
#3184 = ORIENTED_EDGE ( 'NONE', *, *, #3190, .T. ) ;
#3185 = EDGE_LOOP ( 'NONE', ( #3188, #3168, #3180, #3183, #3181, #3176 ) ) ;
#3186 = ORIENTED_EDGE ( 'NONE', *, *, #3132, .T. ) ;
#3187 = ORIENTED_EDGE ( 'NONE', *, *, #3929, .T. ) ;
#3188 = ORIENTED_EDGE ( 'NONE', *, *, #3429, .F. ) ;
#3189 = ADVANCED_FACE ( 'NONE', ( #7454 ), #7453, .T. ) ;
#3190 = EDGE_CURVE ( 'NONE', #4759, #4805, #7448, .T. ) ;
#3191 = EDGE_CURVE ( 'NONE', #4693, #4748, #7444, .T. ) ;
#3192 = ORIENTED_EDGE ( 'NONE', *, *, #3134, .F. ) ;
#3193 = ORIENTED_EDGE ( 'NONE', *, *, #3136, .F. ) ;
#3194 = EDGE_LOOP ( 'NONE', ( #3195, #3196, #3198, #3184 ) ) ;
#3195 = ORIENTED_EDGE ( 'NONE', *, *, #4844, .F. ) ;
#3196 = ORIENTED_EDGE ( 'NONE', *, *, #3191, .F. ) ;
#3197 = ADVANCED_FACE ( 'NONE', ( #7439 ), #7443, .T. ) ;
#3198 = ORIENTED_EDGE ( 'NONE', *, *, #4692, .F. ) ;
#3199 = ADVANCED_FACE ( 'NONE', ( #7500 ), #7499, .F. ) ;
#3200 = ORIENTED_EDGE ( 'NONE', *, *, #3933, .T. ) ;
#3201 = ORIENTED_EDGE ( 'NONE', *, *, #4405, .T. ) ;
#3202 = ORIENTED_EDGE ( 'NONE', *, *, #3208, .F. ) ;
#3203 = ORIENTED_EDGE ( 'NONE', *, *, #3165, .F. ) ;
#3204 = ORIENTED_EDGE ( 'NONE', *, *, #3212, .T. ) ;
#3205 = ADVANCED_FACE ( 'NONE', ( #7494 ), #7493, .F. ) ;
#3206 = EDGE_LOOP ( 'NONE', ( #3204, #2188, #3202, #3203 ) ) ;
#3207 = EDGE_LOOP ( 'NONE', ( #3211, #3215, #3216, #3213 ) ) ;
#3208 = EDGE_CURVE ( 'NONE', #3225, #4213, #7488, .T. ) ;
#3209 = ORIENTED_EDGE ( 'NONE', *, *, #4212, .T. ) ;
#3210 = ADVANCED_FACE ( 'NONE', ( #7484 ), #7483, .F. ) ;
#3211 = ORIENTED_EDGE ( 'NONE', *, *, #4506, .T. ) ;
#3212 = EDGE_CURVE ( 'NONE', #3131, #4216, #7478, .T. ) ;
#3213 = ORIENTED_EDGE ( 'NONE', *, *, #3126, .F. ) ;
#3214 = ADVANCED_FACE ( 'NONE', ( #7474 ), #7473, .F. ) ;
#3215 = ORIENTED_EDGE ( 'NONE', *, *, #4218, .T. ) ;
#3216 = ORIENTED_EDGE ( 'NONE', *, *, #3212, .F. ) ;
#3217 = ORIENTED_EDGE ( 'NONE', *, *, #3208, .T. ) ;
#3218 = ORIENTED_EDGE ( 'NONE', *, *, #4501, .T. ) ;
#3219 = ORIENTED_EDGE ( 'NONE', *, *, #3163, .F. ) ;
#3220 = ORIENTED_EDGE ( 'NONE', *, *, #4565, .T. ) ;
#3221 = ADVANCED_FACE ( 'NONE', ( #7535 ), #7540, .F. ) ;
#3222 = ORIENTED_EDGE ( 'NONE', *, *, #4503, .T. ) ;
#3223 = EDGE_LOOP ( 'NONE', ( #3218, #3219, #3217, #3209 ) ) ;
#3224 = ADVANCED_FACE ( 'NONE', ( #7530 ), #7529, .F. ) ;
#3225 = VERTEX_POINT ( 'NONE', #7524 ) ;
#3226 = ORIENTED_EDGE ( 'NONE', *, *, #4295, .T. ) ;
#3227 = EDGE_LOOP ( 'NONE', ( #3220, #5564, #3077, #3078 ) ) ;
#3228 = ORIENTED_EDGE ( 'NONE', *, *, #3164, .T. ) ;
#3229 = VERTEX_POINT ( 'NONE', #7523 ) ;
#3230 = ORIENTED_EDGE ( 'NONE', *, *, #4568, .T. ) ;
#3231 = ORIENTED_EDGE ( 'NONE', *, *, #3232, .T. ) ;
#3232 = EDGE_CURVE ( 'NONE', #3239, #4296, #7522, .T. ) ;
#3233 = ORIENTED_EDGE ( 'NONE', *, *, #3236, .F. ) ;
#3234 = ORIENTED_EDGE ( 'NONE', *, *, #3163, .T. ) ;
#3235 = ADVANCED_FACE ( 'NONE', ( #7518 ), #7517, .F. ) ;
#3236 = EDGE_CURVE ( 'NONE', #3239, #4569, #7512, .T. ) ;
#3237 = EDGE_LOOP ( 'NONE', ( #3222, #3233, #3231, #3226 ) ) ;
#3238 = ORIENTED_EDGE ( 'NONE', *, *, #3166, .T. ) ;
#3239 = VERTEX_POINT ( 'NONE', #7508 ) ;
#3240 = VERTEX_POINT ( 'NONE', #7507 ) ;
#3241 = VERTEX_POINT ( 'NONE', #7506 ) ;
#3242 = EDGE_CURVE ( 'NONE', #3241, #3240, #7573, .T. ) ;
#3243 = ORIENTED_EDGE ( 'NONE', *, *, #3242, .F. ) ;
#3244 = VERTEX_POINT ( 'NONE', #7568 ) ;
#3245 = ORIENTED_EDGE ( 'NONE', *, *, #3246, .T. ) ;
#3246 = EDGE_CURVE ( 'NONE', #3244, #3247, #7567, .T. ) ;
#3247 = VERTEX_POINT ( 'NONE', #7562 ) ;
#3248 = ORIENTED_EDGE ( 'NONE', *, *, #3249, .F. ) ;
#3249 = EDGE_CURVE ( 'NONE', #10352, #3247, #7561, .T. ) ;
#3250 = ADVANCED_FACE ( 'NONE', ( #7557 ), #7555, .F. ) ;
#3251 = EDGE_LOOP ( 'NONE', ( #3252, #3256, #3274, #3277 ) ) ;
#3252 = ORIENTED_EDGE ( 'NONE', *, *, #3253, .F. ) ;
#3253 = EDGE_CURVE ( 'NONE', #3254, #3255, #7550, .T. ) ;
#3254 = VERTEX_POINT ( 'NONE', #7546 ) ;
#3255 = VERTEX_POINT ( 'NONE', #7545 ) ;
#3256 = ORIENTED_EDGE ( 'NONE', *, *, #3272, .T. ) ;
#3257 = ORIENTED_EDGE ( 'NONE', *, *, #3258, .T. ) ;
#3258 = EDGE_CURVE ( 'NONE', #10295, #3259, #7544, .T. ) ;
#3259 = VERTEX_POINT ( 'NONE', #7602 ) ;
#3260 = ORIENTED_EDGE ( 'NONE', *, *, #3261, .F. ) ;
#3261 = EDGE_CURVE ( 'NONE', #10458, #3259, #7601, .T. ) ;
#3262 = ADVANCED_FACE ( 'NONE', ( #7597 ), #7596, .F. ) ;
#3263 = EDGE_LOOP ( 'NONE', ( #3264, #3268, #3271, #10367 ) ) ;
#3264 = ORIENTED_EDGE ( 'NONE', *, *, #3265, .F. ) ;
#3265 = EDGE_CURVE ( 'NONE', #3266, #3267, #7590, .T. ) ;
#3266 = VERTEX_POINT ( 'NONE', #7586 ) ;
#3267 = VERTEX_POINT ( 'NONE', #7585 ) ;
#3268 = ORIENTED_EDGE ( 'NONE', *, *, #3269, .T. ) ;
#3269 = EDGE_CURVE ( 'NONE', #3266, #3270, #7584, .T. ) ;
#3270 = VERTEX_POINT ( 'NONE', #7580 ) ;
#3271 = ORIENTED_EDGE ( 'NONE', *, *, #10452, .T. ) ;
#3272 = EDGE_CURVE ( 'NONE', #3254, #3273, #7579, .T. ) ;
#3273 = VERTEX_POINT ( 'NONE', #7575 ) ;
#3274 = ORIENTED_EDGE ( 'NONE', *, *, #3275, .T. ) ;
#3275 = EDGE_CURVE ( 'NONE', #3273, #3276, #7574, .T. ) ;
#3276 = VERTEX_POINT ( 'NONE', #7633 ) ;
#3277 = ORIENTED_EDGE ( 'NONE', *, *, #10459, .F. ) ;
#3278 = EDGE_LOOP ( 'NONE', ( #10447, #10445, #10450, #20 ) ) ;
#3279 = VERTEX_POINT ( 'NONE', #7632 ) ;
#3280 = EDGE_CURVE ( 'NONE', #23, #10, #7631, .T. ) ;
#3281 = ORIENTED_EDGE ( 'NONE', *, *, #3282, .F. ) ;
#3282 = EDGE_CURVE ( 'NONE', #10, #10472, #7626, .T. ) ;
#3283 = ORIENTED_EDGE ( 'NONE', *, *, #3284, .T. ) ;
#3284 = EDGE_CURVE ( 'NONE', #10471, #10472, #7622, .T. ) ;
#3285 = ADVANCED_FACE ( 'NONE', ( #7617 ), #7616, .F. ) ;
#3286 = VERTEX_POINT ( 'NONE', #7611 ) ;
#3287 = VERTEX_POINT ( 'NONE', #7610 ) ;
#3288 = ORIENTED_EDGE ( 'NONE', *, *, #3289, .T. ) ;
#3289 = EDGE_CURVE ( 'NONE', #3286, #3299, #7609, .T. ) ;
#3290 = VERTEX_POINT ( 'NONE', #7605 ) ;
#3291 = ORIENTED_EDGE ( 'NONE', *, *, #3292, .T. ) ;
#3292 = EDGE_CURVE ( 'NONE', #3290, #3293, #7667, .T. ) ;
#3293 = VERTEX_POINT ( 'NONE', #7663 ) ;
#3294 = VERTEX_POINT ( 'NONE', #7662 ) ;
#3295 = VERTEX_POINT ( 'NONE', #7661 ) ;
#3296 = ORIENTED_EDGE ( 'NONE', *, *, #3297, .T. ) ;
#3297 = EDGE_CURVE ( 'NONE', #3294, #3298, #7660, .T. ) ;
#3298 = VERTEX_POINT ( 'NONE', #7656 ) ;
#3299 = VERTEX_POINT ( 'NONE', #7655 ) ;
#3300 = ORIENTED_EDGE ( 'NONE', *, *, #3301, .T. ) ;
#3301 = EDGE_CURVE ( 'NONE', #3299, #3302, #7654, .T. ) ;
#3302 = VERTEX_POINT ( 'NONE', #7649 ) ;
#3303 = ORIENTED_EDGE ( 'NONE', *, *, #3304, .F. ) ;
#3304 = EDGE_CURVE ( 'NONE', #3287, #3302, #7648, .T. ) ;
#3305 = ADVANCED_FACE ( 'NONE', ( #7644 ), #7642, .F. ) ;
#3306 = EDGE_LOOP ( 'NONE', ( #3307, #3311, #3291, #3330 ) ) ;
#3307 = ORIENTED_EDGE ( 'NONE', *, *, #3308, .F. ) ;
#3308 = EDGE_CURVE ( 'NONE', #3309, #3310, #7699, .T. ) ;
#3309 = VERTEX_POINT ( 'NONE', #7695 ) ;
#3310 = VERTEX_POINT ( 'NONE', #7694 ) ;
#3311 = ORIENTED_EDGE ( 'NONE', *, *, #3312, .T. ) ;
#3312 = EDGE_CURVE ( 'NONE', #3309, #3290, #7693, .T. ) ;
#3313 = ORIENTED_EDGE ( 'NONE', *, *, #3314, .T. ) ;
#3314 = EDGE_CURVE ( 'NONE', #3336, #3337, #7689, .T. ) ;
#3315 = VERTEX_POINT ( 'NONE', #7684 ) ;
#3316 = ORIENTED_EDGE ( 'NONE', *, *, #3317, .F. ) ;
#3317 = EDGE_CURVE ( 'NONE', #3347, #3315, #7683, .T. ) ;
#3318 = ADVANCED_FACE ( 'NONE', ( #7679 ), #7678, .F. ) ;
#3319 = EDGE_LOOP ( 'NONE', ( #3320, #3296, #3361, #3364 ) ) ;
#3320 = ORIENTED_EDGE ( 'NONE', *, *, #3321, .F. ) ;
#3321 = EDGE_CURVE ( 'NONE', #3294, #3295, #7677, .T. ) ;
#3322 = ADVANCED_FACE ( 'NONE', ( #7668 ), #7731, .F. ) ;
#3323 = EDGE_LOOP ( 'NONE', ( #3324, #3357, #3360, #3340 ) ) ;
#3324 = ORIENTED_EDGE ( 'NONE', *, *, #3355, .F. ) ;
#3325 = VERTEX_POINT ( 'NONE', #7726 ) ;
#3326 = ORIENTED_EDGE ( 'NONE', *, *, #3327, .T. ) ;
#3327 = EDGE_CURVE ( 'NONE', #10351, #3244, #7725, .T. ) ;
#3328 = VERTEX_POINT ( 'NONE', #7721 ) ;
#3329 = ORIENTED_EDGE ( 'NONE', *, *, #3429, .T. ) ;
#3330 = ORIENTED_EDGE ( 'NONE', *, *, #3331, .F. ) ;
#3331 = EDGE_CURVE ( 'NONE', #3310, #3293, #7720, .T. ) ;
#3332 = ADVANCED_FACE ( 'NONE', ( #7716 ), #7715, .F. ) ;
#3333 = EDGE_LOOP ( 'NONE', ( #2881, #3393, #3444, #3389 ) ) ;
#3334 = ORIENTED_EDGE ( 'NONE', *, *, #3335, .T. ) ;
#3335 = EDGE_CURVE ( 'NONE', #2595, #3336, #7714, .T. ) ;
#3336 = VERTEX_POINT ( 'NONE', #7706 ) ;
#3337 = VERTEX_POINT ( 'NONE', #7705 ) ;
#3338 = EDGE_CURVE ( 'NONE', #3359, #3339, #7704, .T. ) ;
#3339 = VERTEX_POINT ( 'NONE', #7763 ) ;
#3340 = ORIENTED_EDGE ( 'NONE', *, *, #3341, .F. ) ;
#3341 = EDGE_CURVE ( 'NONE', #3356, #3339, #7762, .T. ) ;
#3342 = ADVANCED_FACE ( 'NONE', ( #7758 ), #7756, .F. ) ;
#3343 = EDGE_LOOP ( 'NONE', ( #3344, #3348, #3351, #3316 ) ) ;
#3344 = ORIENTED_EDGE ( 'NONE', *, *, #3345, .F. ) ;
#3345 = EDGE_CURVE ( 'NONE', #3346, #3347, #7751, .T. ) ;
#3346 = VERTEX_POINT ( 'NONE', #7747 ) ;
#3347 = VERTEX_POINT ( 'NONE', #7746 ) ;
#3348 = ORIENTED_EDGE ( 'NONE', *, *, #3349, .T. ) ;
#3349 = EDGE_CURVE ( 'NONE', #3346, #3350, #7745, .T. ) ;
#3350 = VERTEX_POINT ( 'NONE', #7741 ) ;
#3351 = ORIENTED_EDGE ( 'NONE', *, *, #3352, .T. ) ;
#3352 = EDGE_CURVE ( 'NONE', #3350, #3315, #7739, .T. ) ;
#3353 = ORIENTED_EDGE ( 'NONE', *, *, #3354, .F. ) ;
#3354 = EDGE_CURVE ( 'NONE', #2596, #3337, #7740, .T. ) ;
#3355 = EDGE_CURVE ( 'NONE', #3325, #3356, #7794, .T. ) ;
#3356 = VERTEX_POINT ( 'NONE', #7789 ) ;
#3357 = ORIENTED_EDGE ( 'NONE', *, *, #3358, .T. ) ;
#3358 = EDGE_CURVE ( 'NONE', #3325, #3359, #7788, .T. ) ;
#3359 = VERTEX_POINT ( 'NONE', #7784 ) ;
#3360 = ORIENTED_EDGE ( 'NONE', *, *, #3338, .T. ) ;
#3361 = ORIENTED_EDGE ( 'NONE', *, *, #3362, .T. ) ;
#3362 = EDGE_CURVE ( 'NONE', #3298, #3363, #7783, .T. ) ;
#3363 = VERTEX_POINT ( 'NONE', #7778 ) ;
#3364 = ORIENTED_EDGE ( 'NONE', *, *, #3365, .F. ) ;
#3365 = EDGE_CURVE ( 'NONE', #3295, #3363, #7777, .T. ) ;
#3366 = ADVANCED_FACE ( 'NONE', ( #7773 ), #7772, .F. ) ;
#3367 = EDGE_LOOP ( 'NONE', ( #3368, #3288, #3300, #3303 ) ) ;
#3368 = ORIENTED_EDGE ( 'NONE', *, *, #3369, .F. ) ;
#3369 = EDGE_CURVE ( 'NONE', #3286, #3287, #7766, .T. ) ;
#3370 = VERTEX_POINT ( 'NONE', #7819 ) ;
#3371 = ORIENTED_EDGE ( 'NONE', *, *, #3372, .T. ) ;
#3372 = EDGE_CURVE ( 'NONE', #3370, #3373, #7818, .T. ) ;
#3373 = VERTEX_POINT ( 'NONE', #7813 ) ;
#3374 = ORIENTED_EDGE ( 'NONE', *, *, #3375, .F. ) ;
#3375 = EDGE_CURVE ( 'NONE', #3376, #3373, #7812, .T. ) ;
#3376 = VERTEX_POINT ( 'NONE', #7808 ) ;
#3377 = EDGE_LOOP ( 'NONE', ( #3378, #3382, #3385, #3555 ) ) ;
#3378 = ORIENTED_EDGE ( 'NONE', *, *, #3379, .F. ) ;
#3379 = EDGE_CURVE ( 'NONE', #3380, #3381, #7806, .T. ) ;
#3380 = VERTEX_POINT ( 'NONE', #7804 ) ;
#3381 = VERTEX_POINT ( 'NONE', #7807 ) ;
#3382 = ORIENTED_EDGE ( 'NONE', *, *, #3383, .T. ) ;
#3383 = EDGE_CURVE ( 'NONE', #3380, #3384, #7805, .T. ) ;
#3384 = VERTEX_POINT ( 'NONE', #7840 ) ;
#3385 = ORIENTED_EDGE ( 'NONE', *, *, #3386, .T. ) ;
#3386 = EDGE_CURVE ( 'NONE', #3384, #2515, #7839, .T. ) ;
#3387 = EDGE_CURVE ( 'NONE', #3395, #3388, #7829, .T. ) ;
#3388 = VERTEX_POINT ( 'NONE', #7825 ) ;
#3389 = ORIENTED_EDGE ( 'NONE', *, *, #3390, .F. ) ;
#3390 = EDGE_CURVE ( 'NONE', #3403, #3445, #7824, .T. ) ;
#3391 = ADVANCED_FACE ( 'NONE', ( #7820 ), #7873, .F. ) ;
#3392 = EDGE_CURVE ( 'NONE', #3388, #3445, #7874, .T. ) ;
#3393 = ORIENTED_EDGE ( 'NONE', *, *, #3387, .T. ) ;
#3394 = EDGE_CURVE ( 'NONE', #3395, #3403, #7864, .T. ) ;
#3395 = VERTEX_POINT ( 'NONE', #7859 ) ;
#3396 = ORIENTED_EDGE ( 'NONE', *, *, #3397, .F. ) ;
#3397 = EDGE_CURVE ( 'NONE', #3398, #3436, #7858, .T. ) ;
#3398 = VERTEX_POINT ( 'NONE', #7854 ) ;
#3399 = ORIENTED_EDGE ( 'NONE', *, *, #3400, .T. ) ;
#3400 = EDGE_CURVE ( 'NONE', #3398, #3401, #7853, .T. ) ;
#3401 = VERTEX_POINT ( 'NONE', #7848 ) ;
#3402 = ORIENTED_EDGE ( 'NONE', *, *, #3458, .T. ) ;
#3403 = VERTEX_POINT ( 'NONE', #7847 ) ;
#3404 = EDGE_LOOP ( 'NONE', ( #3405, #3406, #3409, #3412, #3329, #3431, #3434, #3396, #3399, #3402, #3371, #3374, #3449, #3452, #3490, #3492, #3493, #3496 ) ) ;
#3405 = ORIENTED_EDGE ( 'NONE', *, *, #2809, .T. ) ;
#3406 = ORIENTED_EDGE ( 'NONE', *, *, #3407, .T. ) ;
#3407 = EDGE_CURVE ( 'NONE', #2807, #3408, #7846, .T. ) ;
#3408 = VERTEX_POINT ( 'NONE', #7900 ) ;
#3409 = ORIENTED_EDGE ( 'NONE', *, *, #3410, .T. ) ;
#3410 = EDGE_CURVE ( 'NONE', #3408, #3411, #7899, .T. ) ;
#3411 = VERTEX_POINT ( 'NONE', #7894 ) ;
#3412 = ORIENTED_EDGE ( 'NONE', *, *, #3413, .T. ) ;
#3413 = EDGE_CURVE ( 'NONE', #3411, #3328, #7893, .T. ) ;
#3414 = EDGE_CURVE ( 'NONE', #3415, #3416, #7889, .T. ) ;
#3415 = VERTEX_POINT ( 'NONE', #7884 ) ;
#3416 = VERTEX_POINT ( 'NONE', #7883 ) ;
#3417 = ORIENTED_EDGE ( 'NONE', *, *, #3418, .T. ) ;
#3418 = EDGE_CURVE ( 'NONE', #3415, #3419, #7882, .T. ) ;
#3419 = VERTEX_POINT ( 'NONE', #7878 ) ;
#3420 = ORIENTED_EDGE ( 'NONE', *, *, #3421, .T. ) ;
#3421 = EDGE_CURVE ( 'NONE', #3419, #3422, #7875, .T. ) ;
#3422 = VERTEX_POINT ( 'NONE', #7877 ) ;
#3423 = ORIENTED_EDGE ( 'NONE', *, *, #3424, .F. ) ;
#3424 = EDGE_CURVE ( 'NONE', #3425, #3422, #7876, .T. ) ;
#3425 = VERTEX_POINT ( 'NONE', #7912 ) ;
#3426 = ORIENTED_EDGE ( 'NONE', *, *, #3427, .F. ) ;
#3427 = EDGE_CURVE ( 'NONE', #3416, #3425, #7909, .T. ) ;
#3428 = ADVANCED_FACE ( 'NONE', ( #7911 ), #7910, .F. ) ;
#3429 = EDGE_CURVE ( 'NONE', #3328, #3430, #7953, .T. ) ;
#3430 = VERTEX_POINT ( 'NONE', #7945 ) ;
#3431 = ORIENTED_EDGE ( 'NONE', *, *, #3432, .T. ) ;
#3432 = EDGE_CURVE ( 'NONE', #3430, #3433, #7944, .T. ) ;
#3433 = VERTEX_POINT ( 'NONE', #7940 ) ;
#3434 = ORIENTED_EDGE ( 'NONE', *, *, #3435, .T. ) ;
#3435 = EDGE_CURVE ( 'NONE', #3433, #3436, #7939, .T. ) ;
#3436 = VERTEX_POINT ( 'NONE', #7934 ) ;
#3437 = VERTEX_POINT ( 'NONE', #7933 ) ;
#3438 = ORIENTED_EDGE ( 'NONE', *, *, #3439, .T. ) ;
#3439 = EDGE_CURVE ( 'NONE', #3457, #3440, #7932, .T. ) ;
#3440 = VERTEX_POINT ( 'NONE', #7928 ) ;
#3441 = ORIENTED_EDGE ( 'NONE', *, *, #3442, .T. ) ;
#3442 = EDGE_CURVE ( 'NONE', #3440, #3443, #7927, .T. ) ;
#3443 = VERTEX_POINT ( 'NONE', #7975 ) ;
#3444 = ORIENTED_EDGE ( 'NONE', *, *, #3392, .T. ) ;
#3445 = VERTEX_POINT ( 'NONE', #7974 ) ;
#3446 = ORIENTED_EDGE ( 'NONE', *, *, #3447, .F. ) ;
#3447 = EDGE_CURVE ( 'NONE', #3437, #3443, #7973, .T. ) ;
#3448 = ADVANCED_FACE ( 'NONE', ( #7969 ), #7968, .F. ) ;
#3449 = ORIENTED_EDGE ( 'NONE', *, *, #3450, .T. ) ;
#3450 = EDGE_CURVE ( 'NONE', #3376, #3451, #7963, .T. ) ;
#3451 = VERTEX_POINT ( 'NONE', #7962 ) ;
#3452 = ORIENTED_EDGE ( 'NONE', *, *, #3453, .T. ) ;
#3453 = EDGE_CURVE ( 'NONE', #3451, #3489, #7955, .T. ) ;
#3454 = EDGE_LOOP ( 'NONE', ( #3455, #3438, #3441, #3446 ) ) ;
#3455 = ORIENTED_EDGE ( 'NONE', *, *, #3456, .F. ) ;
#3456 = EDGE_CURVE ( 'NONE', #3457, #3437, #7998, .T. ) ;
#3457 = VERTEX_POINT ( 'NONE', #7993 ) ;
#3458 = EDGE_CURVE ( 'NONE', #3401, #3370, #7992, .T. ) ;
#3459 = ORIENTED_EDGE ( 'NONE', *, *, #3460, .T. ) ;
#3460 = EDGE_CURVE ( 'NONE', #2515, #3565, #7987, .T. ) ;
#3461 = ORIENTED_EDGE ( 'NONE', *, *, #3581, .F. ) ;
#3462 = ORIENTED_EDGE ( 'NONE', *, *, #3576, .F. ) ;
#3463 = ORIENTED_EDGE ( 'NONE', *, *, #3464, .F. ) ;
#3464 = EDGE_CURVE ( 'NONE', #3501, #3574, #8030, .T. ) ;
#3465 = ADVANCED_FACE ( 'NONE', ( #8032 ), #8031, .F. ) ;
#3466 = EDGE_LOOP ( 'NONE', ( #3467, #3468, #3471, #3695 ) ) ;
#3467 = ORIENTED_EDGE ( 'NONE', *, *, #3522, .F. ) ;
#3468 = ORIENTED_EDGE ( 'NONE', *, *, #3469, .T. ) ;
#3469 = EDGE_CURVE ( 'NONE', #3520, #3470, #8013, .T. ) ;
#3470 = VERTEX_POINT ( 'NONE', #8009 ) ;
#3471 = ORIENTED_EDGE ( 'NONE', *, *, #3472, .T. ) ;
#3472 = EDGE_CURVE ( 'NONE', #3470, #3473, #8008, .T. ) ;
#3473 = VERTEX_POINT ( 'NONE', #8003 ) ;
#3474 = EDGE_CURVE ( 'NONE', #3562, #3568, #8058, .T. ) ;
#3475 = ADVANCED_FACE ( 'NONE', ( #8054 ), #8053, .F. ) ;
#3476 = ORIENTED_EDGE ( 'NONE', *, *, #3477, .F. ) ;
#3477 = EDGE_CURVE ( 'NONE', #3478, #3479, #8048, .T. ) ;
#3478 = VERTEX_POINT ( 'NONE', #8047 ) ;
#3479 = VERTEX_POINT ( 'NONE', #8046 ) ;
#3480 = ORIENTED_EDGE ( 'NONE', *, *, #3481, .T. ) ;
#3481 = EDGE_CURVE ( 'NONE', #3478, #3482, #8036, .T. ) ;
#3482 = VERTEX_POINT ( 'NONE', #8076 ) ;
#3483 = ORIENTED_EDGE ( 'NONE', *, *, #3484, .T. ) ;
#3484 = EDGE_CURVE ( 'NONE', #3482, #3485, #8075, .T. ) ;
#3485 = VERTEX_POINT ( 'NONE', #8074 ) ;
#3486 = ORIENTED_EDGE ( 'NONE', *, *, #3487, .F. ) ;
#3487 = EDGE_CURVE ( 'NONE', #3479, #3485, #8073, .T. ) ;
#3488 = EDGE_LOOP ( 'NONE', ( #3542, #3546, #3549 ) ) ;
#3489 = VERTEX_POINT ( 'NONE', #8060 ) ;
#3490 = ORIENTED_EDGE ( 'NONE', *, *, #3491, .T. ) ;
#3491 = EDGE_CURVE ( 'NONE', #3489, #10152, #8059, .T. ) ;
#3492 = ORIENTED_EDGE ( 'NONE', *, *, #10158, .T. ) ;
#3493 = ORIENTED_EDGE ( 'NONE', *, *, #3494, .T. ) ;
#3494 = EDGE_CURVE ( 'NONE', #10154, #3495, #8093, .T. ) ;
#3495 = VERTEX_POINT ( 'NONE', #8095 ) ;
#3496 = ORIENTED_EDGE ( 'NONE', *, *, #3497, .T. ) ;
#3497 = EDGE_CURVE ( 'NONE', #3495, #2810, #8094, .T. ) ;
#3498 = ADVANCED_FACE ( 'NONE', ( #8085 ), #8083, .F. ) ;
#3499 = EDGE_LOOP ( 'NONE', ( #3500, #3417, #3420, #3423, #3426 ) ) ;
#3500 = ORIENTED_EDGE ( 'NONE', *, *, #3414, .F. ) ;
#3501 = VERTEX_POINT ( 'NONE', #8084 ) ;
#3502 = ORIENTED_EDGE ( 'NONE', *, *, #3516, .F. ) ;
#3503 = ADVANCED_FACE ( 'NONE', ( #8078 ), #8077, .F. ) ;
#3504 = EDGE_LOOP ( 'NONE', ( #3505, #3506, #3508, #3509 ) ) ;
#3505 = ORIENTED_EDGE ( 'NONE', *, *, #3481, .F. ) ;
#3506 = ORIENTED_EDGE ( 'NONE', *, *, #3507, .F. ) ;
#3507 = EDGE_CURVE ( 'NONE', #3562, #3478, #8117, .T. ) ;
#3508 = ORIENTED_EDGE ( 'NONE', *, *, #3474, .T. ) ;
#3509 = ORIENTED_EDGE ( 'NONE', *, *, #3510, .T. ) ;
#3510 = EDGE_CURVE ( 'NONE', #3568, #3482, #8107, .T. ) ;
#3511 = ADVANCED_FACE ( 'NONE', ( #8106 ), #8105, .F. ) ;
#3512 = EDGE_LOOP ( 'NONE', ( #3513, #3514, #3571, #3572, #3575 ) ) ;
#3513 = ORIENTED_EDGE ( 'NONE', *, *, #3547, .F. ) ;
#3514 = ORIENTED_EDGE ( 'NONE', *, *, #3515, .F. ) ;
#3515 = EDGE_CURVE ( 'NONE', #3479, #3544, #8133, .T. ) ;
#3516 = EDGE_CURVE ( 'NONE', #3517, #3501, #8123, .T. ) ;
#3517 = VERTEX_POINT ( 'NONE', #8122 ) ;
#3518 = ORIENTED_EDGE ( 'NONE', *, *, #3519, .T. ) ;
#3519 = EDGE_CURVE ( 'NONE', #3517, #3520, #8148, .T. ) ;
#3520 = VERTEX_POINT ( 'NONE', #8144 ) ;
#3521 = ORIENTED_EDGE ( 'NONE', *, *, #3522, .T. ) ;
#3522 = EDGE_CURVE ( 'NONE', #3520, #3523, #8183, .T. ) ;
#3523 = VERTEX_POINT ( 'NONE', #8178 ) ;
#3524 = ORIENTED_EDGE ( 'NONE', *, *, #3525, .F. ) ;
#3525 = EDGE_CURVE ( 'NONE', #3526, #3523, #8177, .T. ) ;
#3526 = VERTEX_POINT ( 'NONE', #8215 ) ;
#3527 = ORIENTED_EDGE ( 'NONE', *, *, #3528, .F. ) ;
#3528 = EDGE_CURVE ( 'NONE', #3545, #3526, #8212, .T. ) ;
#3529 = ADVANCED_FACE ( 'NONE', ( #8214 ), #8213, .F. ) ;
#3530 = EDGE_LOOP ( 'NONE', ( #3461, #3462, #3463 ) ) ;
#3531 = EDGE_CURVE ( 'NONE', #3425, #3380, #8238, .T. ) ;
#3532 = ORIENTED_EDGE ( 'NONE', *, *, #3424, .T. ) ;
#3533 = ORIENTED_EDGE ( 'NONE', *, *, #3534, .T. ) ;
#3534 = EDGE_CURVE ( 'NONE', #3422, #3384, #8228, .T. ) ;
#3535 = ADVANCED_FACE ( 'NONE', ( #8227 ), #8226, .F. ) ;
#3536 = EDGE_LOOP ( 'NONE', ( #3537, #3538, #3540, #3459 ) ) ;
#3537 = ORIENTED_EDGE ( 'NONE', *, *, #3564, .F. ) ;
#3538 = ORIENTED_EDGE ( 'NONE', *, *, #3539, .F. ) ;
#3539 = EDGE_CURVE ( 'NONE', #3381, #3561, #8254, .T. ) ;
#3540 = ORIENTED_EDGE ( 'NONE', *, *, #3556, .T. ) ;
#3541 = ADVANCED_FACE ( 'NONE', ( #8253 ), #8252, .F. ) ;
#3542 = ORIENTED_EDGE ( 'NONE', *, *, #3543, .F. ) ;
#3543 = EDGE_CURVE ( 'NONE', #3544, #3545, #8285, .T. ) ;
#3544 = VERTEX_POINT ( 'NONE', #8287 ) ;
#3545 = VERTEX_POINT ( 'NONE', #8286 ) ;
#3546 = ORIENTED_EDGE ( 'NONE', *, *, #3547, .T. ) ;
#3547 = EDGE_CURVE ( 'NONE', #3544, #3548, #8277, .T. ) ;
#3548 = VERTEX_POINT ( 'NONE', #8273 ) ;
#3549 = ORIENTED_EDGE ( 'NONE', *, *, #3550, .T. ) ;
#3550 = EDGE_CURVE ( 'NONE', #3548, #3545, #8272, .T. ) ;
#3551 = ADVANCED_FACE ( 'NONE', ( #8267 ), #8266, .F. ) ;
#3552 = EDGE_LOOP ( 'NONE', ( #3553, #3554, #3532, #3533 ) ) ;
#3553 = ORIENTED_EDGE ( 'NONE', *, *, #3383, .F. ) ;
#3554 = ORIENTED_EDGE ( 'NONE', *, *, #3531, .F. ) ;
#3555 = ORIENTED_EDGE ( 'NONE', *, *, #3556, .F. ) ;
#3556 = EDGE_CURVE ( 'NONE', #3381, #2515, #8265, .T. ) ;
#3557 = ADVANCED_FACE ( 'NONE', ( #8310 ), #8309, .F. ) ;
#3558 = EDGE_LOOP ( 'NONE', ( #3559, #3563, #3566, #3569 ) ) ;
#3559 = ORIENTED_EDGE ( 'NONE', *, *, #3560, .F. ) ;
#3560 = EDGE_CURVE ( 'NONE', #3561, #3562, #8304, .T. ) ;
#3561 = VERTEX_POINT ( 'NONE', #8303 ) ;
#3562 = VERTEX_POINT ( 'NONE', #8302 ) ;
#3563 = ORIENTED_EDGE ( 'NONE', *, *, #3564, .T. ) ;
#3564 = EDGE_CURVE ( 'NONE', #3561, #3565, #8292, .T. ) ;
#3565 = VERTEX_POINT ( 'NONE', #8288 ) ;
#3566 = ORIENTED_EDGE ( 'NONE', *, *, #3567, .T. ) ;
#3567 = EDGE_CURVE ( 'NONE', #3565, #3568, #8331, .T. ) ;
#3568 = VERTEX_POINT ( 'NONE', #8330 ) ;
#3569 = ORIENTED_EDGE ( 'NONE', *, *, #3474, .F. ) ;
#3570 = EDGE_LOOP ( 'NONE', ( #3476, #3480, #3483, #3486 ) ) ;
#3571 = ORIENTED_EDGE ( 'NONE', *, *, #3487, .T. ) ;
#3572 = ORIENTED_EDGE ( 'NONE', *, *, #3573, .T. ) ;
#3573 = EDGE_CURVE ( 'NONE', #3485, #3574, #8320, .T. ) ;
#3574 = VERTEX_POINT ( 'NONE', #8319 ) ;
#3575 = ORIENTED_EDGE ( 'NONE', *, *, #3576, .T. ) ;
#3576 = EDGE_CURVE ( 'NONE', #3574, #3548, #8357, .T. ) ;
#3577 = ADVANCED_FACE ( 'NONE', ( #8353 ), #8352, .F. ) ;
#3578 = EDGE_LOOP ( 'NONE', ( #3579, #3580, #3502, #3518, #3521, #3524, #3527 ) ) ;
#3579 = ORIENTED_EDGE ( 'NONE', *, *, #3550, .F. ) ;
#3580 = ORIENTED_EDGE ( 'NONE', *, *, #3581, .T. ) ;
#3581 = EDGE_CURVE ( 'NONE', #3548, #3501, #8347, .T. ) ;
#3582 = ORIENTED_EDGE ( 'NONE', *, *, #3583, .F. ) ;
#3583 = EDGE_CURVE ( 'NONE', #3684, #3705, #8343, .T. ) ;
#3584 = ADVANCED_FACE ( 'NONE', ( #8339 ), #8337, .F. ) ;
#3585 = EDGE_LOOP ( 'NONE', ( #3586, #3590, #3593, #3596 ) ) ;
#3586 = ORIENTED_EDGE ( 'NONE', *, *, #3587, .F. ) ;
#3587 = EDGE_CURVE ( 'NONE', #3588, #3589, #8332, .T. ) ;
#3588 = VERTEX_POINT ( 'NONE', #8391 ) ;
#3589 = VERTEX_POINT ( 'NONE', #8390 ) ;
#3590 = ORIENTED_EDGE ( 'NONE', *, *, #3591, .T. ) ;
#3591 = EDGE_CURVE ( 'NONE', #3588, #3592, #8389, .T. ) ;
#3592 = VERTEX_POINT ( 'NONE', #8385 ) ;
#3593 = ORIENTED_EDGE ( 'NONE', *, *, #3594, .T. ) ;
#3594 = EDGE_CURVE ( 'NONE', #3592, #3595, #8384, .T. ) ;
#3595 = VERTEX_POINT ( 'NONE', #8379 ) ;
#3596 = ORIENTED_EDGE ( 'NONE', *, *, #3597, .F. ) ;
#3597 = EDGE_CURVE ( 'NONE', #3589, #3595, #8378, .T. ) ;
#3598 = ADVANCED_FACE ( 'NONE', ( #8374 ), #8372, .F. ) ;
#3599 = EDGE_LOOP ( 'NONE', ( #3600, #3604, #3607, #3610, #3637, #3611 ) ) ;
#3600 = ORIENTED_EDGE ( 'NONE', *, *, #3601, .T. ) ;
#3601 = EDGE_CURVE ( 'NONE', #3602, #3603, #8373, .T. ) ;
#3602 = VERTEX_POINT ( 'NONE', #8364 ) ;
#3603 = VERTEX_POINT ( 'NONE', #8363 ) ;
#3604 = ORIENTED_EDGE ( 'NONE', *, *, #3605, .T. ) ;
#3605 = EDGE_CURVE ( 'NONE', #3603, #3606, #8426, .T. ) ;
#3606 = VERTEX_POINT ( 'NONE', #8422 ) ;
#3607 = ORIENTED_EDGE ( 'NONE', *, *, #3608, .T. ) ;
#3608 = EDGE_CURVE ( 'NONE', #3606, #3609, #8421, .T. ) ;
#3609 = VERTEX_POINT ( 'NONE', #8416 ) ;
#3610 = ORIENTED_EDGE ( 'NONE', *, *, #3635, .F. ) ;
#3611 = ORIENTED_EDGE ( 'NONE', *, *, #3612, .F. ) ;
#3612 = EDGE_CURVE ( 'NONE', #3602, #3639, #8415, .T. ) ;
#3613 = ADVANCED_FACE ( 'NONE', ( #8410 ), #8409, .F. ) ;
#3614 = EDGE_LOOP ( 'NONE', ( #3615, #3618, #3619, #3622 ) ) ;
#3615 = ORIENTED_EDGE ( 'NONE', *, *, #3616, .F. ) ;
#3616 = EDGE_CURVE ( 'NONE', #3636, #3617, #8408, .T. ) ;
#3617 = VERTEX_POINT ( 'NONE', #8399 ) ;
#3618 = ORIENTED_EDGE ( 'NONE', *, *, #3635, .T. ) ;
#3619 = ORIENTED_EDGE ( 'NONE', *, *, #3620, .T. ) ;
#3620 = EDGE_CURVE ( 'NONE', #3609, #3621, #8397, .T. ) ;
#3621 = VERTEX_POINT ( 'NONE', #8456 ) ;
#3622 = ORIENTED_EDGE ( 'NONE', *, *, #3623, .F. ) ;
#3623 = EDGE_CURVE ( 'NONE', #3617, #3621, #8455, .T. ) ;
#3624 = EDGE_CURVE ( 'NONE', #3648, #3625, #8451, .T. ) ;
#3625 = VERTEX_POINT ( 'NONE', #8446 ) ;
#3626 = ORIENTED_EDGE ( 'NONE', *, *, #3627, .F. ) ;
#3627 = EDGE_CURVE ( 'NONE', #3653, #3625, #8445, .T. ) ;
#3628 = ORIENTED_EDGE ( 'NONE', *, *, #3652, .T. ) ;
#3629 = ORIENTED_EDGE ( 'NONE', *, *, #3630, .F. ) ;
#3630 = EDGE_CURVE ( 'NONE', #3631, #3654, #8441, .T. ) ;
#3631 = VERTEX_POINT ( 'NONE', #8437 ) ;
#3632 = ORIENTED_EDGE ( 'NONE', *, *, #3633, .F. ) ;
#3633 = EDGE_CURVE ( 'NONE', #3634, #3631, #8436, .T. ) ;
#3634 = VERTEX_POINT ( 'NONE', #8431 ) ;
#3635 = EDGE_CURVE ( 'NONE', #3636, #3609, #8430, .T. ) ;
#3636 = VERTEX_POINT ( 'NONE', #8488 ) ;
#3637 = ORIENTED_EDGE ( 'NONE', *, *, #3638, .F. ) ;
#3638 = EDGE_CURVE ( 'NONE', #3639, #3636, #8487, .T. ) ;
#3639 = VERTEX_POINT ( 'NONE', #8483 ) ;
#3640 = EDGE_CURVE ( 'NONE', #3523, #3473, #8482, .T. ) ;
#3641 = ADVANCED_FACE ( 'NONE', ( #8478 ), #8477, .F. ) ;
#3642 = ORIENTED_EDGE ( 'NONE', *, *, #3643, .F. ) ;
#3643 = EDGE_CURVE ( 'NONE', #3636, #3692, #8476, .T. ) ;
#3644 = ADVANCED_FACE ( 'NONE', ( #8468 ), #8467, .F. ) ;
#3645 = EDGE_LOOP ( 'NONE', ( #3646, #3647, #3707, #3626, #3628, #3629, #3632, #3697 ) ) ;
#3646 = ORIENTED_EDGE ( 'NONE', *, *, #3691, .T. ) ;
#3647 = ORIENTED_EDGE ( 'NONE', *, *, #3706, .T. ) ;
#3648 = VERTEX_POINT ( 'NONE', #8462 ) ;
#3649 = ADVANCED_FACE ( 'NONE', ( #8461 ), #8460, .T. ) ;
#3650 = EDGE_LOOP ( 'NONE', ( #3651, #3655, #3658, #3660 ) ) ;
#3651 = ORIENTED_EDGE ( 'NONE', *, *, #3652, .F. ) ;
#3652 = EDGE_CURVE ( 'NONE', #3653, #3654, #8520, .T. ) ;
#3653 = VERTEX_POINT ( 'NONE', #8515 ) ;
#3654 = VERTEX_POINT ( 'NONE', #8514 ) ;
#3655 = ORIENTED_EDGE ( 'NONE', *, *, #3656, .T. ) ;
#3656 = EDGE_CURVE ( 'NONE', #3653, #3657, #8513, .T. ) ;
#3657 = VERTEX_POINT ( 'NONE', #8509 ) ;
#3658 = ORIENTED_EDGE ( 'NONE', *, *, #3659, .T. ) ;
#3659 = EDGE_CURVE ( 'NONE', #3657, #3603, #8507, .T. ) ;
#3660 = ORIENTED_EDGE ( 'NONE', *, *, #3661, .F. ) ;
#3661 = EDGE_CURVE ( 'NONE', #3654, #3603, #8508, .T. ) ;
#3662 = ADVANCED_FACE ( 'NONE', ( #8499 ), #8498, .T. ) ;
#3663 = EDGE_LOOP ( 'NONE', ( #3686, #3687, #3690, #3642 ) ) ;
#3664 = EDGE_CURVE ( 'NONE', #3685, #3705, #8493, .T. ) ;
#3665 = ORIENTED_EDGE ( 'NONE', *, *, #3743, .T. ) ;
#3666 = ORIENTED_EDGE ( 'NONE', *, *, #3612, .T. ) ;
#3667 = ORIENTED_EDGE ( 'NONE', *, *, #3668, .T. ) ;
#3668 = EDGE_CURVE ( 'NONE', #3724, #3717, #8552, .T. ) ;
#3669 = EDGE_LOOP ( 'NONE', ( #3670, #3674, #3677, #3680 ) ) ;
#3670 = ORIENTED_EDGE ( 'NONE', *, *, #3671, .T. ) ;
#3671 = EDGE_CURVE ( 'NONE', #3672, #3673, #8548, .T. ) ;
#3672 = VERTEX_POINT ( 'NONE', #8544 ) ;
#3673 = VERTEX_POINT ( 'NONE', #8543 ) ;
#3674 = ORIENTED_EDGE ( 'NONE', *, *, #3675, .T. ) ;
#3675 = EDGE_CURVE ( 'NONE', #3673, #3676, #8542, .T. ) ;
#3676 = VERTEX_POINT ( 'NONE', #8538 ) ;
#3677 = ORIENTED_EDGE ( 'NONE', *, *, #3678, .T. ) ;
#3678 = EDGE_CURVE ( 'NONE', #3676, #3679, #8537, .T. ) ;
#3679 = VERTEX_POINT ( 'NONE', #8533 ) ;
#3680 = ORIENTED_EDGE ( 'NONE', *, *, #3681, .T. ) ;
#3681 = EDGE_CURVE ( 'NONE', #3679, #3672, #8532, .T. ) ;
#3682 = EDGE_LOOP ( 'NONE', ( #3821, #3822, #3824, #3825 ) ) ;
#3683 = EDGE_CURVE ( 'NONE', #3694, #3684, #8528, .T. ) ;
#3684 = VERTEX_POINT ( 'NONE', #8523 ) ;
#3685 = VERTEX_POINT ( 'NONE', #8522 ) ;
#3686 = ORIENTED_EDGE ( 'NONE', *, *, #3616, .T. ) ;
#3687 = ORIENTED_EDGE ( 'NONE', *, *, #3688, .T. ) ;
#3688 = EDGE_CURVE ( 'NONE', #3617, #3689, #8583, .T. ) ;
#3689 = VERTEX_POINT ( 'NONE', #8579 ) ;
#3690 = ORIENTED_EDGE ( 'NONE', *, *, #3691, .F. ) ;
#3691 = EDGE_CURVE ( 'NONE', #3692, #3689, #8578, .T. ) ;
#3692 = VERTEX_POINT ( 'NONE', #8573 ) ;
#3693 = ORIENTED_EDGE ( 'NONE', *, *, #3683, .F. ) ;
#3694 = VERTEX_POINT ( 'NONE', #8572 ) ;
#3695 = ORIENTED_EDGE ( 'NONE', *, *, #3640, .F. ) ;
#3696 = EDGE_LOOP ( 'NONE', ( #3693, #3702, #3704, #3582 ) ) ;
#3697 = ORIENTED_EDGE ( 'NONE', *, *, #3698, .T. ) ;
#3698 = EDGE_CURVE ( 'NONE', #3634, #3692, #8571, .T. ) ;
#3699 = ADVANCED_FACE ( 'NONE', ( #8567 ), #8566, .F. ) ;
#3700 = EDGE_LOOP ( 'NONE', ( #3701, #3777, #3778, #3780 ) ) ;
#3701 = ORIENTED_EDGE ( 'NONE', *, *, #3643, .T. ) ;
#3702 = ORIENTED_EDGE ( 'NONE', *, *, #3703, .T. ) ;
#3703 = EDGE_CURVE ( 'NONE', #3694, #3685, #8561, .T. ) ;
#3704 = ORIENTED_EDGE ( 'NONE', *, *, #3664, .T. ) ;
#3705 = VERTEX_POINT ( 'NONE', #8557 ) ;
#3706 = EDGE_CURVE ( 'NONE', #3689, #3648, #8556, .T. ) ;
#3707 = ORIENTED_EDGE ( 'NONE', *, *, #3624, .T. ) ;
#3708 = ORIENTED_EDGE ( 'NONE', *, *, #3738, .T. ) ;
#3709 = EDGE_LOOP ( 'NONE', ( #3740, #3741, #3742, #3744 ) ) ;
#3710 = ORIENTED_EDGE ( 'NONE', *, *, #3450, .F. ) ;
#3711 = ORIENTED_EDGE ( 'NONE', *, *, #3712, .F. ) ;
#3712 = EDGE_CURVE ( 'NONE', #3759, #3376, #8612, .T. ) ;
#3713 = ADVANCED_FACE ( 'NONE', ( #8611, #8610 ), #8609, .F. ) ;
#3714 = EDGE_LOOP ( 'NONE', ( #3715, #3719, #3722, #3667 ) ) ;
#3715 = ORIENTED_EDGE ( 'NONE', *, *, #3716, .T. ) ;
#3716 = EDGE_CURVE ( 'NONE', #3717, #3718, #8599, .T. ) ;
#3717 = VERTEX_POINT ( 'NONE', #8595 ) ;
#3718 = VERTEX_POINT ( 'NONE', #8594 ) ;
#3719 = ORIENTED_EDGE ( 'NONE', *, *, #3720, .F. ) ;
#3720 = EDGE_CURVE ( 'NONE', #3721, #3718, #8593, .T. ) ;
#3721 = VERTEX_POINT ( 'NONE', #8589 ) ;
#3722 = ORIENTED_EDGE ( 'NONE', *, *, #3723, .F. ) ;
#3723 = EDGE_CURVE ( 'NONE', #3724, #3721, #8588, .T. ) ;
#3724 = VERTEX_POINT ( 'NONE', #8584 ) ;
#3725 = EDGE_CURVE ( 'NONE', #3684, #3694, #8647, .T. ) ;
#3726 = ORIENTED_EDGE ( 'NONE', *, *, #3583, .T. ) ;
#3727 = ORIENTED_EDGE ( 'NONE', *, *, #3728, .T. ) ;
#3728 = EDGE_CURVE ( 'NONE', #3705, #3685, #8642, .T. ) ;
#3729 = ADVANCED_FACE ( 'NONE', ( #8638, #8637, #8636 ), #8635, .T. ) ;
#3730 = EDGE_LOOP ( 'NONE', ( #3731, #3732, #3733, #3734, #3735, #3736 ) ) ;
#3731 = ORIENTED_EDGE ( 'NONE', *, *, #3738, .F. ) ;
#3732 = ORIENTED_EDGE ( 'NONE', *, *, #3751, .F. ) ;
#3733 = ORIENTED_EDGE ( 'NONE', *, *, #3624, .F. ) ;
#3734 = ORIENTED_EDGE ( 'NONE', *, *, #3770, .F. ) ;
#3735 = ORIENTED_EDGE ( 'NONE', *, *, #3620, .F. ) ;
#3736 = ORIENTED_EDGE ( 'NONE', *, *, #3608, .F. ) ;
#3737 = EDGE_LOOP ( 'NONE', ( #3838, #3865, #3840, #3845 ) ) ;
#3738 = EDGE_CURVE ( 'NONE', #3787, #3606, #8630, .T. ) ;
#3739 = ADVANCED_FACE ( 'NONE', ( #8625 ), #8624, .F. ) ;
#3740 = ORIENTED_EDGE ( 'NONE', *, *, #3661, .T. ) ;
#3741 = ORIENTED_EDGE ( 'NONE', *, *, #3601, .F. ) ;
#3742 = ORIENTED_EDGE ( 'NONE', *, *, #3743, .F. ) ;
#3743 = EDGE_CURVE ( 'NONE', #3631, #3602, #8619, .T. ) ;
#3744 = ORIENTED_EDGE ( 'NONE', *, *, #3630, .T. ) ;
#3745 = ADVANCED_FACE ( 'NONE', ( #8615 ), #8614, .F. ) ;
#3746 = EDGE_LOOP ( 'NONE', ( #3747, #3665, #3666, #3765 ) ) ;
#3747 = ORIENTED_EDGE ( 'NONE', *, *, #3633, .T. ) ;
#3748 = EDGE_LOOP ( 'NONE', ( #3749, #3750, #3726, #3727 ) ) ;
#3749 = ORIENTED_EDGE ( 'NONE', *, *, #3703, .F. ) ;
#3750 = ORIENTED_EDGE ( 'NONE', *, *, #3725, .F. ) ;
#3751 = EDGE_CURVE ( 'NONE', #3625, #3787, #8657, .T. ) ;
#3752 = ORIENTED_EDGE ( 'NONE', *, *, #3786, .F. ) ;
#3753 = ORIENTED_EDGE ( 'NONE', *, *, #3656, .F. ) ;
#3754 = ADVANCED_FACE ( 'NONE', ( #8653 ), #8652, .T. ) ;
#3755 = EDGE_LOOP ( 'NONE', ( #3756, #3760, #3763, #3710, #3711 ) ) ;
#3756 = ORIENTED_EDGE ( 'NONE', *, *, #3757, .F. ) ;
#3757 = EDGE_CURVE ( 'NONE', #3758, #3759, #8651, .T. ) ;
#3758 = VERTEX_POINT ( 'NONE', #8692 ) ;
#3759 = VERTEX_POINT ( 'NONE', #8691 ) ;
#3760 = ORIENTED_EDGE ( 'NONE', *, *, #3761, .T. ) ;
#3761 = EDGE_CURVE ( 'NONE', #3758, #3762, #8682, .T. ) ;
#3762 = VERTEX_POINT ( 'NONE', #8677 ) ;
#3763 = ORIENTED_EDGE ( 'NONE', *, *, #3764, .F. ) ;
#3764 = EDGE_CURVE ( 'NONE', #3451, #3762, #8674, .T. ) ;
#3765 = ORIENTED_EDGE ( 'NONE', *, *, #3779, .T. ) ;
#3766 = ADVANCED_FACE ( 'NONE', ( #8676 ), #8673, .F. ) ;
#3767 = EDGE_LOOP ( 'NONE', ( #3768, #3769, #3771, #3772 ) ) ;
#3768 = ORIENTED_EDGE ( 'NONE', *, *, #3623, .T. ) ;
#3769 = ORIENTED_EDGE ( 'NONE', *, *, #3770, .T. ) ;
#3770 = EDGE_CURVE ( 'NONE', #3621, #3648, #8726, .T. ) ;
#3771 = ORIENTED_EDGE ( 'NONE', *, *, #3706, .F. ) ;
#3772 = ORIENTED_EDGE ( 'NONE', *, *, #3688, .F. ) ;
#3773 = ADVANCED_FACE ( 'NONE', ( #8722 ), #8721, .F. ) ;
#3774 = EDGE_LOOP ( 'NONE', ( #3775, #3776, #3752, #3753 ) ) ;
#3775 = ORIENTED_EDGE ( 'NONE', *, *, #3627, .T. ) ;
#3776 = ORIENTED_EDGE ( 'NONE', *, *, #3751, .T. ) ;
#3777 = ORIENTED_EDGE ( 'NONE', *, *, #3698, .F. ) ;
#3778 = ORIENTED_EDGE ( 'NONE', *, *, #3779, .F. ) ;
#3779 = EDGE_CURVE ( 'NONE', #3639, #3634, #8716, .T. ) ;
#3780 = ORIENTED_EDGE ( 'NONE', *, *, #3638, .T. ) ;
#3781 = ADVANCED_FACE ( 'NONE', ( #8712 ), #8711, .F. ) ;
#3782 = EDGE_LOOP ( 'NONE', ( #3783, #3784, #3785, #3708 ) ) ;
#3783 = ORIENTED_EDGE ( 'NONE', *, *, #3605, .F. ) ;
#3784 = ORIENTED_EDGE ( 'NONE', *, *, #3659, .F. ) ;
#3785 = ORIENTED_EDGE ( 'NONE', *, *, #3786, .T. ) ;
#3786 = EDGE_CURVE ( 'NONE', #3657, #3787, #8710, .T. ) ;
#3787 = VERTEX_POINT ( 'NONE', #8702 ) ;
#3788 = VERTEX_POINT ( 'NONE', #8701 ) ;
#3789 = ORIENTED_EDGE ( 'NONE', *, *, #3790, .F. ) ;
#3790 = EDGE_CURVE ( 'NONE', #3791, #3868, #8700, .T. ) ;
#3791 = VERTEX_POINT ( 'NONE', #8696 ) ;
#3792 = ORIENTED_EDGE ( 'NONE', *, *, #3793, .F. ) ;
#3793 = EDGE_CURVE ( 'NONE', #3794, #3791, #8695, .T. ) ;
#3794 = VERTEX_POINT ( 'NONE', #8755 ) ;
#3795 = ORIENTED_EDGE ( 'NONE', *, *, #3796, .F. ) ;
#3796 = EDGE_CURVE ( 'NONE', #3797, #3794, #8754, .T. ) ;
#3797 = VERTEX_POINT ( 'NONE', #8750 ) ;
#3798 = ORIENTED_EDGE ( 'NONE', *, *, #3848, .F. ) ;
#3799 = EDGE_LOOP ( 'NONE', ( #3800, #3801, #3803, #3804 ) ) ;
#3800 = ORIENTED_EDGE ( 'NONE', *, *, #3469, .F. ) ;
#3801 = ORIENTED_EDGE ( 'NONE', *, *, #3802, .F. ) ;
#3802 = EDGE_CURVE ( 'NONE', #3523, #3520, #8749, .T. ) ;
#3803 = ORIENTED_EDGE ( 'NONE', *, *, #3640, .T. ) ;
#3804 = ORIENTED_EDGE ( 'NONE', *, *, #3811, .T. ) ;
#3805 = ADVANCED_FACE ( 'NONE', ( #8744 ), #8743, .F. ) ;
#3806 = EDGE_LOOP ( 'NONE', ( #3807, #3814, #3816, #3857 ) ) ;
#3807 = ORIENTED_EDGE ( 'NONE', *, *, #3519, .F. ) ;
#3808 = ORIENTED_EDGE ( 'NONE', *, *, #3809, .F. ) ;
#3809 = EDGE_CURVE ( 'NONE', #3853, #3835, #8742, .T. ) ;
#3810 = ORIENTED_EDGE ( 'NONE', *, *, #3811, .F. ) ;
#3811 = EDGE_CURVE ( 'NONE', #3473, #3470, #8734, .T. ) ;
#3812 = ORIENTED_EDGE ( 'NONE', *, *, #3472, .F. ) ;
#3813 = ADVANCED_FACE ( 'NONE', ( #8729 ), #8727, .F. ) ;
#3814 = ORIENTED_EDGE ( 'NONE', *, *, #3815, .F. ) ;
#3815 = EDGE_CURVE ( 'NONE', #3526, #3517, #8792, .T. ) ;
#3816 = ORIENTED_EDGE ( 'NONE', *, *, #3525, .T. ) ;
#3817 = ORIENTED_EDGE ( 'NONE', *, *, #3818, .T. ) ;
#3818 = EDGE_CURVE ( 'NONE', #2754, #2753, #8793, .T. ) ;
#3819 = EDGE_LOOP ( 'NONE', ( #3843, #3789, #3792, #3795, #3798 ) ) ;
#3820 = ADVANCED_FACE ( 'NONE', ( #8814 ), #8813, .F. ) ;
#3821 = ORIENTED_EDGE ( 'NONE', *, *, #3591, .F. ) ;
#3822 = ORIENTED_EDGE ( 'NONE', *, *, #3823, .F. ) ;
#3823 = EDGE_CURVE ( 'NONE', #3589, #3588, #8807, .T. ) ;
#3824 = ORIENTED_EDGE ( 'NONE', *, *, #3597, .T. ) ;
#3825 = ORIENTED_EDGE ( 'NONE', *, *, #3826, .T. ) ;
#3826 = EDGE_CURVE ( 'NONE', #3595, #3592, #8802, .T. ) ;
#3827 = ADVANCED_FACE ( 'NONE', ( #8797 ), #8867, .F. ) ;
#3828 = ORIENTED_EDGE ( 'NONE', *, *, #3414, .T. ) ;
#3829 = EDGE_LOOP ( 'NONE', ( #3830, #3945 ) ) ;
#3830 = ORIENTED_EDGE ( 'NONE', *, *, #3831, .F. ) ;
#3831 = EDGE_CURVE ( 'NONE', #10143, #10161, #8862, .T. ) ;
#3832 = EDGE_LOOP ( 'NONE', ( #3909, #3911, #3828 ) ) ;
#3833 = ORIENTED_EDGE ( 'NONE', *, *, #3834, .F. ) ;
#3834 = EDGE_CURVE ( 'NONE', #3835, #3856, #8858, .T. ) ;
#3835 = VERTEX_POINT ( 'NONE', #8854 ) ;
#3836 = EDGE_LOOP ( 'NONE', ( #3810, #3812 ) ) ;
#3837 = EDGE_CURVE ( 'NONE', #3839, #3717, #8853, .T. ) ;
#3838 = ORIENTED_EDGE ( 'NONE', *, *, #3716, .F. ) ;
#3839 = VERTEX_POINT ( 'NONE', #8849 ) ;
#3840 = ORIENTED_EDGE ( 'NONE', *, *, #3866, .F. ) ;
#3841 = ORIENTED_EDGE ( 'NONE', *, *, #2752, .T. ) ;
#3842 = ADVANCED_FACE ( 'NONE', ( #8848, #8847, #8846 ), #8845, .T. ) ;
#3843 = ORIENTED_EDGE ( 'NONE', *, *, #3844, .F. ) ;
#3844 = EDGE_CURVE ( 'NONE', #3868, #3788, #8840, .T. ) ;
#3845 = ORIENTED_EDGE ( 'NONE', *, *, #3846, .F. ) ;
#3846 = EDGE_CURVE ( 'NONE', #3718, #3867, #8836, .T. ) ;
#3847 = EDGE_LOOP ( 'NONE', ( #3817, #3841 ) ) ;
#3848 = EDGE_CURVE ( 'NONE', #3788, #3797, #8894, .T. ) ;
#3849 = EDGE_LOOP ( 'NONE', ( #3850, #3854, #3833, #3808 ) ) ;
#3850 = ORIENTED_EDGE ( 'NONE', *, *, #3851, .F. ) ;
#3851 = EDGE_CURVE ( 'NONE', #3852, #3853, #8890, .T. ) ;
#3852 = VERTEX_POINT ( 'NONE', #8886 ) ;
#3853 = VERTEX_POINT ( 'NONE', #8885 ) ;
#3854 = ORIENTED_EDGE ( 'NONE', *, *, #3855, .F. ) ;
#3855 = EDGE_CURVE ( 'NONE', #3856, #3852, #8884, .T. ) ;
#3856 = VERTEX_POINT ( 'NONE', #8880 ) ;
#3857 = ORIENTED_EDGE ( 'NONE', *, *, #3802, .T. ) ;
#3858 = ADVANCED_FACE ( 'NONE', ( #8879 ), #8876, .F. ) ;
#3859 = EDGE_LOOP ( 'NONE', ( #3860, #3861, #3864 ) ) ;
#3860 = ORIENTED_EDGE ( 'NONE', *, *, #3418, .F. ) ;
#3861 = ORIENTED_EDGE ( 'NONE', *, *, #3862, .F. ) ;
#3862 = EDGE_CURVE ( 'NONE', #3863, #3415, #8877, .T. ) ;
#3863 = VERTEX_POINT ( 'NONE', #8868 ) ;
#3864 = ORIENTED_EDGE ( 'NONE', *, *, #2, .T. ) ;
#3865 = ORIENTED_EDGE ( 'NONE', *, *, #3837, .F. ) ;
#3866 = EDGE_CURVE ( 'NONE', #3867, #3839, #8926, .T. ) ;
#3867 = VERTEX_POINT ( 'NONE', #8922 ) ;
#3868 = VERTEX_POINT ( 'NONE', #8921 ) ;
#3869 = VERTEX_POINT ( 'NONE', #8920 ) ;
#3870 = ORIENTED_EDGE ( 'NONE', *, *, #3871, .F. ) ;
#3871 = EDGE_CURVE ( 'NONE', #3872, #3869, #8919, .T. ) ;
#3872 = VERTEX_POINT ( 'NONE', #8915 ) ;
#3873 = ORIENTED_EDGE ( 'NONE', *, *, #3874, .F. ) ;
#3874 = EDGE_CURVE ( 'NONE', #3875, #3872, #8914, .T. ) ;
#3875 = VERTEX_POINT ( 'NONE', #8909 ) ;
#3876 = ORIENTED_EDGE ( 'NONE', *, *, #3877, .F. ) ;
#3877 = EDGE_CURVE ( 'NONE', #3878, #3875, #8908, .T. ) ;
#3878 = VERTEX_POINT ( 'NONE', #8904 ) ;
#3879 = ORIENTED_EDGE ( 'NONE', *, *, #3831, .T. ) ;
#3880 = ADVANCED_FACE ( 'NONE', ( #8903 ), #8900, .T. ) ;
#3881 = ORIENTED_EDGE ( 'NONE', *, *, #10166, .F. ) ;
#3882 = ORIENTED_EDGE ( 'NONE', *, *, #3883, .F. ) ;
#3883 = EDGE_CURVE ( 'NONE', #3884, #3998, #8932, .T. ) ;
#3884 = VERTEX_POINT ( 'NONE', #8928 ) ;
#3885 = ORIENTED_EDGE ( 'NONE', *, *, #3886, .F. ) ;
#3886 = EDGE_CURVE ( 'NONE', #3887, #3884, #8927, .T. ) ;
#3887 = VERTEX_POINT ( 'NONE', #8975 ) ;
#3888 = ORIENTED_EDGE ( 'NONE', *, *, #3889, .F. ) ;
#3889 = EDGE_CURVE ( 'NONE', #3890, #3887, #8974, .T. ) ;
#3890 = VERTEX_POINT ( 'NONE', #8970 ) ;
#3891 = ADVANCED_FACE ( 'NONE', ( #8969, #8968 ), #8967, .T. ) ;
#3892 = EDGE_LOOP ( 'NONE', ( #3940, #3928, #3932, #3899, #3902, #3905, #3955, #3958, #3870, #3873, #3876, #3935, #3946, #3948, #3951, #3954, #3992, #3924, #3926, #3894, #3897, #3917, #3920, #3923, #4001, #4004, #3912, #3996, #3882, #3885, #3888, #3983, #3986, #4035, #3982, #4043, #4036, #4032, #3964, #3976, #3979, #4045, #4048, #4039, #4024, #4026, #4029, #4052, #4054, #3960, #3962, #3967, #3970, #3972, #3989, #4021, #4085, #4016, #4083, #4084, #4082, #4018, #4012, #4094, #4078, #4080, #4100, #4022, #4095, #4096, #4098, #4087, #4090, #4092, #4069, #4071, #4072, #4075, #4077, #4013, #4015, #4008, #4011, #4122, #4112, #4114, #4143, #4180, #4115, #4116, #4106, #4107, #4110, #4132, #4133, #4135, #4136, #4139, #4141, #4142, #4171, #4172, #4175, #4177, #4178, #4118, #4119, #4059, #4061, #4062, #4064, #4065, #4130, #4182, #4183, #4185, #4186, #4189, #4191, #4192, #4194, #4195, #4103, #4105, #4124, #4126, #4127, #4145, #4147, #4148, #4055, #4210, #4239, #4233, #4234, #4236, #4237, #4207, #4209, #4200, #4202, #4203, #4158, #4160, #4161, #4163, #4164, #4167, #4169, #4230, #4232, #4221, #4224, #4226, #4227, #4242, #4150, #4153, #4282, #4284, #4287, #4197, #4211, #4214, #4217, #4220, #4294, #4297, #4300, #4303, #4306, #4383, #4290, #4277, #4280, #4323, #4326, #4329, #4332, #4335, #4270, #4273, #4276, #4364, #4367, #4370, #4373, #4376, #10293, #4247 ) ) ;
#3893 = VERTEX_POINT ( 'NONE', #8962 ) ;
#3894 = ORIENTED_EDGE ( 'NONE', *, *, #3895, .F. ) ;
#3895 = EDGE_CURVE ( 'NONE', #3896, #3893, #8961, .T. ) ;
#3896 = VERTEX_POINT ( 'NONE', #8956 ) ;
#3897 = ORIENTED_EDGE ( 'NONE', *, *, #3915, .F. ) ;
#3898 = EDGE_LOOP ( 'NONE', ( #3881, #3931, #3939, #3879 ) ) ;
#3899 = ORIENTED_EDGE ( 'NONE', *, *, #3900, .F. ) ;
#3900 = EDGE_CURVE ( 'NONE', #3901, #3930, #8955, .T. ) ;
#3901 = VERTEX_POINT ( 'NONE', #8950 ) ;
#3902 = ORIENTED_EDGE ( 'NONE', *, *, #3903, .F. ) ;
#3903 = EDGE_CURVE ( 'NONE', #3904, #3901, #8949, .T. ) ;
#3904 = VERTEX_POINT ( 'NONE', #9008 ) ;
#3905 = ORIENTED_EDGE ( 'NONE', *, *, #3906, .F. ) ;
#3906 = EDGE_CURVE ( 'NONE', #3907, #3904, #9007, .T. ) ;
#3907 = VERTEX_POINT ( 'NONE', #9002 ) ;
#3908 = ADVANCED_FACE ( 'NONE', ( #9001, #9000 ), #8999, .T. ) ;
#3909 = ORIENTED_EDGE ( 'NONE', *, *, #3910, .F. ) ;
#3910 = EDGE_CURVE ( 'NONE', #3863, #3416, #8994, .T. ) ;
#3911 = ORIENTED_EDGE ( 'NONE', *, *, #3862, .T. ) ;
#3912 = ORIENTED_EDGE ( 'NONE', *, *, #3913, .F. ) ;
#3913 = EDGE_CURVE ( 'NONE', #3914, #4006, #9075, .T. ) ;
#3914 = VERTEX_POINT ( 'NONE', #9071 ) ;
#3915 = EDGE_CURVE ( 'NONE', #3916, #3896, #9070, .T. ) ;
#3916 = VERTEX_POINT ( 'NONE', #9066 ) ;
#3917 = ORIENTED_EDGE ( 'NONE', *, *, #3918, .F. ) ;
#3918 = EDGE_CURVE ( 'NONE', #3919, #3916, #9065, .T. ) ;
#3919 = VERTEX_POINT ( 'NONE', #9133 ) ;
#3920 = ORIENTED_EDGE ( 'NONE', *, *, #3921, .F. ) ;
#3921 = EDGE_CURVE ( 'NONE', #3922, #3919, #9132, .T. ) ;
#3922 = VERTEX_POINT ( 'NONE', #9128 ) ;
#3923 = ORIENTED_EDGE ( 'NONE', *, *, #3999, .F. ) ;
#3924 = ORIENTED_EDGE ( 'NONE', *, *, #3925, .F. ) ;
#3925 = EDGE_CURVE ( 'NONE', #3995, #3994, #9127, .T. ) ;
#3926 = ORIENTED_EDGE ( 'NONE', *, *, #3927, .F. ) ;
#3927 = EDGE_CURVE ( 'NONE', #3893, #3995, #9122, .T. ) ;
#3928 = ORIENTED_EDGE ( 'NONE', *, *, #3929, .F. ) ;
#3929 = EDGE_CURVE ( 'NONE', #3944, #3942, #9118, .T. ) ;
#3930 = VERTEX_POINT ( 'NONE', #9113 ) ;
#3931 = ORIENTED_EDGE ( 'NONE', *, *, #3934, .F. ) ;
#3932 = ORIENTED_EDGE ( 'NONE', *, *, #3933, .F. ) ;
#3933 = EDGE_CURVE ( 'NONE', #3930, #3944, #9112, .T. ) ;
#3934 = EDGE_CURVE ( 'NONE', #10164, #10145, #9108, .T. ) ;
#3935 = ORIENTED_EDGE ( 'NONE', *, *, #3936, .F. ) ;
#3936 = EDGE_CURVE ( 'NONE', #3937, #3878, #9163, .T. ) ;
#3937 = VERTEX_POINT ( 'NONE', #9158 ) ;
#3938 = VERTEX_POINT ( 'NONE', #9157 ) ;
#3939 = ORIENTED_EDGE ( 'NONE', *, *, #10160, .T. ) ;
#3940 = ORIENTED_EDGE ( 'NONE', *, *, #3941, .F. ) ;
#3941 = EDGE_CURVE ( 'NONE', #3942, #3943, #9156, .T. ) ;
#3942 = VERTEX_POINT ( 'NONE', #9152 ) ;
#3943 = VERTEX_POINT ( 'NONE', #9151 ) ;
#3944 = VERTEX_POINT ( 'NONE', #9150 ) ;
#3945 = ORIENTED_EDGE ( 'NONE', *, *, #10163, .F. ) ;
#3946 = ORIENTED_EDGE ( 'NONE', *, *, #3947, .F. ) ;
#3947 = EDGE_CURVE ( 'NONE', #3938, #3937, #9149, .T. ) ;
#3948 = ORIENTED_EDGE ( 'NONE', *, *, #3949, .F. ) ;
#3949 = EDGE_CURVE ( 'NONE', #3950, #3938, #9145, .T. ) ;
#3950 = VERTEX_POINT ( 'NONE', #9140 ) ;
#3951 = ORIENTED_EDGE ( 'NONE', *, *, #3952, .F. ) ;
#3952 = EDGE_CURVE ( 'NONE', #3953, #3950, #9139, .T. ) ;
#3953 = VERTEX_POINT ( 'NONE', #9135 ) ;
#3954 = ORIENTED_EDGE ( 'NONE', *, *, #3990, .F. ) ;
#3955 = ORIENTED_EDGE ( 'NONE', *, *, #3956, .F. ) ;
#3956 = EDGE_CURVE ( 'NONE', #3957, #3907, #9197, .T. ) ;
#3957 = VERTEX_POINT ( 'NONE', #9193 ) ;
#3958 = ORIENTED_EDGE ( 'NONE', *, *, #3959, .F. ) ;
#3959 = EDGE_CURVE ( 'NONE', #3869, #3957, #9192, .T. ) ;
#3960 = ORIENTED_EDGE ( 'NONE', *, *, #3961, .F. ) ;
#3961 = EDGE_CURVE ( 'NONE', #3443, #10267, #9187, .T. ) ;
#3962 = ORIENTED_EDGE ( 'NONE', *, *, #3442, .F. ) ;
#3963 = EDGE_CURVE ( 'NONE', #3973, #3966, #9183, .T. ) ;
#3964 = ORIENTED_EDGE ( 'NONE', *, *, #3974, .F. ) ;
#3965 = EDGE_CURVE ( 'NONE', #3966, #3988, #9179, .T. ) ;
#3966 = VERTEX_POINT ( 'NONE', #9174 ) ;
#3967 = ORIENTED_EDGE ( 'NONE', *, *, #3968, .F. ) ;
#3968 = EDGE_CURVE ( 'NONE', #3969, #3440, #9173, .T. ) ;
#3969 = VERTEX_POINT ( 'NONE', #9168 ) ;
#3970 = ORIENTED_EDGE ( 'NONE', *, *, #3971, .F. ) ;
#3971 = EDGE_CURVE ( 'NONE', #29, #3969, #9166, .T. ) ;
#3972 = ORIENTED_EDGE ( 'NONE', *, *, #27, .F. ) ;
#3973 = VERTEX_POINT ( 'NONE', #8901 ) ;
#3974 = EDGE_CURVE ( 'NONE', #3975, #4034, #8899, .T. ) ;
#3975 = VERTEX_POINT ( 'NONE', #9226 ) ;
#3976 = ORIENTED_EDGE ( 'NONE', *, *, #3978, .F. ) ;
#3977 = VERTEX_POINT ( 'NONE', #9225 ) ;
#3978 = EDGE_CURVE ( 'NONE', #3977, #3975, #9224, .T. ) ;
#3979 = ORIENTED_EDGE ( 'NONE', *, *, #3980, .F. ) ;
#3980 = EDGE_CURVE ( 'NONE', #4044, #3977, #9219, .T. ) ;
#3981 = VERTEX_POINT ( 'NONE', #9215 ) ;
#3982 = ORIENTED_EDGE ( 'NONE', *, *, #3963, .F. ) ;
#3983 = ORIENTED_EDGE ( 'NONE', *, *, #3984, .F. ) ;
#3984 = EDGE_CURVE ( 'NONE', #3985, #3890, #9214, .T. ) ;
#3985 = VERTEX_POINT ( 'NONE', #9209 ) ;
#3986 = ORIENTED_EDGE ( 'NONE', *, *, #3987, .F. ) ;
#3987 = EDGE_CURVE ( 'NONE', #3988, #3985, #9208, .T. ) ;
#3988 = VERTEX_POINT ( 'NONE', #9204 ) ;
#3989 = ORIENTED_EDGE ( 'NONE', *, *, #4086, .F. ) ;
#3990 = EDGE_CURVE ( 'NONE', #3991, #3953, #9203, .T. ) ;
#3991 = VERTEX_POINT ( 'NONE', #9198 ) ;
#3992 = ORIENTED_EDGE ( 'NONE', *, *, #3993, .F. ) ;
#3993 = EDGE_CURVE ( 'NONE', #3994, #3991, #9257, .T. ) ;
#3994 = VERTEX_POINT ( 'NONE', #9253 ) ;
#3995 = VERTEX_POINT ( 'NONE', #9252 ) ;
#3996 = ORIENTED_EDGE ( 'NONE', *, *, #3997, .F. ) ;
#3997 = EDGE_CURVE ( 'NONE', #3998, #3914, #9251, .T. ) ;
#3998 = VERTEX_POINT ( 'NONE', #9246 ) ;
#3999 = EDGE_CURVE ( 'NONE', #4000, #3922, #9245, .T. ) ;
#4000 = VERTEX_POINT ( 'NONE', #9240 ) ;
#4001 = ORIENTED_EDGE ( 'NONE', *, *, #4002, .F. ) ;
#4002 = EDGE_CURVE ( 'NONE', #4003, #4000, #9239, .T. ) ;
#4003 = VERTEX_POINT ( 'NONE', #9235 ) ;
#4004 = ORIENTED_EDGE ( 'NONE', *, *, #4005, .F. ) ;
#4005 = EDGE_CURVE ( 'NONE', #4006, #4003, #9234, .T. ) ;
#4006 = VERTEX_POINT ( 'NONE', #9229 ) ;
#4007 = VERTEX_POINT ( 'NONE', #9228 ) ;
#4008 = ORIENTED_EDGE ( 'NONE', *, *, #4009, .F. ) ;
#4009 = EDGE_CURVE ( 'NONE', #4010, #3359, #9227, .T. ) ;
#4010 = VERTEX_POINT ( 'NONE', #9285 ) ;
#4011 = ORIENTED_EDGE ( 'NONE', *, *, #4123, .F. ) ;
#4012 = ORIENTED_EDGE ( 'NONE', *, *, #4093, .F. ) ;
#4013 = ORIENTED_EDGE ( 'NONE', *, *, #4014, .F. ) ;
#4014 = EDGE_CURVE ( 'NONE', #3339, #2838, #9284, .T. ) ;
#4015 = ORIENTED_EDGE ( 'NONE', *, *, #3338, .F. ) ;
#4016 = ORIENTED_EDGE ( 'NONE', *, *, #4017, .F. ) ;
#4017 = EDGE_CURVE ( 'NONE', #2963, #4099, #9280, .T. ) ;
#4018 = ORIENTED_EDGE ( 'NONE', *, *, #4019, .F. ) ;
#4019 = EDGE_CURVE ( 'NONE', #4020, #3290, #9276, .T. ) ;
#4020 = VERTEX_POINT ( 'NONE', #9271 ) ;
#4021 = ORIENTED_EDGE ( 'NONE', *, *, #3392, .F. ) ;
#4022 = ORIENTED_EDGE ( 'NONE', *, *, #4023, .F. ) ;
#4023 = EDGE_CURVE ( 'NONE', #2942, #4007, #9270, .T. ) ;
#4024 = ORIENTED_EDGE ( 'NONE', *, *, #4025, .F. ) ;
#4025 = EDGE_CURVE ( 'NONE', #4042, #4041, #9266, .T. ) ;
#4026 = ORIENTED_EDGE ( 'NONE', *, *, #4027, .F. ) ;
#4027 = EDGE_CURVE ( 'NONE', #4028, #4042, #9262, .T. ) ;
#4028 = VERTEX_POINT ( 'NONE', #9320 ) ;
#4029 = ORIENTED_EDGE ( 'NONE', *, *, #4030, .F. ) ;
#4030 = EDGE_CURVE ( 'NONE', #4031, #4028, #9319, .T. ) ;
#4031 = VERTEX_POINT ( 'NONE', #9315 ) ;
#4032 = ORIENTED_EDGE ( 'NONE', *, *, #4033, .F. ) ;
#4033 = EDGE_CURVE ( 'NONE', #4034, #4051, #9314, .T. ) ;
#4034 = VERTEX_POINT ( 'NONE', #9309 ) ;
#4035 = ORIENTED_EDGE ( 'NONE', *, *, #3965, .F. ) ;
#4036 = ORIENTED_EDGE ( 'NONE', *, *, #4050, .F. ) ;
#4037 = EDGE_CURVE ( 'NONE', #4038, #4047, #9308, .T. ) ;
#4038 = VERTEX_POINT ( 'NONE', #9304 ) ;
#4039 = ORIENTED_EDGE ( 'NONE', *, *, #4040, .F. ) ;
#4040 = EDGE_CURVE ( 'NONE', #4041, #4038, #9303, .T. ) ;
#4041 = VERTEX_POINT ( 'NONE', #9298 ) ;
#4042 = VERTEX_POINT ( 'NONE', #9297 ) ;
#4043 = ORIENTED_EDGE ( 'NONE', *, *, #4049, .F. ) ;
#4044 = VERTEX_POINT ( 'NONE', #9296 ) ;
#4045 = ORIENTED_EDGE ( 'NONE', *, *, #4046, .F. ) ;
#4046 = EDGE_CURVE ( 'NONE', #4047, #4044, #9295, .T. ) ;
#4047 = VERTEX_POINT ( 'NONE', #9290 ) ;
#4048 = ORIENTED_EDGE ( 'NONE', *, *, #4037, .F. ) ;
#4049 = EDGE_CURVE ( 'NONE', #3981, #3973, #9350, .T. ) ;
#4050 = EDGE_CURVE ( 'NONE', #4051, #3981, #9345, .T. ) ;
#4051 = VERTEX_POINT ( 'NONE', #9341 ) ;
#4052 = ORIENTED_EDGE ( 'NONE', *, *, #4053, .F. ) ;
#4053 = EDGE_CURVE ( 'NONE', #10279, #4031, #9340, .T. ) ;
#4054 = ORIENTED_EDGE ( 'NONE', *, *, #10272, .F. ) ;
#4055 = ORIENTED_EDGE ( 'NONE', *, *, #2663, .F. ) ;
#4056 = EDGE_CURVE ( 'NONE', #4293, #4219, #9335, .T. ) ;
#4057 = EDGE_LOOP ( 'NONE', ( #5051, #5052, #5119, #5050 ) ) ;
#4058 = VERTEX_POINT ( 'NONE', #9330 ) ;
#4059 = ORIENTED_EDGE ( 'NONE', *, *, #4060, .F. ) ;
#4060 = EDGE_CURVE ( 'NONE', #2923, #4121, #9329, .T. ) ;
#4061 = ORIENTED_EDGE ( 'NONE', *, *, #2922, .F. ) ;
#4062 = ORIENTED_EDGE ( 'NONE', *, *, #4063, .F. ) ;
#4063 = EDGE_CURVE ( 'NONE', #10365, #2920, #9325, .T. ) ;
#4064 = ORIENTED_EDGE ( 'NONE', *, *, #10452, .F. ) ;
#4065 = ORIENTED_EDGE ( 'NONE', *, *, #4066, .F. ) ;
#4066 = EDGE_CURVE ( 'NONE', #4067, #3270, #9321, .T. ) ;
#4067 = VERTEX_POINT ( 'NONE', #9378 ) ;
#4068 = EDGE_CURVE ( 'NONE', #4099, #3388, #9377, .T. ) ;
#4069 = ORIENTED_EDGE ( 'NONE', *, *, #4070, .F. ) ;
#4070 = EDGE_CURVE ( 'NONE', #3315, #2951, #9372, .T. ) ;
#4071 = ORIENTED_EDGE ( 'NONE', *, *, #3352, .F. ) ;
#4072 = ORIENTED_EDGE ( 'NONE', *, *, #4073, .F. ) ;
#4073 = EDGE_CURVE ( 'NONE', #4074, #3350, #9368, .T. ) ;
#4074 = VERTEX_POINT ( 'NONE', #9363 ) ;
#4075 = ORIENTED_EDGE ( 'NONE', *, *, #4076, .F. ) ;
#4076 = EDGE_CURVE ( 'NONE', #2835, #4074, #9362, .T. ) ;
#4077 = ORIENTED_EDGE ( 'NONE', *, *, #2944, .F. ) ;
#4078 = ORIENTED_EDGE ( 'NONE', *, *, #4079, .F. ) ;
#4079 = EDGE_CURVE ( 'NONE', #3302, #2831, #9358, .T. ) ;
#4080 = ORIENTED_EDGE ( 'NONE', *, *, #3301, .F. ) ;
#4081 = EDGE_CURVE ( 'NONE', #3293, #2960, #9354, .T. ) ;
#4082 = ORIENTED_EDGE ( 'NONE', *, *, #3292, .F. ) ;
#4083 = ORIENTED_EDGE ( 'NONE', *, *, #2962, .F. ) ;
#4084 = ORIENTED_EDGE ( 'NONE', *, *, #4081, .F. ) ;
#4085 = ORIENTED_EDGE ( 'NONE', *, *, #4068, .F. ) ;
#4086 = EDGE_CURVE ( 'NONE', #3445, #34, #9413, .T. ) ;
#4087 = ORIENTED_EDGE ( 'NONE', *, *, #4088, .F. ) ;
#4088 = EDGE_CURVE ( 'NONE', #4089, #3298, #9409, .T. ) ;
#4089 = VERTEX_POINT ( 'NONE', #9404 ) ;
#4090 = ORIENTED_EDGE ( 'NONE', *, *, #4091, .F. ) ;
#4091 = EDGE_CURVE ( 'NONE', #2930, #4089, #9403, .T. ) ;
#4092 = ORIENTED_EDGE ( 'NONE', *, *, #2929, .F. ) ;
#4093 = EDGE_CURVE ( 'NONE', #2834, #4020, #9399, .T. ) ;
#4094 = ORIENTED_EDGE ( 'NONE', *, *, #2833, .F. ) ;
#4095 = ORIENTED_EDGE ( 'NONE', *, *, #2941, .F. ) ;
#4096 = ORIENTED_EDGE ( 'NONE', *, *, #4097, .F. ) ;
#4097 = EDGE_CURVE ( 'NONE', #3363, #2939, #9395, .T. ) ;
#4098 = ORIENTED_EDGE ( 'NONE', *, *, #3362, .F. ) ;
#4099 = VERTEX_POINT ( 'NONE', #9391 ) ;
#4100 = ORIENTED_EDGE ( 'NONE', *, *, #4101, .F. ) ;
#4101 = EDGE_CURVE ( 'NONE', #4007, #3299, #9390, .T. ) ;
#4102 = VERTEX_POINT ( 'NONE', #9385 ) ;
#4103 = ORIENTED_EDGE ( 'NONE', *, *, #4104, .F. ) ;
#4104 = EDGE_CURVE ( 'NONE', #2877, #4102, #9384, .T. ) ;
#4105 = ORIENTED_EDGE ( 'NONE', *, *, #2666, .F. ) ;
#4106 = ORIENTED_EDGE ( 'NONE', *, *, #24, .F. ) ;
#4107 = ORIENTED_EDGE ( 'NONE', *, *, #4108, .F. ) ;
#4108 = EDGE_CURVE ( 'NONE', #4109, #10469, #9443, .T. ) ;
#4109 = VERTEX_POINT ( 'NONE', #9438 ) ;
#4110 = ORIENTED_EDGE ( 'NONE', *, *, #4111, .F. ) ;
#4111 = EDGE_CURVE ( 'NONE', #2886, #4109, #9437, .T. ) ;
#4112 = ORIENTED_EDGE ( 'NONE', *, *, #4113, .F. ) ;
#4113 = EDGE_CURVE ( 'NONE', #3337, #2846, #9433, .T. ) ;
#4114 = ORIENTED_EDGE ( 'NONE', *, *, #3314, .F. ) ;
#4115 = ORIENTED_EDGE ( 'NONE', *, *, #2865, .F. ) ;
#4116 = ORIENTED_EDGE ( 'NONE', *, *, #4117, .F. ) ;
#4117 = EDGE_CURVE ( 'NONE', #10464, #2863, #9429, .T. ) ;
#4118 = ORIENTED_EDGE ( 'NONE', *, *, #3246, .F. ) ;
#4119 = ORIENTED_EDGE ( 'NONE', *, *, #4120, .F. ) ;
#4120 = EDGE_CURVE ( 'NONE', #4121, #3244, #9425, .T. ) ;
#4121 = VERTEX_POINT ( 'NONE', #9420 ) ;
#4122 = ORIENTED_EDGE ( 'NONE', *, *, #2848, .F. ) ;
#4123 = EDGE_CURVE ( 'NONE', #2849, #4010, #9418, .T. ) ;
#4124 = ORIENTED_EDGE ( 'NONE', *, *, #4125, .F. ) ;
#4125 = EDGE_CURVE ( 'NONE', #3279, #2913, #9473, .T. ) ;
#4126 = ORIENTED_EDGE ( 'NONE', *, *, #18, .F. ) ;
#4127 = ORIENTED_EDGE ( 'NONE', *, *, #4128, .F. ) ;
#4128 = EDGE_CURVE ( 'NONE', #4129, #10172, #9469, .T. ) ;
#4129 = VERTEX_POINT ( 'NONE', #9464 ) ;
#4130 = ORIENTED_EDGE ( 'NONE', *, *, #4131, .F. ) ;
#4131 = EDGE_CURVE ( 'NONE', #2910, #4067, #9463, .T. ) ;
#4132 = ORIENTED_EDGE ( 'NONE', *, *, #2885, .F. ) ;
#4133 = ORIENTED_EDGE ( 'NONE', *, *, #4134, .F. ) ;
#4134 = EDGE_CURVE ( 'NONE', #10451, #2883, #9459, .T. ) ;
#4135 = ORIENTED_EDGE ( 'NONE', *, *, #22, .F. ) ;
#4136 = ORIENTED_EDGE ( 'NONE', *, *, #4137, .F. ) ;
#4137 = EDGE_CURVE ( 'NONE', #4138, #10449, #9455, .T. ) ;
#4138 = VERTEX_POINT ( 'NONE', #9450 ) ;
#4139 = ORIENTED_EDGE ( 'NONE', *, *, #4140, .F. ) ;
#4140 = EDGE_CURVE ( 'NONE', #2897, #4138, #9449, .T. ) ;
#4141 = ORIENTED_EDGE ( 'NONE', *, *, #2857, .F. ) ;
#4142 = ORIENTED_EDGE ( 'NONE', *, *, #4170, .F. ) ;
#4143 = ORIENTED_EDGE ( 'NONE', *, *, #4144, .F. ) ;
#4144 = EDGE_CURVE ( 'NONE', #4058, #3336, #9506, .T. ) ;
#4145 = ORIENTED_EDGE ( 'NONE', *, *, #4146, .F. ) ;
#4146 = EDGE_CURVE ( 'NONE', #2735, #4129, #9501, .T. ) ;
#4147 = ORIENTED_EDGE ( 'NONE', *, *, #2734, .F. ) ;
#4148 = ORIENTED_EDGE ( 'NONE', *, *, #4149, .F. ) ;
#4149 = EDGE_CURVE ( 'NONE', #2664, #2714, #9497, .T. ) ;
#4150 = ORIENTED_EDGE ( 'NONE', *, *, #4151, .F. ) ;
#4151 = EDGE_CURVE ( 'NONE', #4152, #4244, #9493, .T. ) ;
#4152 = VERTEX_POINT ( 'NONE', #9489 ) ;
#4153 = ORIENTED_EDGE ( 'NONE', *, *, #4154, .F. ) ;
#4154 = EDGE_CURVE ( 'NONE', #4155, #4152, #9488, .T. ) ;
#4155 = VERTEX_POINT ( 'NONE', #9483 ) ;
#4156 = VERTEX_POINT ( 'NONE', #9482 ) ;
#4157 = VERTEX_POINT ( 'NONE', #9481 ) ;
#4158 = ORIENTED_EDGE ( 'NONE', *, *, #4159, .F. ) ;
#4159 = EDGE_CURVE ( 'NONE', #2707, #4205, #9480, .T. ) ;
#4160 = ORIENTED_EDGE ( 'NONE', *, *, #2706, .F. ) ;
#4161 = ORIENTED_EDGE ( 'NONE', *, *, #4162, .F. ) ;
#4162 = EDGE_CURVE ( 'NONE', #2219, #2704, #9476, .T. ) ;
#4163 = ORIENTED_EDGE ( 'NONE', *, *, #2220, .F. ) ;
#4164 = ORIENTED_EDGE ( 'NONE', *, *, #4165, .F. ) ;
#4165 = EDGE_CURVE ( 'NONE', #4166, #6798, #9534, .T. ) ;
#4166 = VERTEX_POINT ( 'NONE', #9529 ) ;
#4167 = ORIENTED_EDGE ( 'NONE', *, *, #4168, .F. ) ;
#4168 = EDGE_CURVE ( 'NONE', #2695, #4166, #9528, .T. ) ;
#4169 = ORIENTED_EDGE ( 'NONE', *, *, #2694, .F. ) ;
#4170 = EDGE_CURVE ( 'NONE', #3276, #2855, #9524, .T. ) ;
#4171 = ORIENTED_EDGE ( 'NONE', *, *, #3275, .F. ) ;
#4172 = ORIENTED_EDGE ( 'NONE', *, *, #4173, .F. ) ;
#4173 = EDGE_CURVE ( 'NONE', #4174, #3273, #9520, .T. ) ;
#4174 = VERTEX_POINT ( 'NONE', #9515 ) ;
#4175 = ORIENTED_EDGE ( 'NONE', *, *, #4176, .F. ) ;
#4176 = EDGE_CURVE ( 'NONE', #2674, #4174, #9514, .T. ) ;
#4177 = ORIENTED_EDGE ( 'NONE', *, *, #2673, .F. ) ;
#4178 = ORIENTED_EDGE ( 'NONE', *, *, #4179, .F. ) ;
#4179 = EDGE_CURVE ( 'NONE', #3247, #2896, #9510, .T. ) ;
#4180 = ORIENTED_EDGE ( 'NONE', *, *, #4181, .F. ) ;
#4181 = EDGE_CURVE ( 'NONE', #2866, #4058, #9566, .T. ) ;
#4182 = ORIENTED_EDGE ( 'NONE', *, *, #2873, .F. ) ;
#4183 = ORIENTED_EDGE ( 'NONE', *, *, #4184, .F. ) ;
#4184 = EDGE_CURVE ( 'NONE', #3259, #2909, #9562, .T. ) ;
#4185 = ORIENTED_EDGE ( 'NONE', *, *, #3258, .F. ) ;
#4186 = ORIENTED_EDGE ( 'NONE', *, *, #4187, .F. ) ;
#4187 = EDGE_CURVE ( 'NONE', #4188, #10295, #9558, .T. ) ;
#4188 = VERTEX_POINT ( 'NONE', #9553 ) ;
#4189 = ORIENTED_EDGE ( 'NONE', *, *, #4190, .F. ) ;
#4190 = EDGE_CURVE ( 'NONE', #2687, #4188, #9552, .T. ) ;
#4191 = ORIENTED_EDGE ( 'NONE', *, *, #2686, .F. ) ;
#4192 = ORIENTED_EDGE ( 'NONE', *, *, #4193, .F. ) ;
#4193 = EDGE_CURVE ( 'NONE', #10472, #2684, #9548, .T. ) ;
#4194 = ORIENTED_EDGE ( 'NONE', *, *, #3284, .F. ) ;
#4195 = ORIENTED_EDGE ( 'NONE', *, *, #4196, .F. ) ;
#4196 = EDGE_CURVE ( 'NONE', #4102, #10471, #9544, .T. ) ;
#4197 = ORIENTED_EDGE ( 'NONE', *, *, #4198, .F. ) ;
#4198 = EDGE_CURVE ( 'NONE', #4199, #4289, #9539, .T. ) ;
#4199 = VERTEX_POINT ( 'NONE', #9597 ) ;
#4200 = ORIENTED_EDGE ( 'NONE', *, *, #4201, .F. ) ;
#4201 = EDGE_CURVE ( 'NONE', #2653, #2710, #9596, .T. ) ;
#4202 = ORIENTED_EDGE ( 'NONE', *, *, #2652, .F. ) ;
#4203 = ORIENTED_EDGE ( 'NONE', *, *, #4204, .F. ) ;
#4204 = EDGE_CURVE ( 'NONE', #4205, #2650, #9592, .T. ) ;
#4205 = VERTEX_POINT ( 'NONE', #9587 ) ;
#4206 = EDGE_CURVE ( 'NONE', #4238, #10301, #9586, .T. ) ;
#4207 = ORIENTED_EDGE ( 'NONE', *, *, #4208, .F. ) ;
#4208 = EDGE_CURVE ( 'NONE', #2793, #4238, #9581, .T. ) ;
#4209 = ORIENTED_EDGE ( 'NONE', *, *, #2712, .F. ) ;
#4210 = ORIENTED_EDGE ( 'NONE', *, *, #4229, .F. ) ;
#4211 = ORIENTED_EDGE ( 'NONE', *, *, #4212, .F. ) ;
#4212 = EDGE_CURVE ( 'NONE', #4213, #4199, #9577, .T. ) ;
#4213 = VERTEX_POINT ( 'NONE', #9573 ) ;
#4214 = ORIENTED_EDGE ( 'NONE', *, *, #4215, .F. ) ;
#4215 = EDGE_CURVE ( 'NONE', #4216, #4213, #9571, .T. ) ;
#4216 = VERTEX_POINT ( 'NONE', #9572 ) ;
#4217 = ORIENTED_EDGE ( 'NONE', *, *, #4218, .F. ) ;
#4218 = EDGE_CURVE ( 'NONE', #4219, #4216, #9627, .T. ) ;
#4219 = VERTEX_POINT ( 'NONE', #9623 ) ;
#4220 = ORIENTED_EDGE ( 'NONE', *, *, #4056, .F. ) ;
#4221 = ORIENTED_EDGE ( 'NONE', *, *, #4222, .F. ) ;
#4222 = EDGE_CURVE ( 'NONE', #4223, #10142, #9622, .T. ) ;
#4223 = VERTEX_POINT ( 'NONE', #9617 ) ;
#4224 = ORIENTED_EDGE ( 'NONE', *, *, #4225, .F. ) ;
#4225 = EDGE_CURVE ( 'NONE', #3762, #4223, #9616, .T. ) ;
#4226 = ORIENTED_EDGE ( 'NONE', *, *, #3761, .F. ) ;
#4227 = ORIENTED_EDGE ( 'NONE', *, *, #4228, .F. ) ;
#4228 = EDGE_CURVE ( 'NONE', #4241, #3758, #9612, .T. ) ;
#4229 = EDGE_CURVE ( 'NONE', #4157, #2661, #9608, .T. ) ;
#4230 = ORIENTED_EDGE ( 'NONE', *, *, #4231, .F. ) ;
#4231 = EDGE_CURVE ( 'NONE', #10147, #2816, #9603, .T. ) ;
#4232 = ORIENTED_EDGE ( 'NONE', *, *, #10150, .F. ) ;
#4233 = ORIENTED_EDGE ( 'NONE', *, *, #2739, .F. ) ;
#4234 = ORIENTED_EDGE ( 'NONE', *, *, #4235, .F. ) ;
#4235 = EDGE_CURVE ( 'NONE', #10347, #2737, #9599, .T. ) ;
#4236 = ORIENTED_EDGE ( 'NONE', *, *, #10300, .F. ) ;
#4237 = ORIENTED_EDGE ( 'NONE', *, *, #4206, .F. ) ;
#4238 = VERTEX_POINT ( 'NONE', #9653 ) ;
#4239 = ORIENTED_EDGE ( 'NONE', *, *, #4240, .F. ) ;
#4240 = EDGE_CURVE ( 'NONE', #2740, #4157, #9652, .T. ) ;
#4241 = VERTEX_POINT ( 'NONE', #9648 ) ;
#4242 = ORIENTED_EDGE ( 'NONE', *, *, #4243, .F. ) ;
#4243 = EDGE_CURVE ( 'NONE', #4244, #4241, #9647, .T. ) ;
#4244 = VERTEX_POINT ( 'NONE', #9642 ) ;
#4245 = EDGE_CURVE ( 'NONE', #4246, #10302, #9641, .T. ) ;
#4246 = VERTEX_POINT ( 'NONE', #9637 ) ;
#4247 = ORIENTED_EDGE ( 'NONE', *, *, #4248, .F. ) ;
#4248 = EDGE_CURVE ( 'NONE', #3943, #4246, #9636, .T. ) ;
#4249 = EDGE_LOOP ( 'NONE', ( #4250, #4251 ) ) ;
#4250 = ORIENTED_EDGE ( 'NONE', *, *, #3934, .T. ) ;
#4251 = ORIENTED_EDGE ( 'NONE', *, *, #10171, .T. ) ;
#4252 = ADVANCED_FACE ( 'NONE', ( #9631 ), #9630, .T. ) ;
#4253 = EDGE_LOOP ( 'NONE', ( #4254, #4255, #4256, #4257, #4258, #4261, #4264, #4266, #4267, #4378, #4381, #4309, #4310, #4313, #4316, #4318, #4319, #4354, #4422, #4471, #4355, #4352, #4412, #4414, #4415, #4388, #4391, #4393, #4394, #4418, #4420, #4399, #4400, #4423, #4426, #4428, #4429, #4341, #4344, #4346, #4347, #4356, #4358, #4360, #4457, #4459, #4462, #4464, #4465, #4468, #4404, #4406, #4407, #4431, #4472, #4474, #4475, #4478, #4481, #4387, #4526, #4495, #4522, #4524, #4558, #4560, #4484, #4486, #4488, #4490, #4493, #4563, #4564, #4567, #4482, #4504, #4505, #4497, #4500, #4502, #4442, #4445, #4448, #4450, #4451, #4454, #4508 ) ) ;
#4254 = ORIENTED_EDGE ( 'NONE', *, *, #2806, .F. ) ;
#4255 = ORIENTED_EDGE ( 'NONE', *, *, #3818, .F. ) ;
#4256 = ORIENTED_EDGE ( 'NONE', *, *, #10285, .T. ) ;
#4257 = ORIENTED_EDGE ( 'NONE', *, *, #4053, .T. ) ;
#4258 = ORIENTED_EDGE ( 'NONE', *, *, #4259, .F. ) ;
#4259 = EDGE_CURVE ( 'NONE', #4260, #4031, #9674, .T. ) ;
#4260 = VERTEX_POINT ( 'NONE', #9706 ) ;
#4261 = ORIENTED_EDGE ( 'NONE', *, *, #4262, .F. ) ;
#4262 = EDGE_CURVE ( 'NONE', #4263, #4260, #9697, .T. ) ;
#4263 = VERTEX_POINT ( 'NONE', #9692 ) ;
#4264 = ORIENTED_EDGE ( 'NONE', *, *, #4265, .F. ) ;
#4265 = EDGE_CURVE ( 'NONE', #4041, #4263, #9690, .T. ) ;
#4266 = ORIENTED_EDGE ( 'NONE', *, *, #4040, .T. ) ;
#4267 = ORIENTED_EDGE ( 'NONE', *, *, #4377, .F. ) ;
#4268 = VERTEX_POINT ( 'NONE', #9691 ) ;
#4269 = VERTEX_POINT ( 'NONE', #9689 ) ;
#4270 = ORIENTED_EDGE ( 'NONE', *, *, #4271, .F. ) ;
#4271 = EDGE_CURVE ( 'NONE', #4272, #4269, #9680, .T. ) ;
#4272 = VERTEX_POINT ( 'NONE', #9676 ) ;
#4273 = ORIENTED_EDGE ( 'NONE', *, *, #4274, .F. ) ;
#4274 = EDGE_CURVE ( 'NONE', #4275, #4272, #9736, .T. ) ;
#4275 = VERTEX_POINT ( 'NONE', #9732 ) ;
#4276 = ORIENTED_EDGE ( 'NONE', *, *, #4362, .F. ) ;
#4277 = ORIENTED_EDGE ( 'NONE', *, *, #4278, .F. ) ;
#4278 = EDGE_CURVE ( 'NONE', #4279, #4292, #9731, .T. ) ;
#4279 = VERTEX_POINT ( 'NONE', #9726 ) ;
#4280 = ORIENTED_EDGE ( 'NONE', *, *, #4281, .F. ) ;
#4281 = EDGE_CURVE ( 'NONE', #4322, #4279, #9725, .T. ) ;
#4282 = ORIENTED_EDGE ( 'NONE', *, *, #4283, .F. ) ;
#4283 = EDGE_CURVE ( 'NONE', #4156, #4155, #9721, .T. ) ;
#4284 = ORIENTED_EDGE ( 'NONE', *, *, #4285, .F. ) ;
#4285 = EDGE_CURVE ( 'NONE', #4286, #4156, #9717, .T. ) ;
#4286 = VERTEX_POINT ( 'NONE', #9712 ) ;
#4287 = ORIENTED_EDGE ( 'NONE', *, *, #4288, .F. ) ;
#4288 = EDGE_CURVE ( 'NONE', #4289, #4286, #9711, .T. ) ;
#4289 = VERTEX_POINT ( 'NONE', #9707 ) ;
#4290 = ORIENTED_EDGE ( 'NONE', *, *, #4291, .F. ) ;
#4291 = EDGE_CURVE ( 'NONE', #4292, #4385, #9768, .T. ) ;
#4292 = VERTEX_POINT ( 'NONE', #9764 ) ;
#4293 = VERTEX_POINT ( 'NONE', #9763 ) ;
#4294 = ORIENTED_EDGE ( 'NONE', *, *, #4295, .F. ) ;
#4295 = EDGE_CURVE ( 'NONE', #4296, #4293, #9762, .T. ) ;
#4296 = VERTEX_POINT ( 'NONE', #9758 ) ;
#4297 = ORIENTED_EDGE ( 'NONE', *, *, #4298, .F. ) ;
#4298 = EDGE_CURVE ( 'NONE', #4299, #4296, #9757, .T. ) ;
#4299 = VERTEX_POINT ( 'NONE', #9752 ) ;
#4300 = ORIENTED_EDGE ( 'NONE', *, *, #4301, .F. ) ;
#4301 = EDGE_CURVE ( 'NONE', #4302, #4299, #9751, .T. ) ;
#4302 = VERTEX_POINT ( 'NONE', #9747 ) ;
#4303 = ORIENTED_EDGE ( 'NONE', *, *, #4304, .F. ) ;
#4304 = EDGE_CURVE ( 'NONE', #4305, #4302, #9746, .T. ) ;
#4305 = VERTEX_POINT ( 'NONE', #9741 ) ;
#4306 = ORIENTED_EDGE ( 'NONE', *, *, #4307, .F. ) ;
#4307 = EDGE_CURVE ( 'NONE', #4382, #4305, #9740, .T. ) ;
#4308 = EDGE_CURVE ( 'NONE', #3977, #4380, #9793, .T. ) ;
#4309 = ORIENTED_EDGE ( 'NONE', *, *, #3978, .T. ) ;
#4310 = ORIENTED_EDGE ( 'NONE', *, *, #4311, .F. ) ;
#4311 = EDGE_CURVE ( 'NONE', #4312, #3975, #9783, .T. ) ;
#4312 = VERTEX_POINT ( 'NONE', #9784 ) ;
#4313 = ORIENTED_EDGE ( 'NONE', *, *, #4314, .F. ) ;
#4314 = EDGE_CURVE ( 'NONE', #4315, #4312, #9782, .T. ) ;
#4315 = VERTEX_POINT ( 'NONE', #9769 ) ;
#4316 = ORIENTED_EDGE ( 'NONE', *, *, #4317, .F. ) ;
#4317 = EDGE_CURVE ( 'NONE', #3981, #4315, #9824, .T. ) ;
#4318 = ORIENTED_EDGE ( 'NONE', *, *, #4049, .T. ) ;
#4319 = ORIENTED_EDGE ( 'NONE', *, *, #4320, .F. ) ;
#4320 = EDGE_CURVE ( 'NONE', #4321, #3973, #9814, .T. ) ;
#4321 = VERTEX_POINT ( 'NONE', #9815 ) ;
#4322 = VERTEX_POINT ( 'NONE', #9813 ) ;
#4323 = ORIENTED_EDGE ( 'NONE', *, *, #4324, .F. ) ;
#4324 = EDGE_CURVE ( 'NONE', #4325, #4322, #9804, .T. ) ;
#4325 = VERTEX_POINT ( 'NONE', #9799 ) ;
#4326 = ORIENTED_EDGE ( 'NONE', *, *, #4327, .F. ) ;
#4327 = EDGE_CURVE ( 'NONE', #4328, #4325, #9798, .T. ) ;
#4328 = VERTEX_POINT ( 'NONE', #9794 ) ;
#4329 = ORIENTED_EDGE ( 'NONE', *, *, #4330, .F. ) ;
#4330 = EDGE_CURVE ( 'NONE', #4331, #4328, #9850, .T. ) ;
#4331 = VERTEX_POINT ( 'NONE', #9845 ) ;
#4332 = ORIENTED_EDGE ( 'NONE', *, *, #4333, .F. ) ;
#4333 = EDGE_CURVE ( 'NONE', #4334, #4331, #9844, .T. ) ;
#4334 = VERTEX_POINT ( 'NONE', #9840 ) ;
#4335 = ORIENTED_EDGE ( 'NONE', *, *, #4336, .F. ) ;
#4336 = EDGE_CURVE ( 'NONE', #4269, #4334, #9839, .T. ) ;
#4337 = EDGE_CURVE ( 'NONE', #10302, #4375, #9834, .T. ) ;
#4338 = VERTEX_POINT ( 'NONE', #9829 ) ;
#4339 = EDGE_CURVE ( 'NONE', #4340, #3953, #9828, .T. ) ;
#4340 = VERTEX_POINT ( 'NONE', #9827 ) ;
#4341 = ORIENTED_EDGE ( 'NONE', *, *, #4342, .F. ) ;
#4342 = EDGE_CURVE ( 'NONE', #4343, #4340, #9826, .T. ) ;
#4343 = VERTEX_POINT ( 'NONE', #9869 ) ;
#4344 = ORIENTED_EDGE ( 'NONE', *, *, #4345, .F. ) ;
#4345 = EDGE_CURVE ( 'NONE', #3937, #4343, #9868, .T. ) ;
#4346 = ORIENTED_EDGE ( 'NONE', *, *, #3936, .T. ) ;
#4347 = ORIENTED_EDGE ( 'NONE', *, *, #4348, .F. ) ;
#4348 = EDGE_CURVE ( 'NONE', #4349, #3878, #9858, .T. ) ;
#4349 = VERTEX_POINT ( 'NONE', #9859 ) ;
#4350 = VERTEX_POINT ( 'NONE', #9857 ) ;
#4351 = EDGE_CURVE ( 'NONE', #4411, #3890, #9908, .T. ) ;
#4352 = ORIENTED_EDGE ( 'NONE', *, *, #4409, .F. ) ;
#4353 = VERTEX_POINT ( 'NONE', #9907 ) ;
#4354 = ORIENTED_EDGE ( 'NONE', *, *, #4421, .F. ) ;
#4355 = ORIENTED_EDGE ( 'NONE', *, *, #4351, .F. ) ;
#4356 = ORIENTED_EDGE ( 'NONE', *, *, #4357, .F. ) ;
#4357 = EDGE_CURVE ( 'NONE', #4350, #4349, #9898, .T. ) ;
#4358 = ORIENTED_EDGE ( 'NONE', *, *, #4359, .F. ) ;
#4359 = EDGE_CURVE ( 'NONE', #3869, #4350, #9893, .T. ) ;
#4360 = ORIENTED_EDGE ( 'NONE', *, *, #3959, .T. ) ;
#4361 = VERTEX_POINT ( 'NONE', #9892 ) ;
#4362 = EDGE_CURVE ( 'NONE', #4363, #4275, #9890, .T. ) ;
#4363 = VERTEX_POINT ( 'NONE', #9937 ) ;
#4364 = ORIENTED_EDGE ( 'NONE', *, *, #4365, .F. ) ;
#4365 = EDGE_CURVE ( 'NONE', #4366, #4363, #9936, .T. ) ;
#4366 = VERTEX_POINT ( 'NONE', #9931 ) ;
#4367 = ORIENTED_EDGE ( 'NONE', *, *, #4368, .F. ) ;
#4368 = EDGE_CURVE ( 'NONE', #4369, #4366, #9930, .T. ) ;
#4369 = VERTEX_POINT ( 'NONE', #9926 ) ;
#4370 = ORIENTED_EDGE ( 'NONE', *, *, #4371, .F. ) ;
#4371 = EDGE_CURVE ( 'NONE', #4372, #4369, #9925, .T. ) ;
#4372 = VERTEX_POINT ( 'NONE', #9920 ) ;
#4373 = ORIENTED_EDGE ( 'NONE', *, *, #4374, .F. ) ;
#4374 = EDGE_CURVE ( 'NONE', #4375, #4372, #9919, .T. ) ;
#4375 = VERTEX_POINT ( 'NONE', #9915 ) ;
#4376 = ORIENTED_EDGE ( 'NONE', *, *, #4337, .F. ) ;
#4377 = EDGE_CURVE ( 'NONE', #4268, #4038, #9914, .T. ) ;
#4378 = ORIENTED_EDGE ( 'NONE', *, *, #4379, .F. ) ;
#4379 = EDGE_CURVE ( 'NONE', #4380, #4268, #9967, .T. ) ;
#4380 = VERTEX_POINT ( 'NONE', #9968 ) ;
#4381 = ORIENTED_EDGE ( 'NONE', *, *, #4308, .F. ) ;
#4382 = VERTEX_POINT ( 'NONE', #9957 ) ;
#4383 = ORIENTED_EDGE ( 'NONE', *, *, #4384, .F. ) ;
#4384 = EDGE_CURVE ( 'NONE', #4385, #4382, #9956, .T. ) ;
#4385 = VERTEX_POINT ( 'NONE', #9951 ) ;
#4386 = EDGE_CURVE ( 'NONE', #4275, #4480, #9950, .T. ) ;
#4387 = ORIENTED_EDGE ( 'NONE', *, *, #4274, .T. ) ;
#4388 = ORIENTED_EDGE ( 'NONE', *, *, #4389, .F. ) ;
#4389 = EDGE_CURVE ( 'NONE', #4390, #4417, #9949, .T. ) ;
#4390 = VERTEX_POINT ( 'NONE', #9990 ) ;
#4391 = ORIENTED_EDGE ( 'NONE', *, *, #4392, .F. ) ;
#4392 = EDGE_CURVE ( 'NONE', #4000, #4390, #9989, .T. ) ;
#4393 = ORIENTED_EDGE ( 'NONE', *, *, #3999, .T. ) ;
#4394 = ORIENTED_EDGE ( 'NONE', *, *, #4395, .F. ) ;
#4395 = EDGE_CURVE ( 'NONE', #4396, #3922, #9979, .T. ) ;
#4396 = VERTEX_POINT ( 'NONE', #9980 ) ;
#4397 = VERTEX_POINT ( 'NONE', #9978 ) ;
#4398 = EDGE_CURVE ( 'NONE', #3896, #4397, #9969, .T. ) ;
#4399 = ORIENTED_EDGE ( 'NONE', *, *, #3895, .T. ) ;
#4400 = ORIENTED_EDGE ( 'NONE', *, *, #4401, .F. ) ;
#4401 = EDGE_CURVE ( 'NONE', #4402, #3893, #10011, .T. ) ;
#4402 = VERTEX_POINT ( 'NONE', #10010 ) ;
#4403 = VERTEX_POINT ( 'NONE', #10020 ) ;
#4404 = ORIENTED_EDGE ( 'NONE', *, *, #4405, .F. ) ;
#4405 = EDGE_CURVE ( 'NONE', #3943, #4403, #10001, .T. ) ;
#4406 = ORIENTED_EDGE ( 'NONE', *, *, #4248, .T. ) ;
#4407 = ORIENTED_EDGE ( 'NONE', *, *, #4408, .F. ) ;
#4408 = EDGE_CURVE ( 'NONE', #4430, #4246, #10000, .T. ) ;
#4409 = EDGE_CURVE ( 'NONE', #4410, #4411, #10046, .T. ) ;
#4410 = VERTEX_POINT ( 'NONE', #10033 ) ;
#4411 = VERTEX_POINT ( 'NONE', #10032 ) ;
#4412 = ORIENTED_EDGE ( 'NONE', *, *, #4413, .F. ) ;
#4413 = EDGE_CURVE ( 'NONE', #3998, #4410, #10031, .T. ) ;
#4414 = ORIENTED_EDGE ( 'NONE', *, *, #3997, .T. ) ;
#4415 = ORIENTED_EDGE ( 'NONE', *, *, #4416, .F. ) ;
#4416 = EDGE_CURVE ( 'NONE', #4417, #3914, #10030, .T. ) ;
#4417 = VERTEX_POINT ( 'NONE', #10029 ) ;
#4418 = ORIENTED_EDGE ( 'NONE', *, *, #4419, .F. ) ;
#4419 = EDGE_CURVE ( 'NONE', #4397, #4396, #10077, .T. ) ;
#4420 = ORIENTED_EDGE ( 'NONE', *, *, #4398, .F. ) ;
#4421 = EDGE_CURVE ( 'NONE', #4353, #4321, #10064, .T. ) ;
#4422 = ORIENTED_EDGE ( 'NONE', *, *, #4470, .F. ) ;
#4423 = ORIENTED_EDGE ( 'NONE', *, *, #4424, .F. ) ;
#4424 = EDGE_CURVE ( 'NONE', #4425, #4402, #10060, .T. ) ;
#4425 = VERTEX_POINT ( 'NONE', #10055 ) ;
#4426 = ORIENTED_EDGE ( 'NONE', *, *, #4427, .F. ) ;
#4427 = EDGE_CURVE ( 'NONE', #3991, #4425, #10053, .T. ) ;
#4428 = ORIENTED_EDGE ( 'NONE', *, *, #3990, .T. ) ;
#4429 = ORIENTED_EDGE ( 'NONE', *, *, #4339, .F. ) ;
#4430 = VERTEX_POINT ( 'NONE', #10052 ) ;
#4431 = ORIENTED_EDGE ( 'NONE', *, *, #4432, .F. ) ;
#4432 = EDGE_CURVE ( 'NONE', #4338, #4430, #10051, .T. ) ;
#4433 = VERTEX_POINT ( 'NONE', #10098 ) ;
#4434 = ORIENTED_EDGE ( 'NONE', *, *, #3567, .F. ) ;
#4435 = ORIENTED_EDGE ( 'NONE', *, *, #3460, .F. ) ;
#4436 = ORIENTED_EDGE ( 'NONE', *, *, #3386, .F. ) ;
#4437 = ORIENTED_EDGE ( 'NONE', *, *, #3534, .F. ) ;
#4438 = ORIENTED_EDGE ( 'NONE', *, *, #3421, .F. ) ;
#4439 = ORIENTED_EDGE ( 'NONE', *, *, #2, .F. ) ;
#4440 = ORIENTED_EDGE ( 'NONE', *, *, #3910, .T. ) ;
#4441 = ORIENTED_EDGE ( 'NONE', *, *, #3427, .T. ) ;
#4442 = ORIENTED_EDGE ( 'NONE', *, *, #4443, .F. ) ;
#4443 = EDGE_CURVE ( 'NONE', #4444, #4289, #10097, .T. ) ;
#4444 = VERTEX_POINT ( 'NONE', #10096 ) ;
#4445 = ORIENTED_EDGE ( 'NONE', *, *, #4446, .F. ) ;
#4446 = EDGE_CURVE ( 'NONE', #4447, #4444, #10095, .T. ) ;
#4447 = VERTEX_POINT ( 'NONE', #10082 ) ;
#4448 = ORIENTED_EDGE ( 'NONE', *, *, #4449, .F. ) ;
#4449 = EDGE_CURVE ( 'NONE', #4155, #4447, #10081, .T. ) ;
#4450 = ORIENTED_EDGE ( 'NONE', *, *, #4154, .T. ) ;
#4451 = ORIENTED_EDGE ( 'NONE', *, *, #4452, .F. ) ;
#4452 = EDGE_CURVE ( 'NONE', #4453, #4152, #10126, .T. ) ;
#4453 = VERTEX_POINT ( 'NONE', #10125 ) ;
#4454 = ORIENTED_EDGE ( 'NONE', *, *, #4455, .F. ) ;
#4455 = EDGE_CURVE ( 'NONE', #4456, #4453, #10124, .T. ) ;
#4456 = VERTEX_POINT ( 'NONE', #10111 ) ;
#4457 = ORIENTED_EDGE ( 'NONE', *, *, #4458, .F. ) ;
#4458 = EDGE_CURVE ( 'NONE', #4361, #3957, #10110, .T. ) ;
#4459 = ORIENTED_EDGE ( 'NONE', *, *, #4460, .F. ) ;
#4460 = EDGE_CURVE ( 'NONE', #4461, #4361, #10109, .T. ) ;
#4461 = VERTEX_POINT ( 'NONE', #62 ) ;
#4462 = ORIENTED_EDGE ( 'NONE', *, *, #4463, .F. ) ;
#4463 = EDGE_CURVE ( 'NONE', #3901, #4461, #61, .T. ) ;
#4464 = ORIENTED_EDGE ( 'NONE', *, *, #3900, .T. ) ;
#4465 = ORIENTED_EDGE ( 'NONE', *, *, #4466, .F. ) ;
#4466 = EDGE_CURVE ( 'NONE', #4467, #3930, #51, .T. ) ;
#4467 = VERTEX_POINT ( 'NONE', #52 ) ;
#4468 = ORIENTED_EDGE ( 'NONE', *, *, #4469, .F. ) ;
#4469 = EDGE_CURVE ( 'NONE', #4403, #4467, #50, .T. ) ;
#4470 = EDGE_CURVE ( 'NONE', #3985, #4353, #88, .T. ) ;
#4471 = ORIENTED_EDGE ( 'NONE', *, *, #3984, .T. ) ;
#4472 = ORIENTED_EDGE ( 'NONE', *, *, #4473, .F. ) ;
#4473 = EDGE_CURVE ( 'NONE', #4372, #4338, #79, .T. ) ;
#4474 = ORIENTED_EDGE ( 'NONE', *, *, #4371, .T. ) ;
#4475 = ORIENTED_EDGE ( 'NONE', *, *, #4476, .F. ) ;
#4476 = EDGE_CURVE ( 'NONE', #4477, #4369, #69, .T. ) ;
#4477 = VERTEX_POINT ( 'NONE', #70 ) ;
#4478 = ORIENTED_EDGE ( 'NONE', *, *, #4479, .F. ) ;
#4479 = EDGE_CURVE ( 'NONE', #4480, #4477, #110, .T. ) ;
#4480 = VERTEX_POINT ( 'NONE', #111 ) ;
#4481 = ORIENTED_EDGE ( 'NONE', *, *, #4386, .F. ) ;
#4482 = ORIENTED_EDGE ( 'NONE', *, *, #4503, .F. ) ;
#4483 = VERTEX_POINT ( 'NONE', #105 ) ;
#4484 = ORIENTED_EDGE ( 'NONE', *, *, #4485, .F. ) ;
#4485 = EDGE_CURVE ( 'NONE', #4279, #4562, #104, .T. ) ;
#4486 = ORIENTED_EDGE ( 'NONE', *, *, #4278, .T. ) ;
#4487 = VERTEX_POINT ( 'NONE', #103 ) ;
#4488 = ORIENTED_EDGE ( 'NONE', *, *, #4489, .F. ) ;
#4489 = EDGE_CURVE ( 'NONE', #4487, #4292, #94, .T. ) ;
#4490 = ORIENTED_EDGE ( 'NONE', *, *, #4491, .F. ) ;
#4491 = EDGE_CURVE ( 'NONE', #4492, #4487, #93, .T. ) ;
#4492 = VERTEX_POINT ( 'NONE', #139 ) ;
#4493 = ORIENTED_EDGE ( 'NONE', *, *, #4494, .F. ) ;
#4494 = EDGE_CURVE ( 'NONE', #4305, #4492, #138, .T. ) ;
#4495 = ORIENTED_EDGE ( 'NONE', *, *, #4496, .F. ) ;
#4496 = EDGE_CURVE ( 'NONE', #4433, #4483, #136, .T. ) ;
#4497 = ORIENTED_EDGE ( 'NONE', *, *, #4498, .F. ) ;
#4498 = EDGE_CURVE ( 'NONE', #4499, #4507, #123, .T. ) ;
#4499 = VERTEX_POINT ( 'NONE', #119 ) ;
#4500 = ORIENTED_EDGE ( 'NONE', *, *, #4501, .F. ) ;
#4501 = EDGE_CURVE ( 'NONE', #4199, #4499, #118, .T. ) ;
#4502 = ORIENTED_EDGE ( 'NONE', *, *, #4198, .T. ) ;
#4503 = EDGE_CURVE ( 'NONE', #4293, #4569, #166, .T. ) ;
#4504 = ORIENTED_EDGE ( 'NONE', *, *, #4056, .T. ) ;
#4505 = ORIENTED_EDGE ( 'NONE', *, *, #4506, .F. ) ;
#4506 = EDGE_CURVE ( 'NONE', #4507, #4219, #156, .T. ) ;
#4507 = VERTEX_POINT ( 'NONE', #157 ) ;
#4508 = ORIENTED_EDGE ( 'NONE', *, *, #4509, .F. ) ;
#4509 = EDGE_CURVE ( 'NONE', #2807, #4456, #197, .T. ) ;
#4510 = ADVANCED_FACE ( 'NONE', ( #196 ), #175, .F. ) ;
#4511 = EDGE_LOOP ( 'NONE', ( #4512, #4513, #4514, #4515, #4516, #4517, #4518, #4434, #4435, #4436, #4437, #4438, #4439, #4440, #4441, #4519, #4520, #4521, #4547, #4548, #4549, #4550, #4551 ) ) ;
#4512 = ORIENTED_EDGE ( 'NONE', *, *, #3528, .T. ) ;
#4513 = ORIENTED_EDGE ( 'NONE', *, *, #3815, .T. ) ;
#4514 = ORIENTED_EDGE ( 'NONE', *, *, #3516, .T. ) ;
#4515 = ORIENTED_EDGE ( 'NONE', *, *, #3464, .T. ) ;
#4516 = ORIENTED_EDGE ( 'NONE', *, *, #3573, .F. ) ;
#4517 = ORIENTED_EDGE ( 'NONE', *, *, #3484, .F. ) ;
#4518 = ORIENTED_EDGE ( 'NONE', *, *, #3510, .F. ) ;
#4519 = ORIENTED_EDGE ( 'NONE', *, *, #3531, .T. ) ;
#4520 = ORIENTED_EDGE ( 'NONE', *, *, #3379, .T. ) ;
#4521 = ORIENTED_EDGE ( 'NONE', *, *, #3539, .T. ) ;
#4522 = ORIENTED_EDGE ( 'NONE', *, *, #4523, .F. ) ;
#4523 = EDGE_CURVE ( 'NONE', #4331, #4433, #319, .T. ) ;
#4524 = ORIENTED_EDGE ( 'NONE', *, *, #4330, .T. ) ;
#4525 = VERTEX_POINT ( 'NONE', #320 ) ;
#4526 = ORIENTED_EDGE ( 'NONE', *, *, #4527, .F. ) ;
#4527 = EDGE_CURVE ( 'NONE', #4483, #4272, #308, .T. ) ;
#4528 = ADVANCED_FACE ( 'NONE', ( #310 ), #307, .F. ) ;
#4529 = EDGE_LOOP ( 'NONE', ( #4530, #4531, #4535, #4538 ) ) ;
#4530 = ORIENTED_EDGE ( 'NONE', *, *, #3855, .T. ) ;
#4531 = ORIENTED_EDGE ( 'NONE', *, *, #4532, .F. ) ;
#4532 = EDGE_CURVE ( 'NONE', #4533, #3852, #295, .T. ) ;
#4533 = VERTEX_POINT ( 'NONE', #291 ) ;
#4534 = ORIENTED_EDGE ( 'NONE', *, *, #4599, .T. ) ;
#4535 = ORIENTED_EDGE ( 'NONE', *, *, #4536, .T. ) ;
#4536 = EDGE_CURVE ( 'NONE', #4533, #4537, #290, .T. ) ;
#4537 = VERTEX_POINT ( 'NONE', #348 ) ;
#4538 = ORIENTED_EDGE ( 'NONE', *, *, #4539, .T. ) ;
#4539 = EDGE_CURVE ( 'NONE', #4537, #3856, #347, .T. ) ;
#4540 = ADVANCED_FACE ( 'NONE', ( #343 ), #342, .F. ) ;
#4541 = EDGE_LOOP ( 'NONE', ( #4542, #4544, #4545, #4546 ) ) ;
#4542 = ORIENTED_EDGE ( 'NONE', *, *, #4543, .T. ) ;
#4543 = EDGE_CURVE ( 'NONE', #4606, #4533, #337, .T. ) ;
#4544 = ORIENTED_EDGE ( 'NONE', *, *, #4532, .T. ) ;
#4545 = ORIENTED_EDGE ( 'NONE', *, *, #3851, .T. ) ;
#4546 = ORIENTED_EDGE ( 'NONE', *, *, #4608, .F. ) ;
#4547 = ORIENTED_EDGE ( 'NONE', *, *, #3560, .T. ) ;
#4548 = ORIENTED_EDGE ( 'NONE', *, *, #3507, .T. ) ;
#4549 = ORIENTED_EDGE ( 'NONE', *, *, #3477, .T. ) ;
#4550 = ORIENTED_EDGE ( 'NONE', *, *, #3515, .T. ) ;
#4551 = ORIENTED_EDGE ( 'NONE', *, *, #3543, .T. ) ;
#4552 = ADVANCED_FACE ( 'NONE', ( #333 ), #332, .F. ) ;
#4553 = EDGE_LOOP ( 'NONE', ( #4554, #4555, #4534, #4601 ) ) ;
#4554 = ORIENTED_EDGE ( 'NONE', *, *, #4460, .T. ) ;
#4555 = ORIENTED_EDGE ( 'NONE', *, *, #4556, .T. ) ;
#4556 = EDGE_CURVE ( 'NONE', #4361, #4557, #327, .T. ) ;
#4557 = VERTEX_POINT ( 'NONE', #323 ) ;
#4558 = ORIENTED_EDGE ( 'NONE', *, *, #4559, .F. ) ;
#4559 = EDGE_CURVE ( 'NONE', #4525, #4328, #322, .T. ) ;
#4560 = ORIENTED_EDGE ( 'NONE', *, *, #4561, .F. ) ;
#4561 = EDGE_CURVE ( 'NONE', #4562, #4525, #371, .T. ) ;
#4562 = VERTEX_POINT ( 'NONE', #380 ) ;
#4563 = ORIENTED_EDGE ( 'NONE', *, *, #4304, .T. ) ;
#4564 = ORIENTED_EDGE ( 'NONE', *, *, #4565, .F. ) ;
#4565 = EDGE_CURVE ( 'NONE', #4566, #4302, #366, .T. ) ;
#4566 = VERTEX_POINT ( 'NONE', #365 ) ;
#4567 = ORIENTED_EDGE ( 'NONE', *, *, #4568, .F. ) ;
#4568 = EDGE_CURVE ( 'NONE', #4569, #4566, #364, .T. ) ;
#4569 = VERTEX_POINT ( 'NONE', #355 ) ;
#4570 = EDGE_CURVE ( 'NONE', #4600, #3904, #415, .T. ) ;
#4571 = ORIENTED_EDGE ( 'NONE', *, *, #3903, .T. ) ;
#4572 = ADVANCED_FACE ( 'NONE', ( #411 ), #410, .F. ) ;
#4573 = EDGE_LOOP ( 'NONE', ( #4574, #4575, #4686, #4688 ) ) ;
#4574 = ORIENTED_EDGE ( 'NONE', *, *, #4458, .T. ) ;
#4575 = ORIENTED_EDGE ( 'NONE', *, *, #3956, .T. ) ;
#4576 = ADVANCED_FACE ( 'NONE', ( #405 ), #404, .F. ) ;
#4577 = EDGE_LOOP ( 'NONE', ( #4578, #4580, #4581, #4582 ) ) ;
#4578 = ORIENTED_EDGE ( 'NONE', *, *, #4579, .T. ) ;
#4579 = EDGE_CURVE ( 'NONE', #4537, #4615, #399, .T. ) ;
#4580 = ORIENTED_EDGE ( 'NONE', *, *, #4603, .T. ) ;
#4581 = ORIENTED_EDGE ( 'NONE', *, *, #3834, .T. ) ;
#4582 = ORIENTED_EDGE ( 'NONE', *, *, #4539, .F. ) ;
#4583 = ADVANCED_FACE ( 'NONE', ( #395, #394 ), #393, .T. ) ;
#4584 = EDGE_LOOP ( 'NONE', ( #4585, #4586 ) ) ;
#4585 = ORIENTED_EDGE ( 'NONE', *, *, #3823, .T. ) ;
#4586 = ORIENTED_EDGE ( 'NONE', *, *, #3587, .T. ) ;
#4587 = EDGE_LOOP ( 'NONE', ( #4588, #4616, #4617, #4618 ) ) ;
#4588 = ORIENTED_EDGE ( 'NONE', *, *, #4579, .F. ) ;
#4589 = ADVANCED_FACE ( 'NONE', ( #388 ), #387, .F. ) ;
#4590 = ORIENTED_EDGE ( 'NONE', *, *, #3790, .T. ) ;
#4591 = ORIENTED_EDGE ( 'NONE', *, *, #4629, .F. ) ;
#4592 = ORIENTED_EDGE ( 'NONE', *, *, #4593, .F. ) ;
#4593 = EDGE_CURVE ( 'NONE', #4594, #4627, #382, .T. ) ;
#4594 = VERTEX_POINT ( 'NONE', #447 ) ;
#4595 = ORIENTED_EDGE ( 'NONE', *, *, #4596, .T. ) ;
#4596 = EDGE_CURVE ( 'NONE', #4594, #3791, #446, .T. ) ;
#4597 = ADVANCED_FACE ( 'NONE', ( #442 ), #441, .F. ) ;
#4598 = EDGE_LOOP ( 'NONE', ( #4631, #4632, #4633, #4636 ) ) ;
#4599 = EDGE_CURVE ( 'NONE', #4557, #4600, #436, .T. ) ;
#4600 = VERTEX_POINT ( 'NONE', #431 ) ;
#4601 = ORIENTED_EDGE ( 'NONE', *, *, #4643, .T. ) ;
#4602 = ORIENTED_EDGE ( 'NONE', *, *, #4603, .F. ) ;
#4603 = EDGE_CURVE ( 'NONE', #4615, #3835, #430, .T. ) ;
#4604 = ORIENTED_EDGE ( 'NONE', *, *, #4605, .T. ) ;
#4605 = EDGE_CURVE ( 'NONE', #4615, #4606, #426, .T. ) ;
#4606 = VERTEX_POINT ( 'NONE', #422 ) ;
#4607 = ORIENTED_EDGE ( 'NONE', *, *, #4608, .T. ) ;
#4608 = EDGE_CURVE ( 'NONE', #4606, #3853, #421, .T. ) ;
#4609 = ORIENTED_EDGE ( 'NONE', *, *, #3906, .T. ) ;
#4610 = ORIENTED_EDGE ( 'NONE', *, *, #4570, .F. ) ;
#4611 = ORIENTED_EDGE ( 'NONE', *, *, #4599, .F. ) ;
#4612 = ADVANCED_FACE ( 'NONE', ( #417 ), #416, .F. ) ;
#4613 = EDGE_LOOP ( 'NONE', ( #4614, #4602, #4604, #4607 ) ) ;
#4614 = ORIENTED_EDGE ( 'NONE', *, *, #3809, .T. ) ;
#4615 = VERTEX_POINT ( 'NONE', #475 ) ;
#4616 = ORIENTED_EDGE ( 'NONE', *, *, #4536, .F. ) ;
#4617 = ORIENTED_EDGE ( 'NONE', *, *, #4543, .F. ) ;
#4618 = ORIENTED_EDGE ( 'NONE', *, *, #4605, .F. ) ;
#4619 = ADVANCED_FACE ( 'NONE', ( #474 ), #473, .F. ) ;
#4620 = EDGE_LOOP ( 'NONE', ( #4621, #4622, #4625, #4628 ) ) ;
#4621 = ORIENTED_EDGE ( 'NONE', *, *, #3844, .T. ) ;
#4622 = ORIENTED_EDGE ( 'NONE', *, *, #4623, .F. ) ;
#4623 = EDGE_CURVE ( 'NONE', #4624, #3788, #472, .T. ) ;
#4624 = VERTEX_POINT ( 'NONE', #464 ) ;
#4625 = ORIENTED_EDGE ( 'NONE', *, *, #4626, .F. ) ;
#4626 = EDGE_CURVE ( 'NONE', #4627, #4624, #463, .T. ) ;
#4627 = VERTEX_POINT ( 'NONE', #459 ) ;
#4628 = ORIENTED_EDGE ( 'NONE', *, *, #4629, .T. ) ;
#4629 = EDGE_CURVE ( 'NONE', #4627, #3868, #458, .T. ) ;
#4630 = EDGE_LOOP ( 'NONE', ( #4590, #4591, #4592, #4595 ) ) ;
#4631 = ORIENTED_EDGE ( 'NONE', *, *, #3793, .T. ) ;
#4632 = ORIENTED_EDGE ( 'NONE', *, *, #4596, .F. ) ;
#4633 = ORIENTED_EDGE ( 'NONE', *, *, #4634, .F. ) ;
#4634 = EDGE_CURVE ( 'NONE', #4635, #4594, #454, .T. ) ;
#4635 = VERTEX_POINT ( 'NONE', #450 ) ;
#4636 = ORIENTED_EDGE ( 'NONE', *, *, #4637, .T. ) ;
#4637 = EDGE_CURVE ( 'NONE', #4635, #3794, #511, .T. ) ;
#4638 = ADVANCED_FACE ( 'NONE', ( #507 ), #506, .F. ) ;
#4639 = EDGE_LOOP ( 'NONE', ( #4640, #4641, #4642, #4769 ) ) ;
#4640 = ORIENTED_EDGE ( 'NONE', *, *, #3796, .T. ) ;
#4641 = ORIENTED_EDGE ( 'NONE', *, *, #4637, .F. ) ;
#4642 = ORIENTED_EDGE ( 'NONE', *, *, #4673, .F. ) ;
#4643 = EDGE_CURVE ( 'NONE', #4600, #4461, #501, .T. ) ;
#4644 = ADVANCED_FACE ( 'NONE', ( #497 ), #496, .F. ) ;
#4645 = EDGE_LOOP ( 'NONE', ( #4646, #4647, #4648, #4571 ) ) ;
#4646 = ORIENTED_EDGE ( 'NONE', *, *, #4463, .T. ) ;
#4647 = ORIENTED_EDGE ( 'NONE', *, *, #4643, .F. ) ;
#4648 = ORIENTED_EDGE ( 'NONE', *, *, #4570, .T. ) ;
#4649 = EDGE_LOOP ( 'NONE', ( #4705, #4706, #4707, #4708 ) ) ;
#4650 = ORIENTED_EDGE ( 'NONE', *, *, #4665, .F. ) ;
#4651 = ORIENTED_EDGE ( 'NONE', *, *, #4722, .F. ) ;
#4652 = ORIENTED_EDGE ( 'NONE', *, *, #3720, .T. ) ;
#4653 = ADVANCED_FACE ( 'NONE', ( #491 ), #490, .F. ) ;
#4654 = EDGE_LOOP ( 'NONE', ( #4655, #4656, #4657, #4660, #4697, #4700, #4755, #4756, #4757, #4760, #4694, #4818, #4734, #4747, #4787, #4843, #4806 ) ) ;
#4655 = ORIENTED_EDGE ( 'NONE', *, *, #3407, .F. ) ;
#4656 = ORIENTED_EDGE ( 'NONE', *, *, #4509, .T. ) ;
#4657 = ORIENTED_EDGE ( 'NONE', *, *, #4658, .T. ) ;
#4658 = EDGE_CURVE ( 'NONE', #4456, #4659, #489, .T. ) ;
#4659 = VERTEX_POINT ( 'NONE', #481 ) ;
#4660 = ORIENTED_EDGE ( 'NONE', *, *, #4661, .T. ) ;
#4661 = EDGE_CURVE ( 'NONE', #4659, #4696, #537, .T. ) ;
#4662 = VERTEX_POINT ( 'NONE', #480 ) ;
#4663 = ORIENTED_EDGE ( 'NONE', *, *, #4770, .F. ) ;
#4664 = ORIENTED_EDGE ( 'NONE', *, *, #4749, .F. ) ;
#4665 = EDGE_CURVE ( 'NONE', #4723, #3867, #532, .T. ) ;
#4666 = ADVANCED_FACE ( 'NONE', ( #528, #527 ), #526, .F. ) ;
#4667 = EDGE_LOOP ( 'NONE', ( #4668, #4670 ) ) ;
#4668 = ORIENTED_EDGE ( 'NONE', *, *, #4669, .F. ) ;
#4669 = EDGE_CURVE ( 'NONE', #3436, #3433, #521, .T. ) ;
#4670 = ORIENTED_EDGE ( 'NONE', *, *, #3435, .F. ) ;
#4671 = EDGE_LOOP ( 'NONE', ( #4672, #4650, #4651, #4652 ) ) ;
#4672 = ORIENTED_EDGE ( 'NONE', *, *, #3846, .T. ) ;
#4673 = EDGE_CURVE ( 'NONE', #4662, #4635, #515, .T. ) ;
#4674 = ORIENTED_EDGE ( 'NONE', *, *, #4675, .F. ) ;
#4675 = EDGE_CURVE ( 'NONE', #4716, #4714, #176, .T. ) ;
#4676 = ORIENTED_EDGE ( 'NONE', *, *, #4677, .F. ) ;
#4677 = EDGE_CURVE ( 'NONE', #4678, #4716, #568, .T. ) ;
#4678 = VERTEX_POINT ( 'NONE', #564 ) ;
#4679 = ORIENTED_EDGE ( 'NONE', *, *, #4680, .F. ) ;
#4680 = EDGE_CURVE ( 'NONE', #4715, #4678, #563, .T. ) ;
#4681 = EDGE_LOOP ( 'NONE', ( #4682, #4683, #4684, #4685 ) ) ;
#4682 = ORIENTED_EDGE ( 'NONE', *, *, #3866, .T. ) ;
#4683 = ORIENTED_EDGE ( 'NONE', *, *, #4709, .F. ) ;
#4684 = ORIENTED_EDGE ( 'NONE', *, *, #4725, .F. ) ;
#4685 = ORIENTED_EDGE ( 'NONE', *, *, #4665, .T. ) ;
#4686 = ORIENTED_EDGE ( 'NONE', *, *, #4687, .F. ) ;
#4687 = EDGE_CURVE ( 'NONE', #4557, #3907, #559, .T. ) ;
#4688 = ORIENTED_EDGE ( 'NONE', *, *, #4556, .F. ) ;
#4689 = ADVANCED_FACE ( 'NONE', ( #555 ), #553, .F. ) ;
#4690 = ADVANCED_FACE ( 'NONE', ( #548 ), #554, .F. ) ;
#4691 = ORIENTED_EDGE ( 'NONE', *, *, #3848, .T. ) ;
#4692 = EDGE_CURVE ( 'NONE', #4759, #4693, #543, .T. ) ;
#4693 = VERTEX_POINT ( 'NONE', #539 ) ;
#4694 = ORIENTED_EDGE ( 'NONE', *, *, #4695, .T. ) ;
#4695 = EDGE_CURVE ( 'NONE', #4693, #3398, #601, .T. ) ;
#4696 = VERTEX_POINT ( 'NONE', #602 ) ;
#4697 = ORIENTED_EDGE ( 'NONE', *, *, #4698, .T. ) ;
#4698 = EDGE_CURVE ( 'NONE', #4696, #4699, #596, .T. ) ;
#4699 = VERTEX_POINT ( 'NONE', #597 ) ;
#4700 = ORIENTED_EDGE ( 'NONE', *, *, #4701, .T. ) ;
#4701 = EDGE_CURVE ( 'NONE', #4699, #3759, #592, .T. ) ;
#4702 = EDGE_LOOP ( 'NONE', ( #4691, #4663, #4664, #4750 ) ) ;
#4703 = ORIENTED_EDGE ( 'NONE', *, *, #3683, .T. ) ;
#4704 = ADVANCED_FACE ( 'NONE', ( #590 ), #591, .F. ) ;
#4705 = ORIENTED_EDGE ( 'NONE', *, *, #3837, .T. ) ;
#4706 = ORIENTED_EDGE ( 'NONE', *, *, #3668, .F. ) ;
#4707 = ORIENTED_EDGE ( 'NONE', *, *, #4728, .F. ) ;
#4708 = ORIENTED_EDGE ( 'NONE', *, *, #4709, .T. ) ;
#4709 = EDGE_CURVE ( 'NONE', #4726, #3839, #624, .T. ) ;
#4710 = ADVANCED_FACE ( 'NONE', ( #616, #615 ), #614, .F. ) ;
#4711 = EDGE_LOOP ( 'NONE', ( #4712, #4674, #4676, #4679 ) ) ;
#4712 = ORIENTED_EDGE ( 'NONE', *, *, #4713, .F. ) ;
#4713 = EDGE_CURVE ( 'NONE', #4714, #4715, #609, .T. ) ;
#4714 = VERTEX_POINT ( 'NONE', #605 ) ;
#4715 = VERTEX_POINT ( 'NONE', #604 ) ;
#4716 = VERTEX_POINT ( 'NONE', #603 ) ;
#4717 = ORIENTED_EDGE ( 'NONE', *, *, #3826, .F. ) ;
#4718 = ORIENTED_EDGE ( 'NONE', *, *, #3594, .F. ) ;
#4719 = EDGE_LOOP ( 'NONE', ( #4720, #4721, #4724, #4727 ) ) ;
#4720 = ORIENTED_EDGE ( 'NONE', *, *, #3723, .T. ) ;
#4721 = ORIENTED_EDGE ( 'NONE', *, *, #4722, .T. ) ;
#4722 = EDGE_CURVE ( 'NONE', #3721, #4723, #661, .T. ) ;
#4723 = VERTEX_POINT ( 'NONE', #657 ) ;
#4724 = ORIENTED_EDGE ( 'NONE', *, *, #4725, .T. ) ;
#4725 = EDGE_CURVE ( 'NONE', #4723, #4726, #656, .T. ) ;
#4726 = VERTEX_POINT ( 'NONE', #652 ) ;
#4727 = ORIENTED_EDGE ( 'NONE', *, *, #4728, .T. ) ;
#4728 = EDGE_CURVE ( 'NONE', #4726, #3724, #651, .T. ) ;
#4729 = EDGE_LOOP ( 'NONE', ( #4730, #4703 ) ) ;
#4730 = ORIENTED_EDGE ( 'NONE', *, *, #3725, .T. ) ;
#4731 = ORIENTED_EDGE ( 'NONE', *, *, #4732, .F. ) ;
#4732 = EDGE_CURVE ( 'NONE', #4733, #4835, #647, .T. ) ;
#4733 = VERTEX_POINT ( 'NONE', #643 ) ;
#4734 = ORIENTED_EDGE ( 'NONE', *, *, #4669, .T. ) ;
#4735 = EDGE_CURVE ( 'NONE', #4783, #4715, #642, .T. ) ;
#4736 = ADVANCED_FACE ( 'NONE', ( #638 ), #637, .F. ) ;
#4737 = EDGE_LOOP ( 'NONE', ( #4738, #4741, #4794, #4795 ) ) ;
#4738 = ORIENTED_EDGE ( 'NONE', *, *, #4739, .F. ) ;
#4739 = EDGE_CURVE ( 'NONE', #4740, #4783, #632, .T. ) ;
#4740 = VERTEX_POINT ( 'NONE', #695 ) ;
#4741 = ORIENTED_EDGE ( 'NONE', *, *, #4742, .T. ) ;
#4742 = EDGE_CURVE ( 'NONE', #4740, #4714, #694, .T. ) ;
#4743 = ORIENTED_EDGE ( 'NONE', *, *, #4814, .F. ) ;
#4744 = ORIENTED_EDGE ( 'NONE', *, *, #4800, .F. ) ;
#4745 = ADVANCED_FACE ( 'NONE', ( #690 ), #689, .T. ) ;
#4746 = EDGE_LOOP ( 'NONE', ( #4845, #4846, #4847, #4848 ) ) ;
#4747 = ORIENTED_EDGE ( 'NONE', *, *, #3432, .F. ) ;
#4748 = VERTEX_POINT ( 'NONE', #684 ) ;
#4749 = EDGE_CURVE ( 'NONE', #4624, #4662, #683, .T. ) ;
#4750 = ORIENTED_EDGE ( 'NONE', *, *, #4623, .T. ) ;
#4751 = ADVANCED_FACE ( 'NONE', ( #679, #678 ), #677, .F. ) ;
#4752 = EDGE_LOOP ( 'NONE', ( #4753, #4754 ) ) ;
#4753 = ORIENTED_EDGE ( 'NONE', *, *, #3728, .F. ) ;
#4754 = ORIENTED_EDGE ( 'NONE', *, *, #3664, .F. ) ;
#4755 = ORIENTED_EDGE ( 'NONE', *, *, #3712, .T. ) ;
#4756 = ORIENTED_EDGE ( 'NONE', *, *, #3375, .T. ) ;
#4757 = ORIENTED_EDGE ( 'NONE', *, *, #4758, .T. ) ;
#4758 = EDGE_CURVE ( 'NONE', #3373, #4759, #672, .T. ) ;
#4759 = VERTEX_POINT ( 'NONE', #667 ) ;
#4760 = ORIENTED_EDGE ( 'NONE', *, *, #4692, .T. ) ;
#4761 = EDGE_LOOP ( 'NONE', ( #4762, #4763, #4764, #4765, #4766 ) ) ;
#4762 = ORIENTED_EDGE ( 'NONE', *, *, #4626, .T. ) ;
#4763 = ORIENTED_EDGE ( 'NONE', *, *, #4749, .T. ) ;
#4764 = ORIENTED_EDGE ( 'NONE', *, *, #4673, .T. ) ;
#4765 = ORIENTED_EDGE ( 'NONE', *, *, #4634, .T. ) ;
#4766 = ORIENTED_EDGE ( 'NONE', *, *, #4593, .T. ) ;
#4767 = ADVANCED_FACE ( 'NONE', ( #666, #665, #664 ), #663, .T. ) ;
#4768 = EDGE_LOOP ( 'NONE', ( #4717, #4718 ) ) ;
#4769 = ORIENTED_EDGE ( 'NONE', *, *, #4770, .T. ) ;
#4770 = EDGE_CURVE ( 'NONE', #4662, #3797, #725, .T. ) ;
#4771 = ORIENTED_EDGE ( 'NONE', *, *, #4357, .T. ) ;
#4772 = ORIENTED_EDGE ( 'NONE', *, *, #4773, .T. ) ;
#4773 = EDGE_CURVE ( 'NONE', #4349, #4774, #721, .T. ) ;
#4774 = VERTEX_POINT ( 'NONE', #717 ) ;
#4775 = ORIENTED_EDGE ( 'NONE', *, *, #4776, .T. ) ;
#4776 = EDGE_CURVE ( 'NONE', #4733, #4678, #716, .T. ) ;
#4777 = ADVANCED_FACE ( 'NONE', ( #712 ), #711, .F. ) ;
#4778 = EDGE_LOOP ( 'NONE', ( #4779, #4780, #4781, #4784 ) ) ;
#4779 = ORIENTED_EDGE ( 'NONE', *, *, #4680, .T. ) ;
#4780 = ORIENTED_EDGE ( 'NONE', *, *, #4776, .F. ) ;
#4781 = ORIENTED_EDGE ( 'NONE', *, *, #4782, .F. ) ;
#4782 = EDGE_CURVE ( 'NONE', #4783, #4733, #706, .T. ) ;
#4783 = VERTEX_POINT ( 'NONE', #702 ) ;
#4784 = ORIENTED_EDGE ( 'NONE', *, *, #4735, .T. ) ;
#4785 = ADVANCED_FACE ( 'NONE', ( #701 ), #700, .F. ) ;
#4786 = ORIENTED_EDGE ( 'NONE', *, *, #4677, .T. ) ;
#4787 = ORIENTED_EDGE ( 'NONE', *, *, #4788, .T. ) ;
#4788 = EDGE_CURVE ( 'NONE', #3430, #4748, #760, .T. ) ;
#4789 = ADVANCED_FACE ( 'NONE', ( #755 ), #754, .T. ) ;
#4790 = EDGE_LOOP ( 'NONE', ( #4791, #4792, #4743, #4744 ) ) ;
#4791 = ORIENTED_EDGE ( 'NONE', *, *, #4830, .F. ) ;
#4792 = ORIENTED_EDGE ( 'NONE', *, *, #4793, .T. ) ;
#4793 = EDGE_CURVE ( 'NONE', #4827, #4815, #749, .T. ) ;
#4794 = ORIENTED_EDGE ( 'NONE', *, *, #4713, .T. ) ;
#4795 = ORIENTED_EDGE ( 'NONE', *, *, #4735, .F. ) ;
#4796 = ADVANCED_FACE ( 'NONE', ( #745 ), #744, .T. ) ;
#4797 = EDGE_LOOP ( 'NONE', ( #4798, #4836, #4838, #4839 ) ) ;
#4798 = ORIENTED_EDGE ( 'NONE', *, *, #4732, .T. ) ;
#4799 = ORIENTED_EDGE ( 'NONE', *, *, #4800, .T. ) ;
#4800 = EDGE_CURVE ( 'NONE', #4828, #4812, #739, .T. ) ;
#4801 = ORIENTED_EDGE ( 'NONE', *, *, #4802, .T. ) ;
#4802 = EDGE_CURVE ( 'NONE', #4812, #3679, #735, .T. ) ;
#4803 = ADVANCED_FACE ( 'NONE', ( #731 ), #730, .T. ) ;
#4804 = EDGE_LOOP ( 'NONE', ( #4813, #4816, #4886, #4887 ) ) ;
#4805 = VERTEX_POINT ( 'NONE', #790 ) ;
#4806 = ORIENTED_EDGE ( 'NONE', *, *, #4807, .T. ) ;
#4807 = EDGE_CURVE ( 'NONE', #4805, #3408, #789, .T. ) ;
#4808 = EDGE_LOOP ( 'NONE', ( #4786, #4833, #4731, #4775 ) ) ;
#4809 = ADVANCED_FACE ( 'NONE', ( #784 ), #783, .T. ) ;
#4810 = ORIENTED_EDGE ( 'NONE', *, *, #3678, .F. ) ;
#4811 = ORIENTED_EDGE ( 'NONE', *, *, #4888, .F. ) ;
#4812 = VERTEX_POINT ( 'NONE', #778 ) ;
#4813 = ORIENTED_EDGE ( 'NONE', *, *, #4814, .T. ) ;
#4814 = EDGE_CURVE ( 'NONE', #4812, #4815, #777, .T. ) ;
#4815 = VERTEX_POINT ( 'NONE', #773 ) ;
#4816 = ORIENTED_EDGE ( 'NONE', *, *, #4817, .T. ) ;
#4817 = EDGE_CURVE ( 'NONE', #4815, #3672, #772, .T. ) ;
#4818 = ORIENTED_EDGE ( 'NONE', *, *, #3397, .T. ) ;
#4819 = ORIENTED_EDGE ( 'NONE', *, *, #4675, .T. ) ;
#4820 = ORIENTED_EDGE ( 'NONE', *, *, #4742, .F. ) ;
#4821 = ORIENTED_EDGE ( 'NONE', *, *, #4837, .F. ) ;
#4822 = ADVANCED_FACE ( 'NONE', ( #768 ), #767, .T. ) ;
#4823 = EDGE_LOOP ( 'NONE', ( #4824, #4825, #4829, #4831 ) ) ;
#4824 = ORIENTED_EDGE ( 'NONE', *, *, #3675, .F. ) ;
#4825 = ORIENTED_EDGE ( 'NONE', *, *, #4826, .T. ) ;
#4826 = EDGE_CURVE ( 'NONE', #3673, #4827, #761, .T. ) ;
#4827 = VERTEX_POINT ( 'NONE', #824 ) ;
#4828 = VERTEX_POINT ( 'NONE', #823 ) ;
#4829 = ORIENTED_EDGE ( 'NONE', *, *, #4830, .T. ) ;
#4830 = EDGE_CURVE ( 'NONE', #4827, #4828, #822, .T. ) ;
#4831 = ORIENTED_EDGE ( 'NONE', *, *, #4888, .T. ) ;
#4832 = EDGE_LOOP ( 'NONE', ( #4810, #4811, #4799, #4801 ) ) ;
#4833 = ORIENTED_EDGE ( 'NONE', *, *, #4834, .T. ) ;
#4834 = EDGE_CURVE ( 'NONE', #4716, #4835, #818, .T. ) ;
#4835 = VERTEX_POINT ( 'NONE', #814 ) ;
#4836 = ORIENTED_EDGE ( 'NONE', *, *, #4837, .T. ) ;
#4837 = EDGE_CURVE ( 'NONE', #4835, #4740, #813, .T. ) ;
#4838 = ORIENTED_EDGE ( 'NONE', *, *, #4739, .T. ) ;
#4839 = ORIENTED_EDGE ( 'NONE', *, *, #4782, .T. ) ;
#4840 = ADVANCED_FACE ( 'NONE', ( #809 ), #808, .F. ) ;
#4841 = EDGE_LOOP ( 'NONE', ( #4842, #4819, #4820, #4821 ) ) ;
#4842 = ORIENTED_EDGE ( 'NONE', *, *, #4834, .F. ) ;
#4843 = ORIENTED_EDGE ( 'NONE', *, *, #4844, .T. ) ;
#4844 = EDGE_CURVE ( 'NONE', #4748, #4805, #803, .T. ) ;
#4845 = ORIENTED_EDGE ( 'NONE', *, *, #4817, .F. ) ;
#4846 = ORIENTED_EDGE ( 'NONE', *, *, #4793, .F. ) ;
#4847 = ORIENTED_EDGE ( 'NONE', *, *, #4826, .F. ) ;
#4848 = ORIENTED_EDGE ( 'NONE', *, *, #3671, .F. ) ;
#4849 = ADVANCED_FACE ( 'NONE', ( #799 ), #798, .F. ) ;
#4850 = EDGE_LOOP ( 'NONE', ( #4771, #4772, #4916, #4914 ) ) ;
#4851 = ORIENTED_EDGE ( 'NONE', *, *, #4852, .T. ) ;
#4852 = EDGE_CURVE ( 'NONE', #4927, #4853, #857, .T. ) ;
#4853 = VERTEX_POINT ( 'NONE', #852 ) ;
#4854 = ORIENTED_EDGE ( 'NONE', *, *, #4855, .T. ) ;
#4855 = EDGE_CURVE ( 'NONE', #4853, #4343, #851, .T. ) ;
#4856 = ADVANCED_FACE ( 'NONE', ( #847 ), #846, .F. ) ;
#4857 = EDGE_LOOP ( 'NONE', ( #4858, #4859, #4860, #4917 ) ) ;
#4858 = ORIENTED_EDGE ( 'NONE', *, *, #4345, .T. ) ;
#4859 = ORIENTED_EDGE ( 'NONE', *, *, #4855, .F. ) ;
#4860 = ORIENTED_EDGE ( 'NONE', *, *, #4861, .T. ) ;
#4861 = EDGE_CURVE ( 'NONE', #4853, #3938, #841, .T. ) ;
#4862 = ORIENTED_EDGE ( 'NONE', *, *, #4863, .F. ) ;
#4863 = EDGE_CURVE ( 'NONE', #4774, #3875, #837, .T. ) ;
#4864 = ORIENTED_EDGE ( 'NONE', *, *, #4773, .F. ) ;
#4865 = ADVANCED_FACE ( 'NONE', ( #833 ), #831, .F. ) ;
#4866 = EDGE_LOOP ( 'NONE', ( #4867, #4868, #4869, #4870 ) ) ;
#4867 = ORIENTED_EDGE ( 'NONE', *, *, #4863, .T. ) ;
#4868 = ORIENTED_EDGE ( 'NONE', *, *, #3874, .T. ) ;
#4869 = ORIENTED_EDGE ( 'NONE', *, *, #4880, .F. ) ;
#4870 = ORIENTED_EDGE ( 'NONE', *, *, #4912, .F. ) ;
#4871 = ADVANCED_FACE ( 'NONE', ( #832 ), #892, .F. ) ;
#4872 = EDGE_LOOP ( 'NONE', ( #4873, #4874, #4851, #4854 ) ) ;
#4873 = ORIENTED_EDGE ( 'NONE', *, *, #4342, .T. ) ;
#4874 = ORIENTED_EDGE ( 'NONE', *, *, #4926, .T. ) ;
#4875 = EDGE_CURVE ( 'NONE', #4913, #4350, #887, .T. ) ;
#4876 = ADVANCED_FACE ( 'NONE', ( #883 ), #882, .F. ) ;
#4877 = ORIENTED_EDGE ( 'NONE', *, *, #4359, .T. ) ;
#4878 = ORIENTED_EDGE ( 'NONE', *, *, #4875, .F. ) ;
#4879 = ORIENTED_EDGE ( 'NONE', *, *, #4880, .T. ) ;
#4880 = EDGE_CURVE ( 'NONE', #4913, #3872, #877, .T. ) ;
#4881 = ORIENTED_EDGE ( 'NONE', *, *, #3871, .T. ) ;
#4882 = ADVANCED_FACE ( 'NONE', ( #873 ), #872, .F. ) ;
#4883 = EDGE_LOOP ( 'NONE', ( #4884, #4885, #4862, #4864 ) ) ;
#4884 = ORIENTED_EDGE ( 'NONE', *, *, #4348, .T. ) ;
#4885 = ORIENTED_EDGE ( 'NONE', *, *, #3877, .T. ) ;
#4886 = ORIENTED_EDGE ( 'NONE', *, *, #3681, .F. ) ;
#4887 = ORIENTED_EDGE ( 'NONE', *, *, #4802, .F. ) ;
#4888 = EDGE_CURVE ( 'NONE', #4828, #3676, #867, .T. ) ;
#4889 = ADVANCED_FACE ( 'NONE', ( #863 ), #862, .F. ) ;
#4890 = EDGE_LOOP ( 'NONE', ( #4891, #4892, #4895, #4898 ) ) ;
#4891 = ORIENTED_EDGE ( 'NONE', *, *, #4424, .T. ) ;
#4892 = ORIENTED_EDGE ( 'NONE', *, *, #4893, .T. ) ;
#4893 = EDGE_CURVE ( 'NONE', #4402, #4894, #861, .T. ) ;
#4894 = VERTEX_POINT ( 'NONE', #919 ) ;
#4895 = ORIENTED_EDGE ( 'NONE', *, *, #4896, .T. ) ;
#4896 = EDGE_CURVE ( 'NONE', #4894, #4897, #918, .T. ) ;
#4897 = VERTEX_POINT ( 'NONE', #913 ) ;
#4898 = ORIENTED_EDGE ( 'NONE', *, *, #4899, .T. ) ;
#4899 = EDGE_CURVE ( 'NONE', #4897, #4425, #912, .T. ) ;
#4900 = EDGE_CURVE ( 'NONE', #4396, #4952, #908, .T. ) ;
#4901 = ORIENTED_EDGE ( 'NONE', *, *, #4902, .T. ) ;
#4902 = EDGE_CURVE ( 'NONE', #4952, #4903, #904, .T. ) ;
#4903 = VERTEX_POINT ( 'NONE', #899 ) ;
#4904 = ORIENTED_EDGE ( 'NONE', *, *, #4905, .T. ) ;
#4905 = EDGE_CURVE ( 'NONE', #4903, #4397, #898, .T. ) ;
#4906 = ADVANCED_FACE ( 'NONE', ( #894 ), #893, .F. ) ;
#4907 = EDGE_LOOP ( 'NONE', ( #4908, #4931, #4999, #4998 ) ) ;
#4908 = ORIENTED_EDGE ( 'NONE', *, *, #4398, .T. ) ;
#4909 = ADVANCED_FACE ( 'NONE', ( #952 ), #951, .F. ) ;
#4910 = ORIENTED_EDGE ( 'NONE', *, *, #4923, .T. ) ;
#4911 = ORIENTED_EDGE ( 'NONE', *, *, #3949, .T. ) ;
#4912 = EDGE_CURVE ( 'NONE', #4774, #4913, #945, .T. ) ;
#4913 = VERTEX_POINT ( 'NONE', #941 ) ;
#4914 = ORIENTED_EDGE ( 'NONE', *, *, #4875, .T. ) ;
#4915 = EDGE_LOOP ( 'NONE', ( #4877, #4878, #4879, #4881 ) ) ;
#4916 = ORIENTED_EDGE ( 'NONE', *, *, #4912, .T. ) ;
#4917 = ORIENTED_EDGE ( 'NONE', *, *, #3947, .T. ) ;
#4918 = ADVANCED_FACE ( 'NONE', ( #940 ), #939, .F. ) ;
#4919 = EDGE_LOOP ( 'NONE', ( #4920, #4921, #4922, #4924 ) ) ;
#4920 = ORIENTED_EDGE ( 'NONE', *, *, #4339, .T. ) ;
#4921 = ORIENTED_EDGE ( 'NONE', *, *, #3952, .T. ) ;
#4922 = ORIENTED_EDGE ( 'NONE', *, *, #4923, .F. ) ;
#4923 = EDGE_CURVE ( 'NONE', #4927, #3950, #938, .T. ) ;
#4924 = ORIENTED_EDGE ( 'NONE', *, *, #4926, .F. ) ;
#4925 = EDGE_LOOP ( 'NONE', ( #4910, #4911, #4965, #4966 ) ) ;
#4926 = EDGE_CURVE ( 'NONE', #4340, #4927, #930, .T. ) ;
#4927 = VERTEX_POINT ( 'NONE', #926 ) ;
#4928 = EDGE_LOOP ( 'NONE', ( #4929, #4930, #4969, #4971 ) ) ;
#4929 = ORIENTED_EDGE ( 'NONE', *, *, #4416, .T. ) ;
#4930 = ORIENTED_EDGE ( 'NONE', *, *, #3913, .T. ) ;
#4931 = ORIENTED_EDGE ( 'NONE', *, *, #4905, .F. ) ;
#4932 = ORIENTED_EDGE ( 'NONE', *, *, #4984, .F. ) ;
#4933 = ORIENTED_EDGE ( 'NONE', *, *, #4902, .F. ) ;
#4934 = ADVANCED_FACE ( 'NONE', ( #925 ), #924, .F. ) ;
#4935 = EDGE_LOOP ( 'NONE', ( #4936, #4937, #4973, #4976 ) ) ;
#4936 = ORIENTED_EDGE ( 'NONE', *, *, #4389, .T. ) ;
#4937 = ORIENTED_EDGE ( 'NONE', *, *, #4938, .T. ) ;
#4938 = EDGE_CURVE ( 'NONE', #4417, #4939, #985, .T. ) ;
#4939 = VERTEX_POINT ( 'NONE', #981 ) ;
#4940 = EDGE_CURVE ( 'NONE', #4894, #3995, #980, .T. ) ;
#4941 = ORIENTED_EDGE ( 'NONE', *, *, #4893, .F. ) ;
#4942 = ADVANCED_FACE ( 'NONE', ( #976 ), #975, .F. ) ;
#4943 = EDGE_LOOP ( 'NONE', ( #4944, #4945, #4946, #4947 ) ) ;
#4944 = ORIENTED_EDGE ( 'NONE', *, *, #4940, .T. ) ;
#4945 = ORIENTED_EDGE ( 'NONE', *, *, #3925, .T. ) ;
#4946 = ORIENTED_EDGE ( 'NONE', *, *, #4958, .F. ) ;
#4947 = ORIENTED_EDGE ( 'NONE', *, *, #4896, .F. ) ;
#4948 = ADVANCED_FACE ( 'NONE', ( #969 ), #974, .F. ) ;
#4949 = EDGE_LOOP ( 'NONE', ( #4950, #4951, #4901, #4904 ) ) ;
#4950 = ORIENTED_EDGE ( 'NONE', *, *, #4419, .T. ) ;
#4951 = ORIENTED_EDGE ( 'NONE', *, *, #4900, .T. ) ;
#4952 = VERTEX_POINT ( 'NONE', #964 ) ;
#4953 = ADVANCED_FACE ( 'NONE', ( #963 ), #962, .F. ) ;
#4954 = EDGE_LOOP ( 'NONE', ( #4955, #4956, #4957, #4959 ) ) ;
#4955 = ORIENTED_EDGE ( 'NONE', *, *, #4427, .T. ) ;
#4956 = ORIENTED_EDGE ( 'NONE', *, *, #4899, .F. ) ;
#4957 = ORIENTED_EDGE ( 'NONE', *, *, #4958, .T. ) ;
#4958 = EDGE_CURVE ( 'NONE', #4897, #3994, #961, .T. ) ;
#4959 = ORIENTED_EDGE ( 'NONE', *, *, #3993, .T. ) ;
#4960 = ADVANCED_FACE ( 'NONE', ( #1019 ), #1018, .F. ) ;
#4961 = EDGE_LOOP ( 'NONE', ( #4962, #4963, #4964, #4941 ) ) ;
#4962 = ORIENTED_EDGE ( 'NONE', *, *, #4401, .T. ) ;
#4963 = ORIENTED_EDGE ( 'NONE', *, *, #3927, .T. ) ;
#4964 = ORIENTED_EDGE ( 'NONE', *, *, #4940, .F. ) ;
#4965 = ORIENTED_EDGE ( 'NONE', *, *, #4861, .F. ) ;
#4966 = ORIENTED_EDGE ( 'NONE', *, *, #4852, .F. ) ;
#4967 = EDGE_CURVE ( 'NONE', #4411, #4968, #1013, .T. ) ;
#4968 = VERTEX_POINT ( 'NONE', #1009 ) ;
#4969 = ORIENTED_EDGE ( 'NONE', *, *, #4970, .F. ) ;
#4970 = EDGE_CURVE ( 'NONE', #4939, #4006, #1008, .T. ) ;
#4971 = ORIENTED_EDGE ( 'NONE', *, *, #4938, .F. ) ;
#4972 = EDGE_LOOP ( 'NONE', ( #5037, #5038, #5039, #5040 ) ) ;
#4973 = ORIENTED_EDGE ( 'NONE', *, *, #4974, .T. ) ;
#4974 = EDGE_CURVE ( 'NONE', #4939, #4975, #1004, .T. ) ;
#4975 = VERTEX_POINT ( 'NONE', #999 ) ;
#4976 = ORIENTED_EDGE ( 'NONE', *, *, #4977, .T. ) ;
#4977 = EDGE_CURVE ( 'NONE', #4975, #4390, #998, .T. ) ;
#4978 = ADVANCED_FACE ( 'NONE', ( #994 ), #992, .F. ) ;
#4979 = EDGE_LOOP ( 'NONE', ( #5000, #5001, #5002, #5004 ) ) ;
#4980 = ORIENTED_EDGE ( 'NONE', *, *, #4981, .F. ) ;
#4981 = EDGE_CURVE ( 'NONE', #4952, #3919, #993, .T. ) ;
#4982 = ADVANCED_FACE ( 'NONE', ( #1050 ), #1049, .F. ) ;
#4983 = EDGE_LOOP ( 'NONE', ( #4985, #4986, #4980, #5033 ) ) ;
#4984 = EDGE_CURVE ( 'NONE', #4903, #3916, #1044, .T. ) ;
#4985 = ORIENTED_EDGE ( 'NONE', *, *, #4395, .T. ) ;
#4986 = ORIENTED_EDGE ( 'NONE', *, *, #3921, .T. ) ;
#4987 = ORIENTED_EDGE ( 'NONE', *, *, #4981, .T. ) ;
#4988 = ORIENTED_EDGE ( 'NONE', *, *, #3918, .T. ) ;
#4989 = ORIENTED_EDGE ( 'NONE', *, *, #3883, .T. ) ;
#4990 = ADVANCED_FACE ( 'NONE', ( #1040 ), #1039, .F. ) ;
#4991 = EDGE_LOOP ( 'NONE', ( #4992, #4993, #4994, #4996 ) ) ;
#4992 = ORIENTED_EDGE ( 'NONE', *, *, #4351, .T. ) ;
#4993 = ORIENTED_EDGE ( 'NONE', *, *, #3889, .T. ) ;
#4994 = ORIENTED_EDGE ( 'NONE', *, *, #4995, .F. ) ;
#4995 = EDGE_CURVE ( 'NONE', #4968, #3887, #1034, .T. ) ;
#4996 = ORIENTED_EDGE ( 'NONE', *, *, #4967, .F. ) ;
#4997 = ADVANCED_FACE ( 'NONE', ( #1030 ), #1028, .F. ) ;
#4998 = ORIENTED_EDGE ( 'NONE', *, *, #3915, .T. ) ;
#4999 = ORIENTED_EDGE ( 'NONE', *, *, #4984, .T. ) ;
#5000 = ORIENTED_EDGE ( 'NONE', *, *, #4392, .T. ) ;
#5001 = ORIENTED_EDGE ( 'NONE', *, *, #4977, .F. ) ;
#5002 = ORIENTED_EDGE ( 'NONE', *, *, #5003, .T. ) ;
#5003 = EDGE_CURVE ( 'NONE', #4975, #4003, #1086, .T. ) ;
#5004 = ORIENTED_EDGE ( 'NONE', *, *, #4002, .T. ) ;
#5005 = ADVANCED_FACE ( 'NONE', ( #1082 ), #1081, .F. ) ;
#5006 = EDGE_CURVE ( 'NONE', #5098, #4051, #1076, .T. ) ;
#5007 = ORIENTED_EDGE ( 'NONE', *, *, #4050, .T. ) ;
#5008 = ORIENTED_EDGE ( 'NONE', *, *, #5009, .F. ) ;
#5009 = EDGE_CURVE ( 'NONE', #5055, #3966, #1072, .T. ) ;
#5010 = ORIENTED_EDGE ( 'NONE', *, *, #5012, .F. ) ;
#5011 = ADVANCED_FACE ( 'NONE', ( #1068 ), #1066, .F. ) ;
#5012 = EDGE_CURVE ( 'NONE', #4321, #5055, #1067, .T. ) ;
#5013 = ORIENTED_EDGE ( 'NONE', *, *, #4308, .T. ) ;
#5014 = ORIENTED_EDGE ( 'NONE', *, *, #5113, .F. ) ;
#5015 = ORIENTED_EDGE ( 'NONE', *, *, #5016, .T. ) ;
#5016 = EDGE_CURVE ( 'NONE', #5111, #4044, #1058, .T. ) ;
#5017 = ORIENTED_EDGE ( 'NONE', *, *, #3980, .T. ) ;
#5018 = ADVANCED_FACE ( 'NONE', ( #1119 ), #1118, .F. ) ;
#5019 = EDGE_LOOP ( 'NONE', ( #5020, #5021, #2478, #2480 ) ) ;
#5020 = ORIENTED_EDGE ( 'NONE', *, *, #4377, .T. ) ;
#5021 = ORIENTED_EDGE ( 'NONE', *, *, #4037, .T. ) ;
#5022 = ORIENTED_EDGE ( 'NONE', *, *, #5023, .T. ) ;
#5023 = EDGE_CURVE ( 'NONE', #4968, #5024, #1113, .T. ) ;
#5024 = VERTEX_POINT ( 'NONE', #1108 ) ;
#5025 = ORIENTED_EDGE ( 'NONE', *, *, #5026, .T. ) ;
#5026 = EDGE_CURVE ( 'NONE', #5024, #4410, #1107, .T. ) ;
#5027 = ADVANCED_FACE ( 'NONE', ( #1103 ), #1102, .F. ) ;
#5028 = EDGE_LOOP ( 'NONE', ( #5029, #5030, #5031, #4989 ) ) ;
#5029 = ORIENTED_EDGE ( 'NONE', *, *, #4413, .T. ) ;
#5030 = ORIENTED_EDGE ( 'NONE', *, *, #5026, .F. ) ;
#5031 = ORIENTED_EDGE ( 'NONE', *, *, #5032, .T. ) ;
#5032 = EDGE_CURVE ( 'NONE', #5024, #3884, #1097, .T. ) ;
#5033 = ORIENTED_EDGE ( 'NONE', *, *, #4900, .F. ) ;
#5034 = ADVANCED_FACE ( 'NONE', ( #1093 ), #1091, .F. ) ;
#5035 = EDGE_LOOP ( 'NONE', ( #4987, #4988, #4932, #4933 ) ) ;
#5036 = ADVANCED_FACE ( 'NONE', ( #1092 ), #1152, .F. ) ;
#5037 = ORIENTED_EDGE ( 'NONE', *, *, #4970, .T. ) ;
#5038 = ORIENTED_EDGE ( 'NONE', *, *, #4005, .T. ) ;
#5039 = ORIENTED_EDGE ( 'NONE', *, *, #5003, .F. ) ;
#5040 = ORIENTED_EDGE ( 'NONE', *, *, #4974, .F. ) ;
#5041 = ADVANCED_FACE ( 'NONE', ( #1151 ), #1146, .F. ) ;
#5042 = EDGE_LOOP ( 'NONE', ( #5043, #5044, #5022, #5025 ) ) ;
#5043 = ORIENTED_EDGE ( 'NONE', *, *, #4409, .T. ) ;
#5044 = ORIENTED_EDGE ( 'NONE', *, *, #4967, .T. ) ;
#5045 = EDGE_LOOP ( 'NONE', ( #5053, #5054, #5046, #5056 ) ) ;
#5046 = ORIENTED_EDGE ( 'NONE', *, *, #5047, .T. ) ;
#5047 = EDGE_CURVE ( 'NONE', #5055, #5048, #1141, .T. ) ;
#5048 = VERTEX_POINT ( 'NONE', #1136 ) ;
#5049 = EDGE_LOOP ( 'NONE', ( #5059, #5060, #5061, #5063 ) ) ;
#5050 = ORIENTED_EDGE ( 'NONE', *, *, #5023, .F. ) ;
#5051 = ORIENTED_EDGE ( 'NONE', *, *, #4995, .T. ) ;
#5052 = ORIENTED_EDGE ( 'NONE', *, *, #3886, .T. ) ;
#5053 = ORIENTED_EDGE ( 'NONE', *, *, #4421, .T. ) ;
#5054 = ORIENTED_EDGE ( 'NONE', *, *, #5012, .T. ) ;
#5055 = VERTEX_POINT ( 'NONE', #1135 ) ;
#5056 = ORIENTED_EDGE ( 'NONE', *, *, #5057, .T. ) ;
#5057 = EDGE_CURVE ( 'NONE', #5048, #4353, #1134, .T. ) ;
#5058 = ADVANCED_FACE ( 'NONE', ( #1130 ), #1129, .F. ) ;
#5059 = ORIENTED_EDGE ( 'NONE', *, *, #4470, .T. ) ;
#5060 = ORIENTED_EDGE ( 'NONE', *, *, #5057, .F. ) ;
#5061 = ORIENTED_EDGE ( 'NONE', *, *, #5062, .T. ) ;
#5062 = EDGE_CURVE ( 'NONE', #5048, #3988, #1124, .T. ) ;
#5063 = ORIENTED_EDGE ( 'NONE', *, *, #3987, .T. ) ;
#5064 = ADVANCED_FACE ( 'NONE', ( #1186 ), #1185, .F. ) ;
#5065 = EDGE_LOOP ( 'NONE', ( #5066, #5067, #5008, #5010 ) ) ;
#5066 = ORIENTED_EDGE ( 'NONE', *, *, #4320, .T. ) ;
#5067 = ORIENTED_EDGE ( 'NONE', *, *, #3963, .T. ) ;
#5068 = ADVANCED_FACE ( 'NONE', ( #1180 ), #1179, .F. ) ;
#5069 = EDGE_LOOP ( 'NONE', ( #5070, #5071, #5072, #5074 ) ) ;
#5070 = ORIENTED_EDGE ( 'NONE', *, *, #4311, .T. ) ;
#5071 = ORIENTED_EDGE ( 'NONE', *, *, #3974, .T. ) ;
#5072 = ORIENTED_EDGE ( 'NONE', *, *, #5073, .F. ) ;
#5073 = EDGE_CURVE ( 'NONE', #5095, #4034, #1174, .T. ) ;
#5074 = ORIENTED_EDGE ( 'NONE', *, *, #5094, .F. ) ;
#5075 = ADVANCED_FACE ( 'NONE', ( #1170 ), #1168, .F. ) ;
#5076 = EDGE_LOOP ( 'NONE', ( #5077, #5078, #5079, #5102 ) ) ;
#5077 = ORIENTED_EDGE ( 'NONE', *, *, #5073, .T. ) ;
#5078 = ORIENTED_EDGE ( 'NONE', *, *, #4033, .T. ) ;
#5079 = ORIENTED_EDGE ( 'NONE', *, *, #5006, .F. ) ;
#5080 = EDGE_LOOP ( 'NONE', ( #5081, #5082, #5083, #5007 ) ) ;
#5081 = ORIENTED_EDGE ( 'NONE', *, *, #4317, .T. ) ;
#5082 = ORIENTED_EDGE ( 'NONE', *, *, #5100, .F. ) ;
#5083 = ORIENTED_EDGE ( 'NONE', *, *, #5006, .T. ) ;
#5084 = ADVANCED_FACE ( 'NONE', ( #1163 ), #1169, .F. ) ;
#5085 = EDGE_LOOP ( 'NONE', ( #5086, #5199, #5267, #5269, #5244 ) ) ;
#5086 = ORIENTED_EDGE ( 'NONE', *, *, #2893, .T. ) ;
#5087 = EDGE_LOOP ( 'NONE', ( #5325, #5286, #5332, #5288, #5289 ) ) ;
#5088 = ORIENTED_EDGE ( 'NONE', *, *, #5062, .F. ) ;
#5089 = ORIENTED_EDGE ( 'NONE', *, *, #5047, .F. ) ;
#5090 = ADVANCED_FACE ( 'NONE', ( #1158 ), #1157, .F. ) ;
#5091 = EDGE_LOOP ( 'NONE', ( #5092, #5093, #5096, #5099 ) ) ;
#5092 = ORIENTED_EDGE ( 'NONE', *, *, #4314, .T. ) ;
#5093 = ORIENTED_EDGE ( 'NONE', *, *, #5094, .T. ) ;
#5094 = EDGE_CURVE ( 'NONE', #4312, #5095, #1218, .T. ) ;
#5095 = VERTEX_POINT ( 'NONE', #1214 ) ;
#5096 = ORIENTED_EDGE ( 'NONE', *, *, #5097, .T. ) ;
#5097 = EDGE_CURVE ( 'NONE', #5095, #5098, #1213, .T. ) ;
#5098 = VERTEX_POINT ( 'NONE', #1208 ) ;
#5099 = ORIENTED_EDGE ( 'NONE', *, *, #5100, .T. ) ;
#5100 = EDGE_CURVE ( 'NONE', #5098, #4315, #1207, .T. ) ;
#5101 = ADVANCED_FACE ( 'NONE', ( #1203 ), #1202, .F. ) ;
#5102 = ORIENTED_EDGE ( 'NONE', *, *, #5097, .F. ) ;
#5103 = ADVANCED_FACE ( 'NONE', ( #1197 ), #1196, .F. ) ;
#5104 = EDGE_LOOP ( 'NONE', ( #5105, #5106, #5109, #5112 ) ) ;
#5105 = ORIENTED_EDGE ( 'NONE', *, *, #4379, .T. ) ;
#5106 = ORIENTED_EDGE ( 'NONE', *, *, #5107, .T. ) ;
#5107 = EDGE_CURVE ( 'NONE', #4268, #5108, #1191, .T. ) ;
#5108 = VERTEX_POINT ( 'NONE', #1187 ) ;
#5109 = ORIENTED_EDGE ( 'NONE', *, *, #5110, .T. ) ;
#5110 = EDGE_CURVE ( 'NONE', #5108, #5111, #1250, .T. ) ;
#5111 = VERTEX_POINT ( 'NONE', #1245 ) ;
#5112 = ORIENTED_EDGE ( 'NONE', *, *, #5113, .T. ) ;
#5113 = EDGE_CURVE ( 'NONE', #5111, #4380, #1244, .T. ) ;
#5114 = ADVANCED_FACE ( 'NONE', ( #1240 ), #1239, .F. ) ;
#5115 = EDGE_LOOP ( 'NONE', ( #5013, #5014, #5015, #5017 ) ) ;
#5116 = EDGE_LOOP ( 'NONE', ( #5117, #5118, #5088, #5089 ) ) ;
#5117 = ORIENTED_EDGE ( 'NONE', *, *, #5009, .T. ) ;
#5118 = ORIENTED_EDGE ( 'NONE', *, *, #3965, .T. ) ;
#5119 = ORIENTED_EDGE ( 'NONE', *, *, #5032, .F. ) ;
#5120 = ADVANCED_FACE ( 'NONE', ( #1234 ), #1233, .F. ) ;
#5121 = ORIENTED_EDGE ( 'NONE', *, *, #5122, .T. ) ;
#5122 = EDGE_CURVE ( 'NONE', #2677, #5123, #1228, .T. ) ;
#5123 = VERTEX_POINT ( 'NONE', #1224 ) ;
#5124 = ORIENTED_EDGE ( 'NONE', *, *, #5185, .T. ) ;
#5125 = ORIENTED_EDGE ( 'NONE', *, *, #5126, .T. ) ;
#5126 = EDGE_CURVE ( 'NONE', #13, #2890, #1223, .T. ) ;
#5127 = ADVANCED_FACE ( 'NONE', ( #1219 ), #1284, .F. ) ;
#5128 = EDGE_LOOP ( 'NONE', ( #5129, #5130, #5230, #5231 ) ) ;
#5129 = ORIENTED_EDGE ( 'NONE', *, *, #2862, .T. ) ;
#5130 = ORIENTED_EDGE ( 'NONE', *, *, #5126, .F. ) ;
#5131 = ORIENTED_EDGE ( 'NONE', *, *, #4140, .T. ) ;
#5132 = ORIENTED_EDGE ( 'NONE', *, *, #5133, .F. ) ;
#5133 = EDGE_CURVE ( 'NONE', #5184, #4138, #1279, .T. ) ;
#5134 = ORIENTED_EDGE ( 'NONE', *, *, #5183, .F. ) ;
#5135 = ADVANCED_FACE ( 'NONE', ( #1275 ), #1274, .F. ) ;
#5136 = EDGE_LOOP ( 'NONE', ( #5137, #5138, #5139, #5140 ) ) ;
#5137 = ORIENTED_EDGE ( 'NONE', *, *, #10444, .F. ) ;
#5138 = ORIENTED_EDGE ( 'NONE', *, *, #5154, .F. ) ;
#5139 = ORIENTED_EDGE ( 'NONE', *, *, #5133, .T. ) ;
#5140 = ORIENTED_EDGE ( 'NONE', *, *, #4137, .T. ) ;
#5141 = ADVANCED_FACE ( 'NONE', ( #1268 ), #1273, .F. ) ;
#5142 = EDGE_LOOP ( 'NONE', ( #5197, #5121, #5164, #5166, #5167 ) ) ;
#5143 = EDGE_CURVE ( 'NONE', #10446, #2903, #1263, .T. ) ;
#5144 = ADVANCED_FACE ( 'NONE', ( #1259 ), #1258, .F. ) ;
#5145 = EDGE_LOOP ( 'NONE', ( #5146, #5147, #5148, #5149 ) ) ;
#5146 = ORIENTED_EDGE ( 'NONE', *, *, #2882, .T. ) ;
#5147 = ORIENTED_EDGE ( 'NONE', *, *, #5143, .F. ) ;
#5148 = ORIENTED_EDGE ( 'NONE', *, *, #21, .T. ) ;
#5149 = ORIENTED_EDGE ( 'NONE', *, *, #4134, .T. ) ;
#5150 = ADVANCED_FACE ( 'NONE', ( #1253 ), #1252, .F. ) ;
#5151 = EDGE_LOOP ( 'NONE', ( #5152, #5131, #5132, #5134 ) ) ;
#5152 = ORIENTED_EDGE ( 'NONE', *, *, #2899, .T. ) ;
#5153 = ORIENTED_EDGE ( 'NONE', *, *, #5154, .T. ) ;
#5154 = EDGE_CURVE ( 'NONE', #5184, #10443, #1316, .T. ) ;
#5155 = ORIENTED_EDGE ( 'NONE', *, *, #10448, .T. ) ;
#5156 = ORIENTED_EDGE ( 'NONE', *, *, #5143, .T. ) ;
#5157 = ORIENTED_EDGE ( 'NONE', *, *, #5165, .F. ) ;
#5158 = ORIENTED_EDGE ( 'NONE', *, *, #5192, .T. ) ;
#5159 = ORIENTED_EDGE ( 'NONE', *, *, #4173, .T. ) ;
#5160 = EDGE_CURVE ( 'NONE', #2320, #4109, #1311, .T. ) ;
#5161 = ORIENTED_EDGE ( 'NONE', *, *, #2319, .F. ) ;
#5162 = ADVANCED_FACE ( 'NONE', ( #1307 ), #1306, .F. ) ;
#5163 = EDGE_LOOP ( 'NONE', ( #5175, #5176, #5177, #5178 ) ) ;
#5164 = ORIENTED_EDGE ( 'NONE', *, *, #5165, .T. ) ;
#5165 = EDGE_CURVE ( 'NONE', #5123, #3254, #1300, .T. ) ;
#5166 = ORIENTED_EDGE ( 'NONE', *, *, #3253, .T. ) ;
#5167 = ORIENTED_EDGE ( 'NONE', *, *, #5168, .T. ) ;
#5168 = EDGE_CURVE ( 'NONE', #3255, #2852, #1296, .T. ) ;
#5169 = ADVANCED_FACE ( 'NONE', ( #1292 ), #1290, .F. ) ;
#5170 = EDGE_LOOP ( 'NONE', ( #5171, #5172, #5173, #5174 ) ) ;
#5171 = ORIENTED_EDGE ( 'NONE', *, *, #2854, .T. ) ;
#5172 = ORIENTED_EDGE ( 'NONE', *, *, #5168, .F. ) ;
#5173 = ORIENTED_EDGE ( 'NONE', *, *, #10459, .T. ) ;
#5174 = ORIENTED_EDGE ( 'NONE', *, *, #4170, .T. ) ;
#5175 = ORIENTED_EDGE ( 'NONE', *, *, #1, .F. ) ;
#5176 = ORIENTED_EDGE ( 'NONE', *, *, #5185, .F. ) ;
#5177 = ORIENTED_EDGE ( 'NONE', *, *, #5160, .T. ) ;
#5178 = ORIENTED_EDGE ( 'NONE', *, *, #4108, .T. ) ;
#5179 = ADVANCED_FACE ( 'NONE', ( #1350 ), #1349, .F. ) ;
#5180 = EDGE_LOOP ( 'NONE', ( #5181, #5182, #5153, #5155, #5156 ) ) ;
#5181 = ORIENTED_EDGE ( 'NONE', *, *, #2902, .T. ) ;
#5182 = ORIENTED_EDGE ( 'NONE', *, *, #5183, .T. ) ;
#5183 = EDGE_CURVE ( 'NONE', #2900, #5184, #1344, .T. ) ;
#5184 = VERTEX_POINT ( 'NONE', #1340 ) ;
#5185 = EDGE_CURVE ( 'NONE', #2320, #12, #1339, .T. ) ;
#5186 = ORIENTED_EDGE ( 'NONE', *, *, #15, .T. ) ;
#5187 = ADVANCED_FACE ( 'NONE', ( #1334 ), #1333, .F. ) ;
#5188 = EDGE_LOOP ( 'NONE', ( #5189, #5190, #5191, #5193 ) ) ;
#5189 = ORIENTED_EDGE ( 'NONE', *, *, #2676, .T. ) ;
#5190 = ORIENTED_EDGE ( 'NONE', *, *, #4176, .T. ) ;
#5191 = ORIENTED_EDGE ( 'NONE', *, *, #5192, .F. ) ;
#5192 = EDGE_CURVE ( 'NONE', #5123, #4174, #1328, .T. ) ;
#5193 = ORIENTED_EDGE ( 'NONE', *, *, #5122, .F. ) ;
#5194 = ADVANCED_FACE ( 'NONE', ( #1324 ), #1323, .F. ) ;
#5195 = EDGE_LOOP ( 'NONE', ( #5196, #5157, #5158, #5159 ) ) ;
#5196 = ORIENTED_EDGE ( 'NONE', *, *, #3272, .F. ) ;
#5197 = ORIENTED_EDGE ( 'NONE', *, *, #2851, .T. ) ;
#5198 = ORIENTED_EDGE ( 'NONE', *, *, #5200, .F. ) ;
#5199 = ORIENTED_EDGE ( 'NONE', *, *, #5200, .T. ) ;
#5200 = EDGE_CURVE ( 'NONE', #2665, #5201, #1322, .T. ) ;
#5201 = VERTEX_POINT ( 'NONE', #1377 ) ;
#5202 = ORIENTED_EDGE ( 'NONE', *, *, #5203, .T. ) ;
#5203 = EDGE_CURVE ( 'NONE', #2875, #5204, #1376, .T. ) ;
#5204 = VERTEX_POINT ( 'NONE', #1372 ) ;
#5205 = ORIENTED_EDGE ( 'NONE', *, *, #5206, .T. ) ;
#5206 = EDGE_CURVE ( 'NONE', #5204, #3266, #1371, .T. ) ;
#5207 = ORIENTED_EDGE ( 'NONE', *, *, #3265, .T. ) ;
#5208 = ORIENTED_EDGE ( 'NONE', *, *, #5209, .T. ) ;
#5209 = EDGE_CURVE ( 'NONE', #3267, #2917, #1366, .T. ) ;
#5210 = ADVANCED_FACE ( 'NONE', ( #1362 ), #1361, .F. ) ;
#5211 = EDGE_LOOP ( 'NONE', ( #5212, #5311, #5312, #5313 ) ) ;
#5212 = ORIENTED_EDGE ( 'NONE', *, *, #2919, .T. ) ;
#5213 = ADVANCED_FACE ( 'NONE', ( #1356 ), #1355, .F. ) ;
#5214 = EDGE_LOOP ( 'NONE', ( #5215, #5216, #5217, #5218 ) ) ;
#5215 = ORIENTED_EDGE ( 'NONE', *, *, #3327, .F. ) ;
#5216 = ORIENTED_EDGE ( 'NONE', *, *, #5268, .F. ) ;
#5217 = ORIENTED_EDGE ( 'NONE', *, *, #5275, .T. ) ;
#5218 = ORIENTED_EDGE ( 'NONE', *, *, #4120, .T. ) ;
#5219 = ORIENTED_EDGE ( 'NONE', *, *, #10456, .T. ) ;
#5220 = ORIENTED_EDGE ( 'NONE', *, *, #5221, .T. ) ;
#5221 = EDGE_CURVE ( 'NONE', #10458, #2691, #1415, .T. ) ;
#5222 = ADVANCED_FACE ( 'NONE', ( #1411 ), #1410, .F. ) ;
#5223 = EDGE_LOOP ( 'NONE', ( #5224, #5225, #5226, #5227 ) ) ;
#5224 = ORIENTED_EDGE ( 'NONE', *, *, #2908, .T. ) ;
#5225 = ORIENTED_EDGE ( 'NONE', *, *, #5221, .F. ) ;
#5226 = ORIENTED_EDGE ( 'NONE', *, *, #3261, .T. ) ;
#5227 = ORIENTED_EDGE ( 'NONE', *, *, #4184, .T. ) ;
#5228 = ADVANCED_FACE ( 'NONE', ( #1405 ), #1404, .F. ) ;
#5229 = EDGE_LOOP ( 'NONE', ( #5299, #5300, #5301, #5303 ) ) ;
#5230 = ORIENTED_EDGE ( 'NONE', *, *, #5, .T. ) ;
#5231 = ORIENTED_EDGE ( 'NONE', *, *, #4117, .T. ) ;
#5232 = ADVANCED_FACE ( 'NONE', ( #1399 ), #1398, .F. ) ;
#5233 = EDGE_LOOP ( 'NONE', ( #5234, #5235, #5236, #5161 ) ) ;
#5234 = ORIENTED_EDGE ( 'NONE', *, *, #2888, .T. ) ;
#5235 = ORIENTED_EDGE ( 'NONE', *, *, #4111, .T. ) ;
#5236 = ORIENTED_EDGE ( 'NONE', *, *, #5160, .F. ) ;
#5237 = ORIENTED_EDGE ( 'NONE', *, *, #2914, .T. ) ;
#5238 = ORIENTED_EDGE ( 'NONE', *, *, #4131, .T. ) ;
#5239 = ORIENTED_EDGE ( 'NONE', *, *, #5240, .F. ) ;
#5240 = EDGE_CURVE ( 'NONE', #5204, #4067, #1393, .T. ) ;
#5241 = ORIENTED_EDGE ( 'NONE', *, *, #5203, .F. ) ;
#5242 = ADVANCED_FACE ( 'NONE', ( #1389 ), #1388, .F. ) ;
#5243 = EDGE_LOOP ( 'NONE', ( #5255, #5256, #5257, #5258 ) ) ;
#5244 = ORIENTED_EDGE ( 'NONE', *, *, #5245, .T. ) ;
#5245 = EDGE_CURVE ( 'NONE', #10352, #2894, #1383, .T. ) ;
#5246 = ADVANCED_FACE ( 'NONE', ( #1444 ), #1443, .F. ) ;
#5247 = EDGE_LOOP ( 'NONE', ( #5248, #5249, #5250, #5251 ) ) ;
#5248 = ORIENTED_EDGE ( 'NONE', *, *, #2671, .T. ) ;
#5249 = ORIENTED_EDGE ( 'NONE', *, *, #5245, .F. ) ;
#5250 = ORIENTED_EDGE ( 'NONE', *, *, #3249, .T. ) ;
#5251 = ORIENTED_EDGE ( 'NONE', *, *, #4179, .T. ) ;
#5252 = ADVANCED_FACE ( 'NONE', ( #1438 ), #1437, .F. ) ;
#5253 = EDGE_LOOP ( 'NONE', ( #5254, #5202, #5205, #5207, #5208 ) ) ;
#5254 = ORIENTED_EDGE ( 'NONE', *, *, #2916, .T. ) ;
#5255 = ORIENTED_EDGE ( 'NONE', *, *, #3269, .F. ) ;
#5256 = ORIENTED_EDGE ( 'NONE', *, *, #5206, .F. ) ;
#5257 = ORIENTED_EDGE ( 'NONE', *, *, #5240, .T. ) ;
#5258 = ORIENTED_EDGE ( 'NONE', *, *, #4066, .T. ) ;
#5259 = ADVANCED_FACE ( 'NONE', ( #1432 ), #1431, .F. ) ;
#5260 = EDGE_LOOP ( 'NONE', ( #5261, #5262, #5265, #5219, #5220 ) ) ;
#5261 = ORIENTED_EDGE ( 'NONE', *, *, #2906, .T. ) ;
#5262 = ORIENTED_EDGE ( 'NONE', *, *, #5263, .T. ) ;
#5263 = EDGE_CURVE ( 'NONE', #2690, #5264, #1426, .T. ) ;
#5264 = VERTEX_POINT ( 'NONE', #1422 ) ;
#5265 = ORIENTED_EDGE ( 'NONE', *, *, #5266, .T. ) ;
#5266 = EDGE_CURVE ( 'NONE', #5264, #10457, #1421, .T. ) ;
#5267 = ORIENTED_EDGE ( 'NONE', *, *, #5268, .T. ) ;
#5268 = EDGE_CURVE ( 'NONE', #5201, #10351, #1482, .T. ) ;
#5269 = ORIENTED_EDGE ( 'NONE', *, *, #10356, .T. ) ;
#5270 = ADVANCED_FACE ( 'NONE', ( #1478 ), #1477, .F. ) ;
#5271 = EDGE_LOOP ( 'NONE', ( #5272, #5273, #5274, #5198 ) ) ;
#5272 = ORIENTED_EDGE ( 'NONE', *, *, #2925, .T. ) ;
#5273 = ORIENTED_EDGE ( 'NONE', *, *, #4060, .T. ) ;
#5274 = ORIENTED_EDGE ( 'NONE', *, *, #5275, .F. ) ;
#5275 = EDGE_CURVE ( 'NONE', #5201, #4121, #1472, .T. ) ;
#5276 = EDGE_LOOP ( 'NONE', ( #5279, #5280, #5281, #5282 ) ) ;
#5277 = EDGE_CURVE ( 'NONE', #2658, #2822, #1468, .T. ) ;
#5278 = ADVANCED_FACE ( 'NONE', ( #1464 ), #1463, .F. ) ;
#5279 = ORIENTED_EDGE ( 'NONE', *, *, #2713, .T. ) ;
#5280 = ORIENTED_EDGE ( 'NONE', *, *, #5277, .F. ) ;
#5281 = ORIENTED_EDGE ( 'NONE', *, *, #2927, .T. ) ;
#5282 = ORIENTED_EDGE ( 'NONE', *, *, #4149, .T. ) ;
#5283 = ADVANCED_FACE ( 'NONE', ( #1458 ), #1457, .F. ) ;
#5284 = EDGE_LOOP ( 'NONE', ( #5285, #5421, #5422, #5466 ) ) ;
#5285 = ORIENTED_EDGE ( 'NONE', *, *, #2818, .T. ) ;
#5286 = ORIENTED_EDGE ( 'NONE', *, *, #5331, .T. ) ;
#5287 = VERTEX_POINT ( 'NONE', #1452 ) ;
#5288 = ORIENTED_EDGE ( 'NONE', *, *, #3280, .T. ) ;
#5289 = ORIENTED_EDGE ( 'NONE', *, *, #5290, .T. ) ;
#5290 = EDGE_CURVE ( 'NONE', #10, #2681, #1451, .T. ) ;
#5291 = ADVANCED_FACE ( 'NONE', ( #1515 ), #1514, .F. ) ;
#5292 = EDGE_LOOP ( 'NONE', ( #5338, #5339, #5340, #5334 ) ) ;
#5293 = ORIENTED_EDGE ( 'NONE', *, *, #5294, .T. ) ;
#5294 = EDGE_CURVE ( 'NONE', #2692, #5295, #1509, .T. ) ;
#5295 = VERTEX_POINT ( 'NONE', #1505 ) ;
#5296 = ORIENTED_EDGE ( 'NONE', *, *, #5297, .T. ) ;
#5297 = EDGE_CURVE ( 'NONE', #5295, #10167, #1504, .T. ) ;
#5298 = ORIENTED_EDGE ( 'NONE', *, *, #10176, .T. ) ;
#5299 = ORIENTED_EDGE ( 'NONE', *, *, #2689, .T. ) ;
#5300 = ORIENTED_EDGE ( 'NONE', *, *, #4190, .T. ) ;
#5301 = ORIENTED_EDGE ( 'NONE', *, *, #5302, .F. ) ;
#5302 = EDGE_CURVE ( 'NONE', #5264, #4188, #1499, .T. ) ;
#5303 = ORIENTED_EDGE ( 'NONE', *, *, #5263, .F. ) ;
#5304 = ADVANCED_FACE ( 'NONE', ( #1495 ), #1493, .F. ) ;
#5305 = EDGE_LOOP ( 'NONE', ( #5306, #5307, #5308, #5309 ) ) ;
#5306 = ORIENTED_EDGE ( 'NONE', *, *, #10354, .F. ) ;
#5307 = ORIENTED_EDGE ( 'NONE', *, *, #5266, .F. ) ;
#5308 = ORIENTED_EDGE ( 'NONE', *, *, #5302, .T. ) ;
#5309 = ORIENTED_EDGE ( 'NONE', *, *, #4187, .T. ) ;
#5310 = ADVANCED_FACE ( 'NONE', ( #1488 ), #1494, .F. ) ;
#5311 = ORIENTED_EDGE ( 'NONE', *, *, #5209, .F. ) ;
#5312 = ORIENTED_EDGE ( 'NONE', *, *, #10364, .T. ) ;
#5313 = ORIENTED_EDGE ( 'NONE', *, *, #4063, .T. ) ;
#5314 = ADVANCED_FACE ( 'NONE', ( #1483 ), #1547, .F. ) ;
#5315 = ORIENTED_EDGE ( 'NONE', *, *, #5294, .F. ) ;
#5316 = ADVANCED_FACE ( 'NONE', ( #1548 ), #1540, .F. ) ;
#5317 = EDGE_LOOP ( 'NONE', ( #5318, #5319, #5341, #5342 ) ) ;
#5318 = ORIENTED_EDGE ( 'NONE', *, *, #10170, .F. ) ;
#5319 = ORIENTED_EDGE ( 'NONE', *, *, #5297, .F. ) ;
#5320 = ORIENTED_EDGE ( 'NONE', *, *, #5327, .F. ) ;
#5321 = ORIENTED_EDGE ( 'NONE', *, *, #11, .T. ) ;
#5322 = ORIENTED_EDGE ( 'NONE', *, *, #4125, .T. ) ;
#5323 = ADVANCED_FACE ( 'NONE', ( #1536 ), #1541, .F. ) ;
#5324 = EDGE_LOOP ( 'NONE', ( #5388, #5389, #5390, #5315 ) ) ;
#5325 = ORIENTED_EDGE ( 'NONE', *, *, #2680, .T. ) ;
#5326 = ORIENTED_EDGE ( 'NONE', *, *, #5327, .T. ) ;
#5327 = EDGE_CURVE ( 'NONE', #10168, #2670, #1531, .T. ) ;
#5328 = ADVANCED_FACE ( 'NONE', ( #1527 ), #1526, .F. ) ;
#5329 = EDGE_LOOP ( 'NONE', ( #5330, #5320, #5321, #5322 ) ) ;
#5330 = ORIENTED_EDGE ( 'NONE', *, *, #2912, .T. ) ;
#5331 = EDGE_CURVE ( 'NONE', #2668, #5287, #1521, .T. ) ;
#5332 = ORIENTED_EDGE ( 'NONE', *, *, #5333, .T. ) ;
#5333 = EDGE_CURVE ( 'NONE', #5287, #23, #1517, .T. ) ;
#5334 = ORIENTED_EDGE ( 'NONE', *, *, #4193, .T. ) ;
#5335 = ADVANCED_FACE ( 'NONE', ( #1578 ), #1577, .F. ) ;
#5336 = EDGE_LOOP ( 'NONE', ( #5337, #5375, #5376, #5378 ) ) ;
#5337 = ORIENTED_EDGE ( 'NONE', *, *, #2678, .T. ) ;
#5338 = ORIENTED_EDGE ( 'NONE', *, *, #2683, .T. ) ;
#5339 = ORIENTED_EDGE ( 'NONE', *, *, #5290, .F. ) ;
#5340 = ORIENTED_EDGE ( 'NONE', *, *, #3282, .T. ) ;
#5341 = ORIENTED_EDGE ( 'NONE', *, *, #5391, .T. ) ;
#5342 = ORIENTED_EDGE ( 'NONE', *, *, #4128, .T. ) ;
#5343 = ADVANCED_FACE ( 'NONE', ( #1572 ), #1571, .F. ) ;
#5344 = EDGE_LOOP ( 'NONE', ( #5345, #5346, #5349, #5351, #5352 ) ) ;
#5345 = ORIENTED_EDGE ( 'NONE', *, *, #2821, .T. ) ;
#5346 = ORIENTED_EDGE ( 'NONE', *, *, #5347, .T. ) ;
#5347 = EDGE_CURVE ( 'NONE', #2819, #5348, #1566, .T. ) ;
#5348 = VERTEX_POINT ( 'NONE', #1562 ) ;
#5349 = ORIENTED_EDGE ( 'NONE', *, *, #5350, .T. ) ;
#5350 = EDGE_CURVE ( 'NONE', #5348, #2216, #1561, .T. ) ;
#5351 = ORIENTED_EDGE ( 'NONE', *, *, #2657, .T. ) ;
#5352 = ORIENTED_EDGE ( 'NONE', *, *, #5277, .T. ) ;
#5353 = ADVANCED_FACE ( 'NONE', ( #1556 ), #1555, .F. ) ;
#5354 = EDGE_LOOP ( 'NONE', ( #5355, #5356, #5357, #5358 ) ) ;
#5355 = ORIENTED_EDGE ( 'NONE', *, *, #2703, .T. ) ;
#5356 = ORIENTED_EDGE ( 'NONE', *, *, #5431, .F. ) ;
#5357 = ORIENTED_EDGE ( 'NONE', *, *, #10332, .T. ) ;
#5358 = ORIENTED_EDGE ( 'NONE', *, *, #4162, .T. ) ;
#5359 = ADVANCED_FACE ( 'NONE', ( #1550 ), #1023, .F. ) ;
#5360 = EDGE_LOOP ( 'NONE', ( #5520, #5521, #5522, #5524 ) ) ;
#5361 = ORIENTED_EDGE ( 'NONE', *, *, #5419, .F. ) ;
#5362 = ORIENTED_EDGE ( 'NONE', *, *, #5453, .T. ) ;
#5363 = ORIENTED_EDGE ( 'NONE', *, *, #4204, .T. ) ;
#5364 = ADVANCED_FACE ( 'NONE', ( #1613 ), #1612, .F. ) ;
#5365 = EDGE_LOOP ( 'NONE', ( #5366, #5367, #5370, #5429, #5430 ) ) ;
#5366 = ORIENTED_EDGE ( 'NONE', *, *, #2700, .T. ) ;
#5367 = ORIENTED_EDGE ( 'NONE', *, *, #5368, .T. ) ;
#5368 = EDGE_CURVE ( 'NONE', #2698, #5369, #1607, .T. ) ;
#5369 = VERTEX_POINT ( 'NONE', #1603 ) ;
#5370 = ORIENTED_EDGE ( 'NONE', *, *, #5428, .T. ) ;
#5371 = ORIENTED_EDGE ( 'NONE', *, *, #5350, .F. ) ;
#5372 = ORIENTED_EDGE ( 'NONE', *, *, #5427, .T. ) ;
#5373 = ORIENTED_EDGE ( 'NONE', *, *, #4229, .T. ) ;
#5374 = EDGE_LOOP ( 'NONE', ( #5408, #5409, #5396, #5398, #5399 ) ) ;
#5375 = ORIENTED_EDGE ( 'NONE', *, *, #4104, .T. ) ;
#5376 = ORIENTED_EDGE ( 'NONE', *, *, #5377, .F. ) ;
#5377 = EDGE_CURVE ( 'NONE', #5287, #4102, #1602, .T. ) ;
#5378 = ORIENTED_EDGE ( 'NONE', *, *, #5331, .F. ) ;
#5379 = ADVANCED_FACE ( 'NONE', ( #1598 ), #1597, .F. ) ;
#5380 = EDGE_LOOP ( 'NONE', ( #5381, #5382, #5383, #5384 ) ) ;
#5381 = ORIENTED_EDGE ( 'NONE', *, *, #9, .F. ) ;
#5382 = ORIENTED_EDGE ( 'NONE', *, *, #5333, .F. ) ;
#5383 = ORIENTED_EDGE ( 'NONE', *, *, #5377, .T. ) ;
#5384 = ORIENTED_EDGE ( 'NONE', *, *, #4196, .T. ) ;
#5385 = ADVANCED_FACE ( 'NONE', ( #1591 ), #1596, .F. ) ;
#5386 = EDGE_LOOP ( 'NONE', ( #5387, #5293, #5296, #5298, #5326 ) ) ;
#5387 = ORIENTED_EDGE ( 'NONE', *, *, #2669, .T. ) ;
#5388 = ORIENTED_EDGE ( 'NONE', *, *, #2858, .T. ) ;
#5389 = ORIENTED_EDGE ( 'NONE', *, *, #4146, .T. ) ;
#5390 = ORIENTED_EDGE ( 'NONE', *, *, #5391, .F. ) ;
#5391 = EDGE_CURVE ( 'NONE', #5295, #4129, #1586, .T. ) ;
#5392 = ADVANCED_FACE ( 'NONE', ( #1582 ), #1646, .F. ) ;
#5393 = EDGE_LOOP ( 'NONE', ( #5394, #5361, #5362, #5363 ) ) ;
#5394 = ORIENTED_EDGE ( 'NONE', *, *, #2649, .F. ) ;
#5395 = VERTEX_POINT ( 'NONE', #1641 ) ;
#5396 = ORIENTED_EDGE ( 'NONE', *, *, #5397, .T. ) ;
#5397 = EDGE_CURVE ( 'NONE', #5395, #10292, #1640, .T. ) ;
#5398 = ORIENTED_EDGE ( 'NONE', *, *, #10461, .T. ) ;
#5399 = ORIENTED_EDGE ( 'NONE', *, *, #5400, .T. ) ;
#5400 = EDGE_CURVE ( 'NONE', #10317, #2799, #1635, .T. ) ;
#5401 = ADVANCED_FACE ( 'NONE', ( #1631 ), #1630, .F. ) ;
#5402 = EDGE_LOOP ( 'NONE', ( #5403, #5404, #5405, #5406 ) ) ;
#5403 = ORIENTED_EDGE ( 'NONE', *, *, #2801, .T. ) ;
#5404 = ORIENTED_EDGE ( 'NONE', *, *, #5400, .F. ) ;
#5405 = ORIENTED_EDGE ( 'NONE', *, *, #28, .T. ) ;
#5406 = ORIENTED_EDGE ( 'NONE', *, *, #4235, .T. ) ;
#5407 = ADVANCED_FACE ( 'NONE', ( #1625 ), #1624, .F. ) ;
#5408 = ORIENTED_EDGE ( 'NONE', *, *, #2798, .T. ) ;
#5409 = ORIENTED_EDGE ( 'NONE', *, *, #5410, .T. ) ;
#5410 = EDGE_CURVE ( 'NONE', #2796, #5395, #1619, .T. ) ;
#5411 = ORIENTED_EDGE ( 'NONE', *, *, #4206, .T. ) ;
#5412 = ADVANCED_FACE ( 'NONE', ( #1615 ), #1614, .F. ) ;
#5413 = EDGE_LOOP ( 'NONE', ( #5414, #5415, #5418, #5424, #5425 ) ) ;
#5414 = ORIENTED_EDGE ( 'NONE', *, *, #2726, .T. ) ;
#5415 = ORIENTED_EDGE ( 'NONE', *, *, #5416, .T. ) ;
#5416 = EDGE_CURVE ( 'NONE', #2724, #5417, #1674, .T. ) ;
#5417 = VERTEX_POINT ( 'NONE', #1670 ) ;
#5418 = ORIENTED_EDGE ( 'NONE', *, *, #5419, .T. ) ;
#5419 = EDGE_CURVE ( 'NONE', #5417, #3241, #1669, .T. ) ;
#5420 = ORIENTED_EDGE ( 'NONE', *, *, #2660, .F. ) ;
#5421 = ORIENTED_EDGE ( 'NONE', *, *, #4240, .T. ) ;
#5422 = ORIENTED_EDGE ( 'NONE', *, *, #5427, .F. ) ;
#5423 = EDGE_LOOP ( 'NONE', ( #5420, #5371, #5372, #5373 ) ) ;
#5424 = ORIENTED_EDGE ( 'NONE', *, *, #3242, .T. ) ;
#5425 = ORIENTED_EDGE ( 'NONE', *, *, #5426, .T. ) ;
#5426 = EDGE_CURVE ( 'NONE', #3240, #2727, #1664, .T. ) ;
#5427 = EDGE_CURVE ( 'NONE', #5348, #4157, #1660, .T. ) ;
#5428 = EDGE_CURVE ( 'NONE', #5369, #6799, #1656, .T. ) ;
#5429 = ORIENTED_EDGE ( 'NONE', *, *, #10141, .T. ) ;
#5430 = ORIENTED_EDGE ( 'NONE', *, *, #5431, .T. ) ;
#5431 = EDGE_CURVE ( 'NONE', #10136, #2701, #1651, .T. ) ;
#5432 = EDGE_CURVE ( 'NONE', #5514, #4156, #1647, .T. ) ;
#5433 = ORIENTED_EDGE ( 'NONE', *, *, #4283, .T. ) ;
#5434 = ADVANCED_FACE ( 'NONE', ( #1708 ), #1707, .F. ) ;
#5435 = EDGE_LOOP ( 'NONE', ( #5436, #5437, #5438, #5440 ) ) ;
#5436 = ORIENTED_EDGE ( 'NONE', *, *, #4443, .T. ) ;
#5437 = ORIENTED_EDGE ( 'NONE', *, *, #4288, .T. ) ;
#5438 = ORIENTED_EDGE ( 'NONE', *, *, #5439, .F. ) ;
#5439 = EDGE_CURVE ( 'NONE', #5511, #4286, #1702, .T. ) ;
#5440 = ORIENTED_EDGE ( 'NONE', *, *, #5510, .F. ) ;
#5441 = ADVANCED_FACE ( 'NONE', ( #1698 ), #1696, .F. ) ;
#5442 = ADVANCED_FACE ( 'NONE', ( #1691 ), #1697, .F. ) ;
#5443 = EDGE_LOOP ( 'NONE', ( #5444, #5445, #5446, #5447 ) ) ;
#5444 = ORIENTED_EDGE ( 'NONE', *, *, #2709, .T. ) ;
#5445 = ORIENTED_EDGE ( 'NONE', *, *, #5426, .F. ) ;
#5446 = ORIENTED_EDGE ( 'NONE', *, *, #10135, .T. ) ;
#5447 = ORIENTED_EDGE ( 'NONE', *, *, #4201, .T. ) ;
#5448 = ADVANCED_FACE ( 'NONE', ( #1686 ), #1684, .F. ) ;
#5449 = EDGE_LOOP ( 'NONE', ( #5450, #5451, #5452, #5468 ) ) ;
#5450 = ORIENTED_EDGE ( 'NONE', *, *, #2723, .T. ) ;
#5451 = ORIENTED_EDGE ( 'NONE', *, *, #4159, .T. ) ;
#5452 = ORIENTED_EDGE ( 'NONE', *, *, #5453, .F. ) ;
#5453 = EDGE_CURVE ( 'NONE', #5417, #4205, #1679, .T. ) ;
#5454 = ADVANCED_FACE ( 'NONE', ( #1741 ), #1740, .F. ) ;
#5455 = EDGE_LOOP ( 'NONE', ( #5456, #5457, #5458, #5460 ) ) ;
#5456 = ORIENTED_EDGE ( 'NONE', *, *, #2795, .T. ) ;
#5457 = ORIENTED_EDGE ( 'NONE', *, *, #4208, .T. ) ;
#5458 = ORIENTED_EDGE ( 'NONE', *, *, #5459, .F. ) ;
#5459 = EDGE_CURVE ( 'NONE', #5395, #4238, #1735, .T. ) ;
#5460 = ORIENTED_EDGE ( 'NONE', *, *, #5410, .F. ) ;
#5461 = ADVANCED_FACE ( 'NONE', ( #1731 ), #1729, .F. ) ;
#5462 = EDGE_LOOP ( 'NONE', ( #5463, #5464, #5465, #5411 ) ) ;
#5463 = ORIENTED_EDGE ( 'NONE', *, *, #10319, .F. ) ;
#5464 = ORIENTED_EDGE ( 'NONE', *, *, #5397, .F. ) ;
#5465 = ORIENTED_EDGE ( 'NONE', *, *, #5459, .T. ) ;
#5466 = ORIENTED_EDGE ( 'NONE', *, *, #5347, .F. ) ;
#5467 = ADVANCED_FACE ( 'NONE', ( #1724 ), #1723, .F. ) ;
#5468 = ORIENTED_EDGE ( 'NONE', *, *, #5416, .F. ) ;
#5469 = EDGE_CURVE ( 'NONE', #3495, #2813, #1722, .T. ) ;
#5470 = ORIENTED_EDGE ( 'NONE', *, *, #3494, .F. ) ;
#5471 = ORIENTED_EDGE ( 'NONE', *, *, #10151, .T. ) ;
#5472 = ORIENTED_EDGE ( 'NONE', *, *, #4231, .T. ) ;
#5473 = ADVANCED_FACE ( 'NONE', ( #1715 ), #1713, .F. ) ;
#5474 = EDGE_LOOP ( 'NONE', ( #5475, #5476, #5477, #5533 ) ) ;
#5475 = ORIENTED_EDGE ( 'NONE', *, *, #10153, .F. ) ;
#5476 = ORIENTED_EDGE ( 'NONE', *, *, #3491, .F. ) ;
#5477 = ORIENTED_EDGE ( 'NONE', *, *, #5532, .T. ) ;
#5478 = ORIENTED_EDGE ( 'NONE', *, *, #3453, .F. ) ;
#5479 = ADVANCED_FACE ( 'NONE', ( #1774 ), #1714, .F. ) ;
#5480 = EDGE_LOOP ( 'NONE', ( #5481, #5482, #5483, #5495, #5496 ) ) ;
#5481 = ORIENTED_EDGE ( 'NONE', *, *, #4452, .T. ) ;
#5482 = ORIENTED_EDGE ( 'NONE', *, *, #4151, .T. ) ;
#5483 = ORIENTED_EDGE ( 'NONE', *, *, #5494, .F. ) ;
#5484 = EDGE_LOOP ( 'NONE', ( #5485, #5486, #5487 ) ) ;
#5485 = ORIENTED_EDGE ( 'NONE', *, *, #4455, .T. ) ;
#5486 = ORIENTED_EDGE ( 'NONE', *, *, #5497, .T. ) ;
#5487 = ORIENTED_EDGE ( 'NONE', *, *, #4658, .F. ) ;
#5488 = ADVANCED_FACE ( 'NONE', ( #1769 ), #1768, .F. ) ;
#5489 = EDGE_LOOP ( 'NONE', ( #5490, #5491, #5492, #5493 ) ) ;
#5490 = ORIENTED_EDGE ( 'NONE', *, *, #3757, .T. ) ;
#5491 = ORIENTED_EDGE ( 'NONE', *, *, #4701, .F. ) ;
#5492 = ORIENTED_EDGE ( 'NONE', *, *, #5503, .T. ) ;
#5493 = ORIENTED_EDGE ( 'NONE', *, *, #4228, .T. ) ;
#5494 = EDGE_CURVE ( 'NONE', #4696, #4244, #1763, .T. ) ;
#5495 = ORIENTED_EDGE ( 'NONE', *, *, #4661, .F. ) ;
#5496 = ORIENTED_EDGE ( 'NONE', *, *, #5497, .F. ) ;
#5497 = EDGE_CURVE ( 'NONE', #4453, #4659, #1759, .T. ) ;
#5498 = ADVANCED_FACE ( 'NONE', ( #1755 ), #1753, .F. ) ;
#5499 = EDGE_LOOP ( 'NONE', ( #5500, #5501, #5502, #5504 ) ) ;
#5500 = ORIENTED_EDGE ( 'NONE', *, *, #5494, .T. ) ;
#5501 = ORIENTED_EDGE ( 'NONE', *, *, #4243, .T. ) ;
#5502 = ORIENTED_EDGE ( 'NONE', *, *, #5503, .F. ) ;
#5503 = EDGE_CURVE ( 'NONE', #4699, #4241, #1754, .T. ) ;
#5504 = ORIENTED_EDGE ( 'NONE', *, *, #4698, .F. ) ;
#5505 = ADVANCED_FACE ( 'NONE', ( #1744 ), #1748, .F. ) ;
#5506 = ORIENTED_EDGE ( 'NONE', *, *, #5516, .F. ) ;
#5507 = ORIENTED_EDGE ( 'NONE', *, *, #5432, .T. ) ;
#5508 = ORIENTED_EDGE ( 'NONE', *, *, #4446, .T. ) ;
#5509 = ORIENTED_EDGE ( 'NONE', *, *, #5510, .T. ) ;
#5510 = EDGE_CURVE ( 'NONE', #4444, #5511, #1805, .T. ) ;
#5511 = VERTEX_POINT ( 'NONE', #1801 ) ;
#5512 = ORIENTED_EDGE ( 'NONE', *, *, #5513, .T. ) ;
#5513 = EDGE_CURVE ( 'NONE', #5511, #5514, #1800, .T. ) ;
#5514 = VERTEX_POINT ( 'NONE', #1795 ) ;
#5515 = ORIENTED_EDGE ( 'NONE', *, *, #5516, .T. ) ;
#5516 = EDGE_CURVE ( 'NONE', #5514, #4447, #1794, .T. ) ;
#5517 = ADVANCED_FACE ( 'NONE', ( #1790 ), #1789, .F. ) ;
#5518 = EDGE_LOOP ( 'NONE', ( #5519, #5506, #5507, #5433 ) ) ;
#5519 = ORIENTED_EDGE ( 'NONE', *, *, #4449, .T. ) ;
#5520 = ORIENTED_EDGE ( 'NONE', *, *, #2697, .T. ) ;
#5521 = ORIENTED_EDGE ( 'NONE', *, *, #4168, .T. ) ;
#5522 = ORIENTED_EDGE ( 'NONE', *, *, #5523, .F. ) ;
#5523 = EDGE_CURVE ( 'NONE', #5369, #4166, #1784, .T. ) ;
#5524 = ORIENTED_EDGE ( 'NONE', *, *, #5368, .F. ) ;
#5525 = ADVANCED_FACE ( 'NONE', ( #1779 ), #1778, .F. ) ;
#5526 = EDGE_LOOP ( 'NONE', ( #5527, #5528, #5529, #5530 ) ) ;
#5527 = ORIENTED_EDGE ( 'NONE', *, *, #10138, .F. ) ;
#5528 = ORIENTED_EDGE ( 'NONE', *, *, #5428, .F. ) ;
#5529 = ORIENTED_EDGE ( 'NONE', *, *, #5523, .T. ) ;
#5530 = ORIENTED_EDGE ( 'NONE', *, *, #4165, .T. ) ;
#5531 = ADVANCED_FACE ( 'NONE', ( #1841 ), #1845, .F. ) ;
#5532 = EDGE_CURVE ( 'NONE', #3489, #4223, #1836, .T. ) ;
#5533 = ORIENTED_EDGE ( 'NONE', *, *, #4222, .T. ) ;
#5534 = ADVANCED_FACE ( 'NONE', ( #1832 ), #1831, .F. ) ;
#5535 = EDGE_LOOP ( 'NONE', ( #5536, #5537, #5538 ) ) ;
#5536 = ORIENTED_EDGE ( 'NONE', *, *, #2812, .T. ) ;
#5537 = ORIENTED_EDGE ( 'NONE', *, *, #3497, .F. ) ;
#5538 = ORIENTED_EDGE ( 'NONE', *, *, #5469, .T. ) ;
#5539 = ADVANCED_FACE ( 'NONE', ( #1826 ), #1825, .F. ) ;
#5540 = EDGE_LOOP ( 'NONE', ( #5541, #5542, #5543, #5478 ) ) ;
#5541 = ORIENTED_EDGE ( 'NONE', *, *, #3764, .T. ) ;
#5542 = ORIENTED_EDGE ( 'NONE', *, *, #4225, .T. ) ;
#5543 = ORIENTED_EDGE ( 'NONE', *, *, #5532, .F. ) ;
#5544 = EDGE_LOOP ( 'NONE', ( #5545, #5546, #5470, #5471, #5472 ) ) ;
#5545 = ORIENTED_EDGE ( 'NONE', *, *, #2815, .T. ) ;
#5546 = ORIENTED_EDGE ( 'NONE', *, *, #5469, .F. ) ;
#5547 = AXIS2_PLACEMENT_3D ( 'NONE', #10307, #10306, #10311 ) ;
#5548 = FACE_OUTER_BOUND ( 'NONE', #10470, .T. ) ;
#5549 = DIRECTION ( 'NONE',  ( -1.000000000000000000, 0.0000000000000000000, 0.0000000000000000000 ) ) ;
#5550 = DIRECTION ( 'NONE',  ( 0.0000000000000000000, 0.0000000000000000000, 1.000000000000000000 ) ) ;
#5551 = AXIS2_PLACEMENT_3D ( 'NONE', #5558, #5550, #5549 ) ;
#5552 = CIRCLE ( 'NONE', #5551, 1.000000000000000900 ) ;
#5553 = CARTESIAN_POINT ( 'NONE',  ( 12.24999999999998400, 1.049194129665845700E-014, 47.09499984758745900 ) ) ;
#5554 = CARTESIAN_POINT ( 'NONE',  ( 12.24999999999997900, 7.072517592186204500, 47.39666601935940800 ) ) ;
#5555 = CARTESIAN_POINT ( 'NONE',  ( 6.125030144681581100, 10.60879379226222800, 47.69833169624151700 ) ) ;
#5556 = CARTESIAN_POINT ( 'NONE',  ( 3.282396988985744700, 12.24999957963530400, 47.83833644325197600 ) ) ;
#5557 = CARTESIAN_POINT ( 'NONE',  ( 1.568813459538513000E-006, 12.24999999999988100, 48.00000000000000700 ) ) ;
#5558 = CARTESIAN_POINT ( 'NONE',  ( -18.92034622595085100, 9.111558521468603900, 5.000000000000000900 ) ) ;
#5559 =( BOUNDED_CURVE ( )  B_SPLINE_CURVE ( 2, ( #5557, #5556, #5555, #5554, #5553 ),
 .UNSPECIFIED., .F., .T. ) 
 B_SPLINE_CURVE_WITH_KNOTS ( ( 3, 2, 3 ),
 ( 0.1249999296764522000, 0.1388888888888889000, 0.1666665877367451700 ),
 .UNSPECIFIED. ) 
 CURVE ( )  GEOMETRIC_REPRESENTATION_ITEM ( )  RATIONAL_B_SPLINE_CURVE ( ( 0.9330127018939367000, 0.9330123627157381700, 1.000000000000000000, 0.8660257844701957400, 0.9999992386306494300 ) ) 
 REPRESENTATION_ITEM ( '' )  );
#5560 = DIRECTION ( 'NONE',  ( -0.0000000000000000000, -0.0000000000000000000, 1.000000000000000000 ) ) ;
#5561 = VECTOR ( 'NONE', #5560, 1000.000000000000000 ) ;
#5562 = CARTESIAN_POINT ( 'NONE',  ( -19.06702892150899200, 6.189858662628862100, -6.000819966177905600 ) ) ;
#5563 = LINE ( 'NONE', #5562, #5561 ) ;
#5564 = ORIENTED_EDGE ( 'NONE', *, *, #4301, .T. ) ;
#5565 = ORIENTED_EDGE ( 'NONE', *, *, #3048, .T. ) ;
#5566 = ADVANCED_FACE ( 'NONE', ( #1820 ), #1819, .F. ) ;
#5567 = EDGE_LOOP ( 'NONE', ( #5508, #5509, #5512, #5515 ) ) ;
#5568 = FACE_OUTER_BOUND ( 'NONE', #16, .T. ) ;
#5569 = DIRECTION ( 'NONE',  ( -0.7330518718298212300, -0.6801727377709249100, 0.0000000000000000000 ) ) ;
#5570 = DIRECTION ( 'NONE',  ( 0.0000000000000000000, 0.0000000000000000000, 1.000000000000000000 ) ) ;
#5571 = CARTESIAN_POINT ( 'NONE',  ( -15.39408930842622600, -14.28362749318943500, 55.00000000000000000 ) ) ;
#5572 = AXIS2_PLACEMENT_3D ( 'NONE', #5571, #5570, #5569 ) ;
#5573 = CIRCLE ( 'NONE', #5572, 1.000000000000001100 ) ;
#5574 = CARTESIAN_POINT ( 'NONE',  ( -20.06702892150899600, 6.189858662628862100, -6.000819966177905600 ) ) ;
#5575 = DIRECTION ( 'NONE',  ( -1.000000000000000000, -8.673617379884027600E-016, 0.0000000000000000000 ) ) ;
#5576 = DIRECTION ( 'NONE',  ( 0.0000000000000000000, 0.0000000000000000000, 1.000000000000000000 ) ) ;
#5577 = CARTESIAN_POINT ( 'NONE',  ( -20.06702892150899600, 6.189858662628862100, 5.000000000000000900 ) ) ;
#5578 = AXIS2_PLACEMENT_3D ( 'NONE', #5577, #5576, #5575 ) ;
#5579 = CIRCLE ( 'NONE', #5578, 1.000000000000000900 ) ;
#5580 = CARTESIAN_POINT ( 'NONE',  ( -19.77227374709809400, 7.145431468415004000, 5.000000000000000900 ) ) ;
#5581 = CARTESIAN_POINT ( 'NONE',  ( -19.06702892150899200, 6.189858662628862100, 5.000000000000000900 ) ) ;
#5582 = DIRECTION ( 'NONE',  ( -0.0000000000000000000, -0.0000000000000000000, 1.000000000000000000 ) ) ;
#5583 = VECTOR ( 'NONE', #5582, 1000.000000000000000 ) ;
#5584 = CARTESIAN_POINT ( 'NONE',  ( -16.07426204619714800, -13.55057562135961500, -6.411698407867996600 ) ) ;
#5585 = LINE ( 'NONE', #5584, #5583 ) ;
#5586 = CARTESIAN_POINT ( 'NONE',  ( -17.91433431869941700, -11.00348244502021400, 5.000000000000000900 ) ) ;
#5587 = DIRECTION ( 'NONE',  ( -0.0000000000000000000, -0.0000000000000000000, 1.000000000000000000 ) ) ;
#5588 = VECTOR ( 'NONE', #5587, 1000.000000000000000 ) ;
#5589 = CARTESIAN_POINT ( 'NONE',  ( -16.35101426063578600, -11.82972121933620500, -6.351580772764362100 ) ) ;
#5590 = LINE ( 'NONE', #5589, #5588 ) ;
#5591 = DIRECTION ( 'NONE',  ( -0.0000000000000000000, -0.0000000000000000000, 1.000000000000000000 ) ) ;
#5592 = VECTOR ( 'NONE', #5591, 1000.000000000000000 ) ;
#5593 = CARTESIAN_POINT ( 'NONE',  ( -19.77227374709809400, 7.145431468415004900, -6.000819966177905600 ) ) ;
#5594 = DIRECTION ( 'NONE',  ( 1.000000000000000000, 0.0000000000000000000, 0.0000000000000000000 ) ) ;
#5595 = DIRECTION ( 'NONE',  ( -0.0000000000000000000, -0.0000000000000000000, 1.000000000000000000 ) ) ;
#5596 = CARTESIAN_POINT ( 'NONE',  ( -18.92034622595085100, 9.111558521468603900, -6.213145574501213600 ) ) ;
#5597 = AXIS2_PLACEMENT_3D ( 'NONE', #5596, #5595, #5594 ) ;
#5598 = CYLINDRICAL_SURFACE ( 'NONE', #5597, 1.000000000000000900 ) ;
#5599 = LINE ( 'NONE', #5593, #5592 ) ;
#5600 = DIRECTION ( 'NONE',  ( -1.000000000000000000, 0.0000000000000000000, 0.0000000000000000000 ) ) ;
#5601 = DIRECTION ( 'NONE',  ( -0.0000000000000000000, -0.0000000000000000000, -1.000000000000000000 ) ) ;
#5602 = CARTESIAN_POINT ( 'NONE',  ( 0.0000000000000000000, 0.0000000000000000000, 55.00000000000000000 ) ) ;
#5603 = AXIS2_PLACEMENT_3D ( 'NONE', #5602, #5601, #5600 ) ;
#5604 = DIRECTION ( 'NONE',  ( 1.000000000000000000, 0.0000000000000000000, 0.0000000000000000000 ) ) ;
#5605 = DIRECTION ( 'NONE',  ( -0.0000000000000000000, -0.0000000000000000000, 1.000000000000000000 ) ) ;
#5606 = CARTESIAN_POINT ( 'NONE',  ( -13.09328583903325700, -16.41846113182873500, -6.391606694777326700 ) ) ;
#5607 = AXIS2_PLACEMENT_3D ( 'NONE', #5606, #5605, #5604 ) ;
#5608 = CIRCLE ( 'NONE', #5603, 21.49999999999999300 ) ;
#5609 = CYLINDRICAL_SURFACE ( 'NONE', #5607, 0.9999999999999991100 ) ;
#5610 = FACE_OUTER_BOUND ( 'NONE', #32, .T. ) ;
#5611 = DIRECTION ( 'NONE',  ( -0.9555728057861427900, 0.2947551744108973800, 0.0000000000000000000 ) ) ;
#5612 = DIRECTION ( 'NONE',  ( 0.0000000000000000000, 0.0000000000000000000, 1.000000000000000000 ) ) ;
#5613 = CARTESIAN_POINT ( 'NONE',  ( -20.06702892150899600, 6.189858662628862100, 55.00000000000000000 ) ) ;
#5614 = AXIS2_PLACEMENT_3D ( 'NONE', #5613, #5612, #5611 ) ;
#5615 = CIRCLE ( 'NONE', #5614, 1.000000000000001800 ) ;
#5616 = CARTESIAN_POINT ( 'NONE',  ( -16.35101426063578600, -11.82972121933620500, 5.000000000000000900 ) ) ;
#5617 = DIRECTION ( 'NONE',  ( -0.9888308262251295200, 0.1490422661761677500, 0.0000000000000000000 ) ) ;
#5618 = DIRECTION ( 'NONE',  ( 0.0000000000000000000, 0.0000000000000000000, 1.000000000000000000 ) ) ;
#5619 = CARTESIAN_POINT ( 'NONE',  ( -20.76544735072771900, 3.129887589699520900, 55.00000000000000000 ) ) ;
#5620 = AXIS2_PLACEMENT_3D ( 'NONE', #5619, #5618, #5617 ) ;
#5621 = CIRCLE ( 'NONE', #5620, 1.000000000000000000 ) ;
#5622 = DIRECTION ( 'NONE',  ( -0.0000000000000000000, -0.0000000000000000000, 1.000000000000000000 ) ) ;
#5623 = VECTOR ( 'NONE', #5622, 1000.000000000000000 ) ;
#5624 = CARTESIAN_POINT ( 'NONE',  ( -20.61640508455155500, 4.118718415924650600, -5.721605746580246800 ) ) ;
#5625 = LINE ( 'NONE', #5624, #5623 ) ;
#5626 = DIRECTION ( 'NONE',  ( 1.000000000000000000, 0.0000000000000000000, 0.0000000000000000000 ) ) ;
#5627 = DIRECTION ( 'NONE',  ( -0.0000000000000000000, -0.0000000000000000000, 1.000000000000000000 ) ) ;
#5628 = AXIS2_PLACEMENT_3D ( 'NONE', #5574, #5627, #5626 ) ;
#5629 = CYLINDRICAL_SURFACE ( 'NONE', #5628, 1.000000000000000900 ) ;
#5630 = FACE_OUTER_BOUND ( 'NONE', #7278, .T. ) ;
#5631 = CARTESIAN_POINT ( 'NONE',  ( -4.479591214259040800, 24.12033067863728100, 5.000000000000000900 ) ) ;
#5632 = CARTESIAN_POINT ( 'NONE',  ( -4.307388290319421400, 23.36586037275130000, 13.31653176580499600 ) ) ;
#5633 = CARTESIAN_POINT ( 'NONE',  ( -4.141194499583136200, 22.63771779964891800, 21.63629758780137300 ) ) ;
#5634 = CARTESIAN_POINT ( 'NONE',  ( -3.952729153811168800, 21.81199716831201500, 34.13601042383937300 ) ) ;
#5635 = CARTESIAN_POINT ( 'NONE',  ( -3.900126531609842100, 21.58153002202498500, 38.30585360546408000 ) ) ;
#5636 = CARTESIAN_POINT ( 'NONE',  ( -3.825832705469834200, 21.25602750179515300, 46.64895751929454800 ) ) ;
#5637 = CARTESIAN_POINT ( 'NONE',  ( -3.804094460647731600, 21.16078602827572300, 50.82283696912820400 ) ) ;
#5638 = CARTESIAN_POINT ( 'NONE',  ( -3.804094460647724100, 21.16078602827571900, 55.00000000000000000 ) ) ;
#5639 = CARTESIAN_POINT ( 'NONE',  ( -4.479591214259040800, 24.12033067863728100, 5.000000000000000900 ) ) ;
#5640 = B_SPLINE_CURVE_WITH_KNOTS ( 'NONE', 3,
 ( #5638, #5637, #5636, #5635, #5634, #5633, #5632, #5631 ),
 .UNSPECIFIED., .F., .F.,
 ( 4, 2, 2, 4 ),
 ( 0.0000000000000000000, 0.01252441626355261700, 0.02504883252710523500, 0.05009766505421045500 ),
 .UNSPECIFIED. ) ;
#5641 = CYLINDRICAL_SURFACE ( 'NONE', #5690, 1.000000000000000000 ) ;
#5642 = CARTESIAN_POINT ( 'NONE',  ( -2.602161959199737600, 21.34194820390335000, 55.00000000000000000 ) ) ;
#5643 = CARTESIAN_POINT ( 'NONE',  ( -2.602161959199727800, 21.34194820390335000, 50.82224149722621600 ) ) ;
#5644 = CARTESIAN_POINT ( 'NONE',  ( -2.609464157624027600, 21.43938927010584500, 46.64819525586468500 ) ) ;
#5645 = CARTESIAN_POINT ( 'NONE',  ( -2.634414784271307900, 21.77233224449062000, 38.30536254662526800 ) ) ;
#5646 = CARTESIAN_POINT ( 'NONE',  ( -2.652075706919336800, 22.00800087918806400, 34.13658243061146200 ) ) ;
#5647 = CARTESIAN_POINT ( 'NONE',  ( -2.715375591739586100, 22.85267914030759300, 21.63548705574657700 ) ) ;
#5648 = CARTESIAN_POINT ( 'NONE',  ( -2.771184623402902900, 23.59739891276886000, 13.31660537112158900 ) ) ;
#5649 = CARTESIAN_POINT ( 'NONE',  ( -2.829016730646127800, 24.36911475272341600, 4.999999999999999100 ) ) ;
#5650 = CARTESIAN_POINT ( 'NONE',  ( -3.804094460647724100, 21.16078602827571900, 55.00000000000000000 ) ) ;
#5651 = B_SPLINE_CURVE_WITH_KNOTS ( 'NONE', 3,
 ( #5649, #5648, #5647, #5646, #5645, #5644, #5643, #5642 ),
 .UNSPECIFIED., .F., .F.,
 ( 4, 2, 2, 4 ),
 ( 0.0000000000000000000, 0.02505648205854301600, 0.03758472308781453400, 0.05011296411708604500 ),
 .UNSPECIFIED. ) ;
#5652 = CARTESIAN_POINT ( 'NONE',  ( -2.602161959199737600, 21.34194820390335000, 55.00000000000000000 ) ) ;
#5653 = DIRECTION ( 'NONE',  ( -0.0000000000000000000, -0.0000000000000000000, 1.000000000000000000 ) ) ;
#5654 = VECTOR ( 'NONE', #5653, 1000.000000000000000 ) ;
#5655 = CARTESIAN_POINT ( 'NONE',  ( -11.36602540378427200, -17.68653347947330800, -6.291935891927058900 ) ) ;
#5656 = LINE ( 'NONE', #5655, #5654 ) ;
#5657 = LINE ( 'NONE', #5661, #5721 ) ;
#5658 = DIRECTION ( 'NONE',  ( 1.000000000000000000, 0.0000000000000000000, 0.0000000000000000000 ) ) ;
#5659 = DIRECTION ( 'NONE',  ( -0.0000000000000000000, -0.0000000000000000000, 1.000000000000000000 ) ) ;
#5660 = AXIS2_PLACEMENT_3D ( 'NONE', #5668, #5659, #5658 ) ;
#5661 = CARTESIAN_POINT ( 'NONE',  ( -6.741287763050175700, 19.91368974589465100, 5.000000000000000900 ) ) ;
#5662 = CYLINDRICAL_SURFACE ( 'NONE', #5660, 0.9999999999999991100 ) ;
#5663 = FACE_OUTER_BOUND ( 'NONE', #2181, .T. ) ;
#5664 = DIRECTION ( 'NONE',  ( 1.000000000000000000, 0.0000000000000000000, 0.0000000000000000000 ) ) ;
#5665 = DIRECTION ( 'NONE',  ( -0.0000000000000000000, -0.0000000000000000000, 1.000000000000000000 ) ) ;
#5666 = CARTESIAN_POINT ( 'NONE',  ( -7.672161511694378400, 19.54834872152824900, -6.115842512056171500 ) ) ;
#5667 = AXIS2_PLACEMENT_3D ( 'NONE', #5666, #5665, #5664 ) ;
#5668 = CARTESIAN_POINT ( 'NONE',  ( -10.50000000000008300, 18.18653347947315900, -6.291935891927072300 ) ) ;
#5669 = CYLINDRICAL_SURFACE ( 'NONE', #5667, 1.000000000000000000 ) ;
#5670 = FACE_OUTER_BOUND ( 'NONE', #2195, .T. ) ;
#5671 = DIRECTION ( 'NONE',  ( -0.0000000000000000000, -0.0000000000000000000, 1.000000000000000000 ) ) ;
#5672 = VECTOR ( 'NONE', #5671, 1000.000000000000000 ) ;
#5673 = CARTESIAN_POINT ( 'NONE',  ( -11.36602540378451900, 17.68653347947315500, -6.291935891927072300 ) ) ;
#5674 = LINE ( 'NONE', #5673, #5672 ) ;
#5675 = DIRECTION ( 'NONE',  ( -1.000000000000000000, 0.0000000000000000000, 0.0000000000000000000 ) ) ;
#5676 = DIRECTION ( 'NONE',  ( -0.0000000000000000000, 0.0000000000000000000, -1.000000000000000000 ) ) ;
#5677 = CARTESIAN_POINT ( 'NONE',  ( 0.0000000000000000000, 0.0000000000000000000, 5.000000000000000000 ) ) ;
#5678 = AXIS2_PLACEMENT_3D ( 'NONE', #5677, #5676, #5675 ) ;
#5679 = PLANE ( 'NONE',  #5678 ) ;
#5680 = FACE_OUTER_BOUND ( 'NONE', #2191, .T. ) ;
#5681 = DIRECTION ( 'NONE',  ( -1.000000000000000000, 0.0000000000000000000, 0.0000000000000000000 ) ) ;
#5682 = DIRECTION ( 'NONE',  ( -0.0000000000000000000, 0.0000000000000000000, -1.000000000000000000 ) ) ;
#5683 = CARTESIAN_POINT ( 'NONE',  ( 0.0000000000000000000, 0.0000000000000000000, 5.000000000000000000 ) ) ;
#5684 = AXIS2_PLACEMENT_3D ( 'NONE', #5683, #5682, #5681 ) ;
#5685 = PLANE ( 'NONE',  #5684 ) ;
#5686 = FACE_OUTER_BOUND ( 'NONE', #2248, .T. ) ;
#5687 = DIRECTION ( 'NONE',  ( 1.000000000000000000, 0.0000000000000000000, 0.0000000000000000000 ) ) ;
#5688 = DIRECTION ( 'NONE',  ( -0.0000000000000000000, -0.0000000000000000000, 1.000000000000000000 ) ) ;
#5689 = CARTESIAN_POINT ( 'NONE',  ( -7.672161511694100400, -19.54834872152836300, -6.115842512056143900 ) ) ;
#5690 = AXIS2_PLACEMENT_3D ( 'NONE', #5689, #5688, #5687 ) ;
#5691 = CARTESIAN_POINT ( 'NONE',  ( -8.603035260338581100, 19.18300769716185200, 5.000000000000000900 ) ) ;
#5692 = CARTESIAN_POINT ( 'NONE',  ( -12.31145435656546100, 17.04195093368728900, 5.000000000000000900 ) ) ;
#5693 = LINE ( 'NONE', #5692, #5754 ) ;
#5694 = DIRECTION ( 'NONE',  ( -0.2225209339563039000, -0.9749279121818259500, 0.0000000000000000000 ) ) ;
#5695 = DIRECTION ( 'NONE',  ( 0.0000000000000000000, 0.0000000000000000000, 1.000000000000000000 ) ) ;
#5696 = CARTESIAN_POINT ( 'NONE',  ( -4.672939613082386100, -20.47348615581833900, 55.00000000000000000 ) ) ;
#5697 = AXIS2_PLACEMENT_3D ( 'NONE', #5696, #5695, #5694 ) ;
#5698 = CIRCLE ( 'NONE', #5697, 1.000000000000001100 ) ;
#5699 = CARTESIAN_POINT ( 'NONE',  ( -5.647867525264212300, -20.25096522186203500, 55.00000000000000000 ) ) ;
#5700 = DIRECTION ( 'NONE',  ( 0.3653410243663990400, -0.9308737486442026900, 0.0000000000000000000 ) ) ;
#5701 = VECTOR ( 'NONE', #5700, 1000.000000000000000 ) ;
#5702 = CARTESIAN_POINT ( 'NONE',  ( -8.603035260338581100, 19.18300769716185200, 5.000000000000000900 ) ) ;
#5703 = LINE ( 'NONE', #5702, #5701 ) ;
#5704 = CARTESIAN_POINT ( 'NONE',  ( -12.09328583903325900, -16.41846113182873500, 5.000000000000000900 ) ) ;
#5705 = DIRECTION ( 'NONE',  ( -1.000000000000000000, 0.0000000000000000000, 0.0000000000000000000 ) ) ;
#5706 = DIRECTION ( 'NONE',  ( 0.0000000000000000000, 0.0000000000000000000, 1.000000000000000000 ) ) ;
#5707 = CARTESIAN_POINT ( 'NONE',  ( -7.672161511694378400, 19.54834872152824900, 5.000000000000000900 ) ) ;
#5708 = AXIS2_PLACEMENT_3D ( 'NONE', #5707, #5706, #5705 ) ;
#5709 = CIRCLE ( 'NONE', #5708, 1.000000000000000900 ) ;
#5710 = DIRECTION ( 'NONE',  ( -0.0000000000000000000, -0.0000000000000000000, 1.000000000000000000 ) ) ;
#5711 = VECTOR ( 'NONE', #5710, 1000.000000000000000 ) ;
#5712 = CARTESIAN_POINT ( 'NONE',  ( -8.603035260338581100, 19.18300769716185200, -6.115842512056171500 ) ) ;
#5713 = LINE ( 'NONE', #5712, #5711 ) ;
#5714 = DIRECTION ( 'NONE',  ( -0.3653410243663990400, 0.9308737486442026900, 0.0000000000000000000 ) ) ;
#5715 = DIRECTION ( 'NONE',  ( 0.9308737486442026900, 0.3653410243663990400, 0.0000000000000000000 ) ) ;
#5716 = CARTESIAN_POINT ( 'NONE',  ( -6.741287763050175700, 19.91368974589465100, -6.115842512056171500 ) ) ;
#5717 = AXIS2_PLACEMENT_3D ( 'NONE', #5716, #5715, #5714 ) ;
#5718 = PLANE ( 'NONE',  #5717 ) ;
#5719 = FACE_OUTER_BOUND ( 'NONE', #2208, .T. ) ;
#5720 = DIRECTION ( 'NONE',  ( -0.3653410243663990400, 0.9308737486442026900, 0.0000000000000000000 ) ) ;
#5721 = VECTOR ( 'NONE', #5720, 1000.000000000000000 ) ;
#5722 = DIRECTION ( 'NONE',  ( -0.9308737486442026900, -0.3653410243663990400, 0.0000000000000000000 ) ) ;
#5723 = CARTESIAN_POINT ( 'NONE',  ( -8.603035260338581100, 19.18300769716185200, -6.115842512056171500 ) ) ;
#5724 = AXIS2_PLACEMENT_3D ( 'NONE', #5723, #5722, #5787 ) ;
#5725 = PLANE ( 'NONE',  #5724 ) ;
#5726 = FACE_OUTER_BOUND ( 'NONE', #2202, .T. ) ;
#5727 = DIRECTION ( 'NONE',  ( 0.5000000000000040000, -0.8660254037844362700, 0.0000000000000000000 ) ) ;
#5728 = DIRECTION ( 'NONE',  ( -0.8660254037844362700, -0.5000000000000040000, 0.0000000000000000000 ) ) ;
#5729 = CARTESIAN_POINT ( 'NONE',  ( -11.36602540378451900, 17.68653347947315500, -6.291935891927072300 ) ) ;
#5730 = AXIS2_PLACEMENT_3D ( 'NONE', #5729, #5728, #5727 ) ;
#5731 = PLANE ( 'NONE',  #5730 ) ;
#5732 = FACE_OUTER_BOUND ( 'NONE', #2242, .T. ) ;
#5733 = DIRECTION ( 'NONE',  ( -1.000000000000000000, 0.0000000000000000000, 0.0000000000000000000 ) ) ;
#5734 = DIRECTION ( 'NONE',  ( 0.0000000000000000000, 0.0000000000000000000, 1.000000000000000000 ) ) ;
#5735 = CARTESIAN_POINT ( 'NONE',  ( -13.09328583903348600, 16.41846113182855400, 5.000000000000000900 ) ) ;
#5736 = AXIS2_PLACEMENT_3D ( 'NONE', #5735, #5734, #5733 ) ;
#5737 = CIRCLE ( 'NONE', #5736, 0.9999999999999991100 ) ;
#5738 = CARTESIAN_POINT ( 'NONE',  ( -13.87511732150151100, 15.79497132996981700, 5.000000000000000900 ) ) ;
#5739 = DIRECTION ( 'NONE',  ( 0.6234898018587375900, -0.7818314824680265800, 0.0000000000000000000 ) ) ;
#5740 = VECTOR ( 'NONE', #5739, 1000.000000000000000 ) ;
#5741 = CARTESIAN_POINT ( 'NONE',  ( -13.87511732150151300, 15.79497132996981700, 5.000000000000000900 ) ) ;
#5742 = LINE ( 'NONE', #5741, #5740 ) ;
#5743 = DIRECTION ( 'NONE',  ( 0.5000000000000040000, -0.8660254037844362700, 0.0000000000000000000 ) ) ;
#5744 = VECTOR ( 'NONE', #5743, 1000.000000000000100 ) ;
#5745 = CARTESIAN_POINT ( 'NONE',  ( -11.36602540378451900, 17.68653347947315500, 5.000000000000000900 ) ) ;
#5746 = LINE ( 'NONE', #5745, #5744 ) ;
#5747 = DIRECTION ( 'NONE',  ( -1.000000000000000000, 0.0000000000000000000, 0.0000000000000000000 ) ) ;
#5748 = DIRECTION ( 'NONE',  ( 0.0000000000000000000, 0.0000000000000000000, 1.000000000000000000 ) ) ;
#5749 = CARTESIAN_POINT ( 'NONE',  ( -10.50000000000008300, 18.18653347947315900, 5.000000000000000900 ) ) ;
#5750 = AXIS2_PLACEMENT_3D ( 'NONE', #5749, #5748, #5747 ) ;
#5751 = CIRCLE ( 'NONE', #5750, 0.9999999999999991100 ) ;
#5752 = CARTESIAN_POINT ( 'NONE',  ( -11.36602540378451900, 17.68653347947315500, 5.000000000000000900 ) ) ;
#5753 = DIRECTION ( 'NONE',  ( -0.6234898018587375900, 0.7818314824680265800, 0.0000000000000000000 ) ) ;
#5754 = VECTOR ( 'NONE', #5753, 1000.000000000000000 ) ;
#5755 = DIRECTION ( 'NONE',  ( -1.000000000000000000, 0.0000000000000000000, 0.0000000000000000000 ) ) ;
#5756 = DIRECTION ( 'NONE',  ( -0.0000000000000000000, 0.0000000000000000000, -1.000000000000000000 ) ) ;
#5757 = CARTESIAN_POINT ( 'NONE',  ( 0.0000000000000000000, 0.0000000000000000000, 5.000000000000000000 ) ) ;
#5758 = AXIS2_PLACEMENT_3D ( 'NONE', #5757, #5756, #5755 ) ;
#5759 = PLANE ( 'NONE',  #5758 ) ;
#5760 = FACE_OUTER_BOUND ( 'NONE', #2266, .T. ) ;
#5761 = DIRECTION ( 'NONE',  ( 0.7330518718298300000, -0.6801727377709154700, 0.0000000000000000000 ) ) ;
#5762 = VECTOR ( 'NONE', #5761, 1000.000000000000000 ) ;
#5763 = CARTESIAN_POINT ( 'NONE',  ( -16.07426204619734400, 13.55057562135938900, 5.000000000000000900 ) ) ;
#5764 = LINE ( 'NONE', #5763, #5762 ) ;
#5765 = DIRECTION ( 'NONE',  ( -0.5000000000000040000, 0.8660254037844362700, 0.0000000000000000000 ) ) ;
#5766 = DIRECTION ( 'NONE',  ( 0.8660254037844362700, 0.5000000000000040000, 0.0000000000000000000 ) ) ;
#5767 = CARTESIAN_POINT ( 'NONE',  ( -9.633974596215647800, 18.68653347947316600, -6.291935891927072300 ) ) ;
#5768 = AXIS2_PLACEMENT_3D ( 'NONE', #5767, #5766, #5765 ) ;
#5769 = PLANE ( 'NONE',  #5768 ) ;
#5770 = FACE_OUTER_BOUND ( 'NONE', #2253, .T. ) ;
#5771 = DIRECTION ( 'NONE',  ( -0.5000000000000040000, 0.8660254037844362700, 0.0000000000000000000 ) ) ;
#5772 = VECTOR ( 'NONE', #5771, 1000.000000000000100 ) ;
#5773 = CARTESIAN_POINT ( 'NONE',  ( -9.633974596215647800, 18.68653347947316600, 5.000000000000000900 ) ) ;
#5774 = LINE ( 'NONE', #5773, #5772 ) ;
#5775 = DIRECTION ( 'NONE',  ( 1.000000000000000000, 0.0000000000000000000, 0.0000000000000000000 ) ) ;
#5776 = DIRECTION ( 'NONE',  ( -0.0000000000000000000, -0.0000000000000000000, 1.000000000000000000 ) ) ;
#5777 = CARTESIAN_POINT ( 'NONE',  ( -17.35101426063595700, 11.82972121933596400, -6.351580772764362100 ) ) ;
#5778 = AXIS2_PLACEMENT_3D ( 'NONE', #5777, #5776, #5775 ) ;
#5779 = CYLINDRICAL_SURFACE ( 'NONE', #5778, 1.000000000000000900 ) ;
#5780 = FACE_OUTER_BOUND ( 'NONE', #2257, .T. ) ;
#5781 = DIRECTION ( 'NONE',  ( -1.000000000000000000, 0.0000000000000000000, 0.0000000000000000000 ) ) ;
#5782 = DIRECTION ( 'NONE',  ( -0.0000000000000000000, 0.0000000000000000000, -1.000000000000000000 ) ) ;
#5783 = CARTESIAN_POINT ( 'NONE',  ( 0.0000000000000000000, 0.0000000000000000000, 5.000000000000000000 ) ) ;
#5784 = AXIS2_PLACEMENT_3D ( 'NONE', #5783, #5782, #5781 ) ;
#5785 = PLANE ( 'NONE',  #5784 ) ;
#5786 = FACE_OUTER_BOUND ( 'NONE', #2250, .T. ) ;
#5787 = DIRECTION ( 'NONE',  ( 0.3653410243663990400, -0.9308737486442026900, 0.0000000000000000000 ) ) ;
#5788 = FACE_OUTER_BOUND ( 'NONE', #2298, .T. ) ;
#5789 = CARTESIAN_POINT ( 'NONE',  ( -16.07426204619734400, 13.55057562135938700, 5.000000000000000900 ) ) ;
#5790 = DIRECTION ( 'NONE',  ( 0.6234898018587375900, -0.7818314824680265800, 0.0000000000000000000 ) ) ;
#5791 = DIRECTION ( 'NONE',  ( -0.7818314824680265800, -0.6234898018587375900, 0.0000000000000000000 ) ) ;
#5792 = CARTESIAN_POINT ( 'NONE',  ( -13.87511732150151300, 15.79497132996981700, -6.391606694777326700 ) ) ;
#5793 = AXIS2_PLACEMENT_3D ( 'NONE', #5792, #5791, #5790 ) ;
#5794 = PLANE ( 'NONE',  #5793 ) ;
#5795 = FACE_OUTER_BOUND ( 'NONE', #2293, .T. ) ;
#5796 = DIRECTION ( 'NONE',  ( 0.8262387743159980100, -0.5633200580636172900, 0.0000000000000000000 ) ) ;
#5797 = DIRECTION ( 'NONE',  ( -0.5633200580636172900, -0.8262387743159980100, 0.0000000000000000000 ) ) ;
#5798 = CARTESIAN_POINT ( 'NONE',  ( -17.91433431869957400, 11.00348244501996600, -6.351580772764362100 ) ) ;
#5799 = AXIS2_PLACEMENT_3D ( 'NONE', #5798, #5797, #5796 ) ;
#5800 = PLANE ( 'NONE',  #5799 ) ;
#5801 = FACE_OUTER_BOUND ( 'NONE', #2262, .T. ) ;
#5802 = DIRECTION ( 'NONE',  ( -1.000000000000000000, 1.734723475976805500E-015, 0.0000000000000000000 ) ) ;
#5803 = DIRECTION ( 'NONE',  ( 0.0000000000000000000, 0.0000000000000000000, 1.000000000000000000 ) ) ;
#5804 = AXIS2_PLACEMENT_3D ( 'NONE', #5811, #5803, #5802 ) ;
#5805 = CIRCLE ( 'NONE', #5804, 1.000000000000000900 ) ;
#5806 = DIRECTION ( 'NONE',  ( 1.000000000000000000, 0.0000000000000000000, 0.0000000000000000000 ) ) ;
#5807 = DIRECTION ( 'NONE',  ( -0.0000000000000000000, -0.0000000000000000000, 1.000000000000000000 ) ) ;
#5808 = CARTESIAN_POINT ( 'NONE',  ( -13.09328583903348600, 16.41846113182855400, -6.391606694777326700 ) ) ;
#5809 = AXIS2_PLACEMENT_3D ( 'NONE', #5808, #5807, #5806 ) ;
#5810 = CYLINDRICAL_SURFACE ( 'NONE', #5809, 0.9999999999999991100 ) ;
#5811 = CARTESIAN_POINT ( 'NONE',  ( -15.39408930842642700, 14.28362749318922000, 5.000000000000000900 ) ) ;
#5812 = FACE_OUTER_BOUND ( 'NONE', #2285, .T. ) ;
#5813 = DIRECTION ( 'NONE',  ( -0.0000000000000000000, -0.0000000000000000000, 1.000000000000000000 ) ) ;
#5814 = VECTOR ( 'NONE', #5813, 1000.000000000000000 ) ;
#5815 = CARTESIAN_POINT ( 'NONE',  ( -17.91433431869957400, 11.00348244501996600, -6.351580772764362100 ) ) ;
#5816 = LINE ( 'NONE', #5815, #5814 ) ;
#5817 = DIRECTION ( 'NONE',  ( -0.0000000000000000000, -0.0000000000000000000, 1.000000000000000000 ) ) ;
#5818 = VECTOR ( 'NONE', #5817, 1000.000000000000000 ) ;
#5819 = CARTESIAN_POINT ( 'NONE',  ( -13.87511732150151300, 15.79497132996981700, -6.391606694777326700 ) ) ;
#5820 = LINE ( 'NONE', #5819, #5818 ) ;
#5821 = PLANE ( 'NONE',  #5888 ) ;
#5822 = FACE_OUTER_BOUND ( 'NONE', #2327, .T. ) ;
#5823 = DIRECTION ( 'NONE',  ( 0.7330518718298300000, -0.6801727377709154700, 0.0000000000000000000 ) ) ;
#5824 = DIRECTION ( 'NONE',  ( -0.6801727377709154700, -0.7330518718298300000, 0.0000000000000000000 ) ) ;
#5825 = CARTESIAN_POINT ( 'NONE',  ( -16.07426204619734400, 13.55057562135938900, -6.411698407867996600 ) ) ;
#5826 = AXIS2_PLACEMENT_3D ( 'NONE', #5825, #5824, #5823 ) ;
#5827 = PLANE ( 'NONE',  #5826 ) ;
#5828 = FACE_OUTER_BOUND ( 'NONE', #2330, .T. ) ;
#5829 = DIRECTION ( 'NONE',  ( -1.000000000000000000, 0.0000000000000000000, 0.0000000000000000000 ) ) ;
#5830 = DIRECTION ( 'NONE',  ( 0.0000000000000000000, 0.0000000000000000000, 1.000000000000000000 ) ) ;
#5831 = CARTESIAN_POINT ( 'NONE',  ( -18.92034622595085100, 9.111558521468603900, 5.000000000000000900 ) ) ;
#5832 = AXIS2_PLACEMENT_3D ( 'NONE', #5831, #5830, #5829 ) ;
#5833 = CIRCLE ( 'NONE', #5832, 1.000000000000000900 ) ;
#5834 = CARTESIAN_POINT ( 'NONE',  ( -19.35422996506840600, 8.210589653566181300, 5.000000000000000900 ) ) ;
#5835 = DIRECTION ( 'NONE',  ( 0.9009688679024217000, -0.4338837391175526200, 0.0000000000000000000 ) ) ;
#5836 = VECTOR ( 'NONE', #5835, 1000.000000000000100 ) ;
#5837 = CARTESIAN_POINT ( 'NONE',  ( -19.35422996506840600, 8.210589653566181300, 5.000000000000000900 ) ) ;
#5838 = LINE ( 'NONE', #5837, #5836 ) ;
#5839 = DIRECTION ( 'NONE',  ( -0.9009688679024217000, 0.4338837391175526200, 0.0000000000000000000 ) ) ;
#5840 = DIRECTION ( 'NONE',  ( 0.4338837391175526200, 0.9009688679024217000, 0.0000000000000000000 ) ) ;
#5841 = CARTESIAN_POINT ( 'NONE',  ( -18.48646248683330000, 10.01252738937102500, -6.213145574501213600 ) ) ;
#5842 = AXIS2_PLACEMENT_3D ( 'NONE', #5841, #5840, #5839 ) ;
#5843 = PLANE ( 'NONE',  #5842 ) ;
#5844 = FACE_OUTER_BOUND ( 'NONE', #2254, .T. ) ;
#5845 = DIRECTION ( 'NONE',  ( -0.9009688679024217000, 0.4338837391175526200, 0.0000000000000000000 ) ) ;
#5846 = VECTOR ( 'NONE', #5845, 1000.000000000000100 ) ;
#5847 = CARTESIAN_POINT ( 'NONE',  ( -18.48646248683330000, 10.01252738937102500, 5.000000000000000900 ) ) ;
#5848 = LINE ( 'NONE', #5847, #5846 ) ;
#5849 = DIRECTION ( 'NONE',  ( -0.6234898018587375900, 0.7818314824680265800, 0.0000000000000000000 ) ) ;
#5850 = DIRECTION ( 'NONE',  ( 0.7818314824680265800, 0.6234898018587375900, 0.0000000000000000000 ) ) ;
#5851 = CARTESIAN_POINT ( 'NONE',  ( -12.31145435656546100, 17.04195093368728900, -6.391606694777326700 ) ) ;
#5852 = AXIS2_PLACEMENT_3D ( 'NONE', #5851, #5850, #5849 ) ;
#5853 = PLANE ( 'NONE',  #5852 ) ;
#5854 = DIRECTION ( 'NONE',  ( -0.0000000000000000000, -0.0000000000000000000, 1.000000000000000000 ) ) ;
#5855 = VECTOR ( 'NONE', #5854, 1000.000000000000000 ) ;
#5856 = CARTESIAN_POINT ( 'NONE',  ( -19.35422996506840600, 8.210589653566181300, -6.213145574501213600 ) ) ;
#5857 = LINE ( 'NONE', #5856, #5855 ) ;
#5858 = DIRECTION ( 'NONE',  ( -1.000000000000000000, 0.0000000000000000000, 0.0000000000000000000 ) ) ;
#5859 = DIRECTION ( 'NONE',  ( -0.0000000000000000000, 0.0000000000000000000, -1.000000000000000000 ) ) ;
#5860 = CARTESIAN_POINT ( 'NONE',  ( 0.0000000000000000000, 0.0000000000000000000, 5.000000000000000000 ) ) ;
#5861 = AXIS2_PLACEMENT_3D ( 'NONE', #5860, #5859, #5858 ) ;
#5862 = PLANE ( 'NONE',  #5861 ) ;
#5863 = FACE_OUTER_BOUND ( 'NONE', #2334, .T. ) ;
#5864 = DIRECTION ( 'NONE',  ( -1.000000000000000000, 0.0000000000000000000, 0.0000000000000000000 ) ) ;
#5865 = DIRECTION ( 'NONE',  ( -0.0000000000000000000, 0.0000000000000000000, -1.000000000000000000 ) ) ;
#5866 = CARTESIAN_POINT ( 'NONE',  ( 0.0000000000000000000, 0.0000000000000000000, 5.000000000000000000 ) ) ;
#5867 = AXIS2_PLACEMENT_3D ( 'NONE', #5866, #5865, #5864 ) ;
#5868 = PLANE ( 'NONE',  #5867 ) ;
#5869 = FACE_OUTER_BOUND ( 'NONE', #2345, .T. ) ;
#5870 = DIRECTION ( 'NONE',  ( -0.7330518718298300000, 0.6801727377709154700, 0.0000000000000000000 ) ) ;
#5871 = VECTOR ( 'NONE', #5870, 1000.000000000000000 ) ;
#5872 = CARTESIAN_POINT ( 'NONE',  ( -14.71391657065551200, 15.01667936501905100, 5.000000000000000900 ) ) ;
#5873 = LINE ( 'NONE', #5872, #5871 ) ;
#5874 = CARTESIAN_POINT ( 'NONE',  ( -20.36178409591989400, 5.234285856842718400, 5.000000000000000900 ) ) ;
#5875 = DIRECTION ( 'NONE',  ( 0.9555728057861425700, -0.2947551744108981600, 0.0000000000000000000 ) ) ;
#5876 = VECTOR ( 'NONE', #5875, 1000.000000000000000 ) ;
#5877 = CARTESIAN_POINT ( 'NONE',  ( -20.36178409591989400, 5.234285856842719300, 5.000000000000000900 ) ) ;
#5878 = DIRECTION ( 'NONE',  ( 1.000000000000000000, 0.0000000000000000000, 0.0000000000000000000 ) ) ;
#5879 = DIRECTION ( 'NONE',  ( -0.0000000000000000000, -0.0000000000000000000, 1.000000000000000000 ) ) ;
#5880 = CARTESIAN_POINT ( 'NONE',  ( -15.39408930842642700, 14.28362749318922000, -6.411698407867996600 ) ) ;
#5881 = AXIS2_PLACEMENT_3D ( 'NONE', #5880, #5879, #5878 ) ;
#5882 = LINE ( 'NONE', #5877, #5876 ) ;
#5883 = CYLINDRICAL_SURFACE ( 'NONE', #5881, 1.000000000000000900 ) ;
#5884 = FACE_OUTER_BOUND ( 'NONE', #2318, .T. ) ;
#5885 = DIRECTION ( 'NONE',  ( 0.9009688679024217000, -0.4338837391175526200, 0.0000000000000000000 ) ) ;
#5886 = DIRECTION ( 'NONE',  ( -0.4338837391175526200, -0.9009688679024217000, 0.0000000000000000000 ) ) ;
#5887 = CARTESIAN_POINT ( 'NONE',  ( -19.35422996506840600, 8.210589653566181300, -6.213145574501213600 ) ) ;
#5888 = AXIS2_PLACEMENT_3D ( 'NONE', #5887, #5886, #5885 ) ;
#5889 = CARTESIAN_POINT ( 'NONE',  ( -17.91433431869957400, 11.00348244501996400, 5.000000000000000900 ) ) ;
#5890 = DIRECTION ( 'NONE',  ( -0.8262387743159980100, 0.5633200580636174000, 0.0000000000000000000 ) ) ;
#5891 = VECTOR ( 'NONE', #5890, 1000.000000000000000 ) ;
#5892 = CARTESIAN_POINT ( 'NONE',  ( -16.78769420257233600, 12.65595999365196200, 5.000000000000000900 ) ) ;
#5893 = LINE ( 'NONE', #5892, #5891 ) ;
#5894 = DIRECTION ( 'NONE',  ( -0.8262387743159980100, 0.5633200580636172900, 0.0000000000000000000 ) ) ;
#5895 = DIRECTION ( 'NONE',  ( 0.5633200580636172900, 0.8262387743159980100, 0.0000000000000000000 ) ) ;
#5896 = CARTESIAN_POINT ( 'NONE',  ( -16.78769420257233600, 12.65595999365196200, -6.351580772764362100 ) ) ;
#5897 = AXIS2_PLACEMENT_3D ( 'NONE', #5896, #5895, #5894 ) ;
#5898 = PLANE ( 'NONE',  #5897 ) ;
#5899 = DIRECTION ( 'NONE',  ( 1.000000000000000000, 0.0000000000000000000, 0.0000000000000000000 ) ) ;
#5900 = DIRECTION ( 'NONE',  ( -0.0000000000000000000, -0.0000000000000000000, 1.000000000000000000 ) ) ;
#5901 = CARTESIAN_POINT ( 'NONE',  ( -18.92034622595085100, 9.111558521468603900, -6.213145574501213600 ) ) ;
#5902 = AXIS2_PLACEMENT_3D ( 'NONE', #5901, #5900, #5899 ) ;
#5903 = FACE_OUTER_BOUND ( 'NONE', #2363, .T. ) ;
#5904 = CYLINDRICAL_SURFACE ( 'NONE', #5902, 1.000000000000000900 ) ;
#5905 = FACE_OUTER_BOUND ( 'NONE', #2338, .T. ) ;
#5906 = DIRECTION ( 'NONE',  ( -0.7330518718298300000, 0.6801727377709154700, 0.0000000000000000000 ) ) ;
#5907 = DIRECTION ( 'NONE',  ( 0.6801727377709154700, 0.7330518718298300000, 0.0000000000000000000 ) ) ;
#5908 = CARTESIAN_POINT ( 'NONE',  ( -14.71391657065551200, 15.01667936501905100, -6.411698407867996600 ) ) ;
#5909 = AXIS2_PLACEMENT_3D ( 'NONE', #5908, #5907, #5906 ) ;
#5910 = PLANE ( 'NONE',  #5909 ) ;
#5911 = FACE_OUTER_BOUND ( 'NONE', #2351, .T. ) ;
#5912 = DIRECTION ( 'NONE',  ( -1.000000000000000000, 0.0000000000000000000, 0.0000000000000000000 ) ) ;
#5913 = DIRECTION ( 'NONE',  ( -0.0000000000000000000, 0.0000000000000000000, -1.000000000000000000 ) ) ;
#5914 = CARTESIAN_POINT ( 'NONE',  ( 0.0000000000000000000, 0.0000000000000000000, 5.000000000000000000 ) ) ;
#5915 = AXIS2_PLACEMENT_3D ( 'NONE', #5914, #5913, #5912 ) ;
#5916 = PLANE ( 'NONE',  #5915 ) ;
#5917 = FACE_OUTER_BOUND ( 'NONE', #2347, .T. ) ;
#5918 = DIRECTION ( 'NONE',  ( -0.0000000000000000000, -0.0000000000000000000, 1.000000000000000000 ) ) ;
#5919 = VECTOR ( 'NONE', #5918, 1000.000000000000000 ) ;
#5920 = CARTESIAN_POINT ( 'NONE',  ( -16.07426204619734400, 13.55057562135938900, -6.411698407867996600 ) ) ;
#5921 = LINE ( 'NONE', #5920, #5919 ) ;
#5922 = FACE_OUTER_BOUND ( 'NONE', #2617, .T. ) ;
#5923 = DIRECTION ( 'NONE',  ( 0.2225209339563182200, -0.9749279121818227300, 0.0000000000000000000 ) ) ;
#5924 = DIRECTION ( 'NONE',  ( -0.9749279121818227300, -0.2225209339563182200, 0.0000000000000000000 ) ) ;
#5925 = CARTESIAN_POINT ( 'NONE',  ( -5.647867525264503600, 20.25096522186195000, -5.869033853567559700 ) ) ;
#5926 = AXIS2_PLACEMENT_3D ( 'NONE', #5925, #5924, #5923 ) ;
#5927 = PLANE ( 'NONE',  #5926 ) ;
#5928 = FACE_OUTER_BOUND ( 'NONE', #2387, .T. ) ;
#5929 = DIRECTION ( 'NONE',  ( -0.2225209339563182200, 0.9749279121818227300, 0.0000000000000000000 ) ) ;
#5930 = DIRECTION ( 'NONE',  ( 0.9749279121818227300, 0.2225209339563182200, 0.0000000000000000000 ) ) ;
#5931 = CARTESIAN_POINT ( 'NONE',  ( -3.698011700900858400, 20.69600708977458900, -5.869033853567559700 ) ) ;
#5932 = AXIS2_PLACEMENT_3D ( 'NONE', #5931, #5930, #5929 ) ;
#5933 = PLANE ( 'NONE',  #5932 ) ;
#5934 = FACE_OUTER_BOUND ( 'NONE', #2382, .T. ) ;
#5935 = DIRECTION ( 'NONE',  ( 0.8262387743159980100, -0.5633200580636174000, 0.0000000000000000000 ) ) ;
#5936 = VECTOR ( 'NONE', #5935, 1000.000000000000000 ) ;
#5937 = CARTESIAN_POINT ( 'NONE',  ( -17.91433431869957400, 11.00348244501996600, 5.000000000000000900 ) ) ;
#5938 = LINE ( 'NONE', #5937, #5936 ) ;
#5939 = DIRECTION ( 'NONE',  ( 0.07473009358642804200, -0.9972037971811799100, 0.0000000000000000000 ) ) ;
#5940 = DIRECTION ( 'NONE',  ( -0.9972037971811799100, -0.07473009358642804200, 0.0000000000000000000 ) ) ;
#5941 = CARTESIAN_POINT ( 'NONE',  ( -2.566535762496167500, 20.86654964721834200, -5.559827068991052300 ) ) ;
#5942 = AXIS2_PLACEMENT_3D ( 'NONE', #5941, #5940, #5939 ) ;
#5943 = PLANE ( 'NONE',  #5942 ) ;
#5944 = FACE_OUTER_BOUND ( 'NONE', #2374, .T. ) ;
#5945 = DIRECTION ( 'NONE',  ( -0.0000000000000000000, -0.0000000000000000000, 1.000000000000000000 ) ) ;
#5946 = VECTOR ( 'NONE', #5945, 1000.000000000000000 ) ;
#5947 = CARTESIAN_POINT ( 'NONE',  ( -2.566535762496167500, 20.86654964721834200, -5.559827068991052300 ) ) ;
#5948 = LINE ( 'NONE', #5947, #5946 ) ;
#5949 = DIRECTION ( 'NONE',  ( -1.000000000000000000, 3.469446951953611000E-015, 0.0000000000000000000 ) ) ;
#5950 = DIRECTION ( 'NONE',  ( 0.0000000000000000000, 0.0000000000000000000, 1.000000000000000000 ) ) ;
#5951 = CARTESIAN_POINT ( 'NONE',  ( -17.35101426063595700, 11.82972121933596400, 5.000000000000000900 ) ) ;
#5952 = AXIS2_PLACEMENT_3D ( 'NONE', #5951, #5950, #5949 ) ;
#5953 = CIRCLE ( 'NONE', #5952, 1.000000000000000900 ) ;
#5954 = CARTESIAN_POINT ( 'NONE',  ( 52.50000000000000700, -2.500000000000003600, 3.500000000000000000 ) ) ;
#5955 = DIRECTION ( 'NONE',  ( 0.0000000000000000000, -1.000000000000000000, 0.0000000000000000000 ) ) ;
#5956 = VECTOR ( 'NONE', #5955, 1000.000000000000000 ) ;
#5957 = CARTESIAN_POINT ( 'NONE',  ( 52.50000000000000700, 6.924428900898076800, 3.500000000000000000 ) ) ;
#5958 = LINE ( 'NONE', #5957, #5956 ) ;
#5959 = DIRECTION ( 'NONE',  ( 0.0000000000000000000, -2.168404344971008900E-016, -1.000000000000000000 ) ) ;
#5960 = VECTOR ( 'NONE', #5959, 1000.000000000000000 ) ;
#5961 = CARTESIAN_POINT ( 'NONE',  ( 52.50000000000000700, 1.499999999999997800, 2.000000000000001300 ) ) ;
#5962 = LINE ( 'NONE', #5961, #5960 ) ;
#5963 = CARTESIAN_POINT ( 'NONE',  ( 27.50000000000000000, -2.500000000000003600, 2.000000000000000000 ) ) ;
#5964 = DIRECTION ( 'NONE',  ( 0.0000000000000000000, -1.000000000000000000, 0.0000000000000000000 ) ) ;
#5965 = VECTOR ( 'NONE', #5964, 1000.000000000000000 ) ;
#5966 = CARTESIAN_POINT ( 'NONE',  ( 27.50000000000000000, 6.924428900898076800, 2.000000000000000000 ) ) ;
#5967 = LINE ( 'NONE', #5966, #5965 ) ;
#5968 = CARTESIAN_POINT ( 'NONE',  ( 27.50000000000000000, 1.499999999999997800, 2.000000000000000000 ) ) ;
#5969 = DIRECTION ( 'NONE',  ( -1.000000000000000000, 0.0000000000000000000, 0.0000000000000000000 ) ) ;
#5970 = DIRECTION ( 'NONE',  ( 0.0000000000000000000, 0.0000000000000000000, 1.000000000000000000 ) ) ;
#5971 = CARTESIAN_POINT ( 'NONE',  ( -4.672939613082681000, 20.47348615581827100, 5.000000000000000900 ) ) ;
#5972 = AXIS2_PLACEMENT_3D ( 'NONE', #5971, #5970, #5969 ) ;
#5973 = CIRCLE ( 'NONE', #5972, 1.000000000000000000 ) ;
#5974 = DIRECTION ( 'NONE',  ( -0.0000000000000000000, -0.0000000000000000000, 1.000000000000000000 ) ) ;
#5975 = VECTOR ( 'NONE', #5974, 1000.000000000000000 ) ;
#5976 = CARTESIAN_POINT ( 'NONE',  ( 2.566535762496018300, 20.86654964721836300, -5.559827068991038100 ) ) ;
#5977 = LINE ( 'NONE', #5976, #5975 ) ;
#5978 = DIRECTION ( 'NONE',  ( -0.2225209339563182200, 0.9749279121818227300, 0.0000000000000000000 ) ) ;
#5979 = VECTOR ( 'NONE', #5978, 1000.000000000000000 ) ;
#5980 = CARTESIAN_POINT ( 'NONE',  ( -3.698011700900858400, 20.69600708977458900, 5.000000000000000900 ) ) ;
#5981 = LINE ( 'NONE', #5980, #5979 ) ;
#5982 = DIRECTION ( 'NONE',  ( -0.07473009358642804200, 0.9972037971811799100, 0.0000000000000000000 ) ) ;
#5983 = DIRECTION ( 'NONE',  ( 0.9972037971811799100, 0.07473009358642804200, 0.0000000000000000000 ) ) ;
#5984 = CARTESIAN_POINT ( 'NONE',  ( -0.5721281681338081800, 21.01600983439120200, -5.559827068991052300 ) ) ;
#5985 = AXIS2_PLACEMENT_3D ( 'NONE', #5984, #5983, #5982 ) ;
#5986 = PLANE ( 'NONE',  #5985 ) ;
#5987 = LINE ( 'NONE', #5993, #6048 ) ;
#5988 = DIRECTION ( 'NONE',  ( 0.7071067811865472400, 0.0000000000000000000, -0.7071067811865479100 ) ) ;
#5989 = DIRECTION ( 'NONE',  ( 0.7071067811865479100, 0.0000000000000000000, 0.7071067811865472400 ) ) ;
#5990 = CARTESIAN_POINT ( 'NONE',  ( 52.50000000000000700, 6.924428900898076800, 3.500000000000000000 ) ) ;
#5991 = AXIS2_PLACEMENT_3D ( 'NONE', #5990, #5989, #5988 ) ;
#5992 = PLANE ( 'NONE',  #5991 ) ;
#5993 = CARTESIAN_POINT ( 'NONE',  ( 52.50000000000000700, 1.499999999999997800, 3.500000000000000400 ) ) ;
#5994 = FACE_OUTER_BOUND ( 'NONE', #2428, .T. ) ;
#5995 = DIRECTION ( 'NONE',  ( 0.0000000000000000000, -1.000000000000000000, 0.0000000000000000000 ) ) ;
#5996 = VECTOR ( 'NONE', #5995, 1000.000000000000000 ) ;
#5997 = CARTESIAN_POINT ( 'NONE',  ( 52.00000000000000000, 6.924428900898076800, 4.000000000000002700 ) ) ;
#5998 = LINE ( 'NONE', #5997, #5996 ) ;
#5999 = CARTESIAN_POINT ( 'NONE',  ( 52.00000000000000000, -2.500000000000003600, 4.000000000000002700 ) ) ;
#6000 = DIRECTION ( 'NONE',  ( -1.000000000000000000, 0.0000000000000000000, -4.336808689942017700E-016 ) ) ;
#6001 = VECTOR ( 'NONE', #6000, 1000.000000000000000 ) ;
#6002 = CARTESIAN_POINT ( 'NONE',  ( 52.00000000000000000, -2.500000000000003600, 4.000000000000002700 ) ) ;
#6003 = LINE ( 'NONE', #6002, #6001 ) ;
#6004 = CARTESIAN_POINT ( 'NONE',  ( 50.00000000000000000, 1.499999999999997800, 4.000000000000001800 ) ) ;
#6005 = DIRECTION ( 'NONE',  ( 0.7071067811865514600, 1.533293416683365300E-016, 0.7071067811865434600 ) ) ;
#6006 = VECTOR ( 'NONE', #6005, 1000.000000000000100 ) ;
#6007 = CARTESIAN_POINT ( 'NONE',  ( 50.00000000000000000, 1.499999999999997800, 4.000000000000002700 ) ) ;
#6008 = LINE ( 'NONE', #6007, #6006 ) ;
#6009 = DIRECTION ( 'NONE',  ( 0.7071067811865514600, 0.0000000000000000000, 0.7071067811865434600 ) ) ;
#6010 = DIRECTION ( 'NONE',  ( -0.7071067811865435800, 0.0000000000000000000, 0.7071067811865515700 ) ) ;
#6011 = CARTESIAN_POINT ( 'NONE',  ( 50.00000000000000000, 6.924428900898076800, 4.000000000000001800 ) ) ;
#6012 = AXIS2_PLACEMENT_3D ( 'NONE', #6011, #6010, #6009 ) ;
#6013 = PLANE ( 'NONE',  #6012 ) ;
#6014 = FACE_OUTER_BOUND ( 'NONE', #2417, .T. ) ;
#6015 = DIRECTION ( 'NONE',  ( 0.0000000000000000000, 0.0000000000000000000, 1.000000000000000000 ) ) ;
#6016 = VECTOR ( 'NONE', #6015, 1000.000000000000000 ) ;
#6017 = CARTESIAN_POINT ( 'NONE',  ( 52.50000000000000700, -2.500000000000003600, 2.000000000000000000 ) ) ;
#6018 = LINE ( 'NONE', #6017, #6016 ) ;
#6019 = FACE_OUTER_BOUND ( 'NONE', #2450, .T. ) ;
#6020 = DIRECTION ( 'NONE',  ( -1.000000000000000000, 0.0000000000000000000, 0.0000000000000000000 ) ) ;
#6021 = VECTOR ( 'NONE', #6020, 1000.000000000000000 ) ;
#6022 = CARTESIAN_POINT ( 'NONE',  ( 32.00000000000002800, -2.500000000000003600, 2.000000000000000000 ) ) ;
#6023 = LINE ( 'NONE', #6022, #6021 ) ;
#6024 = DIRECTION ( 'NONE',  ( 1.000000000000000000, 0.0000000000000000000, 0.0000000000000000000 ) ) ;
#6025 = VECTOR ( 'NONE', #6024, 1000.000000000000000 ) ;
#6026 = CARTESIAN_POINT ( 'NONE',  ( 32.00000000000002800, 1.499999999999997800, 2.000000000000000000 ) ) ;
#6027 = LINE ( 'NONE', #6026, #6025 ) ;
#6028 = DIRECTION ( 'NONE',  ( 1.000000000000000000, 0.0000000000000000000, 0.0000000000000000000 ) ) ;
#6029 = DIRECTION ( 'NONE',  ( 0.0000000000000000000, 0.0000000000000000000, -1.000000000000000000 ) ) ;
#6030 = CARTESIAN_POINT ( 'NONE',  ( 32.00000000000002800, 6.924428900898076800, 2.000000000000000000 ) ) ;
#6031 = AXIS2_PLACEMENT_3D ( 'NONE', #6030, #6029, #6028 ) ;
#6032 = PLANE ( 'NONE',  #6031 ) ;
#6033 = FACE_OUTER_BOUND ( 'NONE', #2441, .T. ) ;
#6034 = DIRECTION ( 'NONE',  ( 0.0000000000000000000, -1.000000000000000000, 0.0000000000000000000 ) ) ;
#6035 = VECTOR ( 'NONE', #6034, 1000.000000000000000 ) ;
#6036 = CARTESIAN_POINT ( 'NONE',  ( 27.50000000000000000, 6.924428900898076800, 3.500000000000000000 ) ) ;
#6037 = LINE ( 'NONE', #6036, #6035 ) ;
#6038 = CARTESIAN_POINT ( 'NONE',  ( 27.50000000000000000, -2.500000000000003600, 3.500000000000000000 ) ) ;
#6039 = DIRECTION ( 'NONE',  ( 0.0000000000000000000, 0.0000000000000000000, 1.000000000000000000 ) ) ;
#6040 = VECTOR ( 'NONE', #6039, 1000.000000000000000 ) ;
#6041 = CARTESIAN_POINT ( 'NONE',  ( 27.50000000000000000, -2.500000000000003600, 2.000000000000000000 ) ) ;
#6042 = LINE ( 'NONE', #6041, #6040 ) ;
#6043 = DIRECTION ( 'NONE',  ( -0.7071067811865472400, 0.0000000000000000000, 0.7071067811865479100 ) ) ;
#6044 = VECTOR ( 'NONE', #6043, 999.9999999999998900 ) ;
#6045 = CARTESIAN_POINT ( 'NONE',  ( 52.50000000000000700, -2.500000000000003600, 3.500000000000000000 ) ) ;
#6046 = LINE ( 'NONE', #6045, #6044 ) ;
#6047 = DIRECTION ( 'NONE',  ( 0.7071067811865472400, -1.533293416683374900E-016, -0.7071067811865479100 ) ) ;
#6048 = VECTOR ( 'NONE', #6047, 999.9999999999998900 ) ;
#6049 = CYLINDRICAL_SURFACE ( 'NONE', #5547, 1.000000000000000000 ) ;
#6050 = CARTESIAN_POINT ( 'NONE',  ( -18.91598281219676600, 10.21937347632801300, 50.82283696912820400 ) ) ;
#6051 = DIRECTION ( 'NONE',  ( -1.000000000000000000, 0.0000000000000000000, 0.0000000000000000000 ) ) ;
#6052 = FACE_OUTER_BOUND ( 'NONE', #2473, .T. ) ;
#6053 = DIRECTION ( 'NONE',  ( -0.0000000000000000000, -0.0000000000000000000, 1.000000000000000000 ) ) ;
#6054 = VECTOR ( 'NONE', #6053, 1000.000000000000000 ) ;
#6055 = CARTESIAN_POINT ( 'NONE',  ( -5.647867525264503600, 20.25096522186195000, -5.869033853567559700 ) ) ;
#6056 = DIRECTION ( 'NONE',  ( 1.000000000000000000, 0.0000000000000000000, 0.0000000000000000000 ) ) ;
#6057 = DIRECTION ( 'NONE',  ( -0.0000000000000000000, -0.0000000000000000000, 1.000000000000000000 ) ) ;
#6058 = CARTESIAN_POINT ( 'NONE',  ( 1.569331965314837700, 20.94127974080478400, -5.559827068991038100 ) ) ;
#6059 = AXIS2_PLACEMENT_3D ( 'NONE', #6058, #6057, #6056 ) ;
#6060 = CYLINDRICAL_SURFACE ( 'NONE', #6059, 1.000000000000000200 ) ;
#6061 = LINE ( 'NONE', #6055, #6054 ) ;
#6062 = FACE_OUTER_BOUND ( 'NONE', #2463, .T. ) ;
#6063 = DIRECTION ( 'NONE',  ( -0.0000000000000000000, -0.0000000000000000000, 1.000000000000000000 ) ) ;
#6064 = VECTOR ( 'NONE', #6063, 1000.000000000000000 ) ;
#6065 = CARTESIAN_POINT ( 'NONE',  ( 0.5721281681336570800, 21.01600983439120900, -5.559827068991038100 ) ) ;
#6066 = LINE ( 'NONE', #6065, #6064 ) ;
#6067 = DIRECTION ( 'NONE',  ( -0.07473009358642082600, -0.9972037971811803500, 0.0000000000000000000 ) ) ;
#6068 = DIRECTION ( 'NONE',  ( -0.9972037971811803500, 0.07473009358642082600, 0.0000000000000000000 ) ) ;
#6069 = CARTESIAN_POINT ( 'NONE',  ( 0.5721281681336570800, 21.01600983439120900, -5.559827068991038100 ) ) ;
#6070 = AXIS2_PLACEMENT_3D ( 'NONE', #6069, #6068, #6067 ) ;
#6071 = PLANE ( 'NONE',  #6070 ) ;
#6072 = FACE_OUTER_BOUND ( 'NONE', #2400, .T. ) ;
#6073 = CARTESIAN_POINT ( 'NONE',  ( -5.647867525264503600, 20.25096522186195000, 5.000000000000000900 ) ) ;
#6074 = DIRECTION ( 'NONE',  ( 0.2225209339563182200, -0.9749279121818227300, 0.0000000000000000000 ) ) ;
#6075 = VECTOR ( 'NONE', #6074, 1000.000000000000000 ) ;
#6076 = CARTESIAN_POINT ( 'NONE',  ( -5.647867525264503600, 20.25096522186195000, 5.000000000000000900 ) ) ;
#6077 = LINE ( 'NONE', #6076, #6075 ) ;
#6078 = DIRECTION ( 'NONE',  ( -1.000000000000000000, 0.0000000000000000000, 0.0000000000000000000 ) ) ;
#6079 = DIRECTION ( 'NONE',  ( -0.0000000000000000000, 0.0000000000000000000, -1.000000000000000000 ) ) ;
#6080 = CARTESIAN_POINT ( 'NONE',  ( 0.0000000000000000000, 0.0000000000000000000, 5.000000000000000000 ) ) ;
#6081 = AXIS2_PLACEMENT_3D ( 'NONE', #6080, #6079, #6078 ) ;
#6082 = PLANE ( 'NONE',  #6081 ) ;
#6083 = FACE_OUTER_BOUND ( 'NONE', #2506, .T. ) ;
#6084 = CARTESIAN_POINT ( 'NONE',  ( 0.5721281681336569700, 21.01600983439120900, 5.000000000000000900 ) ) ;
#6085 = DIRECTION ( 'NONE',  ( -0.07473009358642084000, -0.9972037971811804600, 0.0000000000000000000 ) ) ;
#6086 = VECTOR ( 'NONE', #6085, 999.9999999999998900 ) ;
#6087 = CARTESIAN_POINT ( 'NONE',  ( 0.5721281681336570800, 21.01600983439120900, 5.000000000000000900 ) ) ;
#6088 = LINE ( 'NONE', #6087, #6086 ) ;
#6089 = DIRECTION ( 'NONE',  ( -1.000000000000000000, 0.0000000000000000000, 0.0000000000000000000 ) ) ;
#6090 = DIRECTION ( 'NONE',  ( -0.0000000000000000000, 0.0000000000000000000, -1.000000000000000000 ) ) ;
#6091 = CARTESIAN_POINT ( 'NONE',  ( 0.0000000000000000000, 0.0000000000000000000, 5.000000000000000000 ) ) ;
#6092 = AXIS2_PLACEMENT_3D ( 'NONE', #6091, #6090, #6089 ) ;
#6093 = PLANE ( 'NONE',  #6092 ) ;
#6094 = FACE_OUTER_BOUND ( 'NONE', #2491, .T. ) ;
#6095 = DIRECTION ( 'NONE',  ( 0.07473009358642084000, 0.9972037971811804600, 0.0000000000000000000 ) ) ;
#6096 = VECTOR ( 'NONE', #6095, 999.9999999999998900 ) ;
#6097 = CARTESIAN_POINT ( 'NONE',  ( 2.566535762496018300, 20.86654964721836300, 5.000000000000000900 ) ) ;
#6098 = LINE ( 'NONE', #6097, #6096 ) ;
#6099 = CARTESIAN_POINT ( 'NONE',  ( 2.566535762496018300, 20.86654964721836300, 5.000000000000000900 ) ) ;
#6100 = DIRECTION ( 'NONE',  ( -1.000000000000000000, 0.0000000000000000000, 0.0000000000000000000 ) ) ;
#6101 = DIRECTION ( 'NONE',  ( 0.0000000000000000000, 0.0000000000000000000, 1.000000000000000000 ) ) ;
#6102 = AXIS2_PLACEMENT_3D ( 'NONE', #6109, #6101, #6100 ) ;
#6103 = CIRCLE ( 'NONE', #6102, 1.000000000000000000 ) ;
#6104 = DIRECTION ( 'NONE',  ( 1.000000000000000000, 0.0000000000000000000, 0.0000000000000000000 ) ) ;
#6105 = DIRECTION ( 'NONE',  ( -0.0000000000000000000, -0.0000000000000000000, 1.000000000000000000 ) ) ;
#6106 = CARTESIAN_POINT ( 'NONE',  ( 4.672939613082538900, 20.47348615581830700, -5.869033853567545500 ) ) ;
#6107 = AXIS2_PLACEMENT_3D ( 'NONE', #6106, #6105, #6104 ) ;
#6108 = CYLINDRICAL_SURFACE ( 'NONE', #6107, 1.000000000000000000 ) ;
#6109 = CARTESIAN_POINT ( 'NONE',  ( 1.569331965314837700, 20.94127974080478400, 5.000000000000000900 ) ) ;
#6110 = FACE_OUTER_BOUND ( 'NONE', #2477, .T. ) ;
#6111 = DIRECTION ( 'NONE',  ( -0.0000000000000000000, -0.0000000000000000000, 1.000000000000000000 ) ) ;
#6112 = VECTOR ( 'NONE', #6111, 1000.000000000000000 ) ;
#6113 = CARTESIAN_POINT ( 'NONE',  ( 3.698011700900714500, 20.69600708977461800, -5.869033853567545500 ) ) ;
#6114 = LINE ( 'NONE', #6113, #6112 ) ;
#6115 = CARTESIAN_POINT ( 'NONE',  ( 28.40000000000000200, -7.599999999999999600, 2.000000000000000000 ) ) ;
#6116 = DIRECTION ( 'NONE',  ( 0.0000000000000000000, 1.000000000000000000, 0.0000000000000000000 ) ) ;
#6117 = VECTOR ( 'NONE', #6116, 1000.000000000000000 ) ;
#6118 = CARTESIAN_POINT ( 'NONE',  ( 28.40000000000000200, -7.599999999999999600, 2.000000000000000000 ) ) ;
#6119 = LINE ( 'NONE', #6118, #6117 ) ;
#6120 = CARTESIAN_POINT ( 'NONE',  ( 32.00000000000002800, 1.499999999999997300, 2.000000000000001300 ) ) ;
#6121 = DIRECTION ( 'NONE',  ( 1.000000000000000000, 0.0000000000000000000, 0.0000000000000000000 ) ) ;
#6122 = VECTOR ( 'NONE', #6121, 1000.000000000000000 ) ;
#6123 = CARTESIAN_POINT ( 'NONE',  ( 32.00000000000002800, 1.499999999999997800, 2.000000000000000000 ) ) ;
#6124 = LINE ( 'NONE', #6123, #6122 ) ;
#6125 = CARTESIAN_POINT ( 'NONE',  ( -12.24999999999998600, -1.227221422589673200E-014, 41.66499984758747400 ) ) ;
#6126 = DIRECTION ( 'NONE',  ( 0.0000000000000000000, 0.0000000000000000000, -1.000000000000000000 ) ) ;
#6127 = VECTOR ( 'NONE', #6126, 1000.000000000000000 ) ;
#6128 = CARTESIAN_POINT ( 'NONE',  ( 28.40000000000000200, 7.599999999999999600, 2.000000000000000000 ) ) ;
#6129 = LINE ( 'NONE', #6128, #6127 ) ;
#6130 = CARTESIAN_POINT ( 'NONE',  ( 28.40000000000000200, 7.599999999999999600, 0.0000000000000000000 ) ) ;
#6131 = DIRECTION ( 'NONE',  ( 1.000000000000000000, 0.0000000000000000000, 0.0000000000000000000 ) ) ;
#6132 = VECTOR ( 'NONE', #6131, 1000.000000000000000 ) ;
#6133 = CARTESIAN_POINT ( 'NONE',  ( 28.40000000000000200, 7.599999999999999600, 0.0000000000000000000 ) ) ;
#6134 = LINE ( 'NONE', #6133, #6132 ) ;
#6135 = DIRECTION ( 'NONE',  ( 0.0000000000000000000, -0.0000000000000000000, 1.000000000000000000 ) ) ;
#6136 = DIRECTION ( 'NONE',  ( -0.0000000000000000000, 1.000000000000000000, 0.0000000000000000000 ) ) ;
#6137 = CARTESIAN_POINT ( 'NONE',  ( 28.40000000000000200, 7.599999999999999600, 2.000000000000000000 ) ) ;
#6138 = AXIS2_PLACEMENT_3D ( 'NONE', #6137, #6136, #6135 ) ;
#6139 = PLANE ( 'NONE',  #6138 ) ;
#6140 = FACE_OUTER_BOUND ( 'NONE', #2509, .T. ) ;
#6141 = DIRECTION ( 'NONE',  ( -1.000000000000000000, 0.0000000000000000000, 0.0000000000000000000 ) ) ;
#6142 = DIRECTION ( 'NONE',  ( -0.0000000000000000000, 0.0000000000000000000, -1.000000000000000000 ) ) ;
#6143 = CARTESIAN_POINT ( 'NONE',  ( 0.0000000000000000000, 0.0000000000000000000, 5.000000000000000000 ) ) ;
#6144 = AXIS2_PLACEMENT_3D ( 'NONE', #6143, #6142, #6141 ) ;
#6145 = PLANE ( 'NONE',  #6144 ) ;
#6146 = LINE ( 'NONE', #6209, #6208 ) ;
#6147 = CARTESIAN_POINT ( 'NONE',  ( 51.60000000000000100, 7.599999999999999600, 2.000000000000000000 ) ) ;
#6148 = DIRECTION ( 'NONE',  ( -1.141265444721583800E-016, -1.000000000000000000, 0.0000000000000000000 ) ) ;
#6149 = VECTOR ( 'NONE', #6148, 1000.000000000000000 ) ;
#6150 = CARTESIAN_POINT ( 'NONE',  ( 51.60000000000000100, 7.599999999999999600, 2.000000000000000000 ) ) ;
#6151 = LINE ( 'NONE', #6150, #6149 ) ;
#6152 = CARTESIAN_POINT ( 'NONE',  ( 51.60000000000000100, 1.499999999999999600, 2.000000000000000000 ) ) ;
#6153 = DIRECTION ( 'NONE',  ( -1.000000000000000000, 0.0000000000000000000, 0.0000000000000000000 ) ) ;
#6154 = VECTOR ( 'NONE', #6153, 1000.000000000000000 ) ;
#6155 = CARTESIAN_POINT ( 'NONE',  ( 47.99999999999997200, 1.499999999999997800, 2.000000000000000000 ) ) ;
#6156 = LINE ( 'NONE', #6155, #6154 ) ;
#6157 = CARTESIAN_POINT ( 'NONE',  ( 47.99999999999997200, 1.499999999999997300, 2.000000000000001300 ) ) ;
#6158 = DIRECTION ( 'NONE',  ( 0.0000000000000000000, -1.000000000000000000, 0.0000000000000000000 ) ) ;
#6159 = VECTOR ( 'NONE', #6158, 1000.000000000000000 ) ;
#6160 = CARTESIAN_POINT ( 'NONE',  ( 47.99999999999997200, 6.924428900898076800, 2.000000000000000000 ) ) ;
#6161 = LINE ( 'NONE', #6160, #6159 ) ;
#6162 = CARTESIAN_POINT ( 'NONE',  ( 47.99999999999997200, -2.500000000000003600, 2.000000000000000000 ) ) ;
#6163 = DIRECTION ( 'NONE',  ( 1.000000000000000000, 0.0000000000000000000, 0.0000000000000000000 ) ) ;
#6164 = VECTOR ( 'NONE', #6163, 1000.000000000000000 ) ;
#6165 = CARTESIAN_POINT ( 'NONE',  ( 47.99999999999997200, -2.500000000000003600, 2.000000000000000000 ) ) ;
#6166 = LINE ( 'NONE', #6165, #6164 ) ;
#6167 = CARTESIAN_POINT ( 'NONE',  ( 51.60000000000000100, -2.499999999999999600, 2.000000000000000000 ) ) ;
#6168 = DIRECTION ( 'NONE',  ( -1.141265444721583800E-016, -1.000000000000000000, 0.0000000000000000000 ) ) ;
#6169 = VECTOR ( 'NONE', #6168, 1000.000000000000000 ) ;
#6170 = CARTESIAN_POINT ( 'NONE',  ( 51.60000000000000100, 7.599999999999999600, 2.000000000000000000 ) ) ;
#6171 = LINE ( 'NONE', #6170, #6169 ) ;
#6172 = CARTESIAN_POINT ( 'NONE',  ( 51.60000000000000100, -7.599999999999999600, 2.000000000000000000 ) ) ;
#6173 = DIRECTION ( 'NONE',  ( -1.000000000000000000, 0.0000000000000000000, 0.0000000000000000000 ) ) ;
#6174 = VECTOR ( 'NONE', #6173, 1000.000000000000000 ) ;
#6175 = CARTESIAN_POINT ( 'NONE',  ( 51.60000000000000100, -7.599999999999999600, 2.000000000000000000 ) ) ;
#6176 = LINE ( 'NONE', #6175, #6174 ) ;
#6177 = CARTESIAN_POINT ( 'NONE',  ( 51.60000000000000100, 7.599999999999999600, 0.0000000000000000000 ) ) ;
#6178 = DIRECTION ( 'NONE',  ( -1.141265444721583800E-016, -1.000000000000000000, 0.0000000000000000000 ) ) ;
#6179 = VECTOR ( 'NONE', #6178, 1000.000000000000000 ) ;
#6180 = CARTESIAN_POINT ( 'NONE',  ( 51.60000000000000100, 7.599999999999999600, 0.0000000000000000000 ) ) ;
#6181 = LINE ( 'NONE', #6180, #6179 ) ;
#6182 = DIRECTION ( 'NONE',  ( 1.141265444721583800E-016, 1.000000000000000000, 0.0000000000000000000 ) ) ;
#6183 = DIRECTION ( 'NONE',  ( 1.000000000000000000, -1.141265444721583800E-016, 0.0000000000000000000 ) ) ;
#6184 = CARTESIAN_POINT ( 'NONE',  ( 51.60000000000000100, 7.599999999999999600, 2.000000000000000000 ) ) ;
#6185 = AXIS2_PLACEMENT_3D ( 'NONE', #6184, #6183, #6182 ) ;
#6186 = PLANE ( 'NONE',  #6185 ) ;
#6187 = FACE_OUTER_BOUND ( 'NONE', #2555, .T. ) ;
#6188 = DIRECTION ( 'NONE',  ( 0.0000000000000000000, 0.0000000000000000000, -1.000000000000000000 ) ) ;
#6189 = VECTOR ( 'NONE', #6188, 1000.000000000000000 ) ;
#6190 = CARTESIAN_POINT ( 'NONE',  ( 28.40000000000000200, -7.599999999999999600, 2.000000000000000000 ) ) ;
#6191 = LINE ( 'NONE', #6190, #6189 ) ;
#6192 = DIRECTION ( 'NONE',  ( 0.0000000000000000000, 0.0000000000000000000, -1.000000000000000000 ) ) ;
#6193 = VECTOR ( 'NONE', #6192, 1000.000000000000000 ) ;
#6194 = CARTESIAN_POINT ( 'NONE',  ( 51.60000000000000100, -7.599999999999999600, 2.000000000000000000 ) ) ;
#6195 = LINE ( 'NONE', #6194, #6193 ) ;
#6196 = CARTESIAN_POINT ( 'NONE',  ( 28.40000000000000200, -7.599999999999999600, 0.0000000000000000000 ) ) ;
#6197 = DIRECTION ( 'NONE',  ( -1.000000000000000000, 0.0000000000000000000, 0.0000000000000000000 ) ) ;
#6198 = VECTOR ( 'NONE', #6197, 1000.000000000000000 ) ;
#6199 = CARTESIAN_POINT ( 'NONE',  ( 51.60000000000000100, -7.599999999999999600, 0.0000000000000000000 ) ) ;
#6200 = LINE ( 'NONE', #6199, #6198 ) ;
#6201 = CARTESIAN_POINT ( 'NONE',  ( 28.40000000000000200, 1.499999999999995300, 2.000000000000000000 ) ) ;
#6202 = DIRECTION ( 'NONE',  ( 0.0000000000000000000, 1.000000000000000000, 0.0000000000000000000 ) ) ;
#6203 = VECTOR ( 'NONE', #6202, 1000.000000000000000 ) ;
#6204 = CARTESIAN_POINT ( 'NONE',  ( 28.40000000000000200, -7.599999999999999600, 2.000000000000000000 ) ) ;
#6205 = LINE ( 'NONE', #6204, #6203 ) ;
#6206 = CARTESIAN_POINT ( 'NONE',  ( 28.40000000000000200, 7.599999999999999600, 2.000000000000000000 ) ) ;
#6207 = DIRECTION ( 'NONE',  ( 1.000000000000000000, 0.0000000000000000000, 0.0000000000000000000 ) ) ;
#6208 = VECTOR ( 'NONE', #6207, 1000.000000000000000 ) ;
#6209 = CARTESIAN_POINT ( 'NONE',  ( 28.40000000000000200, 7.599999999999999600, 2.000000000000000000 ) ) ;
#6210 = FACE_OUTER_BOUND ( 'NONE', #2584, .T. ) ;
#6211 = CARTESIAN_POINT ( 'NONE',  ( 51.60000000000000100, -7.599999999999999600, 0.0000000000000000000 ) ) ;
#6212 = DIRECTION ( 'NONE',  ( 0.0000000000000000000, 0.0000000000000000000, -1.000000000000000000 ) ) ;
#6213 = DIRECTION ( 'NONE',  ( 0.0000000000000000000, -1.000000000000000000, -0.0000000000000000000 ) ) ;
#6214 = CARTESIAN_POINT ( 'NONE',  ( 51.60000000000000100, -7.599999999999999600, 2.000000000000000000 ) ) ;
#6215 = AXIS2_PLACEMENT_3D ( 'NONE', #6214, #6213, #6212 ) ;
#6216 = PLANE ( 'NONE',  #6215 ) ;
#6217 = FACE_OUTER_BOUND ( 'NONE', #2576, .T. ) ;
#6218 = DIRECTION ( 'NONE',  ( 0.0000000000000000000, -1.000000000000000000, 0.0000000000000000000 ) ) ;
#6219 = VECTOR ( 'NONE', #6218, 1000.000000000000000 ) ;
#6220 = CARTESIAN_POINT ( 'NONE',  ( 32.00000000000002800, 6.924428900898076800, 2.000000000000000000 ) ) ;
#6221 = LINE ( 'NONE', #6220, #6219 ) ;
#6222 = CARTESIAN_POINT ( 'NONE',  ( 28.40000000000000200, -2.500000000000003600, 2.000000000000000000 ) ) ;
#6223 = CARTESIAN_POINT ( 'NONE',  ( 32.00000000000002800, -2.500000000000003600, 2.000000000000000000 ) ) ;
#6224 = DIRECTION ( 'NONE',  ( -1.000000000000000000, 0.0000000000000000000, 0.0000000000000000000 ) ) ;
#6225 = VECTOR ( 'NONE', #6224, 1000.000000000000000 ) ;
#6226 = CARTESIAN_POINT ( 'NONE',  ( 32.00000000000002800, -2.500000000000003600, 2.000000000000000000 ) ) ;
#6227 = LINE ( 'NONE', #6226, #6225 ) ;
#6228 = DIRECTION ( 'NONE',  ( -1.000000000000000000, 0.0000000000000000000, -0.0000000000000000000 ) ) ;
#6229 = DIRECTION ( 'NONE',  ( 0.0000000000000000000, 0.0000000000000000000, -1.000000000000000000 ) ) ;
#6230 = CARTESIAN_POINT ( 'NONE',  ( 28.40000000000000200, -7.599999999999999600, 2.000000000000000000 ) ) ;
#6231 = AXIS2_PLACEMENT_3D ( 'NONE', #6230, #6229, #6228 ) ;
#6232 = PLANE ( 'NONE',  #6231 ) ;
#6233 = FACE_OUTER_BOUND ( 'NONE', #2568, .T. ) ;
#6234 = DIRECTION ( 'NONE',  ( -1.141265444721583800E-016, -1.000000000000000000, 0.0000000000000000000 ) ) ;
#6235 = VECTOR ( 'NONE', #6234, 1000.000000000000000 ) ;
#6236 = CARTESIAN_POINT ( 'NONE',  ( 51.60000000000000100, 7.599999999999999600, 2.000000000000000000 ) ) ;
#6237 = LINE ( 'NONE', #6236, #6235 ) ;
#6238 = DIRECTION ( 'NONE',  ( 0.0000000000000000000, 0.0000000000000000000, -1.000000000000000000 ) ) ;
#6239 = VECTOR ( 'NONE', #6238, 1000.000000000000000 ) ;
#6240 = CARTESIAN_POINT ( 'NONE',  ( 51.60000000000000100, 7.599999999999999600, 2.000000000000000000 ) ) ;
#6241 = LINE ( 'NONE', #6240, #6239 ) ;
#6242 = CARTESIAN_POINT ( 'NONE',  ( 0.0000000000000000000, 0.0000000000000000000, 5.000000000000000000 ) ) ;
#6243 = AXIS2_PLACEMENT_3D ( 'NONE', #6242, #6304, #6303 ) ;
#6244 = PLANE ( 'NONE',  #6243 ) ;
#6245 = FACE_OUTER_BOUND ( 'NONE', #2607, .T. ) ;
#6246 = DIRECTION ( 'NONE',  ( 0.07473009358642082600, 0.9972037971811803500, 0.0000000000000000000 ) ) ;
#6247 = DIRECTION ( 'NONE',  ( 0.9972037971811803500, -0.07473009358642082600, 0.0000000000000000000 ) ) ;
#6248 = CARTESIAN_POINT ( 'NONE',  ( 2.566535762496018300, 20.86654964721836300, -5.559827068991038100 ) ) ;
#6249 = AXIS2_PLACEMENT_3D ( 'NONE', #6248, #6247, #6246 ) ;
#6250 = PLANE ( 'NONE',  #6249 ) ;
#6251 = FACE_OUTER_BOUND ( 'NONE', #2393, .T. ) ;
#6252 = CARTESIAN_POINT ( 'NONE',  ( -18.48646248683330000, 10.01252738937102500, 5.000000000000000900 ) ) ;
#6253 = CARTESIAN_POINT ( 'NONE',  ( -17.92034622595085100, 9.111558521468603900, 5.000000000000000900 ) ) ;
#6254 = DIRECTION ( 'NONE',  ( 0.0000000000000000000, 1.000000000000000000, 0.0000000000000000000 ) ) ;
#6255 = VECTOR ( 'NONE', #6254, 1000.000000000000000 ) ;
#6256 = CARTESIAN_POINT ( 'NONE',  ( 28.40000000000000200, -7.599999999999999600, 0.0000000000000000000 ) ) ;
#6257 = LINE ( 'NONE', #6256, #6255 ) ;
#6258 = DIRECTION ( 'NONE',  ( 0.0000000000000000000, 0.0000000000000000000, 1.000000000000000000 ) ) ;
#6259 = DIRECTION ( 'NONE',  ( -1.000000000000000000, 0.0000000000000000000, 0.0000000000000000000 ) ) ;
#6260 = CARTESIAN_POINT ( 'NONE',  ( 28.40000000000000200, -7.599999999999999600, 2.000000000000000000 ) ) ;
#6261 = AXIS2_PLACEMENT_3D ( 'NONE', #6260, #6259, #6258 ) ;
#6262 = PLANE ( 'NONE',  #6261 ) ;
#6263 = FACE_OUTER_BOUND ( 'NONE', #2591, .T. ) ;
#6264 = DIRECTION ( 'NONE',  ( 0.0000000000000000000, 1.000000000000000000, 0.0000000000000000000 ) ) ;
#6265 = VECTOR ( 'NONE', #6264, 1000.000000000000000 ) ;
#6266 = CARTESIAN_POINT ( 'NONE',  ( 28.40000000000000200, -7.599999999999999600, 2.000000000000000000 ) ) ;
#6267 = DIRECTION ( 'NONE',  ( -1.000000000000000000, 0.0000000000000000000, -0.0000000000000000000 ) ) ;
#6268 = DIRECTION ( 'NONE',  ( 0.0000000000000000000, 0.0000000000000000000, -1.000000000000000000 ) ) ;
#6269 = CARTESIAN_POINT ( 'NONE',  ( 28.40000000000000200, -7.599999999999999600, 0.0000000000000000000 ) ) ;
#6270 = AXIS2_PLACEMENT_3D ( 'NONE', #6269, #6268, #6267 ) ;
#6271 = PLANE ( 'NONE',  #6270 ) ;
#6272 = LINE ( 'NONE', #6266, #6265 ) ;
#6273 = VECTOR ( 'NONE', #6339, 1000.000000000000100 ) ;
#6274 = CARTESIAN_POINT ( 'NONE',  ( 30.00000000000000400, 1.499999999999997800, 4.000000000000002700 ) ) ;
#6275 = LINE ( 'NONE', #6274, #6273 ) ;
#6276 = DIRECTION ( 'NONE',  ( -0.7071067811865514600, 0.0000000000000000000, 0.7071067811865434600 ) ) ;
#6277 = DIRECTION ( 'NONE',  ( 0.7071067811865435800, 0.0000000000000000000, 0.7071067811865515700 ) ) ;
#6278 = CARTESIAN_POINT ( 'NONE',  ( 30.00000000000000400, 6.924428900898076800, 4.000000000000001800 ) ) ;
#6279 = AXIS2_PLACEMENT_3D ( 'NONE', #6278, #6277, #6276 ) ;
#6280 = PLANE ( 'NONE',  #6279 ) ;
#6281 = FACE_OUTER_BOUND ( 'NONE', #2565, .T. ) ;
#6282 = CARTESIAN_POINT ( 'NONE',  ( 52.00000000000000000, 1.499999999999997800, 4.000000000000002700 ) ) ;
#6283 = DIRECTION ( 'NONE',  ( 1.000000000000000000, 0.0000000000000000000, 0.0000000000000000000 ) ) ;
#6284 = DIRECTION ( 'NONE',  ( -0.0000000000000000000, -0.0000000000000000000, 1.000000000000000000 ) ) ;
#6285 = CARTESIAN_POINT ( 'NONE',  ( -1.569331965314988000, 20.94127974080477000, -5.559827068991052300 ) ) ;
#6286 = AXIS2_PLACEMENT_3D ( 'NONE', #6285, #6284, #6283 ) ;
#6287 = CYLINDRICAL_SURFACE ( 'NONE', #6286, 1.000000000000000000 ) ;
#6288 = FACE_OUTER_BOUND ( 'NONE', #2370, .T. ) ;
#6289 = DIRECTION ( 'NONE',  ( -0.07473009358642804200, 0.9972037971811799100, 0.0000000000000000000 ) ) ;
#6290 = VECTOR ( 'NONE', #6289, 1000.000000000000000 ) ;
#6291 = CARTESIAN_POINT ( 'NONE',  ( -0.5721281681338081800, 21.01600983439120200, 5.000000000000000900 ) ) ;
#6292 = LINE ( 'NONE', #6291, #6290 ) ;
#6293 = DIRECTION ( 'NONE',  ( -1.000000000000000000, 0.0000000000000000000, 0.0000000000000000000 ) ) ;
#6294 = DIRECTION ( 'NONE',  ( 0.0000000000000000000, 0.0000000000000000000, 1.000000000000000000 ) ) ;
#6295 = CARTESIAN_POINT ( 'NONE',  ( -1.569331965314988000, 20.94127974080477000, 5.000000000000000900 ) ) ;
#6296 = AXIS2_PLACEMENT_3D ( 'NONE', #6295, #6294, #6293 ) ;
#6297 = CIRCLE ( 'NONE', #6296, 0.9999999999999997800 ) ;
#6298 = CARTESIAN_POINT ( 'NONE',  ( -2.566535762496167500, 20.86654964721834200, 5.000000000000000900 ) ) ;
#6299 = DIRECTION ( 'NONE',  ( 0.07473009358642804200, -0.9972037971811799100, 0.0000000000000000000 ) ) ;
#6300 = VECTOR ( 'NONE', #6299, 1000.000000000000000 ) ;
#6301 = CARTESIAN_POINT ( 'NONE',  ( -2.566535762496167500, 20.86654964721834200, 5.000000000000000900 ) ) ;
#6302 = LINE ( 'NONE', #6301, #6300 ) ;
#6303 = DIRECTION ( 'NONE',  ( -1.000000000000000000, 0.0000000000000000000, 0.0000000000000000000 ) ) ;
#6304 = DIRECTION ( 'NONE',  ( -0.0000000000000000000, 0.0000000000000000000, -1.000000000000000000 ) ) ;
#6305 = CARTESIAN_POINT ( 'NONE',  ( -19.51779239860085400, 10.50918969849527200, 34.13601042383937300 ) ) ;
#6306 = CARTESIAN_POINT ( 'NONE',  ( -19.30480872946551700, 10.40662216921921900, 38.30585360546408000 ) ) ;
#6307 = CARTESIAN_POINT ( 'NONE',  ( -19.00399916858777900, 10.26175991960586700, 46.64895751929454800 ) ) ;
#6308 = DIRECTION ( 'NONE',  ( 0.0000000000000000000, -1.000000000000000000, 0.0000000000000000000 ) ) ;
#6309 = VECTOR ( 'NONE', #6308, 1000.000000000000000 ) ;
#6310 = CARTESIAN_POINT ( 'NONE',  ( 52.50000000000000700, 6.924428900898076800, 2.000000000000000000 ) ) ;
#6311 = LINE ( 'NONE', #6310, #6309 ) ;
#6312 = CARTESIAN_POINT ( 'NONE',  ( 52.50000000000000700, 1.499999999999997800, 2.000000000000000000 ) ) ;
#6313 = DIRECTION ( 'NONE',  ( -1.000000000000000000, 0.0000000000000000000, 0.0000000000000000000 ) ) ;
#6314 = VECTOR ( 'NONE', #6313, 1000.000000000000000 ) ;
#6315 = CARTESIAN_POINT ( 'NONE',  ( 47.99999999999997200, 1.499999999999997800, 2.000000000000000000 ) ) ;
#6316 = LINE ( 'NONE', #6315, #6314 ) ;
#6317 = DIRECTION ( 'NONE',  ( -1.000000000000000000, 0.0000000000000000000, -0.0000000000000000000 ) ) ;
#6318 = DIRECTION ( 'NONE',  ( 0.0000000000000000000, 0.0000000000000000000, -1.000000000000000000 ) ) ;
#6319 = CARTESIAN_POINT ( 'NONE',  ( 47.99999999999997200, 6.924428900898076800, 2.000000000000000000 ) ) ;
#6320 = AXIS2_PLACEMENT_3D ( 'NONE', #6319, #6318, #6317 ) ;
#6321 = PLANE ( 'NONE',  #6320 ) ;
#6322 = FACE_OUTER_BOUND ( 'NONE', #2639, .T. ) ;
#6323 = DIRECTION ( 'NONE',  ( -1.000000000000000000, 0.0000000000000000000, 4.336808689942017700E-016 ) ) ;
#6324 = DIRECTION ( 'NONE',  ( 4.336808689942017700E-016, 0.0000000000000000000, 1.000000000000000000 ) ) ;
#6325 = CARTESIAN_POINT ( 'NONE',  ( 28.00000000000000400, 6.924428900898076800, 4.000000000000002700 ) ) ;
#6326 = AXIS2_PLACEMENT_3D ( 'NONE', #6325, #6324, #6323 ) ;
#6327 = PLANE ( 'NONE',  #6326 ) ;
#6328 = FACE_OUTER_BOUND ( 'NONE', #2636, .T. ) ;
#6329 = DIRECTION ( 'NONE',  ( 0.7071067811865514600, 0.0000000000000000000, -0.7071067811865434600 ) ) ;
#6330 = VECTOR ( 'NONE', #6329, 1000.000000000000100 ) ;
#6331 = CARTESIAN_POINT ( 'NONE',  ( 30.00000000000000400, -2.500000000000003600, 4.000000000000001800 ) ) ;
#6332 = LINE ( 'NONE', #6331, #6330 ) ;
#6333 = CARTESIAN_POINT ( 'NONE',  ( 30.00000000000000400, -2.500000000000003600, 4.000000000000001800 ) ) ;
#6334 = DIRECTION ( 'NONE',  ( 0.0000000000000000000, -1.000000000000000000, 0.0000000000000000000 ) ) ;
#6335 = VECTOR ( 'NONE', #6334, 1000.000000000000000 ) ;
#6336 = CARTESIAN_POINT ( 'NONE',  ( 30.00000000000000400, 6.924428900898076800, 4.000000000000001800 ) ) ;
#6337 = LINE ( 'NONE', #6336, #6335 ) ;
#6338 = CARTESIAN_POINT ( 'NONE',  ( 30.00000000000000400, 1.499999999999997800, 4.000000000000001800 ) ) ;
#6339 = DIRECTION ( 'NONE',  ( -0.7071067811865514600, 1.533293416683365300E-016, 0.7071067811865434600 ) ) ;
#6340 = CARTESIAN_POINT ( 'NONE',  ( -5.753950285011370600, 20.71574416036308400, 55.00000000000000000 ) ) ;
#6341 = CARTESIAN_POINT ( 'NONE',  ( -5.753950285011369700, 20.71574416036308000, 50.82224149722621600 ) ) ;
#6342 = CARTESIAN_POINT ( 'NONE',  ( -5.775693761237977100, 20.81100855416312700, 46.64819525586467100 ) ) ;
#6343 = CARTESIAN_POINT ( 'NONE',  ( -5.849988285410185900, 21.13651413267185200, 38.30536254662527500 ) ) ;
#6344 = CARTESIAN_POINT ( 'NONE',  ( -5.902576537526058200, 21.36691831950085100, 34.13658243061146200 ) ) ;
#6345 = CARTESIAN_POINT ( 'NONE',  ( -6.091062177159825500, 22.19272786405577900, 21.63548705574657300 ) ) ;
#6346 = CARTESIAN_POINT ( 'NONE',  ( -6.257242590604145800, 22.92081182741263500, 13.31660537112158900 ) ) ;
#6347 = CARTESIAN_POINT ( 'NONE',  ( -6.429447038622683400, 23.67528881072464100, 5.000000000000004400 ) ) ;
#6348 = AXIS2_PLACEMENT_3D ( 'NONE', #6399, #6398, #6397 ) ;
#6349 = CARTESIAN_POINT ( 'NONE',  ( -13.09328583903325700, -16.41846113182873500, 5.000000000000000900 ) ) ;
#6350 = CIRCLE ( 'NONE', #6348, 24.53277582120860200 ) ;
#6351 = B_SPLINE_CURVE_WITH_KNOTS ( 'NONE', 3,
 ( #6347, #6346, #6345, #6344, #6343, #6342, #6341, #6340 ),
 .UNSPECIFIED., .F., .F.,
 ( 4, 2, 2, 4 ),
 ( 0.0000000000000000000, 0.02505648205854301600, 0.03758472308781452000, 0.05011296411708603100 ),
 .UNSPECIFIED. ) ;
#6352 = CARTESIAN_POINT ( 'NONE',  ( -8.603035260338307600, -19.18300769716197600, 55.00000000000000000 ) ) ;
#6353 = DIRECTION ( 'NONE',  ( -0.3653410243663856600, -0.9308737486442080200, 0.0000000000000000000 ) ) ;
#6354 = DIRECTION ( 'NONE',  ( 0.0000000000000000000, 0.0000000000000000000, 1.000000000000000000 ) ) ;
#6355 = CARTESIAN_POINT ( 'NONE',  ( -7.672161511694100400, -19.54834872152836300, 55.00000000000000000 ) ) ;
#6356 = AXIS2_PLACEMENT_3D ( 'NONE', #6355, #6354, #6353 ) ;
#6357 = CIRCLE ( 'NONE', #6356, 0.9999999999999997800 ) ;
#6358 = CARTESIAN_POINT ( 'NONE',  ( -6.672161511694100400, -19.54834872152836300, 55.00000000000000000 ) ) ;
#6359 = DIRECTION ( 'NONE',  ( -0.0000000000000000000, -0.0000000000000000000, 1.000000000000000000 ) ) ;
#6360 = VECTOR ( 'NONE', #6359, 1000.000000000000000 ) ;
#6361 = CARTESIAN_POINT ( 'NONE',  ( -6.672161511694100400, -19.54834872152836300, -6.115842512056143900 ) ) ;
#6362 = LINE ( 'NONE', #6361, #6360 ) ;
#6363 = DIRECTION ( 'NONE',  ( 0.0000000000000000000, 0.0000000000000000000, -1.000000000000000000 ) ) ;
#6364 = DIRECTION ( 'NONE',  ( -1.000000000000000000, 0.0000000000000000000, 0.0000000000000000000 ) ) ;
#6365 = CARTESIAN_POINT ( 'NONE',  ( 27.50000000000000000, 6.924428900898076800, 2.000000000000000000 ) ) ;
#6366 = AXIS2_PLACEMENT_3D ( 'NONE', #6365, #6364, #6363 ) ;
#6367 = PLANE ( 'NONE',  #6366 ) ;
#6368 = FACE_OUTER_BOUND ( 'NONE', #2828, .T. ) ;
#6369 = DIRECTION ( 'NONE',  ( -1.000000000000000000, 0.0000000000000000000, 0.0000000000000000000 ) ) ;
#6370 = DIRECTION ( 'NONE',  ( 0.0000000000000000000, 0.0000000000000000000, 1.000000000000000000 ) ) ;
#6371 = CARTESIAN_POINT ( 'NONE',  ( 0.0000000000000000000, 0.0000000000000000000, 4.999999999999999100 ) ) ;
#6372 = AXIS2_PLACEMENT_3D ( 'NONE', #6371, #6370, #6369 ) ;
#6373 = CIRCLE ( 'NONE', #6372, 24.53277582120860200 ) ;
#6374 = CARTESIAN_POINT ( 'NONE',  ( -19.68976407827347000, -14.63455773283256200, 5.000000000000000900 ) ) ;
#6375 = DIRECTION ( 'NONE',  ( -1.000000000000000000, 0.0000000000000000000, 0.0000000000000000000 ) ) ;
#6376 = DIRECTION ( 'NONE',  ( -0.0000000000000000000, -0.0000000000000000000, -1.000000000000000000 ) ) ;
#6377 = CARTESIAN_POINT ( 'NONE',  ( 0.0000000000000000000, 0.0000000000000000000, 55.00000000000000000 ) ) ;
#6378 = AXIS2_PLACEMENT_3D ( 'NONE', #6377, #6376, #6375 ) ;
#6379 = CIRCLE ( 'NONE', #6378, 21.49999999999999300 ) ;
#6380 = CARTESIAN_POINT ( 'NONE',  ( -24.08956108032093400, -4.642212452178851500, 5.000000000000004400 ) ) ;
#6381 = CARTESIAN_POINT ( 'NONE',  ( -13.87511732150129300, -15.79497132997000700, 55.00000000000000000 ) ) ;
#6382 = DIRECTION ( 'NONE',  ( -0.6234898018587270400, -0.7818314824680350200, 0.0000000000000000000 ) ) ;
#6383 = DIRECTION ( 'NONE',  ( 0.0000000000000000000, 0.0000000000000000000, 1.000000000000000000 ) ) ;
#6384 = CARTESIAN_POINT ( 'NONE',  ( -13.09328583903325700, -16.41846113182873500, 55.00000000000000000 ) ) ;
#6385 = AXIS2_PLACEMENT_3D ( 'NONE', #6384, #6383, #6382 ) ;
#6386 = CIRCLE ( 'NONE', #6385, 0.9999999999999993300 ) ;
#6387 = CARTESIAN_POINT ( 'NONE',  ( -12.09328583903325900, -16.41846113182873500, 55.00000000000000000 ) ) ;
#6388 = DIRECTION ( 'NONE',  ( -0.0000000000000000000, -0.0000000000000000000, 1.000000000000000000 ) ) ;
#6389 = VECTOR ( 'NONE', #6388, 1000.000000000000000 ) ;
#6390 = CARTESIAN_POINT ( 'NONE',  ( -12.09328583903325900, -16.41846113182873500, -6.391606694777326700 ) ) ;
#6391 = LINE ( 'NONE', #6390, #6389 ) ;
#6392 = CARTESIAN_POINT ( 'NONE',  ( -13.87511732150129100, -15.79497132997000700, 5.000000000000000900 ) ) ;
#6393 = DIRECTION ( 'NONE',  ( -1.000000000000000000, 0.0000000000000000000, 0.0000000000000000000 ) ) ;
#6394 = DIRECTION ( 'NONE',  ( 0.0000000000000000000, 0.0000000000000000000, 1.000000000000000000 ) ) ;
#6395 = AXIS2_PLACEMENT_3D ( 'NONE', #6349, #6394, #6393 ) ;
#6396 = CIRCLE ( 'NONE', #6395, 0.9999999999999991100 ) ;
#6397 = DIRECTION ( 'NONE',  ( -1.000000000000000000, 0.0000000000000000000, 0.0000000000000000000 ) ) ;
#6398 = DIRECTION ( 'NONE',  ( 0.0000000000000000000, 0.0000000000000000000, 1.000000000000000000 ) ) ;
#6399 = CARTESIAN_POINT ( 'NONE',  ( 0.0000000000000000000, 0.0000000000000000000, 4.999999999999999100 ) ) ;
#6400 = CARTESIAN_POINT ( 'NONE',  ( -21.47673159491451100, -1.000000000000149900, 55.00000000000000000 ) ) ;
#6401 = CARTESIAN_POINT ( 'NONE',  ( -21.47673159491451900, -1.000000000000139900, 50.82224149722620900 ) ) ;
#6402 = CARTESIAN_POINT ( 'NONE',  ( -21.57444589010465900, -1.000000000000148300, 46.64819525586469200 ) ) ;
#6403 = CARTESIAN_POINT ( 'NONE',  ( -21.90832245107034400, -1.000000000000150300, 38.30536254662526100 ) ) ;
#6404 = CARTESIAN_POINT ( 'NONE',  ( -22.14465191086944900, -1.000000000000166800, 34.13658243061146200 ) ) ;
#6405 = CARTESIAN_POINT ( 'NONE',  ( -22.99169868657087100, -1.000000000000172500, 21.63548705574657700 ) ) ;
#6406 = CARTESIAN_POINT ( 'NONE',  ( -23.73850668566429400, -1.000000000000158800, 13.31660537112158600 ) ) ;
#6407 = CARTESIAN_POINT ( 'NONE',  ( -24.51238645039843800, -1.000000000000163900, 5.000000000000000000 ) ) ;
#6408 = B_SPLINE_CURVE_WITH_KNOTS ( 'NONE', 3,
 ( #6407, #6406, #6405, #6404, #6403, #6402, #6401, #6400 ),
 .UNSPECIFIED., .F., .F.,
 ( 4, 2, 2, 4 ),
 ( 0.0000000000000000000, 0.02505648205854300900, 0.03758472308781452000, 0.05011296411708603100 ),
 .UNSPECIFIED. ) ;
#6409 = CARTESIAN_POINT ( 'NONE',  ( -24.51238645039843800, -1.000000000000163900, 5.000000000000000000 ) ) ;
#6410 = CARTESIAN_POINT ( 'NONE',  ( -21.47673159491451100, -1.000000000000149900, 55.00000000000000000 ) ) ;
#6411 = DIRECTION ( 'NONE',  ( -1.000000000000000000, 0.0000000000000000000, 0.0000000000000000000 ) ) ;
#6412 = DIRECTION ( 'NONE',  ( -0.0000000000000000000, -0.0000000000000000000, -1.000000000000000000 ) ) ;
#6413 = AXIS2_PLACEMENT_3D ( 'NONE', #6423, #6412, #6411 ) ;
#6414 = CIRCLE ( 'NONE', #6413, 21.49999999999999300 ) ;
#6415 = CARTESIAN_POINT ( 'NONE',  ( -24.38764561267329300, -2.664550799728593800, 5.000000000000000900 ) ) ;
#6416 = CARTESIAN_POINT ( 'NONE',  ( -23.62241621816149700, -2.549211026657346700, 13.31653176580499200 ) ) ;
#6417 = CARTESIAN_POINT ( 'NONE',  ( -22.88389000183931500, -2.437896110099389400, 21.63629758780138000 ) ) ;
#6418 = CARTESIAN_POINT ( 'NONE',  ( -22.04639421993197200, -2.311663931714564900, 34.13601042383937300 ) ) ;
#6419 = CARTESIAN_POINT ( 'NONE',  ( -21.81264050764903200, -2.276431228524311600, 38.30585360546407300 ) ) ;
#6420 = CARTESIAN_POINT ( 'NONE',  ( -21.48249617390347400, -2.226669976789769300, 46.64895751929454800 ) ) ;
#6421 = CARTESIAN_POINT ( 'NONE',  ( -21.38589651379081100, -2.212109920738540400, 50.82283696912821100 ) ) ;
#6422 = CARTESIAN_POINT ( 'NONE',  ( -21.38589651379080800, -2.212109920738539500, 55.00000000000000000 ) ) ;
#6423 = CARTESIAN_POINT ( 'NONE',  ( 0.0000000000000000000, 0.0000000000000000000, 55.00000000000000000 ) ) ;
#6424 = B_SPLINE_CURVE_WITH_KNOTS ( 'NONE', 3,
 ( #6422, #6421, #6420, #6419, #6418, #6417, #6416, #6415 ),
 .UNSPECIFIED., .F., .F.,
 ( 4, 2, 2, 4 ),
 ( 0.0000000000000000000, 0.01252441626355261200, 0.02504883252710522400, 0.05009766505421044800 ),
 .UNSPECIFIED. ) ;
#6425 = CARTESIAN_POINT ( 'NONE',  ( -18.64902350825143900, -15.93960512943663800, 5.000000000000000900 ) ) ;
#6426 = AXIS2_PLACEMENT_3D ( 'NONE', #6437, #6481, #6480 ) ;
#6427 = CIRCLE ( 'NONE', #6426, 21.49999999999999300 ) ;
#6428 = CARTESIAN_POINT ( 'NONE',  ( -20.81640419440072500, -12.98208018420057500, 5.000000000000000900 ) ) ;
#6429 = CARTESIAN_POINT ( 'NONE',  ( -20.17700038515089000, -12.54614204845900000, 13.31653176580499600 ) ) ;
#6430 = CARTESIAN_POINT ( 'NONE',  ( -19.55990898833056900, -12.12541625793292300, 21.63629758780137300 ) ) ;
#6431 = CARTESIAN_POINT ( 'NONE',  ( -18.86012145138703000, -11.64830919373155600, 34.13601042383937300 ) ) ;
#6432 = CARTESIAN_POINT ( 'NONE',  ( -18.66480353086289100, -11.51514369030715600, 38.30585360546408000 ) ) ;
#6433 = CARTESIAN_POINT ( 'NONE',  ( -18.38894436220950400, -11.32706609369248000, 46.64895751929454800 ) ) ;
#6434 = CARTESIAN_POINT ( 'NONE',  ( -18.30822844735930100, -11.27203491474823800, 50.82283696912820400 ) ) ;
#6435 = CARTESIAN_POINT ( 'NONE',  ( -18.30822844735930100, -11.27203491474823200, 55.00000000000000000 ) ) ;
#6436 = B_SPLINE_CURVE_WITH_KNOTS ( 'NONE', 3,
 ( #6435, #6434, #6433, #6432, #6431, #6430, #6429, #6428 ),
 .UNSPECIFIED., .F., .F.,
 ( 4, 2, 2, 4 ),
 ( 0.0000000000000000000, 0.01252441626355261700, 0.02504883252710523500, 0.05009766505421045500 ),
 .UNSPECIFIED. ) ;
#6437 = CARTESIAN_POINT ( 'NONE',  ( 0.0000000000000000000, 0.0000000000000000000, 55.00000000000000000 ) ) ;
#6438 = CARTESIAN_POINT ( 'NONE',  ( -18.30822844735930100, -11.27203491474823200, 55.00000000000000000 ) ) ;
#6439 = CARTESIAN_POINT ( 'NONE',  ( -20.81640419440072500, -12.98208018420057500, 5.000000000000000900 ) ) ;
#6440 = DIRECTION ( 'NONE',  ( -1.000000000000000000, 0.0000000000000000000, 0.0000000000000000000 ) ) ;
#6441 = DIRECTION ( 'NONE',  ( 0.0000000000000000000, 0.0000000000000000000, 1.000000000000000000 ) ) ;
#6442 = AXIS2_PLACEMENT_3D ( 'NONE', #6452, #6441, #6440 ) ;
#6443 = CIRCLE ( 'NONE', #6442, 24.53277582120860200 ) ;
#6444 = CARTESIAN_POINT ( 'NONE',  ( -17.18158833123204200, -12.92451246338021200, 55.00000000000000000 ) ) ;
#6445 = CARTESIAN_POINT ( 'NONE',  ( -17.18158833123204900, -12.92451246338020900, 50.82224149722621600 ) ) ;
#6446 = CARTESIAN_POINT ( 'NONE',  ( -17.26232367072310900, -12.97955688582037000, 46.64819525586467100 ) ) ;
#6447 = CARTESIAN_POINT ( 'NONE',  ( -17.53818543122823200, -13.16763624952964100, 38.30536254662527500 ) ) ;
#6448 = CARTESIAN_POINT ( 'NONE',  ( -17.73344999442741400, -13.30076537454580800, 34.13658243061146200 ) ) ;
#6449 = CARTESIAN_POINT ( 'NONE',  ( -18.43331288417126100, -13.77792381341654200, 21.63548705574657300 ) ) ;
#6450 = CARTESIAN_POINT ( 'NONE',  ( -19.05035460999158700, -14.19861573882825700, 13.31660537112158800 ) ) ;
#6451 = CARTESIAN_POINT ( 'NONE',  ( -19.68976407827347000, -14.63455773283256200, 5.000000000000000900 ) ) ;
#6452 = CARTESIAN_POINT ( 'NONE',  ( 0.0000000000000000000, 0.0000000000000000000, 4.999999999999999100 ) ) ;
#6453 = B_SPLINE_CURVE_WITH_KNOTS ( 'NONE', 3,
 ( #6451, #6450, #6449, #6448, #6447, #6446, #6445, #6444 ),
 .UNSPECIFIED., .F., .F.,
 ( 4, 2, 2, 4 ),
 ( 0.0000000000000000000, 0.02505648205854301600, 0.03758472308781452000, 0.05011296411708603100 ),
 .UNSPECIFIED. ) ;
#6454 = CARTESIAN_POINT ( 'NONE',  ( -4.141206352795850700, -22.63776973196848300, 21.63548705574659100 ) ) ;
#6455 = CARTESIAN_POINT ( 'NONE',  ( -4.307386766240193200, -23.36585369532533500, 13.31660537112158600 ) ) ;
#6456 = CARTESIAN_POINT ( 'NONE',  ( -4.479591214258718400, -24.12033067863735200, 4.999999999999999100 ) ) ;
#6457 = CIRCLE ( 'NONE', #6503, 24.53277582120860200 ) ;
#6458 = CARTESIAN_POINT ( 'NONE',  ( -4.479591214258718400, -24.12033067863735200, 4.999999999999999100 ) ) ;
#6459 = B_SPLINE_CURVE_WITH_KNOTS ( 'NONE', 3,
 ( #6456, #6455, #6454, #6508, #6507, #6506, #6505, #6504 ),
 .UNSPECIFIED., .F., .F.,
 ( 4, 2, 2, 4 ),
 ( 0.0000000000000000000, 0.02505648205854301200, 0.03758472308781452700, 0.05011296411708604500 ),
 .UNSPECIFIED. ) ;
#6460 = CARTESIAN_POINT ( 'NONE',  ( 0.0000000000000000000, 0.0000000000000000000, 4.999999999999999100 ) ) ;
#6461 = CARTESIAN_POINT ( 'NONE',  ( -3.804094460647419400, -21.16078602827578000, 55.00000000000000000 ) ) ;
#6462 = DIRECTION ( 'NONE',  ( -1.000000000000000000, 0.0000000000000000000, 0.0000000000000000000 ) ) ;
#6463 = DIRECTION ( 'NONE',  ( -0.0000000000000000000, -0.0000000000000000000, -1.000000000000000000 ) ) ;
#6464 = CARTESIAN_POINT ( 'NONE',  ( 0.0000000000000000000, 0.0000000000000000000, 55.00000000000000000 ) ) ;
#6465 = AXIS2_PLACEMENT_3D ( 'NONE', #6464, #6463, #6462 ) ;
#6466 = CIRCLE ( 'NONE', #6465, 21.49999999999999300 ) ;
#6467 = CARTESIAN_POINT ( 'NONE',  ( -18.91598281219661700, -10.21937347632827900, 55.00000000000000000 ) ) ;
#6468 = CARTESIAN_POINT ( 'NONE',  ( -18.91598281219662400, -10.21937347632827200, 50.82224149722621600 ) ) ;
#6469 = CARTESIAN_POINT ( 'NONE',  ( -19.00402035011196500, -10.26177012009061900, 46.64819525586468500 ) ) ;
#6470 = CARTESIAN_POINT ( 'NONE',  ( -19.30483273726437000, -10.40663373076612100, 38.30536254662526800 ) ) ;
#6471 = CARTESIAN_POINT ( 'NONE',  ( -19.51775822311155300, -10.50917324044739400, 34.13658243061146200 ) ) ;
#6472 = CARTESIAN_POINT ( 'NONE',  ( -20.28092099767565400, -10.87669306269620500, 21.63548705574657700 ) ) ;
#6473 = CARTESIAN_POINT ( 'NONE',  ( -20.95377175515935500, -11.20072090974575300, 13.31660537112158900 ) ) ;
#6474 = CARTESIAN_POINT ( 'NONE',  ( -21.65101333068445700, -11.53649475569602200, 5.000000000000003600 ) ) ;
#6475 = CARTESIAN_POINT ( 'NONE',  ( -17.28867803270958300, -17.40570887309628000, 5.000000000000000900 ) ) ;
#6476 = CARTESIAN_POINT ( 'NONE',  ( -21.65101333068445700, -11.53649475569602200, 5.000000000000003600 ) ) ;
#6477 = B_SPLINE_CURVE_WITH_KNOTS ( 'NONE', 3,
 ( #6474, #6473, #6472, #6471, #6470, #6469, #6468, #6467 ),
 .UNSPECIFIED., .F., .F.,
 ( 4, 2, 2, 4 ),
 ( 0.0000000000000000000, 0.02505648205854300900, 0.03758472308781452000, 0.05011296411708603100 ),
 .UNSPECIFIED. ) ;
#6478 = CARTESIAN_POINT ( 'NONE',  ( -22.51878080891957300, -9.734557019891207500, 5.000000000000000900 ) ) ;
#6479 = CARTESIAN_POINT ( 'NONE',  ( -18.91598281219661700, -10.21937347632827900, 55.00000000000000000 ) ) ;
#6480 = DIRECTION ( 'NONE',  ( -1.000000000000000000, 0.0000000000000000000, 0.0000000000000000000 ) ) ;
#6481 = DIRECTION ( 'NONE',  ( -0.0000000000000000000, -0.0000000000000000000, -1.000000000000000000 ) ) ;
#6482 = CARTESIAN_POINT ( 'NONE',  ( -8.777204869572202000, -19.62678462401719400, 55.00000000000000000 ) ) ;
#6483 = B_SPLINE_CURVE_WITH_KNOTS ( 'NONE', 3,
 ( #6539, #6538, #6537, #6536, #6535, #6534, #6533, #6532 ),
 .UNSPECIFIED., .F., .F.,
 ( 4, 2, 2, 4 ),
 ( 0.0000000000000000000, 0.01252441626355261700, 0.02504883252710523500, 0.05009766505421045500 ),
 .UNSPECIFIED. ) ;
#6484 = CARTESIAN_POINT ( 'NONE',  ( -6.915457372283786900, -20.35746667274996500, 55.00000000000000000 ) ) ;
#6485 = DIRECTION ( 'NONE',  ( -1.000000000000000000, 0.0000000000000000000, 0.0000000000000000000 ) ) ;
#6486 = DIRECTION ( 'NONE',  ( -0.0000000000000000000, -0.0000000000000000000, -1.000000000000000000 ) ) ;
#6487 = CARTESIAN_POINT ( 'NONE',  ( 0.0000000000000000000, 0.0000000000000000000, 55.00000000000000000 ) ) ;
#6488 = AXIS2_PLACEMENT_3D ( 'NONE', #6487, #6486, #6485 ) ;
#6489 = CARTESIAN_POINT ( 'NONE',  ( -6.429447038622345000, -23.67528881072474100, 5.000000000000000900 ) ) ;
#6490 = CARTESIAN_POINT ( 'NONE',  ( -6.257244114682739800, -22.92081850483875300, 13.31653176580499600 ) ) ;
#6491 = CARTESIAN_POINT ( 'NONE',  ( -6.091050323946467900, -22.19267593173636400, 21.63629758780137300 ) ) ;
#6492 = CARTESIAN_POINT ( 'NONE',  ( -5.902584978174517400, -21.36695530039946100, 34.13601042383937300 ) ) ;
#6493 = CARTESIAN_POINT ( 'NONE',  ( -5.849982355973188500, -21.13648815411243500, 38.30585360546408000 ) ) ;
#6494 = CARTESIAN_POINT ( 'NONE',  ( -5.775688529833184100, -20.81098563388259800, 46.64895751929454800 ) ) ;
#6495 = CARTESIAN_POINT ( 'NONE',  ( -5.753950285011069500, -20.71574416036317200, 50.82283696912820400 ) ) ;
#6496 = CARTESIAN_POINT ( 'NONE',  ( -5.753950285011072200, -20.71574416036316900, 55.00000000000000000 ) ) ;
#6497 = CIRCLE ( 'NONE', #6488, 21.49999999999999300 ) ;
#6498 = CARTESIAN_POINT ( 'NONE',  ( -5.753950285011072200, -20.71574416036316900, 55.00000000000000000 ) ) ;
#6499 = B_SPLINE_CURVE_WITH_KNOTS ( 'NONE', 3,
 ( #6496, #6495, #6494, #6493, #6492, #6491, #6490, #6489 ),
 .UNSPECIFIED., .F., .F.,
 ( 4, 2, 2, 4 ),
 ( 0.0000000000000000000, 0.01252441626355261700, 0.02504883252710523500, 0.05009766505421045500 ),
 .UNSPECIFIED. ) ;
#6500 = CARTESIAN_POINT ( 'NONE',  ( -6.429447038622345000, -23.67528881072474100, 5.000000000000000900 ) ) ;
#6501 = DIRECTION ( 'NONE',  ( -1.000000000000000000, 0.0000000000000000000, 0.0000000000000000000 ) ) ;
#6502 = DIRECTION ( 'NONE',  ( 0.0000000000000000000, 0.0000000000000000000, 1.000000000000000000 ) ) ;
#6503 = AXIS2_PLACEMENT_3D ( 'NONE', #6460, #6502, #6501 ) ;
#6504 = CARTESIAN_POINT ( 'NONE',  ( -3.804094460647419400, -21.16078602827578000, 55.00000000000000000 ) ) ;
#6505 = CARTESIAN_POINT ( 'NONE',  ( -3.804094460647419900, -21.16078602827577600, 50.82224149722621600 ) ) ;
#6506 = CARTESIAN_POINT ( 'NONE',  ( -3.825837936874015600, -21.25605042207582000, 46.64819525586467800 ) ) ;
#6507 = CARTESIAN_POINT ( 'NONE',  ( -3.900132461046218200, -21.58155600058454500, 38.30536254662526800 ) ) ;
#6508 = CARTESIAN_POINT ( 'NONE',  ( -3.952720713162092700, -21.81196018741354300, 34.13658243061144800 ) ) ;
#6509 = VECTOR ( 'NONE', #6572, 1000.000000000000000 ) ;
#6510 = CARTESIAN_POINT ( 'NONE',  ( 28.00000000000000400, 6.924428900898076800, 4.000000000000002700 ) ) ;
#6511 = LINE ( 'NONE', #6510, #6509 ) ;
#6512 = CARTESIAN_POINT ( 'NONE',  ( 28.00000000000000400, -2.500000000000003600, 4.000000000000002700 ) ) ;
#6513 = DIRECTION ( 'NONE',  ( -0.7071067811865472400, -1.533293416683374900E-016, -0.7071067811865479100 ) ) ;
#6514 = VECTOR ( 'NONE', #6513, 999.9999999999998900 ) ;
#6515 = CARTESIAN_POINT ( 'NONE',  ( 27.50000000000000000, 1.499999999999997800, 3.500000000000000400 ) ) ;
#6516 = LINE ( 'NONE', #6515, #6514 ) ;
#6517 = CARTESIAN_POINT ( 'NONE',  ( -16.06505445351150000, -18.54106563548567300, 5.000000000000000900 ) ) ;
#6518 = CARTESIAN_POINT ( 'NONE',  ( -15.58255258270917000, -17.93602742665148100, 13.31653176580499400 ) ) ;
#6519 = CARTESIAN_POINT ( 'NONE',  ( -15.11688792898875500, -17.35210242023465100, 21.63629758780136900 ) ) ;
#6520 = CARTESIAN_POINT ( 'NONE',  ( -14.58881976477879400, -16.68992588673297900, 34.13601042383937300 ) ) ;
#6521 = CARTESIAN_POINT ( 'NONE',  ( -14.44143049263059500, -16.50510558526215700, 38.30585360546408000 ) ) ;
#6522 = CARTESIAN_POINT ( 'NONE',  ( -14.23326381763158300, -16.24407283119027000, 46.64895751929454800 ) ) ;
#6523 = CARTESIAN_POINT ( 'NONE',  ( -14.17235460915434500, -16.16769509956139200, 50.82283696912820400 ) ) ;
#6524 = CARTESIAN_POINT ( 'NONE',  ( -14.17235460915434900, -16.16769509956138500, 55.00000000000000000 ) ) ;
#6525 = CARTESIAN_POINT ( 'NONE',  ( -14.17235460915434900, -16.16769509956138500, 55.00000000000000000 ) ) ;
#6526 = B_SPLINE_CURVE_WITH_KNOTS ( 'NONE', 3,
 ( #6524, #6523, #6522, #6521, #6520, #6519, #6518, #6517 ),
 .UNSPECIFIED., .F., .F.,
 ( 4, 2, 2, 4 ),
 ( 0.0000000000000000000, 0.01252441626355261700, 0.02504883252710523500, 0.05009766505421045500 ),
 .UNSPECIFIED. ) ;
#6527 = CARTESIAN_POINT ( 'NONE',  ( 28.00000000000000400, 1.499999999999997800, 4.000000000000002700 ) ) ;
#6528 = DIRECTION ( 'NONE',  ( -1.000000000000000000, 0.0000000000000000000, 0.0000000000000000000 ) ) ;
#6529 = DIRECTION ( 'NONE',  ( -0.0000000000000000000, -0.0000000000000000000, -1.000000000000000000 ) ) ;
#6530 = CARTESIAN_POINT ( 'NONE',  ( 0.0000000000000000000, 0.0000000000000000000, 55.00000000000000000 ) ) ;
#6531 = AXIS2_PLACEMENT_3D ( 'NONE', #6530, #6529, #6528 ) ;
#6532 = CARTESIAN_POINT ( 'NONE',  ( -9.886254124097494200, -22.45259603893151000, 5.000000000000000900 ) ) ;
#6533 = CARTESIAN_POINT ( 'NONE',  ( -9.603526600388027700, -21.73221805702607100, 13.31653176580499400 ) ) ;
#6534 = CARTESIAN_POINT ( 'NONE',  ( -9.330665037786268100, -21.03697813405128900, 21.63629758780136900 ) ) ;
#6535 = CARTESIAN_POINT ( 'NONE',  ( -9.021237420088908700, -20.24856942216481300, 34.13601042383937300 ) ) ;
#6536 = CARTESIAN_POINT ( 'NONE',  ( -8.934872979954187500, -20.02851641750374900, 38.30585360546408000 ) ) ;
#6537 = CARTESIAN_POINT ( 'NONE',  ( -8.812895321207630400, -19.71772241169733100, 46.64895751929454800 ) ) ;
#6538 = CARTESIAN_POINT ( 'NONE',  ( -8.777204869572200300, -19.62678462401719400, 50.82283696912820400 ) ) ;
#6539 = CARTESIAN_POINT ( 'NONE',  ( -8.777204869572202000, -19.62678462401719400, 55.00000000000000000 ) ) ;
#6540 = CIRCLE ( 'NONE', #6531, 21.49999999999999300 ) ;
#6541 = DIRECTION ( 'NONE',  ( -0.0000000000000000000, -0.0000000000000000000, -1.000000000000000000 ) ) ;
#6542 = CARTESIAN_POINT ( 'NONE',  ( 0.0000000000000000000, 0.0000000000000000000, 55.00000000000000000 ) ) ;
#6543 = AXIS2_PLACEMENT_3D ( 'NONE', #6542, #6541, #6051 ) ;
#6544 = CIRCLE ( 'NONE', #6543, 21.49999999999999300 ) ;
#6545 = CARTESIAN_POINT ( 'NONE',  ( -20.28087300499601800, 10.87666995063943700, 21.63629758780136900 ) ) ;
#6546 = DIRECTION ( 'NONE',  ( 0.0000000000000000000, 0.0000000000000000000, 1.000000000000000000 ) ) ;
#6547 = DIRECTION ( 'NONE',  ( 0.0000000000000000000, 1.000000000000000000, 0.0000000000000000000 ) ) ;
#6548 = CARTESIAN_POINT ( 'NONE',  ( 27.50000000000000000, -2.500000000000003600, 2.000000000000000000 ) ) ;
#6549 = AXIS2_PLACEMENT_3D ( 'NONE', #6548, #6547, #6546 ) ;
#6550 = PLANE ( 'NONE',  #6549 ) ;
#6551 = FACE_OUTER_BOUND ( 'NONE', #2731, .T. ) ;
#6552 = DIRECTION ( 'NONE',  ( 0.7071067811865472400, 0.0000000000000000000, 0.7071067811865479100 ) ) ;
#6553 = VECTOR ( 'NONE', #6552, 999.9999999999998900 ) ;
#6554 = CARTESIAN_POINT ( 'NONE',  ( 27.50000000000000000, -2.500000000000003600, 3.500000000000000000 ) ) ;
#6555 = LINE ( 'NONE', #6554, #6553 ) ;
#6556 = DIRECTION ( 'NONE',  ( -1.000000000000000000, 0.0000000000000000000, 0.0000000000000000000 ) ) ;
#6557 = DIRECTION ( 'NONE',  ( 0.0000000000000000000, 0.0000000000000000000, 1.000000000000000000 ) ) ;
#6558 = CARTESIAN_POINT ( 'NONE',  ( 0.0000000000000000000, 0.0000000000000000000, 4.999999999999999100 ) ) ;
#6559 = AXIS2_PLACEMENT_3D ( 'NONE', #6558, #6557, #6556 ) ;
#6560 = CARTESIAN_POINT ( 'NONE',  ( -9.886254124097494200, -22.45259603893151000, 5.000000000000000900 ) ) ;
#6561 = CARTESIAN_POINT ( 'NONE',  ( -6.915457372283786900, -20.35746667274996500, 55.00000000000000000 ) ) ;
#6562 = CARTESIAN_POINT ( 'NONE',  ( -6.915457372283786900, -20.35746667274996800, 50.82224149722621600 ) ) ;
#6563 = CARTESIAN_POINT ( 'NONE',  ( -6.951156412983795700, -20.44842634500973900, 46.64819525586467100 ) ) ;
#6564 = CARTESIAN_POINT ( 'NONE',  ( -7.073135217778925300, -20.75922327090030400, 38.30536254662527500 ) ) ;
#6565 = CARTESIAN_POINT ( 'NONE',  ( -7.159476064709886100, -20.97921616105854900, 34.13658243061146200 ) ) ;
#6566 = CARTESIAN_POINT ( 'NONE',  ( -7.468937001430887800, -21.76770976843272400, 21.63548705574657300 ) ) ;
#6567 = CARTESIAN_POINT ( 'NONE',  ( -7.741776600824684000, -22.46289373006630500, 13.31660537112158800 ) ) ;
#6568 = CARTESIAN_POINT ( 'NONE',  ( -8.024506626809072800, -23.18327808766427400, 5.000000000000000900 ) ) ;
#6569 = CIRCLE ( 'NONE', #6559, 24.53277582120860200 ) ;
#6570 = CARTESIAN_POINT ( 'NONE',  ( -8.024506626809072800, -23.18327808766427400, 5.000000000000000900 ) ) ;
#6571 = B_SPLINE_CURVE_WITH_KNOTS ( 'NONE', 3,
 ( #6568, #6567, #6566, #6565, #6564, #6563, #6562, #6561 ),
 .UNSPECIFIED., .F., .F.,
 ( 4, 2, 2, 4 ),
 ( 0.0000000000000000000, 0.02505648205854301600, 0.03758472308781452000, 0.05011296411708603100 ),
 .UNSPECIFIED. ) ;
#6572 = DIRECTION ( 'NONE',  ( 0.0000000000000000000, -1.000000000000000000, 0.0000000000000000000 ) ) ;
#6573 = CARTESIAN_POINT ( 'NONE',  ( -50.00000000000000000, -25.00000000000001100, 0.0000000000000000000 ) ) ;
#6574 = CARTESIAN_POINT ( 'NONE',  ( 3.061515884555943100E-015, -25.00000000000000000, 0.0000000000000000000 ) ) ;
#6575 = AXIS2_PLACEMENT_3D ( 'NONE', #6607, #6606, #6605 ) ;
#6576 = CIRCLE ( 'NONE', #6575, 25.00000000000000000 ) ;
#6577 =( BOUNDED_SURFACE ( )  B_SPLINE_SURFACE ( 3, 3, ( 
 ( #6574, #6573, #6621, #6620 ),
 ( #6619, #6618, #6617, #6616 ),
 ( #6615, #6614, #6613, #6612 ),
 ( #6611, #6610, #6609, #6608 ) ),
 .UNSPECIFIED., .F., .F., .F. ) 
 B_SPLINE_SURFACE_WITH_KNOTS ( ( 4, 4 ),
 ( 4, 4 ),
 ( 0.0000000000000000000, 1.000000000000000000 ),
 ( 0.0000000000000000000, 1.000000000000000000 ),
 .UNSPECIFIED. ) 
 GEOMETRIC_REPRESENTATION_ITEM ( )  RATIONAL_B_SPLINE_SURFACE ( (
 ( 1.000000000000000000, 0.3333333333333333700, 0.3333333333333333700, 1.000000000000000000),
 ( 1.000000000000000000, 0.3333333333333333700, 0.3333333333333333700, 1.000000000000000000),
 ( 1.000000000000000000, 0.3333333333333333700, 0.3333333333333333700, 1.000000000000000000),
 ( 1.000000000000000000, 0.3333333333333333700, 0.3333333333333333700, 1.000000000000000000) ) ) 
 REPRESENTATION_ITEM ( '' )  SURFACE ( )  );
#6578 = FACE_OUTER_BOUND ( 'NONE', #2750, .T. ) ;
#6579 = CARTESIAN_POINT ( 'NONE',  ( -12.60869164421827700, -17.41467470327884100, 55.00000000000000000 ) ) ;
#6580 = DIRECTION ( 'NONE',  ( -1.000000000000000000, 0.0000000000000000000, 0.0000000000000000000 ) ) ;
#6581 = DIRECTION ( 'NONE',  ( -0.0000000000000000000, -0.0000000000000000000, -1.000000000000000000 ) ) ;
#6582 = CARTESIAN_POINT ( 'NONE',  ( 0.0000000000000000000, 0.0000000000000000000, 55.00000000000000000 ) ) ;
#6583 = AXIS2_PLACEMENT_3D ( 'NONE', #6582, #6581, #6580 ) ;
#6584 = CIRCLE ( 'NONE', #6583, 21.49999999999999300 ) ;
#6585 = CARTESIAN_POINT ( 'NONE',  ( -11.60439120124153300, -18.09939515145596500, 55.00000000000000000 ) ) ;
#6586 = CARTESIAN_POINT ( 'NONE',  ( -15.06338555866780900, -15.34093919911416700, 55.00000000000000000 ) ) ;
#6587 = CARTESIAN_POINT ( 'NONE',  ( 26.50000000000000400, 1.499999999999997300, 3.999999999999988000 ) ) ;
#6588 = AXIS2_PLACEMENT_3D ( 'NONE', #6587, #6654, #6653 ) ;
#6589 = PLANE ( 'NONE',  #6588 ) ;
#6590 = FACE_OUTER_BOUND ( 'NONE', #2771, .T. ) ;
#6591 = DIRECTION ( 'NONE',  ( -0.7071067811865472400, 0.0000000000000000000, -0.7071067811865479100 ) ) ;
#6592 = DIRECTION ( 'NONE',  ( -0.7071067811865479100, 0.0000000000000000000, 0.7071067811865472400 ) ) ;
#6593 = CARTESIAN_POINT ( 'NONE',  ( 27.50000000000000000, 6.924428900898076800, 3.500000000000000000 ) ) ;
#6594 = AXIS2_PLACEMENT_3D ( 'NONE', #6593, #6592, #6591 ) ;
#6595 = PLANE ( 'NONE',  #6594 ) ;
#6596 = FACE_OUTER_BOUND ( 'NONE', #2764, .T. ) ;
#6597 = CARTESIAN_POINT ( 'NONE',  ( 52.50000000000000700, 1.499999999999997800, 3.500000000000000900 ) ) ;
#6598 = CARTESIAN_POINT ( 'NONE',  ( 27.50000000000000000, 1.499999999999997800, 3.500000000000000900 ) ) ;
#6599 = DIRECTION ( 'NONE',  ( -0.0000000000000000000, -2.168404344971008900E-016, -1.000000000000000000 ) ) ;
#6600 = VECTOR ( 'NONE', #6599, 1000.000000000000000 ) ;
#6601 = CARTESIAN_POINT ( 'NONE',  ( 27.50000000000000000, 1.499999999999997800, 2.000000000000001300 ) ) ;
#6602 = LINE ( 'NONE', #6601, #6600 ) ;
#6603 = CARTESIAN_POINT ( 'NONE',  ( 0.0000000000000000000, 25.00000000000000000, 0.0000000000000000000 ) ) ;
#6604 = CARTESIAN_POINT ( 'NONE',  ( 3.061515884555943100E-015, -25.00000000000000000, 0.0000000000000000000 ) ) ;
#6605 = DIRECTION ( 'NONE',  ( -1.000000000000000000, 0.0000000000000000000, 0.0000000000000000000 ) ) ;
#6606 = DIRECTION ( 'NONE',  ( -0.0000000000000000000, -0.0000000000000000000, -1.000000000000000000 ) ) ;
#6607 = CARTESIAN_POINT ( 'NONE',  ( 0.0000000000000000000, 0.0000000000000000000, 0.0000000000000000000 ) ) ;
#6608 = CARTESIAN_POINT ( 'NONE',  ( -5.265807321436219800E-015, 21.49999999999999300, 55.00000000000000000 ) ) ;
#6609 = CARTESIAN_POINT ( 'NONE',  ( -42.99999999999998600, 21.49999999999998200, 55.00000000000000000 ) ) ;
#6610 = CARTESIAN_POINT ( 'NONE',  ( -42.99999999999997900, -21.50000000000000000, 55.00000000000000000 ) ) ;
#6611 = CARTESIAN_POINT ( 'NONE',  ( 2.632903660718109900E-015, -21.49999999999999300, 55.00000000000000000 ) ) ;
#6612 = CARTESIAN_POINT ( 'NONE',  ( -5.265807321436219800E-015, 21.49999999999999300, 37.36137445515917900 ) ) ;
#6613 = CARTESIAN_POINT ( 'NONE',  ( -42.99999999999998600, 21.49999999999998200, 37.36137445515917900 ) ) ;
#6614 = CARTESIAN_POINT ( 'NONE',  ( -42.99999999999997900, -21.50000000000000000, 37.36137445515917900 ) ) ;
#6615 = CARTESIAN_POINT ( 'NONE',  ( 2.632903660718109900E-015, -21.49999999999999300, 37.36137445515917900 ) ) ;
#6616 = CARTESIAN_POINT ( 'NONE',  ( -5.694419545274053500E-015, 23.24999999999999600, 18.68068722757959000 ) ) ;
#6617 = CARTESIAN_POINT ( 'NONE',  ( -46.49999999999999300, 23.24999999999998600, 18.68068722757959000 ) ) ;
#6618 = CARTESIAN_POINT ( 'NONE',  ( -46.49999999999998600, -23.25000000000000400, 18.68068722757959000 ) ) ;
#6619 = CARTESIAN_POINT ( 'NONE',  ( 2.847209772637026700E-015, -23.24999999999999600, 18.68068722757959000 ) ) ;
#6620 = CARTESIAN_POINT ( 'NONE',  ( -6.123031769111886300E-015, 25.00000000000000000, 0.0000000000000000000 ) ) ;
#6621 = CARTESIAN_POINT ( 'NONE',  ( -50.00000000000000700, 24.99999999999998900, 0.0000000000000000000 ) ) ;
#6622 = DIRECTION ( 'NONE',  ( 1.000000000000000000, 9.403954806578300100E-032, 4.336808689942017700E-016 ) ) ;
#6623 = VECTOR ( 'NONE', #6622, 1000.000000000000000 ) ;
#6624 = CARTESIAN_POINT ( 'NONE',  ( 52.00000000000000000, 1.499999999999997800, 4.000000000000002700 ) ) ;
#6625 = LINE ( 'NONE', #6624, #6623 ) ;
#6626 = DIRECTION ( 'NONE',  ( 1.000000000000000000, 0.0000000000000000000, 4.336808689942017700E-016 ) ) ;
#6627 = DIRECTION ( 'NONE',  ( -4.336808689942017700E-016, 0.0000000000000000000, 1.000000000000000000 ) ) ;
#6628 = CARTESIAN_POINT ( 'NONE',  ( 52.00000000000000000, 6.924428900898076800, 4.000000000000002700 ) ) ;
#6629 = AXIS2_PLACEMENT_3D ( 'NONE', #6628, #6627, #6626 ) ;
#6630 = PLANE ( 'NONE',  #6629 ) ;
#6631 = FACE_OUTER_BOUND ( 'NONE', #2790, .T. ) ;
#6632 = DIRECTION ( 'NONE',  ( 0.0000000000000000000, -1.000000000000000000, 0.0000000000000000000 ) ) ;
#6633 = VECTOR ( 'NONE', #6632, 1000.000000000000000 ) ;
#6634 = CARTESIAN_POINT ( 'NONE',  ( 50.00000000000000000, 6.924428900898076800, 4.000000000000001800 ) ) ;
#6635 = LINE ( 'NONE', #6634, #6633 ) ;
#6636 = CARTESIAN_POINT ( 'NONE',  ( 50.00000000000000000, -2.500000000000003600, 4.000000000000001800 ) ) ;
#6637 = DIRECTION ( 'NONE',  ( -0.7071067811865514600, 0.0000000000000000000, -0.7071067811865434600 ) ) ;
#6638 = VECTOR ( 'NONE', #6637, 1000.000000000000100 ) ;
#6639 = CARTESIAN_POINT ( 'NONE',  ( 50.00000000000000000, -2.500000000000003600, 4.000000000000001800 ) ) ;
#6640 = LINE ( 'NONE', #6639, #6638 ) ;
#6641 = DIRECTION ( 'NONE',  ( 0.0000000000000000000, -2.168404344971008900E-016, -1.000000000000000000 ) ) ;
#6642 = DIRECTION ( 'NONE',  ( 0.0000000000000000000, -1.000000000000000000, 2.168404344971008900E-016 ) ) ;
#6643 = CARTESIAN_POINT ( 'NONE',  ( 53.50000000000000000, 1.499999999999997300, 3.999999999999988000 ) ) ;
#6644 = AXIS2_PLACEMENT_3D ( 'NONE', #6643, #6642, #6641 ) ;
#6645 = PLANE ( 'NONE',  #6644 ) ;
#6646 = FACE_OUTER_BOUND ( 'NONE', #2781, .T. ) ;
#6647 = DIRECTION ( 'NONE',  ( 0.0000000000000000000, -0.0000000000000000000, 1.000000000000000000 ) ) ;
#6648 = DIRECTION ( 'NONE',  ( 0.0000000000000000000, 1.000000000000000000, 0.0000000000000000000 ) ) ;
#6649 = CARTESIAN_POINT ( 'NONE',  ( 52.50000000000000700, -2.500000000000003600, 2.000000000000000000 ) ) ;
#6650 = AXIS2_PLACEMENT_3D ( 'NONE', #6649, #6648, #6647 ) ;
#6651 = PLANE ( 'NONE',  #6650 ) ;
#6652 = FACE_OUTER_BOUND ( 'NONE', #2434, .T. ) ;
#6653 = DIRECTION ( 'NONE',  ( -0.0000000000000000000, -2.168404344971008900E-016, -1.000000000000000000 ) ) ;
#6654 = DIRECTION ( 'NONE',  ( 0.0000000000000000000, -1.000000000000000000, 2.168404344971008900E-016 ) ) ;
#6655 = CARTESIAN_POINT ( 'NONE',  ( -12.73528217119065400, -20.05815576922874000, 13.31653176580499800 ) ) ;
#6656 = CARTESIAN_POINT ( 'NONE',  ( -12.36184811314176300, -19.41134900741142400, 21.63629758780137300 ) ) ;
#6657 = CARTESIAN_POINT ( 'NONE',  ( -11.93837032518461100, -18.67786396279273800, 34.13601042383937300 ) ) ;
#6658 = CARTESIAN_POINT ( 'NONE',  ( -11.82017330599615900, -18.47314072025513100, 38.30585360546408000 ) ) ;
#6659 = CARTESIAN_POINT ( 'NONE',  ( -11.65323659397743200, -18.18399785339020600, 46.64895751929454800 ) ) ;
#6660 = CARTESIAN_POINT ( 'NONE',  ( -11.60439120124152800, -18.09939515145597300, 50.82283696912820400 ) ) ;
#6661 = CARTESIAN_POINT ( 'NONE',  ( -11.60439120124153300, -18.09939515145596500, 55.00000000000000000 ) ) ;
#6662 = DIRECTION ( 'NONE',  ( -1.000000000000000000, 9.403954806578300100E-032, 4.336808689942017700E-016 ) ) ;
#6663 = CARTESIAN_POINT ( 'NONE',  ( 28.00000000000000400, 1.499999999999997800, 4.000000000000002700 ) ) ;
#6664 = LINE ( 'NONE', #6663, #6709 ) ;
#6665 = B_SPLINE_CURVE_WITH_KNOTS ( 'NONE', 3,
 ( #6661, #6660, #6659, #6658, #6657, #6656, #6655, #6710 ),
 .UNSPECIFIED., .F., .F.,
 ( 4, 2, 2, 4 ),
 ( 0.0000000000000000000, 0.01252441626355261700, 0.02504883252710523500, 0.05009766505421045500 ),
 .UNSPECIFIED. ) ;
#6666 = CARTESIAN_POINT ( 'NONE',  ( -13.12221862898347200, -20.72834937342663900, 5.000000000000000900 ) ) ;
#6667 = DIRECTION ( 'NONE',  ( -1.000000000000000000, 0.0000000000000000000, 0.0000000000000000000 ) ) ;
#6668 = DIRECTION ( 'NONE',  ( 0.0000000000000000000, 0.0000000000000000000, 1.000000000000000000 ) ) ;
#6669 = CARTESIAN_POINT ( 'NONE',  ( 0.0000000000000000000, 0.0000000000000000000, 4.999999999999999100 ) ) ;
#6670 = AXIS2_PLACEMENT_3D ( 'NONE', #6669, #6668, #6667 ) ;
#6671 = CARTESIAN_POINT ( 'NONE',  ( -9.872340393672645900, -19.09939515145595100, 55.00000000000000000 ) ) ;
#6672 = CARTESIAN_POINT ( 'NONE',  ( -9.872340393672644200, -19.09939515145595500, 50.82224149722621600 ) ) ;
#6673 = CARTESIAN_POINT ( 'NONE',  ( -9.921197541267716200, -19.18401821340350800, 46.64819525586468500 ) ) ;
#6674 = CARTESIAN_POINT ( 'NONE',  ( -10.08813582175055500, -19.47316379692797400, 38.30536254662526800 ) ) ;
#6675 = CARTESIAN_POINT ( 'NONE',  ( -10.20630055165011300, -19.67783111277665100, 34.13658243061146200 ) ) ;
#6676 = CARTESIAN_POINT ( 'NONE',  ( -10.62982393950081300, -20.41139513872779400, 21.63548705574657700 ) ) ;
#6677 = CARTESIAN_POINT ( 'NONE',  ( -11.00322793904752700, -21.05814983769213500, 13.31660537112158900 ) ) ;
#6678 = CARTESIAN_POINT ( 'NONE',  ( -11.39016782141459000, -21.72834937342662400, 5.000000000000004400 ) ) ;
#6679 = CIRCLE ( 'NONE', #6670, 24.53277582120860200 ) ;
#6680 = CARTESIAN_POINT ( 'NONE',  ( -11.39016782141459000, -21.72834937342662400, 5.000000000000004400 ) ) ;
#6681 = B_SPLINE_CURVE_WITH_KNOTS ( 'NONE', 3,
 ( #6678, #6677, #6676, #6675, #6674, #6673, #6672, #6671 ),
 .UNSPECIFIED., .F., .F.,
 ( 4, 2, 2, 4 ),
 ( 0.0000000000000000000, 0.02505648205854300900, 0.03758472308781452000, 0.05011296411708603100 ),
 .UNSPECIFIED. ) ;
#6682 = CARTESIAN_POINT ( 'NONE',  ( -9.872340393672645900, -19.09939515145595100, 55.00000000000000000 ) ) ;
#6683 = CARTESIAN_POINT ( 'NONE',  ( -2.587004867305990900, -24.63436179165523400, 2.462649250024155900 ) ) ;
#6684 = CARTESIAN_POINT ( 'NONE',  ( -2.702016062528393500, -24.60181747346915100, 2.674940298865754200 ) ) ;
#6685 = CARTESIAN_POINT ( 'NONE',  ( -2.877181724438027100, -24.54029431242446400, 3.117673904788463200 ) ) ;
#6686 = CARTESIAN_POINT ( 'NONE',  ( -2.937868226603488800, -24.51139462925678100, 3.346978604292970800 ) ) ;
#6687 = CARTESIAN_POINT ( 'NONE',  ( -3.004298717092242800, -24.45868387632279100, 3.821966636229655800 ) ) ;
#6688 = CARTESIAN_POINT ( 'NONE',  ( -3.008809787899788800, -24.43554312969377300, 4.062190588978935100 ) ) ;
#6689 = CARTESIAN_POINT ( 'NONE',  ( -2.961247930209468700, -24.39684432211522800, 4.536483648352168900 ) ) ;
#6690 = CARTESIAN_POINT ( 'NONE',  ( -2.908046941455735300, -24.38102048695657900, 4.774801150751397200 ) ) ;
#6691 = DIRECTION ( 'NONE',  ( -1.000000000000000000, 0.0000000000000000000, 0.0000000000000000000 ) ) ;
#6692 = DIRECTION ( 'NONE',  ( 0.0000000000000000000, 0.0000000000000000000, 1.000000000000000000 ) ) ;
#6693 = AXIS2_PLACEMENT_3D ( 'NONE', #6698, #6692, #6691 ) ;
#6694 = CIRCLE ( 'NONE', #6693, 24.53277582120860200 ) ;
#6695 = CARTESIAN_POINT ( 'NONE',  ( -2.828427124746190300, -24.36918319299350700, 5.000000000000000000 ) ) ;
#6696 = CARTESIAN_POINT ( 'NONE',  ( -2.828427124746190300, -24.36918319299350700, 5.000000000000000000 ) ) ;
#6697 = B_SPLINE_CURVE_WITH_KNOTS ( 'NONE', 3,
 ( #6695, #6690, #6689, #6688, #6687, #6686, #6685, #6684, #6683, #6739, #6738, #6737, #6736, #6735, #6734, #6733, #6732, #6731 ),
 .UNSPECIFIED., .F., .F.,
 ( 4, 2, 2, 2, 2, 2, 2, 2, 4 ),
 ( 0.003676620501179867800, 0.004393158696861057000, 0.005109696892542246200, 0.005826235088223435400, 0.006542773283904623800, 0.007259311479585813000, 0.007975849675267002200, 0.008692387870948191400, 0.009408926066629380600 ),
 .UNSPECIFIED. ) ;
#6698 = CARTESIAN_POINT ( 'NONE',  ( 0.0000000000000000000, 0.0000000000000000000, 4.999999999999999100 ) ) ;
#6699 = CARTESIAN_POINT ( 'NONE',  ( -1.766077973712777000E-011, -24.90632975096271200, 0.9999999999999995600 ) ) ;
#6700 = CARTESIAN_POINT ( 'NONE',  ( 3.053867794022345000E-015, -24.93754653885531200, 0.6666706136706979100 ) ) ;
#6701 = CARTESIAN_POINT ( 'NONE',  ( 3.057691839289144300E-015, -24.96877326942765800, 0.3333353068353489500 ) ) ;
#6702 = CARTESIAN_POINT ( 'NONE',  ( 3.061515884555943100E-015, -25.00000000000000000, 0.0000000000000000000 ) ) ;
#6703 = CARTESIAN_POINT ( 'NONE',  ( -1.766077973712777000E-011, -24.90632975096271200, 0.9999999999999995600 ) ) ;
#6704 = B_SPLINE_CURVE_WITH_KNOTS ( 'NONE', 3,
 ( #6702, #6701, #6700, #6699 ),
 .UNSPECIFIED., .F., .F.,
 ( 4, 4 ),
 ( 0.0000000000000000000, 0.01784384604133958100 ),
 .UNSPECIFIED. ) ;
#6705 = DIRECTION ( 'NONE',  ( 1.000000000000000000, 0.0000000000000000000, -4.336808689942017700E-016 ) ) ;
#6706 = VECTOR ( 'NONE', #6705, 1000.000000000000000 ) ;
#6707 = CARTESIAN_POINT ( 'NONE',  ( 28.00000000000000400, -2.500000000000003600, 4.000000000000002700 ) ) ;
#6708 = LINE ( 'NONE', #6707, #6706 ) ;
#6709 = VECTOR ( 'NONE', #6662, 1000.000000000000000 ) ;
#6710 = CARTESIAN_POINT ( 'NONE',  ( -13.12221862898347200, -20.72834937342663900, 5.000000000000000900 ) ) ;
#6711 = CARTESIAN_POINT ( 'NONE',  ( -12.87778414160691300, -17.75210602216679900, 38.30536254662526100 ) ) ;
#6712 = CARTESIAN_POINT ( 'NONE',  ( -13.02513314967043800, -17.93687583407239600, 34.13658243061144800 ) ) ;
#6713 = CARTESIAN_POINT ( 'NONE',  ( -13.55325817601758900, -18.59912367043881100, 21.63548705574656200 ) ) ;
#6714 = CARTESIAN_POINT ( 'NONE',  ( -14.01888534739889800, -19.18300167548901700, 13.31660537112157900 ) ) ;
#6715 = CARTESIAN_POINT ( 'NONE',  ( -14.50139148857546300, -19.78804523920311800, 4.999999999999999100 ) ) ;
#6716 = CIRCLE ( 'NONE', #6769, 24.53277582120860200 ) ;
#6717 = CARTESIAN_POINT ( 'NONE',  ( -14.50139148857546300, -19.78804523920311800, 4.999999999999999100 ) ) ;
#6718 = B_SPLINE_CURVE_WITH_KNOTS ( 'NONE', 3,
 ( #6715, #6714, #6713, #6712, #6711, #6772, #6771, #6770 ),
 .UNSPECIFIED., .F., .F.,
 ( 4, 2, 2, 4 ),
 ( 0.0000000000000000000, 0.02505648205854302600, 0.03758472308781452700, 0.05011296411708603100 ),
 .UNSPECIFIED. ) ;
#6719 = CARTESIAN_POINT ( 'NONE',  ( 0.0000000000000000000, 0.0000000000000000000, 4.999999999999999100 ) ) ;
#6720 = CARTESIAN_POINT ( 'NONE',  ( -2.829016730645805400, -24.36911475272344400, 5.000000000000000900 ) ) ;
#6721 = CARTESIAN_POINT ( 'NONE',  ( -2.771185135240102200, -23.59740574276576900, 13.31653176580499400 ) ) ;
#6722 = CARTESIAN_POINT ( 'NONE',  ( -2.715371611027400000, -22.85262602139950500, 21.63629758780138700 ) ) ;
#6723 = CARTESIAN_POINT ( 'NONE',  ( -2.652078541575787300, -22.00803870505395900, 34.13601042383937300 ) ) ;
#6724 = CARTESIAN_POINT ( 'NONE',  ( -2.634412792964615100, -21.77230567235350700, 38.30585360546407300 ) ) ;
#6725 = CARTESIAN_POINT ( 'NONE',  ( -2.609462400740280200, -21.43936582612548500, 46.64895751929454800 ) ) ;
#6726 = CARTESIAN_POINT ( 'NONE',  ( -2.602161959199438300, -21.34194820390339200, 50.82283696912821100 ) ) ;
#6727 = CARTESIAN_POINT ( 'NONE',  ( -2.602161959199439600, -21.34194820390338500, 55.00000000000000000 ) ) ;
#6728 = CARTESIAN_POINT ( 'NONE',  ( -2.602161959199439600, -21.34194820390338500, 55.00000000000000000 ) ) ;
#6729 = B_SPLINE_CURVE_WITH_KNOTS ( 'NONE', 3,
 ( #6727, #6726, #6725, #6724, #6723, #6722, #6721, #6720 ),
 .UNSPECIFIED., .F., .F.,
 ( 4, 2, 2, 4 ),
 ( 0.0000000000000000000, 0.01252441626355261000, 0.02504883252710522100, 0.05009766505421044100 ),
 .UNSPECIFIED. ) ;
#6730 = CARTESIAN_POINT ( 'NONE',  ( -2.829016730645805400, -24.36911475272344400, 5.000000000000000900 ) ) ;
#6731 = CARTESIAN_POINT ( 'NONE',  ( -1.766077973712777000E-011, -24.90632975096271200, 0.9999999999999995600 ) ) ;
#6732 = CARTESIAN_POINT ( 'NONE',  ( -0.2392958158197541800, -24.90632975096241700, 1.000000000001409100 ) ) ;
#6733 = CARTESIAN_POINT ( 'NONE',  ( -0.4821761501080357700, -24.89998819840910500, 1.029405378931937100 ) ) ;
#6734 = CARTESIAN_POINT ( 'NONE',  ( -0.9456520955277745200, -24.87605486064369500, 1.142961610920244300 ) ) ;
#6735 = CARTESIAN_POINT ( 'NONE',  ( -1.171457844673160500, -24.85833107678594400, 1.227768060034903000 ) ) ;
#6736 = CARTESIAN_POINT ( 'NONE',  ( -1.597236536079111900, -24.81383080042628500, 1.449231712086937400 ) ) ;
#6737 = CARTESIAN_POINT ( 'NONE',  ( -1.793193326687312100, -24.78761165512583600, 1.583139619709244200 ) ) ;
#6738 = CARTESIAN_POINT ( 'NONE',  ( -2.152168299117490400, -24.72959285311696200, 1.896448713016766900 ) ) ;
#6739 = CARTESIAN_POINT ( 'NONE',  ( -2.313862374905939500, -24.69784748900327600, 2.075920370174138900 ) ) ;
#6740 = DIRECTION ( 'NONE',  ( -1.000000000000000000, 0.0000000000000000000, 0.0000000000000000000 ) ) ;
#6741 = DIRECTION ( 'NONE',  ( -0.0000000000000000000, -0.0000000000000000000, -1.000000000000000000 ) ) ;
#6742 = AXIS2_PLACEMENT_3D ( 'NONE', #6754, #6741, #6740 ) ;
#6743 = CARTESIAN_POINT ( 'NONE',  ( -11.39016782141488800, 21.72834937342646800, 5.000000000000000900 ) ) ;
#6744 = CARTESIAN_POINT ( 'NONE',  ( -11.00323136362206500, 21.05815576922856300, 13.31653176580499400 ) ) ;
#6745 = CARTESIAN_POINT ( 'NONE',  ( -10.62979730557316500, 20.41134900741126000, 21.63629758780136900 ) ) ;
#6746 = CARTESIAN_POINT ( 'NONE',  ( -10.20631951761600400, 19.67786396279257800, 34.13601042383937300 ) ) ;
#6747 = CARTESIAN_POINT ( 'NONE',  ( -10.08812249842752900, 19.47314072025498900, 38.30585360546408000 ) ) ;
#6748 = CARTESIAN_POINT ( 'NONE',  ( -9.921185786408798900, 19.18399785339006100, 46.64895751929454800 ) ) ;
#6749 = CARTESIAN_POINT ( 'NONE',  ( -9.872340393672914200, 19.09939515145581300, 50.82283696912820400 ) ) ;
#6750 = CARTESIAN_POINT ( 'NONE',  ( -9.872340393672910600, 19.09939515145581300, 55.00000000000000000 ) ) ;
#6751 = CIRCLE ( 'NONE', #6742, 21.49999999999999300 ) ;
#6752 = CARTESIAN_POINT ( 'NONE',  ( -9.872340393672910600, 19.09939515145581300, 55.00000000000000000 ) ) ;
#6753 = B_SPLINE_CURVE_WITH_KNOTS ( 'NONE', 3,
 ( #6750, #6749, #6748, #6747, #6746, #6745, #6744, #6743 ),
 .UNSPECIFIED., .F., .F.,
 ( 4, 2, 2, 4 ),
 ( 0.0000000000000000000, 0.01252441626355261700, 0.02504883252710523500, 0.05009766505421045500 ),
 .UNSPECIFIED. ) ;
#6754 = CARTESIAN_POINT ( 'NONE',  ( 0.0000000000000000000, 0.0000000000000000000, 55.00000000000000000 ) ) ;
#6755 = DIRECTION ( 'NONE',  ( -0.0000000000000000000, 0.0000000000000000000, -1.000000000000000000 ) ) ;
#6756 = DIRECTION ( 'NONE',  ( 1.000000000000000000, 0.0000000000000000000, -0.0000000000000000000 ) ) ;
#6757 = CARTESIAN_POINT ( 'NONE',  ( 52.50000000000000700, 6.924428900898076800, 2.000000000000000000 ) ) ;
#6758 = AXIS2_PLACEMENT_3D ( 'NONE', #6757, #6756, #6755 ) ;
#6759 = PLANE ( 'NONE',  #6758 ) ;
#6760 = FACE_OUTER_BOUND ( 'NONE', #2757, .T. ) ;
#6761 = DIRECTION ( 'NONE',  ( 1.000000000000000000, 0.0000000000000000000, 0.0000000000000000000 ) ) ;
#6762 = VECTOR ( 'NONE', #6761, 1000.000000000000000 ) ;
#6763 = CARTESIAN_POINT ( 'NONE',  ( 47.99999999999997200, -2.500000000000003600, 2.000000000000000000 ) ) ;
#6764 = LINE ( 'NONE', #6763, #6762 ) ;
#6765 = CARTESIAN_POINT ( 'NONE',  ( 52.50000000000000700, -2.500000000000003600, 2.000000000000000000 ) ) ;
#6766 = CARTESIAN_POINT ( 'NONE',  ( -16.06505445351150000, -18.54106563548567300, 5.000000000000000900 ) ) ;
#6767 = DIRECTION ( 'NONE',  ( -1.000000000000000000, 0.0000000000000000000, 0.0000000000000000000 ) ) ;
#6768 = DIRECTION ( 'NONE',  ( 0.0000000000000000000, 0.0000000000000000000, 1.000000000000000000 ) ) ;
#6769 = AXIS2_PLACEMENT_3D ( 'NONE', #6719, #6768, #6767 ) ;
#6770 = CARTESIAN_POINT ( 'NONE',  ( -12.60869164421827700, -17.41467470327884100, 55.00000000000000000 ) ) ;
#6771 = CARTESIAN_POINT ( 'NONE',  ( -12.60869164421827900, -17.41467470327883800, 50.82224149722623000 ) ) ;
#6772 = CARTESIAN_POINT ( 'NONE',  ( -12.66961551076514600, -17.49107081554566900, 46.64819525586468500 ) ) ;
#6773 = CARTESIAN_POINT ( 'NONE',  ( -18.91598281219675900, 10.21937347632801400, 55.00000000000000000 ) ) ;
#6774 = CIRCLE ( 'NONE', #6826, 21.49999999999999300 ) ;
#6775 = CARTESIAN_POINT ( 'NONE',  ( -18.91598281219675900, 10.21937347632801400, 55.00000000000000000 ) ) ;
#6776 = B_SPLINE_CURVE_WITH_KNOTS ( 'NONE', 3,
 ( #6773, #6050, #6307, #6306, #6305, #6545, #10310, #10309 ),
 .UNSPECIFIED., .F., .F.,
 ( 4, 2, 2, 4 ),
 ( 0.0000000000000000000, 0.01252441626355261700, 0.02504883252710523500, 0.05009766505421045500 ),
 .UNSPECIFIED. ) ;
#6777 = CARTESIAN_POINT ( 'NONE',  ( -19.68976407827367900, 14.63455773283228600, 5.000000000000000900 ) ) ;
#6778 = CARTESIAN_POINT ( 'NONE',  ( -19.05036026902383700, 14.19861959709070500, 13.31653176580499400 ) ) ;
#6779 = CARTESIAN_POINT ( 'NONE',  ( -18.43326887220350200, 13.77789380656464300, 21.63629758780136900 ) ) ;
#6780 = CARTESIAN_POINT ( 'NONE',  ( -17.73348133525995600, 13.30078674236328400, 34.13601042383937300 ) ) ;
#6781 = CARTESIAN_POINT ( 'NONE',  ( -17.53816341473579900, 13.16762123893892400, 38.30585360546408000 ) ) ;
#6782 = CARTESIAN_POINT ( 'NONE',  ( -17.26230424608240500, 12.97954364232424700, 46.64895751929454800 ) ) ;
#6783 = CARTESIAN_POINT ( 'NONE',  ( -17.18158833123223100, 12.92451246337997300, 50.82283696912820400 ) ) ;
#6784 = CARTESIAN_POINT ( 'NONE',  ( -17.18158833123222700, 12.92451246337997600, 55.00000000000000000 ) ) ;
#6785 = CARTESIAN_POINT ( 'NONE',  ( -21.65101333068459900, 11.53649475569573300, 5.000000000000000900 ) ) ;
#6786 = CARTESIAN_POINT ( 'NONE',  ( -18.64902350825166300, 15.93960512943638000, 4.999999999999997300 ) ) ;
#6787 = CARTESIAN_POINT ( 'NONE',  ( -17.18158833123222700, 12.92451246337997600, 55.00000000000000000 ) ) ;
#6788 = B_SPLINE_CURVE_WITH_KNOTS ( 'NONE', 3,
 ( #6784, #6783, #6782, #6781, #6780, #6779, #6778, #6777 ),
 .UNSPECIFIED., .F., .F.,
 ( 4, 2, 2, 4 ),
 ( 0.0000000000000000000, 0.01252441626355261700, 0.02504883252710523500, 0.05009766505421045500 ),
 .UNSPECIFIED. ) ;
#6789 = CARTESIAN_POINT ( 'NONE',  ( -17.28867803270982900, 17.40570887309603500, 5.000000000000000900 ) ) ;
#6790 = DIRECTION ( 'NONE',  ( -1.000000000000000000, -7.105427357601001900E-015, 0.0000000000000000000 ) ) ;
#6791 = DIRECTION ( 'NONE',  ( 0.0000000000000000000, 0.0000000000000000000, 1.000000000000000000 ) ) ;
#6792 = CARTESIAN_POINT ( 'NONE',  ( 0.0000000000000000000, 0.0000000000000000000, 4.999999999999999100 ) ) ;
#6793 = AXIS2_PLACEMENT_3D ( 'NONE', #6792, #6791, #6790 ) ;
#6794 = CIRCLE ( 'NONE', #6793, 24.53277582120860200 ) ;
#6795 = CARTESIAN_POINT ( 'NONE',  ( -16.42373103420985500, 13.87483545545429600, 55.00000000000000000 ) ) ;
#6796 = CARTESIAN_POINT ( 'NONE',  ( -8.777204869572480900, 19.62678462401706600, 55.00000000000000000 ) ) ;
#6797 = ORIENTED_EDGE ( 'NONE', *, *, #2220, .T. ) ;
#6798 = VERTEX_POINT ( 'NONE', #1814 ) ;
#6799 = VERTEX_POINT ( 'NONE', #1813 ) ;
#6800 = B_SPLINE_CURVE_WITH_KNOTS ( 'NONE', 3,
 ( #6854, #6853, #6852, #6851, #6850, #6849, #6848, #6847 ),
 .UNSPECIFIED., .F., .F.,
 ( 4, 2, 2, 4 ),
 ( 0.0000000000000000000, 0.02505648205854300900, 0.03758472308781452000, 0.05011296411708603100 ),
 .UNSPECIFIED. ) ;
#6801 = DIRECTION ( 'NONE',  ( -1.000000000000000000, 0.0000000000000000000, 0.0000000000000000000 ) ) ;
#6802 = DIRECTION ( 'NONE',  ( -0.0000000000000000000, -0.0000000000000000000, -1.000000000000000000 ) ) ;
#6803 = AXIS2_PLACEMENT_3D ( 'NONE', #6814, #6802, #6801 ) ;
#6804 = CARTESIAN_POINT ( 'NONE',  ( -24.51238645039845200, 0.9999999999998289100, 5.000000000000000900 ) ) ;
#6805 = CARTESIAN_POINT ( 'NONE',  ( -23.73851353481280300, 0.9999999999998259200, 13.31653176580499600 ) ) ;
#6806 = CARTESIAN_POINT ( 'NONE',  ( -22.99164541871502400, 0.9999999999998375700, 21.63629758780137300 ) ) ;
#6807 = CARTESIAN_POINT ( 'NONE',  ( -22.14468984280069800, 0.9999999999998436800, 34.13601042383937300 ) ) ;
#6808 = CARTESIAN_POINT ( 'NONE',  ( -21.90829580442378700, 0.9999999999998623300, 38.30585360546408000 ) ) ;
#6809 = CARTESIAN_POINT ( 'NONE',  ( -21.57442238038633400, 0.9999999999998643300, 46.64895751929454800 ) ) ;
#6810 = CARTESIAN_POINT ( 'NONE',  ( -21.47673159491452600, 0.9999999999998471200, 50.82283696912820400 ) ) ;
#6811 = CARTESIAN_POINT ( 'NONE',  ( -21.47673159491452600, 0.9999999999998502300, 55.00000000000000000 ) ) ;
#6812 = CIRCLE ( 'NONE', #6803, 21.49999999999999300 ) ;
#6813 = B_SPLINE_CURVE_WITH_KNOTS ( 'NONE', 3,
 ( #6811, #6810, #6809, #6808, #6807, #6806, #6805, #6804 ),
 .UNSPECIFIED., .F., .F.,
 ( 4, 2, 2, 4 ),
 ( 0.0000000000000000000, 0.01252441626355261700, 0.02504883252710523500, 0.05009766505421045500 ),
 .UNSPECIFIED. ) ;
#6814 = CARTESIAN_POINT ( 'NONE',  ( 0.0000000000000000000, 0.0000000000000000000, 55.00000000000000000 ) ) ;
#6815 = CARTESIAN_POINT ( 'NONE',  ( -21.47673159491452600, 0.9999999999998502300, 55.00000000000000000 ) ) ;
#6816 = CARTESIAN_POINT ( 'NONE',  ( -24.51238645039845200, 0.9999999999998289100, 5.000000000000000900 ) ) ;
#6817 = DIRECTION ( 'NONE',  ( -1.000000000000000000, 0.0000000000000000000, 0.0000000000000000000 ) ) ;
#6818 = DIRECTION ( 'NONE',  ( 0.0000000000000000000, 0.0000000000000000000, 1.000000000000000000 ) ) ;
#6819 = CARTESIAN_POINT ( 'NONE',  ( 0.0000000000000000000, 0.0000000000000000000, 4.999999999999999100 ) ) ;
#6820 = AXIS2_PLACEMENT_3D ( 'NONE', #6819, #6818, #6817 ) ;
#6821 = CIRCLE ( 'NONE', #6820, 24.53277582120860200 ) ;
#6822 = CARTESIAN_POINT ( 'NONE',  ( -18.30822844735946100, 11.27203491474797700, 55.00000000000000000 ) ) ;
#6823 = DIRECTION ( 'NONE',  ( -1.000000000000000000, 0.0000000000000000000, 0.0000000000000000000 ) ) ;
#6824 = DIRECTION ( 'NONE',  ( -0.0000000000000000000, -0.0000000000000000000, -1.000000000000000000 ) ) ;
#6825 = CARTESIAN_POINT ( 'NONE',  ( 0.0000000000000000000, 0.0000000000000000000, 55.00000000000000000 ) ) ;
#6826 = AXIS2_PLACEMENT_3D ( 'NONE', #6825, #6824, #6823 ) ;
#6827 = CARTESIAN_POINT ( 'NONE',  ( -19.78375029043186100, 8.417435740523169200, 55.00000000000000000 ) ) ;
#6828 = DIRECTION ( 'NONE',  ( -1.000000000000000000, 0.0000000000000000000, 0.0000000000000000000 ) ) ;
#6829 = DIRECTION ( 'NONE',  ( -0.0000000000000000000, -0.0000000000000000000, -1.000000000000000000 ) ) ;
#6830 = AXIS2_PLACEMENT_3D ( 'NONE', #6842, #6829, #6828 ) ;
#6831 = CARTESIAN_POINT ( 'NONE',  ( -23.12861472251057300, 8.180725549200676700, 5.000000000000000900 ) ) ;
#6832 = CARTESIAN_POINT ( 'NONE',  ( -22.38912280924248300, 7.952622502995358100, 13.31653176580499400 ) ) ;
#6833 = CARTESIAN_POINT ( 'NONE',  ( -21.67543594799072100, 7.732479261173000200, 21.63629758780136900 ) ) ;
#6834 = CARTESIAN_POINT ( 'NONE',  ( -20.86610823193805700, 7.482834722676094500, 34.13601042383937300 ) ) ;
#6835 = CARTESIAN_POINT ( 'NONE',  ( -20.64021651741511200, 7.413156356664629200, 38.30585360546408000 ) ) ;
#6836 = CARTESIAN_POINT ( 'NONE',  ( -20.32117615283020800, 7.314745437331303900, 46.64895751929454800 ) ) ;
#6837 = CARTESIAN_POINT ( 'NONE',  ( -20.22782549485747000, 7.285950572821223900, 50.82283696912820400 ) ) ;
#6838 = CARTESIAN_POINT ( 'NONE',  ( -20.22782549485746600, 7.285950572821219500, 55.00000000000000000 ) ) ;
#6839 = CIRCLE ( 'NONE', #6830, 21.49999999999999300 ) ;
#6840 = CARTESIAN_POINT ( 'NONE',  ( -20.22782549485746600, 7.285950572821219500, 55.00000000000000000 ) ) ;
#6841 = B_SPLINE_CURVE_WITH_KNOTS ( 'NONE', 3,
 ( #6838, #6837, #6836, #6835, #6834, #6833, #6832, #6831 ),
 .UNSPECIFIED., .F., .F.,
 ( 4, 2, 2, 4 ),
 ( 0.0000000000000000000, 0.01252441626355261700, 0.02504883252710523500, 0.05009766505421045500 ),
 .UNSPECIFIED. ) ;
#6842 = CARTESIAN_POINT ( 'NONE',  ( 0.0000000000000000000, 0.0000000000000000000, 55.00000000000000000 ) ) ;
#6843 = DIRECTION ( 'NONE',  ( -1.000000000000000000, -4.440892098500626200E-015, 0.0000000000000000000 ) ) ;
#6844 = DIRECTION ( 'NONE',  ( 0.0000000000000000000, 0.0000000000000000000, 1.000000000000000000 ) ) ;
#6845 = CARTESIAN_POINT ( 'NONE',  ( 0.0000000000000000000, 0.0000000000000000000, 4.999999999999999100 ) ) ;
#6846 = AXIS2_PLACEMENT_3D ( 'NONE', #6845, #6844, #6843 ) ;
#6847 = CARTESIAN_POINT ( 'NONE',  ( -15.06338555866780900, -15.34093919911416700, 55.00000000000000000 ) ) ;
#6848 = CARTESIAN_POINT ( 'NONE',  ( -15.06338555866781100, -15.34093919911417600, 50.82224149722621600 ) ) ;
#6849 = CARTESIAN_POINT ( 'NONE',  ( -15.13501520566147800, -15.40740179879300500, 46.64819525586468500 ) ) ;
#6850 = CARTESIAN_POINT ( 'NONE',  ( -15.37976404363747700, -15.63449553334257700, 38.30536254662526800 ) ) ;
#6851 = CARTESIAN_POINT ( 'NONE',  ( -15.55300579651172800, -15.79524038903007400, 34.13658243061146200 ) ) ;
#6852 = CARTESIAN_POINT ( 'NONE',  ( -16.17393502096707200, -16.37137851347893800, 21.63548705574657700 ) ) ;
#6853 = CARTESIAN_POINT ( 'NONE',  ( -16.72138402260000200, -16.87933695481154900, 13.31660537112158900 ) ) ;
#6854 = CARTESIAN_POINT ( 'NONE',  ( -17.28867803270958300, -17.40570887309628000, 5.000000000000000900 ) ) ;
#6855 = CIRCLE ( 'NONE', #6846, 24.53277582120860200 ) ;
#6856 = CARTESIAN_POINT ( 'NONE',  ( -20.81640419440091000, 12.98208018420029400, 4.999999999999999100 ) ) ;
#6857 = B_SPLINE_CURVE_WITH_KNOTS ( 'NONE', 3,
 ( #6911, #6910, #6909, #6908, #6907, #6906, #6905, #6904 ),
 .UNSPECIFIED., .F., .F.,
 ( 4, 2, 2, 4 ),
 ( 0.0000000000000000000, 0.02505648205854302600, 0.03758472308781452700, 0.05011296411708603100 ),
 .UNSPECIFIED. ) ;
#6858 = CARTESIAN_POINT ( 'NONE',  ( -17.18158833123204200, -12.92451246338021200, 55.00000000000000000 ) ) ;
#6859 = CARTESIAN_POINT ( 'NONE',  ( -23.12861472251045900, -8.180725549200996500, 5.000000000000000900 ) ) ;
#6860 = DIRECTION ( 'NONE',  ( -1.000000000000000000, 0.0000000000000000000, 0.0000000000000000000 ) ) ;
#6861 = DIRECTION ( 'NONE',  ( -0.0000000000000000000, -0.0000000000000000000, -1.000000000000000000 ) ) ;
#6862 = CARTESIAN_POINT ( 'NONE',  ( 0.0000000000000000000, 0.0000000000000000000, 55.00000000000000000 ) ) ;
#6863 = AXIS2_PLACEMENT_3D ( 'NONE', #6862, #6861, #6860 ) ;
#6864 = CIRCLE ( 'NONE', #6863, 21.49999999999999300 ) ;
#6865 = DIRECTION ( 'NONE',  ( -1.000000000000000000, -1.598721155460225400E-014, 0.0000000000000000000 ) ) ;
#6866 = DIRECTION ( 'NONE',  ( 0.0000000000000000000, 0.0000000000000000000, 1.000000000000000000 ) ) ;
#6867 = CARTESIAN_POINT ( 'NONE',  ( 0.0000000000000000000, 0.0000000000000000000, 4.999999999999999100 ) ) ;
#6868 = AXIS2_PLACEMENT_3D ( 'NONE', #6867, #6866, #6865 ) ;
#6869 = CARTESIAN_POINT ( 'NONE',  ( -19.78375029043186100, 8.417435740523169200, 55.00000000000000000 ) ) ;
#6870 = CARTESIAN_POINT ( 'NONE',  ( -19.78375029043186100, 8.417435740523179900, 50.82224149722621600 ) ) ;
#6871 = CARTESIAN_POINT ( 'NONE',  ( -19.87178782834720900, 8.459832384285508800, 46.64819525586467100 ) ) ;
#6872 = CARTESIAN_POINT ( 'NONE',  ( -20.17260021549962400, 8.604695994961009100, 38.30536254662527500 ) ) ;
#6873 = CARTESIAN_POINT ( 'NONE',  ( -20.38552570134681500, 8.707235504642262900, 34.13658243061146200 ) ) ;
#6874 = CARTESIAN_POINT ( 'NONE',  ( -21.14868847591091600, 9.074755326891063200, 21.63548705574657300 ) ) ;
#6875 = CARTESIAN_POINT ( 'NONE',  ( -21.82153923339458900, 9.398783173940641300, 13.31660537112158800 ) ) ;
#6876 = CARTESIAN_POINT ( 'NONE',  ( -22.51878080891970400, 9.734557019890898400, 5.000000000000000900 ) ) ;
#6877 = CIRCLE ( 'NONE', #6868, 24.53277582120860200 ) ;
#6878 = CARTESIAN_POINT ( 'NONE',  ( -22.51878080891970400, 9.734557019890898400, 5.000000000000000900 ) ) ;
#6879 = B_SPLINE_CURVE_WITH_KNOTS ( 'NONE', 3,
 ( #6876, #6875, #6874, #6873, #6872, #6871, #6870, #6869 ),
 .UNSPECIFIED., .F., .F.,
 ( 4, 2, 2, 4 ),
 ( 0.0000000000000000000, 0.02505648205854301600, 0.03758472308781452000, 0.05011296411708603100 ),
 .UNSPECIFIED. ) ;
#6880 = CARTESIAN_POINT ( 'NONE',  ( -21.45558233403788900, 5.571677930470819700, 34.13658243061146200 ) ) ;
#6881 = CARTESIAN_POINT ( 'NONE',  ( -22.26499719812699900, 5.821349350576881000, 21.63548705574656900 ) ) ;
#6882 = CARTESIAN_POINT ( 'NONE',  ( -22.97862661320424500, 6.041474872601117600, 13.31660537112158800 ) ) ;
#6883 = CARTESIAN_POINT ( 'NONE',  ( -23.71812507133236600, 6.269579937628392100, 5.000000000000000900 ) ) ;
#6884 = CIRCLE ( 'NONE', #6938, 24.53277582120860200 ) ;
#6885 = CARTESIAN_POINT ( 'NONE',  ( -23.71812507133236600, 6.269579937628392100, 5.000000000000000900 ) ) ;
#6886 = B_SPLINE_CURVE_WITH_KNOTS ( 'NONE', 3,
 ( #6883, #6882, #6881, #6880, #6943, #6942, #6941, #6940 ),
 .UNSPECIFIED., .F., .F.,
 ( 4, 2, 2, 4 ),
 ( 0.0000000000000000000, 0.02505648205854301900, 0.03758472308781452700, 0.05011296411708603800 ),
 .UNSPECIFIED. ) ;
#6887 = CARTESIAN_POINT ( 'NONE',  ( -23.12861472251057300, 8.180725549200676700, 5.000000000000000900 ) ) ;
#6888 = CARTESIAN_POINT ( 'NONE',  ( -20.81733584367926300, 5.374804961248933900, 55.00000000000000000 ) ) ;
#6889 = DIRECTION ( 'NONE',  ( -1.000000000000000000, 0.0000000000000000000, 0.0000000000000000000 ) ) ;
#6890 = DIRECTION ( 'NONE',  ( -0.0000000000000000000, -0.0000000000000000000, -1.000000000000000000 ) ) ;
#6891 = CARTESIAN_POINT ( 'NONE',  ( 0.0000000000000000000, 0.0000000000000000000, 55.00000000000000000 ) ) ;
#6892 = AXIS2_PLACEMENT_3D ( 'NONE', #6891, #6890, #6889 ) ;
#6893 = CARTESIAN_POINT ( 'NONE',  ( -24.08956108032100100, 4.642212452178500600, 5.000000000000000900 ) ) ;
#6894 = CARTESIAN_POINT ( 'NONE',  ( -23.32433168580919200, 4.526872679107263800, 13.31653176580499200 ) ) ;
#6895 = CARTESIAN_POINT ( 'NONE',  ( -22.58580546948702100, 4.415557762549331000, 21.63629758780138000 ) ) ;
#6896 = CARTESIAN_POINT ( 'NONE',  ( -21.74830968757966700, 4.289325584164517500, 34.13601042383937300 ) ) ;
#6897 = CARTESIAN_POINT ( 'NONE',  ( -21.51455597529673400, 4.254092880974277500, 38.30585360546407300 ) ) ;
#6898 = CARTESIAN_POINT ( 'NONE',  ( -21.18441164155116100, 4.204331629239740100, 46.64895751929454800 ) ) ;
#6899 = CARTESIAN_POINT ( 'NONE',  ( -21.08781198143850600, 4.189771573188493500, 50.82283696912821100 ) ) ;
#6900 = CARTESIAN_POINT ( 'NONE',  ( -21.08781198143850200, 4.189771573188489900, 55.00000000000000000 ) ) ;
#6901 = CIRCLE ( 'NONE', #6892, 21.49999999999999300 ) ;
#6902 = CARTESIAN_POINT ( 'NONE',  ( -21.08781198143850200, 4.189771573188489900, 55.00000000000000000 ) ) ;
#6903 = B_SPLINE_CURVE_WITH_KNOTS ( 'NONE', 3,
 ( #6900, #6899, #6898, #6897, #6896, #6895, #6894, #6893 ),
 .UNSPECIFIED., .F., .F.,
 ( 4, 2, 2, 4 ),
 ( 0.0000000000000000000, 0.01252441626355261200, 0.02504883252710522400, 0.05009766505421044800 ),
 .UNSPECIFIED. ) ;
#6904 = CARTESIAN_POINT ( 'NONE',  ( -18.30822844735946100, 11.27203491474797700, 55.00000000000000000 ) ) ;
#6905 = CARTESIAN_POINT ( 'NONE',  ( -18.30822844735946800, 11.27203491474797100, 50.82224149722623000 ) ) ;
#6906 = CARTESIAN_POINT ( 'NONE',  ( -18.38896378685051000, 11.32707933718814200, 46.64819525586468500 ) ) ;
#6907 = CARTESIAN_POINT ( 'NONE',  ( -18.66482554735564400, 11.51515870089741100, 38.30536254662526100 ) ) ;
#6908 = CARTESIAN_POINT ( 'NONE',  ( -18.86009011055481800, 11.64828782591357400, 34.13658243061144800 ) ) ;
#6909 = CARTESIAN_POINT ( 'NONE',  ( -19.55995300029868400, 12.12544626478429400, 21.63548705574656200 ) ) ;
#6910 = CARTESIAN_POINT ( 'NONE',  ( -20.17699472611902700, 12.54613819019600200, 13.31660537112157900 ) ) ;
#6911 = CARTESIAN_POINT ( 'NONE',  ( -20.81640419440091000, 12.98208018420029400, 4.999999999999999100 ) ) ;
#6912 = DIRECTION ( 'NONE',  ( -1.000000000000000000, 0.0000000000000000000, 0.0000000000000000000 ) ) ;
#6913 = DIRECTION ( 'NONE',  ( 0.0000000000000000000, 0.0000000000000000000, 1.000000000000000000 ) ) ;
#6914 = CARTESIAN_POINT ( 'NONE',  ( 0.0000000000000000000, 0.0000000000000000000, 4.999999999999999100 ) ) ;
#6915 = AXIS2_PLACEMENT_3D ( 'NONE', #6914, #6913, #6912 ) ;
#6916 = CIRCLE ( 'NONE', #6915, 24.53277582120860200 ) ;
#6917 = CARTESIAN_POINT ( 'NONE',  ( -24.08956108032100100, 4.642212452178500600, 5.000000000000000900 ) ) ;
#6918 = DIRECTION ( 'NONE',  ( -1.000000000000000000, -2.664535259100375300E-015, 0.0000000000000000000 ) ) ;
#6919 = DIRECTION ( 'NONE',  ( 0.0000000000000000000, 0.0000000000000000000, 1.000000000000000000 ) ) ;
#6920 = AXIS2_PLACEMENT_3D ( 'NONE', #6932, #6919, #6918 ) ;
#6921 = CARTESIAN_POINT ( 'NONE',  ( -21.38589651379083600, 2.212109920738230400, 55.00000000000000000 ) ) ;
#6922 = CARTESIAN_POINT ( 'NONE',  ( -21.38589651379083600, 2.212109920738232600, 50.82224149722621600 ) ) ;
#6923 = CARTESIAN_POINT ( 'NONE',  ( -21.48251942103772200, 2.226673480731161900, 46.64819525586467100 ) ) ;
#6924 = CARTESIAN_POINT ( 'NONE',  ( -21.81266685667462500, 2.276435200000593200, 38.30536254662527500 ) ) ;
#6925 = CARTESIAN_POINT ( 'NONE',  ( -22.04635671166910900, 2.311658278253260400, 34.13658243061146200 ) ) ;
#6926 = CARTESIAN_POINT ( 'NONE',  ( -22.88394267473727700, 2.437904049261017100, 21.63548705574657300 ) ) ;
#6927 = CARTESIAN_POINT ( 'NONE',  ( -23.62240944551237500, 2.549210005844390300, 13.31660537112158900 ) ) ;
#6928 = CARTESIAN_POINT ( 'NONE',  ( -24.38764561267334200, 2.664550799728244700, 5.000000000000004400 ) ) ;
#6929 = CIRCLE ( 'NONE', #6920, 24.53277582120860200 ) ;
#6930 = CARTESIAN_POINT ( 'NONE',  ( -24.38764561267334200, 2.664550799728244700, 5.000000000000004400 ) ) ;
#6931 = B_SPLINE_CURVE_WITH_KNOTS ( 'NONE', 3,
 ( #6928, #6927, #6926, #6925, #6924, #6923, #6922, #6921 ),
 .UNSPECIFIED., .F., .F.,
 ( 4, 2, 2, 4 ),
 ( 0.0000000000000000000, 0.02505648205854301600, 0.03758472308781452000, 0.05011296411708603100 ),
 .UNSPECIFIED. ) ;
#6932 = CARTESIAN_POINT ( 'NONE',  ( 0.0000000000000000000, 0.0000000000000000000, 4.999999999999999100 ) ) ;
#6933 = CARTESIAN_POINT ( 'NONE',  ( -21.38589651379083600, 2.212109920738230400, 55.00000000000000000 ) ) ;
#6934 = CARTESIAN_POINT ( 'NONE',  ( -21.38589651379080800, -2.212109920738539500, 55.00000000000000000 ) ) ;
#6935 = DIRECTION ( 'NONE',  ( -1.000000000000000000, 0.0000000000000000000, 0.0000000000000000000 ) ) ;
#6936 = DIRECTION ( 'NONE',  ( 0.0000000000000000000, 0.0000000000000000000, 1.000000000000000000 ) ) ;
#6937 = CARTESIAN_POINT ( 'NONE',  ( 0.0000000000000000000, 0.0000000000000000000, 4.999999999999999100 ) ) ;
#6938 = AXIS2_PLACEMENT_3D ( 'NONE', #6937, #6936, #6935 ) ;
#6939 = CARTESIAN_POINT ( 'NONE',  ( -24.38764561267329300, -2.664550799728593800, 5.000000000000000900 ) ) ;
#6940 = CARTESIAN_POINT ( 'NONE',  ( -20.81733584367926300, 5.374804961248933900, 55.00000000000000000 ) ) ;
#6941 = CARTESIAN_POINT ( 'NONE',  ( -20.81733584367926300, 5.374804961248934800, 50.82224149722621600 ) ) ;
#6942 = CARTESIAN_POINT ( 'NONE',  ( -20.91070896689953100, 5.403606755370135200, 46.64819525586467100 ) ) ;
#6943 = CARTESIAN_POINT ( 'NONE',  ( -21.22975232904774100, 5.502018599329287200, 38.30536254662527500 ) ) ;
#6944 = CARTESIAN_POINT ( 'NONE',  ( -22.38911626438234500, -7.952620484173708700, 13.31660537112158800 ) ) ;
#6945 = CARTESIAN_POINT ( 'NONE',  ( -23.12861472251045900, -8.180725549200996500, 5.000000000000000900 ) ) ;
#6946 = CARTESIAN_POINT ( 'NONE',  ( 0.0000000000000000000, 0.0000000000000000000, 4.999999999999999100 ) ) ;
#6947 = B_SPLINE_CURVE_WITH_KNOTS ( 'NONE', 3,
 ( #6945, #6944, #6995, #6994, #6993, #6992, #6991, #6990 ),
 .UNSPECIFIED., .F., .F.,
 ( 4, 2, 2, 4 ),
 ( 0.0000000000000000000, 0.02505648205854301600, 0.03758472308781452000, 0.05011296411708603100 ),
 .UNSPECIFIED. ) ;
#6948 = CARTESIAN_POINT ( 'NONE',  ( -18.64902350825143900, -15.93960512943663800, 5.000000000000000900 ) ) ;
#6949 = CARTESIAN_POINT ( 'NONE',  ( -18.08173451892297500, -15.41323786975597100, 13.31653176580499400 ) ) ;
#6950 = CARTESIAN_POINT ( 'NONE',  ( -17.53424144840747100, -14.90523853847594400, 21.63629758780136900 ) ) ;
#6951 = CARTESIAN_POINT ( 'NONE',  ( -16.91337907812677300, -14.32916244563595000, 34.13601042383937300 ) ) ;
#6952 = CARTESIAN_POINT ( 'NONE',  ( -16.74008998580518400, -14.16837366536038600, 38.30585360546408000 ) ) ;
#6953 = CARTESIAN_POINT ( 'NONE',  ( -16.49534344736029800, -13.94128206446387500, 46.64895751929454800 ) ) ;
#6954 = CARTESIAN_POINT ( 'NONE',  ( -16.42373103420965600, -13.87483545545453400, 50.82283696912820400 ) ) ;
#6955 = CARTESIAN_POINT ( 'NONE',  ( -16.42373103420965900, -13.87483545545453000, 55.00000000000000000 ) ) ;
#6956 = CARTESIAN_POINT ( 'NONE',  ( -16.42373103420965900, -13.87483545545453000, 55.00000000000000000 ) ) ;
#6957 = B_SPLINE_CURVE_WITH_KNOTS ( 'NONE', 3,
 ( #6955, #6954, #6953, #6952, #6951, #6950, #6949, #6948 ),
 .UNSPECIFIED., .F., .F.,
 ( 4, 2, 2, 4 ),
 ( 0.0000000000000000000, 0.01252441626355261700, 0.02504883252710523500, 0.05009766505421045500 ),
 .UNSPECIFIED. ) ;
#6958 = CARTESIAN_POINT ( 'NONE',  ( -22.51878080891957300, -9.734557019891207500, 5.000000000000000900 ) ) ;
#6959 = CARTESIAN_POINT ( 'NONE',  ( -21.82154540426402500, -9.398786145675101600, 13.31653176580499600 ) ) ;
#6960 = CARTESIAN_POINT ( 'NONE',  ( -21.14864048323099200, -9.074732214834899200, 21.63629758780137300 ) ) ;
#6961 = CARTESIAN_POINT ( 'NONE',  ( -20.38555987683583500, -8.707251962690721200, 34.13601042383937300 ) ) ;
#6962 = CARTESIAN_POINT ( 'NONE',  ( -20.17257620770051200, -8.604684433414618600, 38.30585360546408000 ) ) ;
#6963 = CARTESIAN_POINT ( 'NONE',  ( -19.87176664682278100, -8.459822183801266600, 46.64895751929454800 ) ) ;
#6964 = CARTESIAN_POINT ( 'NONE',  ( -19.78375029043175100, -8.417435740523449900, 50.82283696912820400 ) ) ;
#6965 = CARTESIAN_POINT ( 'NONE',  ( -19.78375029043174400, -8.417435740523448100, 55.00000000000000000 ) ) ;
#6966 = CARTESIAN_POINT ( 'NONE',  ( -19.78375029043174400, -8.417435740523448100, 55.00000000000000000 ) ) ;
#6967 = B_SPLINE_CURVE_WITH_KNOTS ( 'NONE', 3,
 ( #6965, #6964, #6963, #6962, #6961, #6960, #6959, #6958 ),
 .UNSPECIFIED., .F., .F.,
 ( 4, 2, 2, 4 ),
 ( 0.0000000000000000000, 0.01252441626355261700, 0.02504883252710523500, 0.05009766505421045500 ),
 .UNSPECIFIED. ) ;
#6968 = CARTESIAN_POINT ( 'NONE',  ( -20.22782549485736300, -7.285950572821502800, 55.00000000000000000 ) ) ;
#6969 = B_SPLINE_CURVE_WITH_KNOTS ( 'NONE', 3,
 ( #7027, #7026, #7025, #7024, #7023, #7022, #7021, #7020 ),
 .UNSPECIFIED., .F., .F.,
 ( 4, 2, 2, 4 ),
 ( 0.0000000000000000000, 0.02505648205854301600, 0.03758472308781452000, 0.05011296411708603100 ),
 .UNSPECIFIED. ) ;
#6970 = CARTESIAN_POINT ( 'NONE',  ( -21.08781198143844200, -4.189771573188794600, 55.00000000000000000 ) ) ;
#6971 = DIRECTION ( 'NONE',  ( -1.000000000000000000, 0.0000000000000000000, 0.0000000000000000000 ) ) ;
#6972 = DIRECTION ( 'NONE',  ( -0.0000000000000000000, -0.0000000000000000000, -1.000000000000000000 ) ) ;
#6973 = CARTESIAN_POINT ( 'NONE',  ( 0.0000000000000000000, 0.0000000000000000000, 55.00000000000000000 ) ) ;
#6974 = AXIS2_PLACEMENT_3D ( 'NONE', #6973, #6972, #6971 ) ;
#6975 = CARTESIAN_POINT ( 'NONE',  ( -23.71812507133228100, -6.269579937628723300, 5.000000000000000900 ) ) ;
#6976 = CARTESIAN_POINT ( 'NONE',  ( -22.97863315806419800, -6.041476891423392300, 13.31653176580499400 ) ) ;
#6977 = CARTESIAN_POINT ( 'NONE',  ( -22.26494629681244000, -5.821333649601027300, 21.63629758780136900 ) ) ;
#6978 = CARTESIAN_POINT ( 'NONE',  ( -21.45561858075977200, -5.571689111104108200, 34.13601042383937300 ) ) ;
#6979 = CARTESIAN_POINT ( 'NONE',  ( -21.22972686623683500, -5.502010745092630600, 38.30585360546408000 ) ) ;
#6980 = CARTESIAN_POINT ( 'NONE',  ( -20.91068650165193400, -5.403599825759300800, 46.64895751929454800 ) ) ;
#6981 = CARTESIAN_POINT ( 'NONE',  ( -20.81733584367919200, -5.374804961249234100, 50.82283696912818300 ) ) ;
#6982 = CARTESIAN_POINT ( 'NONE',  ( -20.81733584367918900, -5.374804961249227000, 55.00000000000000000 ) ) ;
#6983 = CIRCLE ( 'NONE', #6974, 21.49999999999999300 ) ;
#6984 = CARTESIAN_POINT ( 'NONE',  ( -20.81733584367918900, -5.374804961249227000, 55.00000000000000000 ) ) ;
#6985 = B_SPLINE_CURVE_WITH_KNOTS ( 'NONE', 3,
 ( #6982, #6981, #6980, #6979, #6978, #6977, #6976, #6975 ),
 .UNSPECIFIED., .F., .F.,
 ( 4, 2, 2, 4 ),
 ( 0.0000000000000000000, 0.01252441626355261900, 0.02504883252710523800, 0.05009766505421046200 ),
 .UNSPECIFIED. ) ;
#6986 = CARTESIAN_POINT ( 'NONE',  ( -23.71812507133228100, -6.269579937628723300, 5.000000000000000900 ) ) ;
#6987 = DIRECTION ( 'NONE',  ( -1.000000000000000000, 8.881784197001252300E-016, 0.0000000000000000000 ) ) ;
#6988 = DIRECTION ( 'NONE',  ( 0.0000000000000000000, 0.0000000000000000000, 1.000000000000000000 ) ) ;
#6989 = AXIS2_PLACEMENT_3D ( 'NONE', #6946, #6988, #6987 ) ;
#6990 = CARTESIAN_POINT ( 'NONE',  ( -20.22782549485736300, -7.285950572821502800, 55.00000000000000000 ) ) ;
#6991 = CARTESIAN_POINT ( 'NONE',  ( -20.22782549485736300, -7.285950572821504600, 50.82224149722621600 ) ) ;
#6992 = CARTESIAN_POINT ( 'NONE',  ( -20.32119861807762400, -7.314752366942727200, 46.64819525586467100 ) ) ;
#6993 = CARTESIAN_POINT ( 'NONE',  ( -20.64024198022582700, -7.413164210901883600, 38.30536254662527500 ) ) ;
#6994 = CARTESIAN_POINT ( 'NONE',  ( -20.86607198521599200, -7.482823542043386800, 34.13658243061146200 ) ) ;
#6995 = CARTESIAN_POINT ( 'NONE',  ( -21.67548684930509900, -7.732494962149459600, 21.63548705574657300 ) ) ;
#6996 = CIRCLE ( 'NONE', #6989, 24.53277582120860200 ) ;
#6997 = DIRECTION ( 'NONE',  ( -1.000000000000000000, 4.352074256530613000E-014, 0.0000000000000000000 ) ) ;
#6998 = DIRECTION ( 'NONE',  ( 0.0000000000000000000, 0.0000000000000000000, 1.000000000000000000 ) ) ;
#6999 = CARTESIAN_POINT ( 'NONE',  ( 0.0000000000000000000, 0.0000000000000000000, 4.999999999999999100 ) ) ;
#7000 = AXIS2_PLACEMENT_3D ( 'NONE', #6999, #6998, #6997 ) ;
#7001 = CARTESIAN_POINT ( 'NONE',  ( -14.17235460915456900, 16.16769509956118600, 55.00000000000000000 ) ) ;
#7002 = CARTESIAN_POINT ( 'NONE',  ( -14.17235460915456500, 16.16769509956120000, 50.82224149722621600 ) ) ;
#7003 = CARTESIAN_POINT ( 'NONE',  ( -14.23327847570143900, 16.24409121182801400, 46.64819525586467100 ) ) ;
#7004 = CARTESIAN_POINT ( 'NONE',  ( -14.44144710654321400, 16.50512641844914400, 38.30536254662527500 ) ) ;
#7005 = CARTESIAN_POINT ( 'NONE',  ( -14.58879611460674800, 16.68989623035474100, 34.13658243061146200 ) ) ;
#7006 = CARTESIAN_POINT ( 'NONE',  ( -15.11692114095390800, 17.35214406672113800, 21.63548705574657300 ) ) ;
#7007 = CARTESIAN_POINT ( 'NONE',  ( -15.58254831233518300, 17.93602207177136200, 13.31660537112158800 ) ) ;
#7008 = CARTESIAN_POINT ( 'NONE',  ( -16.06505445351176000, 18.54106563548545900, 5.000000000000000900 ) ) ;
#7009 = CIRCLE ( 'NONE', #7000, 24.53277582120860200 ) ;
#7010 = DIRECTION ( 'NONE',  ( 0.0000000000000000000, 0.0000000000000000000, 1.000000000000000000 ) ) ;
#7011 = CARTESIAN_POINT ( 'NONE',  ( -16.06505445351176000, 18.54106563548545900, 5.000000000000000900 ) ) ;
#7012 = B_SPLINE_CURVE_WITH_KNOTS ( 'NONE', 3,
 ( #7008, #7007, #7006, #7005, #7004, #7003, #7002, #7001 ),
 .UNSPECIFIED., .F., .F.,
 ( 4, 2, 2, 4 ),
 ( 0.0000000000000000000, 0.02505648205854301600, 0.03758472308781452000, 0.05011296411708603100 ),
 .UNSPECIFIED. ) ;
#7013 = CARTESIAN_POINT ( 'NONE',  ( -14.17235460915456900, 16.16769509956118600, 55.00000000000000000 ) ) ;
#7014 = DIRECTION ( 'NONE',  ( -1.000000000000000000, 0.0000000000000000000, 0.0000000000000000000 ) ) ;
#7015 = DIRECTION ( 'NONE',  ( -0.0000000000000000000, -0.0000000000000000000, -1.000000000000000000 ) ) ;
#7016 = CARTESIAN_POINT ( 'NONE',  ( 0.0000000000000000000, 0.0000000000000000000, 55.00000000000000000 ) ) ;
#7017 = AXIS2_PLACEMENT_3D ( 'NONE', #7016, #7015, #7014 ) ;
#7018 = CIRCLE ( 'NONE', #7017, 21.49999999999999300 ) ;
#7019 = VECTOR ( 'NONE', #7028, 1000.000000000000000 ) ;
#7020 = CARTESIAN_POINT ( 'NONE',  ( -21.08781198143844200, -4.189771573188794600, 55.00000000000000000 ) ) ;
#7021 = CARTESIAN_POINT ( 'NONE',  ( -21.08781198143844500, -4.189771573188786600, 50.82224149722621600 ) ) ;
#7022 = CARTESIAN_POINT ( 'NONE',  ( -21.18443488868532000, -4.204335133181738000, 46.64819525586467100 ) ) ;
#7023 = CARTESIAN_POINT ( 'NONE',  ( -21.51458232432222700, -4.254096852451173300, 38.30536254662527500 ) ) ;
#7024 = CARTESIAN_POINT ( 'NONE',  ( -21.74827217931671400, -4.289319930703841000, 34.13658243061146200 ) ) ;
#7025 = CARTESIAN_POINT ( 'NONE',  ( -22.58585814238487500, -4.415565701711608800, 21.63548705574657300 ) ) ;
#7026 = CARTESIAN_POINT ( 'NONE',  ( -23.32432491315997700, -4.526871658294985500, 13.31660537112158900 ) ) ;
#7027 = CARTESIAN_POINT ( 'NONE',  ( -24.08956108032093400, -4.642212452178851500, 5.000000000000004400 ) ) ;
#7028 = DIRECTION ( 'NONE',  ( -0.0000000000000000000, -0.0000000000000000000, 1.000000000000000000 ) ) ;
#7029 = CARTESIAN_POINT ( 'NONE',  ( -13.87511732150129300, -15.79497132997000700, -6.391606694777326700 ) ) ;
#7030 = LINE ( 'NONE', #7029, #7019 ) ;
#7031 = CARTESIAN_POINT ( 'NONE',  ( 0.0000000000000000000, 0.0000000000000000000, 4.999999999999999100 ) ) ;
#7032 = B_SPLINE_CURVE_WITH_KNOTS ( 'NONE', 3,
 ( #7080, #7079, #7078, #7077, #7076, #7075, #7074, #7073 ),
 .UNSPECIFIED., .F., .F.,
 ( 4, 2, 2, 4 ),
 ( 0.0000000000000000000, 0.02505648205854302300, 0.03758472308781453400, 0.05011296411708604500 ),
 .UNSPECIFIED. ) ;
#7033 = DIRECTION ( 'NONE',  ( -1.000000000000000000, 0.0000000000000000000, 0.0000000000000000000 ) ) ;
#7034 = DIRECTION ( 'NONE',  ( -0.0000000000000000000, -0.0000000000000000000, -1.000000000000000000 ) ) ;
#7035 = CARTESIAN_POINT ( 'NONE',  ( 0.0000000000000000000, 0.0000000000000000000, 55.00000000000000000 ) ) ;
#7036 = AXIS2_PLACEMENT_3D ( 'NONE', #7035, #7034, #7033 ) ;
#7037 = CIRCLE ( 'NONE', #7036, 21.49999999999999300 ) ;
#7038 = CARTESIAN_POINT ( 'NONE',  ( -11.60439120124178400, 18.09939515145580600, 55.00000000000000000 ) ) ;
#7039 = DIRECTION ( 'NONE',  ( -1.000000000000000000, 0.0000000000000000000, 0.0000000000000000000 ) ) ;
#7040 = DIRECTION ( 'NONE',  ( -0.0000000000000000000, -0.0000000000000000000, -1.000000000000000000 ) ) ;
#7041 = AXIS2_PLACEMENT_3D ( 'NONE', #7053, #7040, #7039 ) ;
#7042 = CIRCLE ( 'NONE', #7041, 21.49999999999999300 ) ;
#7043 = CARTESIAN_POINT ( 'NONE',  ( -14.50139148857570400, 19.78804523920292300, 5.000000000000000900 ) ) ;
#7044 = CARTESIAN_POINT ( 'NONE',  ( -14.01888961777337200, 19.18300703036873500, 13.31653176580499600 ) ) ;
#7045 = CARTESIAN_POINT ( 'NONE',  ( -13.55322496405295300, 18.59908202395190800, 21.63629758780137300 ) ) ;
#7046 = CARTESIAN_POINT ( 'NONE',  ( -13.02515679984298200, 17.93690549045025800, 34.13601042383937300 ) ) ;
#7047 = CARTESIAN_POINT ( 'NONE',  ( -12.87776752769475900, 17.75208518897943600, 38.30585360546408000 ) ) ;
#7048 = CARTESIAN_POINT ( 'NONE',  ( -12.66960085269574600, 17.49105243490756200, 46.64895751929454800 ) ) ;
#7049 = CARTESIAN_POINT ( 'NONE',  ( -12.60869164421851900, 17.41467470327866000, 50.82283696912820400 ) ) ;
#7050 = CARTESIAN_POINT ( 'NONE',  ( -12.60869164421851900, 17.41467470327866400, 55.00000000000000000 ) ) ;
#7051 = CARTESIAN_POINT ( 'NONE',  ( -12.60869164421851900, 17.41467470327866400, 55.00000000000000000 ) ) ;
#7052 = B_SPLINE_CURVE_WITH_KNOTS ( 'NONE', 3,
 ( #7050, #7049, #7048, #7047, #7046, #7045, #7044, #7043 ),
 .UNSPECIFIED., .F., .F.,
 ( 4, 2, 2, 4 ),
 ( 0.0000000000000000000, 0.01252441626355261700, 0.02504883252710523500, 0.05009766505421045500 ),
 .UNSPECIFIED. ) ;
#7053 = CARTESIAN_POINT ( 'NONE',  ( 0.0000000000000000000, 0.0000000000000000000, 55.00000000000000000 ) ) ;
#7054 = CARTESIAN_POINT ( 'NONE',  ( -14.50139148857570400, 19.78804523920292300, 5.000000000000000900 ) ) ;
#7055 = CARTESIAN_POINT ( 'NONE',  ( -9.603524098113410900, 21.73221168133340000, 13.31660537112158800 ) ) ;
#7056 = CARTESIAN_POINT ( 'NONE',  ( -9.886254124097810300, 22.45259603893136500, 5.000000000000000900 ) ) ;
#7057 = CIRCLE ( 'NONE', #7105, 24.53277582120860200 ) ;
#7058 = CARTESIAN_POINT ( 'NONE',  ( -9.886254124097810300, 22.45259603893136500, 5.000000000000000900 ) ) ;
#7059 = B_SPLINE_CURVE_WITH_KNOTS ( 'NONE', 3,
 ( #7056, #7055, #7111, #7110, #7109, #7108, #7107, #7106 ),
 .UNSPECIFIED., .F., .F.,
 ( 4, 2, 2, 4 ),
 ( 0.0000000000000000000, 0.02505648205854301900, 0.03758472308781452700, 0.05011296411708603800 ),
 .UNSPECIFIED. ) ;
#7060 = CARTESIAN_POINT ( 'NONE',  ( -17.28867803270982900, 17.40570887309603500, 5.000000000000000900 ) ) ;
#7061 = CARTESIAN_POINT ( 'NONE',  ( -16.72138904338136800, 16.87934161341539200, 13.31653176580498500 ) ) ;
#7062 = CARTESIAN_POINT ( 'NONE',  ( -16.17389597286585400, 16.37134228213535900, 21.63629758780138000 ) ) ;
#7063 = CARTESIAN_POINT ( 'NONE',  ( -15.55303360258514000, 15.79526618929536700, 34.13601042383937300 ) ) ;
#7064 = CARTESIAN_POINT ( 'NONE',  ( -15.37974451026354200, 15.63447740901980900, 38.30585360546407300 ) ) ;
#7065 = CARTESIAN_POINT ( 'NONE',  ( -15.13499797181865600, 15.40738580812330700, 46.64895751929454800 ) ) ;
#7066 = CARTESIAN_POINT ( 'NONE',  ( -15.06338555866803100, 15.34093919911395800, 50.82283696912821100 ) ) ;
#7067 = CARTESIAN_POINT ( 'NONE',  ( -15.06338555866802400, 15.34093919911395800, 55.00000000000000000 ) ) ;
#7068 = CARTESIAN_POINT ( 'NONE',  ( -15.06338555866802400, 15.34093919911395800, 55.00000000000000000 ) ) ;
#7069 = B_SPLINE_CURVE_WITH_KNOTS ( 'NONE', 3,
 ( #7067, #7066, #7065, #7064, #7063, #7062, #7061, #7060 ),
 .UNSPECIFIED., .F., .F.,
 ( 4, 2, 2, 4 ),
 ( 0.0000000000000000000, 0.01252441626355261200, 0.02504883252710522400, 0.05009766505421044800 ),
 .UNSPECIFIED. ) ;
#7070 = DIRECTION ( 'NONE',  ( -1.000000000000000000, 0.0000000000000000000, 0.0000000000000000000 ) ) ;
#7071 = DIRECTION ( 'NONE',  ( 0.0000000000000000000, 0.0000000000000000000, 1.000000000000000000 ) ) ;
#7072 = AXIS2_PLACEMENT_3D ( 'NONE', #7031, #7071, #7070 ) ;
#7073 = CARTESIAN_POINT ( 'NONE',  ( -16.42373103420985500, 13.87483545545429600, 55.00000000000000000 ) ) ;
#7074 = CARTESIAN_POINT ( 'NONE',  ( -16.42373103420985500, 13.87483545545429700, 50.82224149722621600 ) ) ;
#7075 = CARTESIAN_POINT ( 'NONE',  ( -16.49536068120352900, 13.94129805513312600, 46.64819525586467100 ) ) ;
#7076 = CARTESIAN_POINT ( 'NONE',  ( -16.74010951917953300, 14.16839178968269600, 38.30536254662527500 ) ) ;
#7077 = CARTESIAN_POINT ( 'NONE',  ( -16.91335127205379200, 14.32913664537018900, 34.13658243061146200 ) ) ;
#7078 = CARTESIAN_POINT ( 'NONE',  ( -17.53428049650914000, 14.90527476981904600, 21.63548705574657300 ) ) ;
#7079 = CARTESIAN_POINT ( 'NONE',  ( -18.08172949814207800, 15.41323321115164900, 13.31660537112158800 ) ) ;
#7080 = CARTESIAN_POINT ( 'NONE',  ( -18.64902350825166300, 15.93960512943638000, 4.999999999999997300 ) ) ;
#7081 = CIRCLE ( 'NONE', #7072, 24.53277582120860200 ) ;
#7082 = B_SPLINE_CURVE_WITH_KNOTS ( 'NONE', 3,
 ( #7146, #7145, #7144, #7143, #7142, #7141, #7140, #7139 ),
 .UNSPECIFIED., .F., .F.,
 ( 4, 2, 2, 4 ),
 ( 0.0000000000000000000, 0.02505648205854301600, 0.03758472308781453400, 0.05011296411708604500 ),
 .UNSPECIFIED. ) ;
#7083 = CARTESIAN_POINT ( 'NONE',  ( -13.12221862898374200, 20.72834937342648600, 4.999999999999999100 ) ) ;
#7084 = CARTESIAN_POINT ( 'NONE',  ( -19.68976407827367900, 14.63455773283228600, 5.000000000000000900 ) ) ;
#7085 = DIRECTION ( 'NONE',  ( -1.000000000000000000, 0.0000000000000000000, 0.0000000000000000000 ) ) ;
#7086 = DIRECTION ( 'NONE',  ( -0.0000000000000000000, -0.0000000000000000000, -1.000000000000000000 ) ) ;
#7087 = AXIS2_PLACEMENT_3D ( 'NONE', #7099, #7086, #7085 ) ;
#7088 = CARTESIAN_POINT ( 'NONE',  ( -5.753950285011370600, 20.71574416036308400, 55.00000000000000000 ) ) ;
#7089 = CARTESIAN_POINT ( 'NONE',  ( -8.024506626809406700, 23.18327808766416700, 5.000000000000000900 ) ) ;
#7090 = CARTESIAN_POINT ( 'NONE',  ( -7.741779103099934100, 22.46290010575872400, 13.31653176580499400 ) ) ;
#7091 = CARTESIAN_POINT ( 'NONE',  ( -7.468917540498160300, 21.76766018278396000, 21.63629758780136900 ) ) ;
#7092 = CARTESIAN_POINT ( 'NONE',  ( -7.159489922800787600, 20.97925147089748100, 34.13601042383937300 ) ) ;
#7093 = CARTESIAN_POINT ( 'NONE',  ( -7.073125482666064600, 20.75919846623642000, 38.30585360546408000 ) ) ;
#7094 = CARTESIAN_POINT ( 'NONE',  ( -6.951147823919504800, 20.44840446043000200, 46.64895751929454800 ) ) ;
#7095 = CARTESIAN_POINT ( 'NONE',  ( -6.915457372284074600, 20.35746667274986900, 50.82283696912820400 ) ) ;
#7096 = CARTESIAN_POINT ( 'NONE',  ( -6.915457372284074600, 20.35746667274986500, 55.00000000000000000 ) ) ;
#7097 = CIRCLE ( 'NONE', #7087, 21.49999999999999300 ) ;
#7098 = B_SPLINE_CURVE_WITH_KNOTS ( 'NONE', 3,
 ( #7096, #7095, #7094, #7093, #7092, #7091, #7090, #7089 ),
 .UNSPECIFIED., .F., .F.,
 ( 4, 2, 2, 4 ),
 ( 0.0000000000000000000, 0.01252441626355261700, 0.02504883252710523500, 0.05009766505421045500 ),
 .UNSPECIFIED. ) ;
#7099 = CARTESIAN_POINT ( 'NONE',  ( 0.0000000000000000000, 0.0000000000000000000, 55.00000000000000000 ) ) ;
#7100 = CARTESIAN_POINT ( 'NONE',  ( -6.915457372284074600, 20.35746667274986500, 55.00000000000000000 ) ) ;
#7101 = CARTESIAN_POINT ( 'NONE',  ( -8.024506626809406700, 23.18327808766416700, 5.000000000000000900 ) ) ;
#7102 = DIRECTION ( 'NONE',  ( -1.000000000000000000, 1.332267629550187700E-014, 0.0000000000000000000 ) ) ;
#7103 = DIRECTION ( 'NONE',  ( 0.0000000000000000000, 0.0000000000000000000, 1.000000000000000000 ) ) ;
#7104 = CARTESIAN_POINT ( 'NONE',  ( 0.0000000000000000000, 0.0000000000000000000, 4.999999999999999100 ) ) ;
#7105 = AXIS2_PLACEMENT_3D ( 'NONE', #7104, #7103, #7102 ) ;
#7106 = CARTESIAN_POINT ( 'NONE',  ( -8.777204869572480900, 19.62678462401706600, 55.00000000000000000 ) ) ;
#7107 = CARTESIAN_POINT ( 'NONE',  ( -8.777204869572486200, 19.62678462401707000, 50.82224149722621600 ) ) ;
#7108 = CARTESIAN_POINT ( 'NONE',  ( -8.812903910272480000, 19.71774429627685500, 46.64819525586467100 ) ) ;
#7109 = CARTESIAN_POINT ( 'NONE',  ( -8.934882715067614000, 20.02854122216741600, 38.30536254662527500 ) ) ;
#7110 = CARTESIAN_POINT ( 'NONE',  ( -9.021223561998589000, 20.24853411232565700, 34.13658243061146200 ) ) ;
#7111 = CARTESIAN_POINT ( 'NONE',  ( -9.330684498719598700, 21.03702771969982500, 21.63548705574656900 ) ) ;
#7112 = AXIS2_PLACEMENT_3D ( 'NONE', #7180, #7179, #7178 ) ;
#7113 = PLANE ( 'NONE',  #7112 ) ;
#7114 = LINE ( 'NONE', #7177, #7176 ) ;
#7115 = FACE_OUTER_BOUND ( 'NONE', #2987, .T. ) ;
#7116 = DIRECTION ( 'NONE',  ( -1.000000000000000000, -1.734723475976805500E-015, 0.0000000000000000000 ) ) ;
#7117 = DIRECTION ( 'NONE',  ( 0.0000000000000000000, 0.0000000000000000000, 1.000000000000000000 ) ) ;
#7118 = CARTESIAN_POINT ( 'NONE',  ( 20.06702892150903500, -6.189858662628712900, 5.000000000000000900 ) ) ;
#7119 = AXIS2_PLACEMENT_3D ( 'NONE', #7118, #7117, #7116 ) ;
#7120 = DIRECTION ( 'NONE',  ( 1.000000000000000000, 0.0000000000000000000, 0.0000000000000000000 ) ) ;
#7121 = DIRECTION ( 'NONE',  ( -0.0000000000000000000, -0.0000000000000000000, 1.000000000000000000 ) ) ;
#7122 = CARTESIAN_POINT ( 'NONE',  ( 13.09328583903360300, -16.41846113182846200, -6.391606694777326700 ) ) ;
#7123 = AXIS2_PLACEMENT_3D ( 'NONE', #7122, #7121, #7120 ) ;
#7124 = CIRCLE ( 'NONE', #7119, 1.000000000000000900 ) ;
#7125 = CYLINDRICAL_SURFACE ( 'NONE', #7123, 1.000000000000000900 ) ;
#7126 = DIRECTION ( 'NONE',  ( 1.000000000000000000, 0.0000000000000000000, 0.0000000000000000000 ) ) ;
#7127 = DIRECTION ( 'NONE',  ( -0.0000000000000000000, -0.0000000000000000000, 1.000000000000000000 ) ) ;
#7128 = AXIS2_PLACEMENT_3D ( 'NONE', #7131, #7127, #7126 ) ;
#7129 = CYLINDRICAL_SURFACE ( 'NONE', #7128, 1.000000000000000900 ) ;
#7130 = FACE_OUTER_BOUND ( 'NONE', #3110, .T. ) ;
#7131 = CARTESIAN_POINT ( 'NONE',  ( 15.39408930842653000, -14.28362749318910700, -6.411698407867996600 ) ) ;
#7132 = FACE_OUTER_BOUND ( 'NONE', #2975, .T. ) ;
#7133 = DIRECTION ( 'NONE',  ( -1.000000000000000000, -1.421085471520200400E-014, 0.0000000000000000000 ) ) ;
#7134 = DIRECTION ( 'NONE',  ( 0.0000000000000000000, 0.0000000000000000000, 1.000000000000000000 ) ) ;
#7135 = CARTESIAN_POINT ( 'NONE',  ( 0.0000000000000000000, 0.0000000000000000000, 4.999999999999999100 ) ) ;
#7136 = AXIS2_PLACEMENT_3D ( 'NONE', #7135, #7134, #7133 ) ;
#7137 = CIRCLE ( 'NONE', #7136, 24.53277582120860200 ) ;
#7138 = CARTESIAN_POINT ( 'NONE',  ( -11.39016782141488800, 21.72834937342646800, 5.000000000000000900 ) ) ;
#7139 = CARTESIAN_POINT ( 'NONE',  ( -11.60439120124178400, 18.09939515145580600, 55.00000000000000000 ) ) ;
#7140 = CARTESIAN_POINT ( 'NONE',  ( -11.60439120124179100, 18.09939515145580200, 50.82224149722621600 ) ) ;
#7141 = CARTESIAN_POINT ( 'NONE',  ( -11.65324834883685400, 18.18401821340335900, 46.64819525586468500 ) ) ;
#7142 = CARTESIAN_POINT ( 'NONE',  ( -11.82018662931969500, 18.47316379692783200, 38.30536254662526800 ) ) ;
#7143 = CARTESIAN_POINT ( 'NONE',  ( -11.93835135921926100, 18.67783111277650200, 34.13658243061146200 ) ) ;
#7144 = CARTESIAN_POINT ( 'NONE',  ( -12.36187474706997600, 19.41139513872762700, 21.63548705574657700 ) ) ;
#7145 = CARTESIAN_POINT ( 'NONE',  ( -12.73527874661666800, 20.05814983769200000, 13.31660537112158900 ) ) ;
#7146 = CARTESIAN_POINT ( 'NONE',  ( -13.12221862898374200, 20.72834937342648600, 4.999999999999999100 ) ) ;
#7147 = FACE_OUTER_BOUND ( 'NONE', #3009, .T. ) ;
#7148 = DIRECTION ( 'NONE',  ( -0.0000000000000000000, -0.0000000000000000000, 1.000000000000000000 ) ) ;
#7149 = VECTOR ( 'NONE', #7148, 1000.000000000000000 ) ;
#7150 = CARTESIAN_POINT ( 'NONE',  ( 18.48646248683336800, -10.01252738937089500, -6.213145574501199400 ) ) ;
#7151 = LINE ( 'NONE', #7150, #7149 ) ;
#7152 = DIRECTION ( 'NONE',  ( 1.000000000000000000, 0.0000000000000000000, 0.0000000000000000000 ) ) ;
#7153 = DIRECTION ( 'NONE',  ( -0.0000000000000000000, -0.0000000000000000000, 1.000000000000000000 ) ) ;
#7154 = CARTESIAN_POINT ( 'NONE',  ( 18.92034622595091500, -9.111558521468468900, -6.213145574501199400 ) ) ;
#7155 = AXIS2_PLACEMENT_3D ( 'NONE', #7154, #7153, #7152 ) ;
#7156 = CYLINDRICAL_SURFACE ( 'NONE', #7155, 1.000000000000000900 ) ;
#7157 = FACE_OUTER_BOUND ( 'NONE', #3003, .T. ) ;
#7158 = DIRECTION ( 'NONE',  ( -1.000000000000000000, 0.0000000000000000000, 0.0000000000000000000 ) ) ;
#7159 = DIRECTION ( 'NONE',  ( -0.0000000000000000000, 0.0000000000000000000, -1.000000000000000000 ) ) ;
#7160 = CARTESIAN_POINT ( 'NONE',  ( 0.0000000000000000000, 0.0000000000000000000, 5.000000000000000000 ) ) ;
#7161 = AXIS2_PLACEMENT_3D ( 'NONE', #7160, #7159, #7158 ) ;
#7162 = PLANE ( 'NONE',  #7161 ) ;
#7163 = FACE_OUTER_BOUND ( 'NONE', #3010, .T. ) ;
#7164 = CARTESIAN_POINT ( 'NONE',  ( 19.77227374709814400, -7.145431468414857400, 5.000000000000000900 ) ) ;
#7165 = DIRECTION ( 'NONE',  ( 0.9555728057861447900, -0.2947551744108911600, 0.0000000000000000000 ) ) ;
#7166 = DIRECTION ( 'NONE',  ( -0.2947551744108911600, -0.9555728057861447900, 0.0000000000000000000 ) ) ;
#7167 = CARTESIAN_POINT ( 'NONE',  ( 19.77227374709814400, -7.145431468414858300, -6.000819966177892300 ) ) ;
#7168 = AXIS2_PLACEMENT_3D ( 'NONE', #7167, #7166, #7165 ) ;
#7169 = PLANE ( 'NONE',  #7168 ) ;
#7170 = FACE_OUTER_BOUND ( 'NONE', #2994, .T. ) ;
#7171 = DIRECTION ( 'NONE',  ( -0.0000000000000000000, -0.0000000000000000000, 1.000000000000000000 ) ) ;
#7172 = VECTOR ( 'NONE', #7171, 1000.000000000000000 ) ;
#7173 = CARTESIAN_POINT ( 'NONE',  ( 19.77227374709814400, -7.145431468414858300, -6.000819966177892300 ) ) ;
#7174 = LINE ( 'NONE', #7173, #7172 ) ;
#7175 = DIRECTION ( 'NONE',  ( 0.9555728057861447900, -0.2947551744108911600, 0.0000000000000000000 ) ) ;
#7176 = VECTOR ( 'NONE', #7175, 1000.000000000000100 ) ;
#7177 = CARTESIAN_POINT ( 'NONE',  ( 19.77227374709814400, -7.145431468414858300, 5.000000000000000900 ) ) ;
#7178 = DIRECTION ( 'NONE',  ( -0.9555728057861447900, 0.2947551744108911600, 0.0000000000000000000 ) ) ;
#7179 = DIRECTION ( 'NONE',  ( 0.2947551744108911600, 0.9555728057861447900, 0.0000000000000000000 ) ) ;
#7180 = CARTESIAN_POINT ( 'NONE',  ( 20.36178409591993000, -5.234285856842567400, -6.000819966177892300 ) ) ;
#7181 = PLANE ( 'NONE',  #7244 ) ;
#7182 = FACE_OUTER_BOUND ( 'NONE', #3026, .T. ) ;
#7183 = DIRECTION ( 'NONE',  ( 0.9009688679024249200, -0.4338837391175463000, 0.0000000000000000000 ) ) ;
#7184 = VECTOR ( 'NONE', #7183, 999.9999999999998900 ) ;
#7185 = CARTESIAN_POINT ( 'NONE',  ( 18.48646248683336800, -10.01252738937089500, 5.000000000000000900 ) ) ;
#7186 = LINE ( 'NONE', #7185, #7184 ) ;
#7187 = CARTESIAN_POINT ( 'NONE',  ( 19.35422996506846300, -8.210589653566044500, 5.000000000000000900 ) ) ;
#7188 = DIRECTION ( 'NONE',  ( -1.000000000000000000, 0.0000000000000000000, 0.0000000000000000000 ) ) ;
#7189 = DIRECTION ( 'NONE',  ( -0.0000000000000000000, 0.0000000000000000000, -1.000000000000000000 ) ) ;
#7190 = CARTESIAN_POINT ( 'NONE',  ( 0.0000000000000000000, 0.0000000000000000000, 5.000000000000000000 ) ) ;
#7191 = AXIS2_PLACEMENT_3D ( 'NONE', #7190, #7189, #7188 ) ;
#7192 = PLANE ( 'NONE',  #7191 ) ;
#7193 = FACE_OUTER_BOUND ( 'NONE', #3017, .T. ) ;
#7194 = DIRECTION ( 'NONE',  ( -0.9009688679024249200, 0.4338837391175463000, 0.0000000000000000000 ) ) ;
#7195 = VECTOR ( 'NONE', #7194, 999.9999999999998900 ) ;
#7196 = CARTESIAN_POINT ( 'NONE',  ( 19.35422996506846300, -8.210589653566044500, 5.000000000000000900 ) ) ;
#7197 = LINE ( 'NONE', #7196, #7195 ) ;
#7198 = DIRECTION ( 'NONE',  ( -1.000000000000000000, 0.0000000000000000000, 0.0000000000000000000 ) ) ;
#7199 = DIRECTION ( 'NONE',  ( 0.0000000000000000000, 0.0000000000000000000, 1.000000000000000000 ) ) ;
#7200 = CARTESIAN_POINT ( 'NONE',  ( 18.92034622595091500, -9.111558521468468900, 5.000000000000000900 ) ) ;
#7201 = AXIS2_PLACEMENT_3D ( 'NONE', #7200, #7199, #7198 ) ;
#7202 = CIRCLE ( 'NONE', #7201, 1.000000000000000900 ) ;
#7203 = DIRECTION ( 'NONE',  ( -0.0000000000000000000, -0.0000000000000000000, 1.000000000000000000 ) ) ;
#7204 = VECTOR ( 'NONE', #7203, 1000.000000000000000 ) ;
#7205 = CARTESIAN_POINT ( 'NONE',  ( 19.35422996506846300, -8.210589653566044500, -6.213145574501199400 ) ) ;
#7206 = LINE ( 'NONE', #7205, #7204 ) ;
#7207 = DIRECTION ( 'NONE',  ( -0.9009688679024249200, 0.4338837391175463000, 0.0000000000000000000 ) ) ;
#7208 = DIRECTION ( 'NONE',  ( 0.4338837391175463000, 0.9009688679024249200, 0.0000000000000000000 ) ) ;
#7209 = CARTESIAN_POINT ( 'NONE',  ( 19.35422996506846300, -8.210589653566044500, -6.213145574501199400 ) ) ;
#7210 = AXIS2_PLACEMENT_3D ( 'NONE', #7209, #7208, #7207 ) ;
#7211 = PLANE ( 'NONE',  #7210 ) ;
#7212 = CARTESIAN_POINT ( 'NONE',  ( 16.78769420257242500, -12.65595999365184500, 5.000000000000000900 ) ) ;
#7213 = LINE ( 'NONE', #7212, #7277 ) ;
#7214 = DIRECTION ( 'NONE',  ( -0.0000000000000000000, -0.0000000000000000000, 1.000000000000000000 ) ) ;
#7215 = VECTOR ( 'NONE', #7214, 1000.000000000000000 ) ;
#7216 = CARTESIAN_POINT ( 'NONE',  ( 16.78769420257242500, -12.65595999365184500, -6.351580772764347800 ) ) ;
#7217 = LINE ( 'NONE', #7216, #7215 ) ;
#7218 = DIRECTION ( 'NONE',  ( 0.8262387743160017900, -0.5633200580636118500, 0.0000000000000000000 ) ) ;
#7219 = DIRECTION ( 'NONE',  ( -0.5633200580636118500, -0.8262387743160017900, 0.0000000000000000000 ) ) ;
#7220 = CARTESIAN_POINT ( 'NONE',  ( 16.78769420257242500, -12.65595999365184500, -6.351580772764347800 ) ) ;
#7221 = AXIS2_PLACEMENT_3D ( 'NONE', #7220, #7219, #7218 ) ;
#7222 = PLANE ( 'NONE',  #7221 ) ;
#7223 = FACE_OUTER_BOUND ( 'NONE', #3045, .T. ) ;
#7224 = DIRECTION ( 'NONE',  ( -0.8262387743160017900, 0.5633200580636118500, 0.0000000000000000000 ) ) ;
#7225 = DIRECTION ( 'NONE',  ( 0.5633200580636118500, 0.8262387743160017900, 0.0000000000000000000 ) ) ;
#7226 = CARTESIAN_POINT ( 'NONE',  ( 17.91433431869964800, -11.00348244501984100, -6.351580772764347800 ) ) ;
#7227 = AXIS2_PLACEMENT_3D ( 'NONE', #7226, #7225, #7224 ) ;
#7228 = PLANE ( 'NONE',  #7227 ) ;
#7229 = DIRECTION ( 'NONE',  ( 1.000000000000000000, 0.0000000000000000000, 0.0000000000000000000 ) ) ;
#7230 = DIRECTION ( 'NONE',  ( -0.0000000000000000000, -0.0000000000000000000, 1.000000000000000000 ) ) ;
#7231 = CARTESIAN_POINT ( 'NONE',  ( 17.35101426063603500, -11.82972121933584300, -6.351580772764347800 ) ) ;
#7232 = AXIS2_PLACEMENT_3D ( 'NONE', #7231, #7230, #7229 ) ;
#7233 = FACE_OUTER_BOUND ( 'NONE', #3043, .T. ) ;
#7234 = CYLINDRICAL_SURFACE ( 'NONE', #7232, 1.000000000000000900 ) ;
#7235 = FACE_OUTER_BOUND ( 'NONE', #3035, .T. ) ;
#7236 = DIRECTION ( 'NONE',  ( -0.0000000000000000000, -0.0000000000000000000, 1.000000000000000000 ) ) ;
#7237 = VECTOR ( 'NONE', #7236, 1000.000000000000000 ) ;
#7238 = CARTESIAN_POINT ( 'NONE',  ( 17.91433431869964800, -11.00348244501984100, -6.351580772764347800 ) ) ;
#7239 = LINE ( 'NONE', #7238, #7237 ) ;
#7240 = CARTESIAN_POINT ( 'NONE',  ( 18.48646248683336800, -10.01252738937089500, 5.000000000000000900 ) ) ;
#7241 = DIRECTION ( 'NONE',  ( 0.9009688679024249200, -0.4338837391175463000, 0.0000000000000000000 ) ) ;
#7242 = DIRECTION ( 'NONE',  ( -0.4338837391175463000, -0.9009688679024249200, 0.0000000000000000000 ) ) ;
#7243 = CARTESIAN_POINT ( 'NONE',  ( 18.48646248683336800, -10.01252738937089500, -6.213145574501199400 ) ) ;
#7244 = AXIS2_PLACEMENT_3D ( 'NONE', #7243, #7242, #7241 ) ;
#7245 = DIRECTION ( 'NONE',  ( -1.000000000000000000, -5.204170427930416600E-015, 0.0000000000000000000 ) ) ;
#7246 = DIRECTION ( 'NONE',  ( 0.0000000000000000000, 0.0000000000000000000, 1.000000000000000000 ) ) ;
#7247 = CARTESIAN_POINT ( 'NONE',  ( 17.35101426063603500, -11.82972121933584300, 5.000000000000000900 ) ) ;
#7248 = AXIS2_PLACEMENT_3D ( 'NONE', #7247, #7246, #7245 ) ;
#7249 = CIRCLE ( 'NONE', #7248, 1.000000000000000900 ) ;
#7250 = DIRECTION ( 'NONE',  ( -1.000000000000000000, 0.0000000000000000000, 0.0000000000000000000 ) ) ;
#7251 = DIRECTION ( 'NONE',  ( -1.000000000000000000, -3.469446951953611000E-015, 0.0000000000000000000 ) ) ;
#7252 = DIRECTION ( 'NONE',  ( 0.0000000000000000000, 0.0000000000000000000, 1.000000000000000000 ) ) ;
#7253 = CARTESIAN_POINT ( 'NONE',  ( 13.09328583903360300, -16.41846113182846200, 5.000000000000000900 ) ) ;
#7254 = AXIS2_PLACEMENT_3D ( 'NONE', #7253, #7252, #7251 ) ;
#7255 = CIRCLE ( 'NONE', #7254, 1.000000000000000900 ) ;
#7256 = DIRECTION ( 'NONE',  ( -0.0000000000000000000, -0.0000000000000000000, 1.000000000000000000 ) ) ;
#7257 = VECTOR ( 'NONE', #7256, 1000.000000000000000 ) ;
#7258 = CARTESIAN_POINT ( 'NONE',  ( 12.31145435656558000, -17.04195093368720400, -6.391606694777326700 ) ) ;
#7259 = LINE ( 'NONE', #7258, #7257 ) ;
#7260 = CARTESIAN_POINT ( 'NONE',  ( 13.87511732150162300, -15.79497132996971600, 5.000000000000000900 ) ) ;
#7261 = DIRECTION ( 'NONE',  ( -1.000000000000000000, 0.0000000000000000000, 0.0000000000000000000 ) ) ;
#7262 = DIRECTION ( 'NONE',  ( -0.0000000000000000000, 0.0000000000000000000, -1.000000000000000000 ) ) ;
#7263 = CARTESIAN_POINT ( 'NONE',  ( 0.0000000000000000000, 0.0000000000000000000, 5.000000000000000000 ) ) ;
#7264 = AXIS2_PLACEMENT_3D ( 'NONE', #7263, #7262, #7261 ) ;
#7265 = PLANE ( 'NONE',  #7264 ) ;
#7266 = FACE_OUTER_BOUND ( 'NONE', #3060, .T. ) ;
#7267 = DIRECTION ( 'NONE',  ( -0.7330518718298351100, 0.6801727377709100300, 0.0000000000000000000 ) ) ;
#7268 = VECTOR ( 'NONE', #7267, 999.9999999999998900 ) ;
#7269 = CARTESIAN_POINT ( 'NONE',  ( 16.07426204619744000, -13.55057562135927200, 5.000000000000000900 ) ) ;
#7270 = LINE ( 'NONE', #7269, #7268 ) ;
#7271 = DIRECTION ( 'NONE',  ( 0.6234898018587431400, -0.7818314824680221400, 0.0000000000000000000 ) ) ;
#7272 = VECTOR ( 'NONE', #7271, 1000.000000000000000 ) ;
#7273 = CARTESIAN_POINT ( 'NONE',  ( 12.31145435656558000, -17.04195093368720400, 5.000000000000000900 ) ) ;
#7274 = LINE ( 'NONE', #7273, #7272 ) ;
#7275 = CARTESIAN_POINT ( 'NONE',  ( 12.31145435656557800, -17.04195093368720400, 5.000000000000000900 ) ) ;
#7276 = DIRECTION ( 'NONE',  ( 0.8262387743160017900, -0.5633200580636118500, 0.0000000000000000000 ) ) ;
#7277 = VECTOR ( 'NONE', #7276, 1000.000000000000000 ) ;
#7278 = EDGE_LOOP ( 'NONE', ( #3243, #2648, #2651, #10134 ) ) ;
#7279 = CARTESIAN_POINT ( 'NONE',  ( 15.39408930842653000, -14.28362749318910700, 5.000000000000000900 ) ) ;
#7280 = AXIS2_PLACEMENT_3D ( 'NONE', #7279, #7342, #7341 ) ;
#7281 = CIRCLE ( 'NONE', #7280, 1.000000000000000900 ) ;
#7282 = DIRECTION ( 'NONE',  ( 0.6234898018587430300, -0.7818314824680221400, 0.0000000000000000000 ) ) ;
#7283 = DIRECTION ( 'NONE',  ( -0.7818314824680221400, -0.6234898018587430300, 0.0000000000000000000 ) ) ;
#7284 = CARTESIAN_POINT ( 'NONE',  ( 12.31145435656558000, -17.04195093368720400, -6.391606694777326700 ) ) ;
#7285 = AXIS2_PLACEMENT_3D ( 'NONE', #7284, #7283, #7282 ) ;
#7286 = PLANE ( 'NONE',  #7285 ) ;
#7287 = FACE_OUTER_BOUND ( 'NONE', #3089, .T. ) ;
#7288 = DIRECTION ( 'NONE',  ( -0.6234898018587431400, 0.7818314824680221400, 0.0000000000000000000 ) ) ;
#7289 = VECTOR ( 'NONE', #7288, 1000.000000000000000 ) ;
#7290 = CARTESIAN_POINT ( 'NONE',  ( 13.87511732150162500, -15.79497132996971600, 5.000000000000000900 ) ) ;
#7291 = LINE ( 'NONE', #7290, #7289 ) ;
#7292 = CARTESIAN_POINT ( 'NONE',  ( 16.07426204619744000, -13.55057562135927000, 5.000000000000000900 ) ) ;
#7293 = DIRECTION ( 'NONE',  ( -0.0000000000000000000, -0.0000000000000000000, 1.000000000000000000 ) ) ;
#7294 = VECTOR ( 'NONE', #7293, 1000.000000000000000 ) ;
#7295 = CARTESIAN_POINT ( 'NONE',  ( 11.36602540378464200, -17.68653347947307400, -6.291935891927072300 ) ) ;
#7296 = LINE ( 'NONE', #7295, #7294 ) ;
#7297 = DIRECTION ( 'NONE',  ( 1.000000000000000000, 0.0000000000000000000, 0.0000000000000000000 ) ) ;
#7298 = DIRECTION ( 'NONE',  ( -0.0000000000000000000, -0.0000000000000000000, 1.000000000000000000 ) ) ;
#7299 = CARTESIAN_POINT ( 'NONE',  ( 10.50000000000021000, -18.18653347947308400, -6.291935891927072300 ) ) ;
#7300 = AXIS2_PLACEMENT_3D ( 'NONE', #7299, #7298, #7297 ) ;
#7301 = CYLINDRICAL_SURFACE ( 'NONE', #7300, 0.9999999999999991100 ) ;
#7302 = FACE_OUTER_BOUND ( 'NONE', #3080, .T. ) ;
#7303 = CARTESIAN_POINT ( 'NONE',  ( 17.91433431869964800, -11.00348244501984000, 5.000000000000000900 ) ) ;
#7304 = DIRECTION ( 'NONE',  ( -0.8262387743160017900, 0.5633200580636118500, 0.0000000000000000000 ) ) ;
#7305 = VECTOR ( 'NONE', #7304, 1000.000000000000000 ) ;
#7306 = CARTESIAN_POINT ( 'NONE',  ( 17.91433431869964800, -11.00348244501984100, 5.000000000000000900 ) ) ;
#7307 = LINE ( 'NONE', #7306, #7305 ) ;
#7308 = CARTESIAN_POINT ( 'NONE',  ( 16.78769420257242500, -12.65595999365184300, 5.000000000000000900 ) ) ;
#7309 = FACE_OUTER_BOUND ( 'NONE', #3071, .T. ) ;
#7310 = DIRECTION ( 'NONE',  ( -0.0000000000000000000, -0.0000000000000000000, 1.000000000000000000 ) ) ;
#7311 = VECTOR ( 'NONE', #7310, 1000.000000000000000 ) ;
#7312 = CARTESIAN_POINT ( 'NONE',  ( 13.87511732150162500, -15.79497132996971600, -6.391606694777326700 ) ) ;
#7313 = LINE ( 'NONE', #7312, #7311 ) ;
#7314 = DIRECTION ( 'NONE',  ( -0.6234898018587430300, 0.7818314824680221400, 0.0000000000000000000 ) ) ;
#7315 = DIRECTION ( 'NONE',  ( 0.7818314824680221400, 0.6234898018587430300, 0.0000000000000000000 ) ) ;
#7316 = CARTESIAN_POINT ( 'NONE',  ( 13.87511732150162500, -15.79497132996971600, -6.391606694777326700 ) ) ;
#7317 = AXIS2_PLACEMENT_3D ( 'NONE', #7316, #7315, #7314 ) ;
#7318 = PLANE ( 'NONE',  #7317 ) ;
#7319 = FACE_OUTER_BOUND ( 'NONE', #3105, .T. ) ;
#7320 = DIRECTION ( 'NONE',  ( -0.7330518718298351100, 0.6801727377709100300, 0.0000000000000000000 ) ) ;
#7321 = DIRECTION ( 'NONE',  ( 0.6801727377709100300, 0.7330518718298351100, 0.0000000000000000000 ) ) ;
#7322 = CARTESIAN_POINT ( 'NONE',  ( 16.07426204619744000, -13.55057562135927200, -6.411698407867996600 ) ) ;
#7323 = AXIS2_PLACEMENT_3D ( 'NONE', #7322, #7321, #7320 ) ;
#7324 = PLANE ( 'NONE',  #7323 ) ;
#7325 = FACE_OUTER_BOUND ( 'NONE', #3118, .T. ) ;
#7326 = DIRECTION ( 'NONE',  ( -0.0000000000000000000, -0.0000000000000000000, 1.000000000000000000 ) ) ;
#7327 = VECTOR ( 'NONE', #7326, 1000.000000000000000 ) ;
#7328 = CARTESIAN_POINT ( 'NONE',  ( 14.71391657065562000, -15.01667936501893900, -6.411698407867996600 ) ) ;
#7329 = LINE ( 'NONE', #7328, #7327 ) ;
#7330 = DIRECTION ( 'NONE',  ( 0.7330518718298351100, -0.6801727377709100300, 0.0000000000000000000 ) ) ;
#7331 = DIRECTION ( 'NONE',  ( -0.6801727377709100300, -0.7330518718298351100, 0.0000000000000000000 ) ) ;
#7332 = CARTESIAN_POINT ( 'NONE',  ( 14.71391657065562000, -15.01667936501893900, -6.411698407867996600 ) ) ;
#7333 = AXIS2_PLACEMENT_3D ( 'NONE', #7332, #7331, #7330 ) ;
#7334 = PLANE ( 'NONE',  #7333 ) ;
#7335 = FACE_OUTER_BOUND ( 'NONE', #3096, .T. ) ;
#7336 = DIRECTION ( 'NONE',  ( 0.7330518718298351100, -0.6801727377709100300, 0.0000000000000000000 ) ) ;
#7337 = VECTOR ( 'NONE', #7336, 999.9999999999998900 ) ;
#7338 = CARTESIAN_POINT ( 'NONE',  ( 14.71391657065562000, -15.01667936501893900, 5.000000000000000900 ) ) ;
#7339 = LINE ( 'NONE', #7338, #7337 ) ;
#7340 = CARTESIAN_POINT ( 'NONE',  ( 14.71391657065562000, -15.01667936501893900, 5.000000000000000900 ) ) ;
#7341 = DIRECTION ( 'NONE',  ( -1.000000000000000000, 1.734723475976805500E-015, 0.0000000000000000000 ) ) ;
#7342 = DIRECTION ( 'NONE',  ( 0.0000000000000000000, 0.0000000000000000000, 1.000000000000000000 ) ) ;
#7343 = VECTOR ( 'NONE', #7407, 1000.000000000000000 ) ;
#7344 = CARTESIAN_POINT ( 'NONE',  ( 20.61640508455157300, -4.118718415924514700, -5.721605746580232600 ) ) ;
#7345 = LINE ( 'NONE', #7344, #7343 ) ;
#7346 = DIRECTION ( 'NONE',  ( -0.0000000000000000000, -0.0000000000000000000, 1.000000000000000000 ) ) ;
#7347 = VECTOR ( 'NONE', #7346, 1000.000000000000000 ) ;
#7348 = CARTESIAN_POINT ( 'NONE',  ( 20.91448961690389300, -2.141056763474253900, -5.721605746580232600 ) ) ;
#7349 = LINE ( 'NONE', #7348, #7347 ) ;
#7350 = CARTESIAN_POINT ( 'NONE',  ( 8.603035260338709000, -19.18300769716179100, 5.000000000000000900 ) ) ;
#7351 = DIRECTION ( 'NONE',  ( 1.000000000000000000, 0.0000000000000000000, 0.0000000000000000000 ) ) ;
#7352 = DIRECTION ( 'NONE',  ( -0.0000000000000000000, -0.0000000000000000000, 1.000000000000000000 ) ) ;
#7353 = CARTESIAN_POINT ( 'NONE',  ( 20.76544735072773300, -3.129887589699384500, -5.721605746580232600 ) ) ;
#7354 = AXIS2_PLACEMENT_3D ( 'NONE', #7353, #7352, #7351 ) ;
#7355 = CYLINDRICAL_SURFACE ( 'NONE', #7354, 1.000000000000000900 ) ;
#7356 = FACE_OUTER_BOUND ( 'NONE', #3085, .T. ) ;
#7357 = DIRECTION ( 'NONE',  ( -0.3653410243664052000, 0.9308737486442002500, 0.0000000000000000000 ) ) ;
#7358 = VECTOR ( 'NONE', #7357, 1000.000000000000100 ) ;
#7359 = CARTESIAN_POINT ( 'NONE',  ( 8.603035260338709000, -19.18300769716179100, 5.000000000000000900 ) ) ;
#7360 = LINE ( 'NONE', #7359, #7358 ) ;
#7361 = DIRECTION ( 'NONE',  ( -0.0000000000000000000, -0.0000000000000000000, 1.000000000000000000 ) ) ;
#7362 = VECTOR ( 'NONE', #7361, 1000.000000000000000 ) ;
#7363 = CARTESIAN_POINT ( 'NONE',  ( 16.07426204619744000, -13.55057562135927200, -6.411698407867996600 ) ) ;
#7364 = LINE ( 'NONE', #7363, #7362 ) ;
#7365 = DIRECTION ( 'NONE',  ( -1.000000000000000000, 0.0000000000000000000, 0.0000000000000000000 ) ) ;
#7366 = DIRECTION ( 'NONE',  ( -0.0000000000000000000, 0.0000000000000000000, -1.000000000000000000 ) ) ;
#7367 = CARTESIAN_POINT ( 'NONE',  ( 0.0000000000000000000, 0.0000000000000000000, 5.000000000000000000 ) ) ;
#7368 = AXIS2_PLACEMENT_3D ( 'NONE', #7367, #7366, #7365 ) ;
#7369 = PLANE ( 'NONE',  #7368 ) ;
#7370 = FACE_OUTER_BOUND ( 'NONE', #3055, .T. ) ;
#7371 = DIRECTION ( 'NONE',  ( -1.000000000000000000, 0.0000000000000000000, 0.0000000000000000000 ) ) ;
#7372 = DIRECTION ( 'NONE',  ( -0.0000000000000000000, 0.0000000000000000000, -1.000000000000000000 ) ) ;
#7373 = CARTESIAN_POINT ( 'NONE',  ( 0.0000000000000000000, 0.0000000000000000000, 5.000000000000000000 ) ) ;
#7374 = AXIS2_PLACEMENT_3D ( 'NONE', #7373, #7372, #7371 ) ;
#7375 = PLANE ( 'NONE',  #7374 ) ;
#7376 = DIRECTION ( 'NONE',  ( -0.9888308262251305200, 0.1490422661761612000, 0.0000000000000000000 ) ) ;
#7377 = VECTOR ( 'NONE', #7376, 1000.000000000000000 ) ;
#7378 = CARTESIAN_POINT ( 'NONE',  ( 20.91448961690389300, -2.141056763474253900, 5.000000000000000900 ) ) ;
#7379 = LINE ( 'NONE', #7378, #7377 ) ;
#7380 = DIRECTION ( 'NONE',  ( 0.9888308262251305200, -0.1490422661761612000, 0.0000000000000000000 ) ) ;
#7381 = VECTOR ( 'NONE', #7380, 1000.000000000000000 ) ;
#7382 = CARTESIAN_POINT ( 'NONE',  ( 20.61640508455157300, -4.118718415924514700, 5.000000000000000900 ) ) ;
#7383 = LINE ( 'NONE', #7382, #7381 ) ;
#7384 = DIRECTION ( 'NONE',  ( 0.9888308262251305200, -0.1490422661761612000, 0.0000000000000000000 ) ) ;
#7385 = DIRECTION ( 'NONE',  ( -0.1490422661761612000, -0.9888308262251305200, 0.0000000000000000000 ) ) ;
#7386 = CARTESIAN_POINT ( 'NONE',  ( 20.61640508455157300, -4.118718415924514700, -5.721605746580232600 ) ) ;
#7387 = AXIS2_PLACEMENT_3D ( 'NONE', #7386, #7385, #7384 ) ;
#7388 = FACE_OUTER_BOUND ( 'NONE', #3145, .T. ) ;
#7389 = DIRECTION ( 'NONE',  ( 1.000000000000000000, 0.0000000000000000000, 0.0000000000000000000 ) ) ;
#7390 = DIRECTION ( 'NONE',  ( -0.0000000000000000000, -0.0000000000000000000, 1.000000000000000000 ) ) ;
#7391 = CARTESIAN_POINT ( 'NONE',  ( 20.06702892150903500, -6.189858662628712900, -6.000819966177892300 ) ) ;
#7392 = AXIS2_PLACEMENT_3D ( 'NONE', #7391, #7390, #7389 ) ;
#7393 = PLANE ( 'NONE',  #7387 ) ;
#7394 = CYLINDRICAL_SURFACE ( 'NONE', #7392, 1.000000000000000900 ) ;
#7395 = FACE_OUTER_BOUND ( 'NONE', #3146, .T. ) ;
#7396 = DIRECTION ( 'NONE',  ( -1.000000000000000000, 0.0000000000000000000, 0.0000000000000000000 ) ) ;
#7397 = DIRECTION ( 'NONE',  ( -0.0000000000000000000, 0.0000000000000000000, -1.000000000000000000 ) ) ;
#7398 = CARTESIAN_POINT ( 'NONE',  ( 0.0000000000000000000, 0.0000000000000000000, 5.000000000000000000 ) ) ;
#7399 = AXIS2_PLACEMENT_3D ( 'NONE', #7398, #7397, #7396 ) ;
#7400 = PLANE ( 'NONE',  #7399 ) ;
#7401 = FACE_OUTER_BOUND ( 'NONE', #3139, .T. ) ;
#7402 = DIRECTION ( 'NONE',  ( -1.000000000000000000, 0.0000000000000000000, 0.0000000000000000000 ) ) ;
#7403 = DIRECTION ( 'NONE',  ( 0.0000000000000000000, 0.0000000000000000000, 1.000000000000000000 ) ) ;
#7404 = CARTESIAN_POINT ( 'NONE',  ( 20.76544735072773300, -3.129887589699384500, 5.000000000000000900 ) ) ;
#7405 = AXIS2_PLACEMENT_3D ( 'NONE', #7404, #7403, #7402 ) ;
#7406 = CIRCLE ( 'NONE', #7405, 1.000000000000000900 ) ;
#7407 = DIRECTION ( 'NONE',  ( -0.0000000000000000000, -0.0000000000000000000, 1.000000000000000000 ) ) ;
#7408 = PLANE ( 'NONE',  #7472 ) ;
#7409 = FACE_OUTER_BOUND ( 'NONE', #3179, .T. ) ;
#7410 = DIRECTION ( 'NONE',  ( -1.000000000000000000, 3.469446951953617300E-015, 0.0000000000000000000 ) ) ;
#7411 = DIRECTION ( 'NONE',  ( 0.0000000000000000000, 0.0000000000000000000, 1.000000000000000000 ) ) ;
#7412 = CARTESIAN_POINT ( 'NONE',  ( 10.50000000000021000, -18.18653347947308400, 5.000000000000000900 ) ) ;
#7413 = AXIS2_PLACEMENT_3D ( 'NONE', #7412, #7411, #7410 ) ;
#7414 = CIRCLE ( 'NONE', #7413, 0.9999999999999991100 ) ;
#7415 = DIRECTION ( 'NONE',  ( -1.000000000000000000, 3.469446951953614200E-015, 0.0000000000000000000 ) ) ;
#7416 = DIRECTION ( 'NONE',  ( 0.0000000000000000000, 0.0000000000000000000, 1.000000000000000000 ) ) ;
#7417 = CARTESIAN_POINT ( 'NONE',  ( 7.672161511694509000, -19.54834872152820000, 5.000000000000000900 ) ) ;
#7418 = AXIS2_PLACEMENT_3D ( 'NONE', #7417, #7416, #7415 ) ;
#7419 = CIRCLE ( 'NONE', #7418, 1.000000000000000000 ) ;
#7420 = DIRECTION ( 'NONE',  ( -0.5000000000000101000, 0.8660254037844328200, 0.0000000000000000000 ) ) ;
#7421 = VECTOR ( 'NONE', #7420, 1000.000000000000000 ) ;
#7422 = CARTESIAN_POINT ( 'NONE',  ( 11.36602540378464200, -17.68653347947307400, 5.000000000000000900 ) ) ;
#7423 = LINE ( 'NONE', #7422, #7421 ) ;
#7424 = DIRECTION ( 'NONE',  ( 0.3653410243664052000, -0.9308737486442002500, 0.0000000000000000000 ) ) ;
#7425 = VECTOR ( 'NONE', #7424, 1000.000000000000100 ) ;
#7426 = CARTESIAN_POINT ( 'NONE',  ( 6.741287763050309000, -19.91368974589460400, 5.000000000000000900 ) ) ;
#7427 = LINE ( 'NONE', #7426, #7425 ) ;
#7428 = DIRECTION ( 'NONE',  ( -0.9555728057861447900, 0.2947551744108911600, 0.0000000000000000000 ) ) ;
#7429 = VECTOR ( 'NONE', #7428, 1000.000000000000100 ) ;
#7430 = CARTESIAN_POINT ( 'NONE',  ( 20.36178409591993000, -5.234285856842567400, 5.000000000000000900 ) ) ;
#7431 = LINE ( 'NONE', #7430, #7429 ) ;
#7432 = CARTESIAN_POINT ( 'NONE',  ( 20.36178409591993000, -5.234285856842566500, 5.000000000000000900 ) ) ;
#7433 = DIRECTION ( 'NONE',  ( -0.0000000000000000000, -0.0000000000000000000, 1.000000000000000000 ) ) ;
#7434 = VECTOR ( 'NONE', #7433, 1000.000000000000000 ) ;
#7435 = CARTESIAN_POINT ( 'NONE',  ( 20.36178409591993000, -5.234285856842567400, -6.000819966177892300 ) ) ;
#7436 = LINE ( 'NONE', #7435, #7434 ) ;
#7437 = CARTESIAN_POINT ( 'NONE',  ( 20.61640508455157300, -4.118718415924514700, 5.000000000000000900 ) ) ;
#7438 = CARTESIAN_POINT ( 'NONE',  ( 20.91448961690389300, -2.141056763474253900, 5.000000000000000900 ) ) ;
#7439 = FACE_OUTER_BOUND ( 'NONE', #3194, .T. ) ;
#7440 = DIRECTION ( 'NONE',  ( 0.0000000000000000000, 0.0000000000000000000, -1.000000000000000000 ) ) ;
#7441 = VECTOR ( 'NONE', #7440, 1000.000000000000000 ) ;
#7442 = CARTESIAN_POINT ( 'NONE',  ( 0.4499999999999995700, -18.80028600874643300, 7.000000000000000000 ) ) ;
#7443 = PLANE ( 'NONE',  #7504 ) ;
#7444 = LINE ( 'NONE', #7442, #7441 ) ;
#7445 = DIRECTION ( 'NONE',  ( 0.0000000000000000000, 0.0000000000000000000, -1.000000000000000000 ) ) ;
#7446 = VECTOR ( 'NONE', #7445, 1000.000000000000000 ) ;
#7447 = CARTESIAN_POINT ( 'NONE',  ( 0.4499999999999995700, -24.19971399125355700, 7.000000000000000000 ) ) ;
#7448 = LINE ( 'NONE', #7447, #7446 ) ;
#7449 = DIRECTION ( 'NONE',  ( 0.0000000000000000000, -0.0000000000000000000, 1.000000000000000000 ) ) ;
#7450 = DIRECTION ( 'NONE',  ( 0.0000000000000000000, 1.000000000000000000, 0.0000000000000000000 ) ) ;
#7451 = CARTESIAN_POINT ( 'NONE',  ( 0.4499999999999995700, -18.80028600874643300, 7.000000000000000000 ) ) ;
#7452 = AXIS2_PLACEMENT_3D ( 'NONE', #7451, #7450, #7449 ) ;
#7453 = PLANE ( 'NONE',  #7452 ) ;
#7454 = FACE_OUTER_BOUND ( 'NONE', #3185, .T. ) ;
#7455 = DIRECTION ( 'NONE',  ( 0.0000000000000000000, 0.0000000000000000000, -1.000000000000000000 ) ) ;
#7456 = VECTOR ( 'NONE', #7455, 1000.000000000000000 ) ;
#7457 = CARTESIAN_POINT ( 'NONE',  ( -0.4500000000000004600, -24.19971399125355700, 7.000000000000000000 ) ) ;
#7458 = LINE ( 'NONE', #7457, #7456 ) ;
#7459 = DIRECTION ( 'NONE',  ( 0.0000000000000000000, 0.0000000000000000000, -1.000000000000000000 ) ) ;
#7460 = VECTOR ( 'NONE', #7459, 1000.000000000000000 ) ;
#7461 = CARTESIAN_POINT ( 'NONE',  ( -0.4500000000000004600, -18.80028600874643300, 7.000000000000000000 ) ) ;
#7462 = LINE ( 'NONE', #7461, #7460 ) ;
#7463 = DIRECTION ( 'NONE',  ( 0.0000000000000000000, 0.0000000000000000000, 1.000000000000000000 ) ) ;
#7464 = DIRECTION ( 'NONE',  ( -1.000000000000000000, 0.0000000000000000000, 0.0000000000000000000 ) ) ;
#7465 = CARTESIAN_POINT ( 'NONE',  ( -0.4500000000000004600, -24.19971399125355700, 7.000000000000000000 ) ) ;
#7466 = AXIS2_PLACEMENT_3D ( 'NONE', #7465, #7464, #7463 ) ;
#7467 = PLANE ( 'NONE',  #7466 ) ;
#7468 = FACE_OUTER_BOUND ( 'NONE', #3175, .T. ) ;
#7469 = DIRECTION ( 'NONE',  ( 0.0000000000000000000, 0.0000000000000000000, -1.000000000000000000 ) ) ;
#7470 = DIRECTION ( 'NONE',  ( 0.0000000000000000000, -1.000000000000000000, -0.0000000000000000000 ) ) ;
#7471 = CARTESIAN_POINT ( 'NONE',  ( 0.4499999999999995700, -24.19971399125355700, 7.000000000000000000 ) ) ;
#7472 = AXIS2_PLACEMENT_3D ( 'NONE', #7471, #7470, #7469 ) ;
#7473 = CYLINDRICAL_SURFACE ( 'NONE', #7539, 1.000000000000000000 ) ;
#7474 = FACE_OUTER_BOUND ( 'NONE', #3206, .T. ) ;
#7475 = DIRECTION ( 'NONE',  ( -0.0000000000000000000, -0.0000000000000000000, 1.000000000000000000 ) ) ;
#7476 = VECTOR ( 'NONE', #7475, 1000.000000000000000 ) ;
#7477 = CARTESIAN_POINT ( 'NONE',  ( 8.603035260338709000, -19.18300769716179100, -6.115842512056185700 ) ) ;
#7478 = LINE ( 'NONE', #7477, #7476 ) ;
#7479 = DIRECTION ( 'NONE',  ( -0.3653410243664052000, 0.9308737486442002500, 0.0000000000000000000 ) ) ;
#7480 = DIRECTION ( 'NONE',  ( 0.9308737486442002500, 0.3653410243664052000, 0.0000000000000000000 ) ) ;
#7481 = CARTESIAN_POINT ( 'NONE',  ( 8.603035260338709000, -19.18300769716179100, -6.115842512056185700 ) ) ;
#7482 = AXIS2_PLACEMENT_3D ( 'NONE', #7481, #7480, #7479 ) ;
#7483 = PLANE ( 'NONE',  #7482 ) ;
#7484 = FACE_OUTER_BOUND ( 'NONE', #3207, .T. ) ;
#7485 = DIRECTION ( 'NONE',  ( -0.0000000000000000000, -0.0000000000000000000, 1.000000000000000000 ) ) ;
#7486 = VECTOR ( 'NONE', #7485, 1000.000000000000000 ) ;
#7487 = CARTESIAN_POINT ( 'NONE',  ( 6.741287763050309000, -19.91368974589460400, -6.115842512056185700 ) ) ;
#7488 = LINE ( 'NONE', #7487, #7486 ) ;
#7489 = DIRECTION ( 'NONE',  ( -1.000000000000000000, 0.0000000000000000000, 0.0000000000000000000 ) ) ;
#7490 = DIRECTION ( 'NONE',  ( -0.0000000000000000000, 0.0000000000000000000, -1.000000000000000000 ) ) ;
#7491 = CARTESIAN_POINT ( 'NONE',  ( 0.0000000000000000000, 0.0000000000000000000, 5.000000000000000000 ) ) ;
#7492 = AXIS2_PLACEMENT_3D ( 'NONE', #7491, #7490, #7489 ) ;
#7493 = PLANE ( 'NONE',  #7492 ) ;
#7494 = FACE_OUTER_BOUND ( 'NONE', #2189, .T. ) ;
#7495 = DIRECTION ( 'NONE',  ( -0.9888308262251305200, 0.1490422661761612000, 0.0000000000000000000 ) ) ;
#7496 = DIRECTION ( 'NONE',  ( 0.1490422661761612000, 0.9888308262251305200, 0.0000000000000000000 ) ) ;
#7497 = CARTESIAN_POINT ( 'NONE',  ( 20.91448961690389300, -2.141056763474253900, -5.721605746580232600 ) ) ;
#7498 = AXIS2_PLACEMENT_3D ( 'NONE', #7497, #7496, #7495 ) ;
#7499 = PLANE ( 'NONE',  #7498 ) ;
#7500 = FACE_OUTER_BOUND ( 'NONE', #3135, .T. ) ;
#7501 = DIRECTION ( 'NONE',  ( 0.0000000000000000000, 0.0000000000000000000, -1.000000000000000000 ) ) ;
#7502 = DIRECTION ( 'NONE',  ( 1.000000000000000000, -0.0000000000000000000, 0.0000000000000000000 ) ) ;
#7503 = CARTESIAN_POINT ( 'NONE',  ( 0.4499999999999995700, -24.19971399125355700, 7.000000000000000000 ) ) ;
#7504 = AXIS2_PLACEMENT_3D ( 'NONE', #7503, #7502, #7501 ) ;
#7505 = CARTESIAN_POINT ( 'NONE',  ( 12.24999999999993800, 7.072517592186251500, 40.15666601935944200 ) ) ;
#7506 = CARTESIAN_POINT ( 'NONE',  ( -6.672161511694100400, -19.54834872152836300, 5.000000000000000900 ) ) ;
#7507 = CARTESIAN_POINT ( 'NONE',  ( -8.603035260338307600, -19.18300769716197600, 5.000000000000000900 ) ) ;
#7508 = CARTESIAN_POINT ( 'NONE',  ( 9.633974596215775700, -18.68653347947309500, 5.000000000000000900 ) ) ;
#7509 = DIRECTION ( 'NONE',  ( 0.5000000000000101000, -0.8660254037844328200, 0.0000000000000000000 ) ) ;
#7510 = VECTOR ( 'NONE', #7509, 1000.000000000000000 ) ;
#7511 = CARTESIAN_POINT ( 'NONE',  ( 9.633974596215775700, -18.68653347947309500, 5.000000000000000900 ) ) ;
#7512 = LINE ( 'NONE', #7511, #7510 ) ;
#7513 = DIRECTION ( 'NONE',  ( 0.5000000000000101000, -0.8660254037844328200, 0.0000000000000000000 ) ) ;
#7514 = DIRECTION ( 'NONE',  ( -0.8660254037844328200, -0.5000000000000101000, 0.0000000000000000000 ) ) ;
#7515 = CARTESIAN_POINT ( 'NONE',  ( 9.633974596215775700, -18.68653347947309500, -6.291935891927072300 ) ) ;
#7516 = AXIS2_PLACEMENT_3D ( 'NONE', #7515, #7514, #7513 ) ;
#7517 = PLANE ( 'NONE',  #7516 ) ;
#7518 = FACE_OUTER_BOUND ( 'NONE', #3237, .T. ) ;
#7519 = DIRECTION ( 'NONE',  ( -0.0000000000000000000, -0.0000000000000000000, 1.000000000000000000 ) ) ;
#7520 = VECTOR ( 'NONE', #7519, 1000.000000000000000 ) ;
#7521 = CARTESIAN_POINT ( 'NONE',  ( 9.633974596215775700, -18.68653347947309500, -6.291935891927072300 ) ) ;
#7522 = LINE ( 'NONE', #7521, #7520 ) ;
#7523 = CARTESIAN_POINT ( 'NONE',  ( 11.36602540378464200, -17.68653347947307400, 5.000000000000000900 ) ) ;
#7524 = CARTESIAN_POINT ( 'NONE',  ( 6.741287763050308100, -19.91368974589460400, 5.000000000000000900 ) ) ;
#7525 = DIRECTION ( 'NONE',  ( -0.5000000000000101000, 0.8660254037844328200, 0.0000000000000000000 ) ) ;
#7526 = DIRECTION ( 'NONE',  ( 0.8660254037844328200, 0.5000000000000101000, 0.0000000000000000000 ) ) ;
#7527 = CARTESIAN_POINT ( 'NONE',  ( 11.36602540378464200, -17.68653347947307400, -6.291935891927072300 ) ) ;
#7528 = AXIS2_PLACEMENT_3D ( 'NONE', #7527, #7526, #7525 ) ;
#7529 = PLANE ( 'NONE',  #7528 ) ;
#7530 = FACE_OUTER_BOUND ( 'NONE', #3227, .T. ) ;
#7531 = DIRECTION ( 'NONE',  ( 0.3653410243664052000, -0.9308737486442002500, 0.0000000000000000000 ) ) ;
#7532 = DIRECTION ( 'NONE',  ( -0.9308737486442002500, -0.3653410243664052000, 0.0000000000000000000 ) ) ;
#7533 = CARTESIAN_POINT ( 'NONE',  ( 6.741287763050309000, -19.91368974589460400, -6.115842512056185700 ) ) ;
#7534 = AXIS2_PLACEMENT_3D ( 'NONE', #7533, #7532, #7531 ) ;
#7535 = FACE_OUTER_BOUND ( 'NONE', #3223, .T. ) ;
#7536 = DIRECTION ( 'NONE',  ( 1.000000000000000000, 0.0000000000000000000, 0.0000000000000000000 ) ) ;
#7537 = DIRECTION ( 'NONE',  ( -0.0000000000000000000, -0.0000000000000000000, 1.000000000000000000 ) ) ;
#7538 = CARTESIAN_POINT ( 'NONE',  ( 7.672161511694509000, -19.54834872152820000, -6.115842512056185700 ) ) ;
#7539 = AXIS2_PLACEMENT_3D ( 'NONE', #7538, #7537, #7536 ) ;
#7540 = PLANE ( 'NONE',  #7534 ) ;
#7541 = DIRECTION ( 'NONE',  ( 0.0000000000000000000, 0.0000000000000000000, 1.000000000000000000 ) ) ;
#7542 = CARTESIAN_POINT ( 'NONE',  ( -18.92034622595072300, -9.111558521468866800, 55.00000000000000000 ) ) ;
#7543 = AXIS2_PLACEMENT_3D ( 'NONE', #7542, #7541, #7603 ) ;
#7544 = CIRCLE ( 'NONE', #7543, 0.9999999999999995600 ) ;
#7545 = CARTESIAN_POINT ( 'NONE',  ( -21.00000000000000000, 0.9999999999998534500, 5.000000000000000900 ) ) ;
#7546 = CARTESIAN_POINT ( 'NONE',  ( -19.99999999999999300, -1.466423011665940200E-013, 5.000000000000000900 ) ) ;
#7547 = DIRECTION ( 'NONE',  ( -1.000000000000000000, 0.0000000000000000000, 0.0000000000000000000 ) ) ;
#7548 = DIRECTION ( 'NONE',  ( 0.0000000000000000000, 0.0000000000000000000, 1.000000000000000000 ) ) ;
#7549 = AXIS2_PLACEMENT_3D ( 'NONE', #7556, #7548, #7547 ) ;
#7550 = CIRCLE ( 'NONE', #7549, 1.000000000000000900 ) ;
#7551 = DIRECTION ( 'NONE',  ( 1.000000000000000000, 0.0000000000000000000, 0.0000000000000000000 ) ) ;
#7552 = DIRECTION ( 'NONE',  ( -0.0000000000000000000, -0.0000000000000000000, 1.000000000000000000 ) ) ;
#7553 = CARTESIAN_POINT ( 'NONE',  ( -20.99999999999999300, -1.466423011665940200E-013, -5.385164807134524200 ) ) ;
#7554 = AXIS2_PLACEMENT_3D ( 'NONE', #7553, #7552, #7551 ) ;
#7555 = CYLINDRICAL_SURFACE ( 'NONE', #7554, 1.000000000000000900 ) ;
#7556 = CARTESIAN_POINT ( 'NONE',  ( -20.99999999999999300, -1.466423011665940200E-013, 5.000000000000000900 ) ) ;
#7557 = FACE_OUTER_BOUND ( 'NONE', #3251, .T. ) ;
#7558 = DIRECTION ( 'NONE',  ( -0.0000000000000000000, -0.0000000000000000000, 1.000000000000000000 ) ) ;
#7559 = VECTOR ( 'NONE', #7558, 1000.000000000000000 ) ;
#7560 = CARTESIAN_POINT ( 'NONE',  ( -20.91448961690385000, -2.141056763474692600, -5.721605746580288500 ) ) ;
#7561 = LINE ( 'NONE', #7560, #7559 ) ;
#7562 = CARTESIAN_POINT ( 'NONE',  ( -20.91448961690385000, -2.141056763474692600, 55.00000000000000000 ) ) ;
#7563 = DIRECTION ( 'NONE',  ( -0.9888308262251274100, -0.1490422661761822400, 0.0000000000000000000 ) ) ;
#7564 = DIRECTION ( 'NONE',  ( 0.0000000000000000000, 0.0000000000000000000, 1.000000000000000000 ) ) ;
#7565 = CARTESIAN_POINT ( 'NONE',  ( -20.76544735072766900, -3.129887589699819700, 55.00000000000000000 ) ) ;
#7566 = AXIS2_PLACEMENT_3D ( 'NONE', #7565, #7564, #7563 ) ;
#7567 = CIRCLE ( 'NONE', #7566, 0.9999999999999986700 ) ;
#7568 = CARTESIAN_POINT ( 'NONE',  ( -19.76544735072766900, -3.129887589699819700, 55.00000000000000000 ) ) ;
#7569 = DIRECTION ( 'NONE',  ( -1.000000000000000000, 0.0000000000000000000, 0.0000000000000000000 ) ) ;
#7570 = DIRECTION ( 'NONE',  ( 0.0000000000000000000, 0.0000000000000000000, 1.000000000000000000 ) ) ;
#7571 = CARTESIAN_POINT ( 'NONE',  ( -7.672161511694100400, -19.54834872152836300, 5.000000000000000900 ) ) ;
#7572 = AXIS2_PLACEMENT_3D ( 'NONE', #7571, #7570, #7569 ) ;
#7573 = CIRCLE ( 'NONE', #7572, 1.000000000000000900 ) ;
#7574 = CIRCLE ( 'NONE', #7637, 1.000000000000000900 ) ;
#7575 = CARTESIAN_POINT ( 'NONE',  ( -19.99999999999999300, -1.466423011665940200E-013, 55.00000000000000000 ) ) ;
#7576 = DIRECTION ( 'NONE',  ( -0.0000000000000000000, -0.0000000000000000000, 1.000000000000000000 ) ) ;
#7577 = VECTOR ( 'NONE', #7576, 1000.000000000000000 ) ;
#7578 = CARTESIAN_POINT ( 'NONE',  ( -19.99999999999999300, -1.466423011665940200E-013, -5.385164807134524200 ) ) ;
#7579 = LINE ( 'NONE', #7578, #7577 ) ;
#7580 = CARTESIAN_POINT ( 'NONE',  ( -19.06702892150890000, -6.189858662629141900, 55.00000000000000000 ) ) ;
#7581 = DIRECTION ( 'NONE',  ( -0.0000000000000000000, -0.0000000000000000000, 1.000000000000000000 ) ) ;
#7582 = VECTOR ( 'NONE', #7581, 1000.000000000000000 ) ;
#7583 = CARTESIAN_POINT ( 'NONE',  ( -19.06702892150890000, -6.189858662629141900, -6.000819966177919800 ) ) ;
#7584 = LINE ( 'NONE', #7583, #7582 ) ;
#7585 = CARTESIAN_POINT ( 'NONE',  ( -20.36178409591981300, -5.234285856843002600, 5.000000000000000900 ) ) ;
#7586 = CARTESIAN_POINT ( 'NONE',  ( -19.06702892150890000, -6.189858662629141900, 5.000000000000000900 ) ) ;
#7587 = DIRECTION ( 'NONE',  ( -1.000000000000000000, 0.0000000000000000000, 0.0000000000000000000 ) ) ;
#7588 = DIRECTION ( 'NONE',  ( 0.0000000000000000000, 0.0000000000000000000, 1.000000000000000000 ) ) ;
#7589 = AXIS2_PLACEMENT_3D ( 'NONE', #7595, #7588, #7587 ) ;
#7590 = CIRCLE ( 'NONE', #7589, 1.000000000000000900 ) ;
#7591 = DIRECTION ( 'NONE',  ( 1.000000000000000000, 0.0000000000000000000, 0.0000000000000000000 ) ) ;
#7592 = DIRECTION ( 'NONE',  ( -0.0000000000000000000, -0.0000000000000000000, 1.000000000000000000 ) ) ;
#7593 = CARTESIAN_POINT ( 'NONE',  ( -20.06702892150890000, -6.189858662629141900, -6.000819966177919800 ) ) ;
#7594 = AXIS2_PLACEMENT_3D ( 'NONE', #7593, #7592, #7591 ) ;
#7595 = CARTESIAN_POINT ( 'NONE',  ( -20.06702892150890000, -6.189858662629141900, 5.000000000000000900 ) ) ;
#7596 = CYLINDRICAL_SURFACE ( 'NONE', #7594, 1.000000000000000900 ) ;
#7597 = FACE_OUTER_BOUND ( 'NONE', #3263, .T. ) ;
#7598 = DIRECTION ( 'NONE',  ( -0.0000000000000000000, -0.0000000000000000000, 1.000000000000000000 ) ) ;
#7599 = VECTOR ( 'NONE', #7598, 1000.000000000000000 ) ;
#7600 = CARTESIAN_POINT ( 'NONE',  ( -19.35422996506828900, -8.210589653566451300, -6.213145574501227800 ) ) ;
#7601 = LINE ( 'NONE', #7600, #7599 ) ;
#7602 = CARTESIAN_POINT ( 'NONE',  ( -19.35422996506828900, -8.210589653566451300, 55.00000000000000000 ) ) ;
#7603 = DIRECTION ( 'NONE',  ( -0.9009688679024155900, -0.4338837391175654500, 0.0000000000000000000 ) ) ;
#7604 = CARTESIAN_POINT ( 'NONE',  ( -7.672161511694378400, 19.54834872152824900, 55.00000000000000000 ) ) ;
#7605 = CARTESIAN_POINT ( 'NONE',  ( -6.672161511694378400, 19.54834872152824900, 55.00000000000000000 ) ) ;
#7606 = DIRECTION ( 'NONE',  ( -0.0000000000000000000, -0.0000000000000000000, 1.000000000000000000 ) ) ;
#7607 = VECTOR ( 'NONE', #7606, 1000.000000000000000 ) ;
#7608 = CARTESIAN_POINT ( 'NONE',  ( -9.500000000000085300, 18.18653347947315900, -6.291935891927072300 ) ) ;
#7609 = LINE ( 'NONE', #7608, #7607 ) ;
#7610 = CARTESIAN_POINT ( 'NONE',  ( -9.633974596215647800, 18.68653347947316600, 5.000000000000000900 ) ) ;
#7611 = CARTESIAN_POINT ( 'NONE',  ( -9.500000000000085300, 18.18653347947315900, 5.000000000000000900 ) ) ;
#7612 = DIRECTION ( 'NONE',  ( 1.000000000000000000, 0.0000000000000000000, 0.0000000000000000000 ) ) ;
#7613 = DIRECTION ( 'NONE',  ( -0.0000000000000000000, -0.0000000000000000000, 1.000000000000000000 ) ) ;
#7614 = CARTESIAN_POINT ( 'NONE',  ( -17.35101426063579000, -11.82972121933620500, -6.351580772764362100 ) ) ;
#7615 = AXIS2_PLACEMENT_3D ( 'NONE', #7614, #7613, #7612 ) ;
#7616 = CYLINDRICAL_SURFACE ( 'NONE', #7615, 1.000000000000000900 ) ;
#7617 = FACE_OUTER_BOUND ( 'NONE', #6, .T. ) ;
#7618 = DIRECTION ( 'NONE',  ( -0.8262387743159898000, -0.5633200580636293900, 0.0000000000000000000 ) ) ;
#7619 = DIRECTION ( 'NONE',  ( 0.0000000000000000000, 0.0000000000000000000, 1.000000000000000000 ) ) ;
#7620 = CARTESIAN_POINT ( 'NONE',  ( -17.35101426063579000, -11.82972121933620500, 55.00000000000000000 ) ) ;
#7621 = AXIS2_PLACEMENT_3D ( 'NONE', #7620, #7619, #7618 ) ;
#7622 = CIRCLE ( 'NONE', #7621, 1.000000000000000000 ) ;
#7623 = DIRECTION ( 'NONE',  ( -0.0000000000000000000, -0.0000000000000000000, 1.000000000000000000 ) ) ;
#7624 = VECTOR ( 'NONE', #7623, 1000.000000000000000 ) ;
#7625 = CARTESIAN_POINT ( 'NONE',  ( -17.91433431869941700, -11.00348244502021400, -6.351580772764362100 ) ) ;
#7626 = LINE ( 'NONE', #7625, #7624 ) ;
#7627 = DIRECTION ( 'NONE',  ( -1.000000000000000000, -1.734723475976805500E-015, 0.0000000000000000000 ) ) ;
#7628 = DIRECTION ( 'NONE',  ( 0.0000000000000000000, 0.0000000000000000000, 1.000000000000000000 ) ) ;
#7629 = CARTESIAN_POINT ( 'NONE',  ( -17.35101426063579000, -11.82972121933620500, 5.000000000000000900 ) ) ;
#7630 = AXIS2_PLACEMENT_3D ( 'NONE', #7629, #7628, #7627 ) ;
#7631 = CIRCLE ( 'NONE', #7630, 1.000000000000000900 ) ;
#7632 = CARTESIAN_POINT ( 'NONE',  ( -16.07426204619714800, -13.55057562135961500, 55.00000000000000000 ) ) ;
#7633 = CARTESIAN_POINT ( 'NONE',  ( -21.00000000000000000, 0.9999999999998534500, 55.00000000000000000 ) ) ;
#7634 = DIRECTION ( 'NONE',  ( -1.000000000000000000, -6.982966722218763300E-015, 0.0000000000000000000 ) ) ;
#7635 = DIRECTION ( 'NONE',  ( 0.0000000000000000000, 0.0000000000000000000, 1.000000000000000000 ) ) ;
#7636 = CARTESIAN_POINT ( 'NONE',  ( -20.99999999999999300, -1.466423011665940200E-013, 55.00000000000000000 ) ) ;
#7637 = AXIS2_PLACEMENT_3D ( 'NONE', #7636, #7635, #7634 ) ;
#7638 = DIRECTION ( 'NONE',  ( 1.000000000000000000, 0.0000000000000000000, 0.0000000000000000000 ) ) ;
#7639 = DIRECTION ( 'NONE',  ( -0.0000000000000000000, -0.0000000000000000000, 1.000000000000000000 ) ) ;
#7640 = CARTESIAN_POINT ( 'NONE',  ( -7.672161511694378400, 19.54834872152824900, -6.115842512056171500 ) ) ;
#7641 = AXIS2_PLACEMENT_3D ( 'NONE', #7640, #7639, #7638 ) ;
#7642 = CYLINDRICAL_SURFACE ( 'NONE', #7641, 1.000000000000000000 ) ;
#7643 = CARTESIAN_POINT ( 'NONE',  ( -7.672161511694378400, 19.54834872152824900, 5.000000000000000900 ) ) ;
#7644 = FACE_OUTER_BOUND ( 'NONE', #3306, .T. ) ;
#7645 = DIRECTION ( 'NONE',  ( -0.0000000000000000000, -0.0000000000000000000, 1.000000000000000000 ) ) ;
#7646 = VECTOR ( 'NONE', #7645, 1000.000000000000000 ) ;
#7647 = CARTESIAN_POINT ( 'NONE',  ( -9.633974596215647800, 18.68653347947316600, -6.291935891927072300 ) ) ;
#7648 = LINE ( 'NONE', #7647, #7646 ) ;
#7649 = CARTESIAN_POINT ( 'NONE',  ( -9.633974596215647800, 18.68653347947316600, 55.00000000000000000 ) ) ;
#7650 = DIRECTION ( 'NONE',  ( -0.5000000000000041100, 0.8660254037844362700, 0.0000000000000000000 ) ) ;
#7651 = DIRECTION ( 'NONE',  ( 0.0000000000000000000, 0.0000000000000000000, 1.000000000000000000 ) ) ;
#7652 = CARTESIAN_POINT ( 'NONE',  ( -10.50000000000008300, 18.18653347947315900, 55.00000000000000000 ) ) ;
#7653 = AXIS2_PLACEMENT_3D ( 'NONE', #7652, #7651, #7650 ) ;
#7654 = CIRCLE ( 'NONE', #7653, 0.9999999999999995600 ) ;
#7655 = CARTESIAN_POINT ( 'NONE',  ( -9.500000000000085300, 18.18653347947315900, 55.00000000000000000 ) ) ;
#7656 = CARTESIAN_POINT ( 'NONE',  ( -12.09328583903348800, 16.41846113182855400, 55.00000000000000000 ) ) ;
#7657 = DIRECTION ( 'NONE',  ( -0.0000000000000000000, -0.0000000000000000000, 1.000000000000000000 ) ) ;
#7658 = VECTOR ( 'NONE', #7657, 1000.000000000000000 ) ;
#7659 = CARTESIAN_POINT ( 'NONE',  ( -12.09328583903348800, 16.41846113182855400, -6.391606694777326700 ) ) ;
#7660 = LINE ( 'NONE', #7659, #7658 ) ;
#7661 = CARTESIAN_POINT ( 'NONE',  ( -12.31145435656545900, 17.04195093368728900, 5.000000000000000900 ) ) ;
#7662 = CARTESIAN_POINT ( 'NONE',  ( -12.09328583903348800, 16.41846113182855400, 5.000000000000000900 ) ) ;
#7663 = CARTESIAN_POINT ( 'NONE',  ( -6.741287763050175700, 19.91368974589465100, 55.00000000000000000 ) ) ;
#7664 = DIRECTION ( 'NONE',  ( -0.3653410243663988100, 0.9308737486442026900, 0.0000000000000000000 ) ) ;
#7665 = DIRECTION ( 'NONE',  ( 0.0000000000000000000, 0.0000000000000000000, 1.000000000000000000 ) ) ;
#7666 = AXIS2_PLACEMENT_3D ( 'NONE', #7604, #7665, #7664 ) ;
#7667 = CIRCLE ( 'NONE', #7666, 1.000000000000001800 ) ;
#7668 = FACE_OUTER_BOUND ( 'NONE', #3323, .T. ) ;
#7669 = DIRECTION ( 'NONE',  ( -1.000000000000000000, 0.0000000000000000000, 0.0000000000000000000 ) ) ;
#7670 = DIRECTION ( 'NONE',  ( 0.0000000000000000000, 0.0000000000000000000, 1.000000000000000000 ) ) ;
#7671 = CARTESIAN_POINT ( 'NONE',  ( -13.09328583903348600, 16.41846113182855400, 5.000000000000000900 ) ) ;
#7672 = AXIS2_PLACEMENT_3D ( 'NONE', #7671, #7670, #7669 ) ;
#7673 = DIRECTION ( 'NONE',  ( 1.000000000000000000, 0.0000000000000000000, 0.0000000000000000000 ) ) ;
#7674 = DIRECTION ( 'NONE',  ( -0.0000000000000000000, -0.0000000000000000000, 1.000000000000000000 ) ) ;
#7675 = CARTESIAN_POINT ( 'NONE',  ( -13.09328583903348600, 16.41846113182855400, -6.391606694777326700 ) ) ;
#7676 = AXIS2_PLACEMENT_3D ( 'NONE', #7675, #7674, #7673 ) ;
#7677 = CIRCLE ( 'NONE', #7672, 0.9999999999999991100 ) ;
#7678 = CYLINDRICAL_SURFACE ( 'NONE', #7676, 0.9999999999999991100 ) ;
#7679 = FACE_OUTER_BOUND ( 'NONE', #3319, .T. ) ;
#7680 = DIRECTION ( 'NONE',  ( -0.0000000000000000000, -0.0000000000000000000, 1.000000000000000000 ) ) ;
#7681 = VECTOR ( 'NONE', #7680, 1000.000000000000000 ) ;
#7682 = CARTESIAN_POINT ( 'NONE',  ( -14.71391657065551200, 15.01667936501905100, -6.411698407867996600 ) ) ;
#7683 = LINE ( 'NONE', #7682, #7681 ) ;
#7684 = CARTESIAN_POINT ( 'NONE',  ( -14.71391657065551200, 15.01667936501905100, 55.00000000000000000 ) ) ;
#7685 = DIRECTION ( 'NONE',  ( -0.9009688679024215900, 0.4338837391175529600, 0.0000000000000000000 ) ) ;
#7686 = DIRECTION ( 'NONE',  ( 0.0000000000000000000, 0.0000000000000000000, 1.000000000000000000 ) ) ;
#7687 = CARTESIAN_POINT ( 'NONE',  ( -18.92034622595085100, 9.111558521468603900, 55.00000000000000000 ) ) ;
#7688 = AXIS2_PLACEMENT_3D ( 'NONE', #7687, #7686, #7685 ) ;
#7689 = CIRCLE ( 'NONE', #7688, 1.000000000000000400 ) ;
#7690 = DIRECTION ( 'NONE',  ( -0.0000000000000000000, -0.0000000000000000000, 1.000000000000000000 ) ) ;
#7691 = VECTOR ( 'NONE', #7690, 1000.000000000000000 ) ;
#7692 = CARTESIAN_POINT ( 'NONE',  ( -6.672161511694378400, 19.54834872152824900, -6.115842512056171500 ) ) ;
#7693 = LINE ( 'NONE', #7692, #7691 ) ;
#7694 = CARTESIAN_POINT ( 'NONE',  ( -6.741287763050174900, 19.91368974589465100, 5.000000000000000900 ) ) ;
#7695 = CARTESIAN_POINT ( 'NONE',  ( -6.672161511694378400, 19.54834872152824900, 5.000000000000000900 ) ) ;
#7696 = DIRECTION ( 'NONE',  ( -1.000000000000000000, -3.469446951953611000E-015, 0.0000000000000000000 ) ) ;
#7697 = DIRECTION ( 'NONE',  ( 0.0000000000000000000, 0.0000000000000000000, 1.000000000000000000 ) ) ;
#7698 = AXIS2_PLACEMENT_3D ( 'NONE', #7643, #7697, #7696 ) ;
#7699 = CIRCLE ( 'NONE', #7698, 1.000000000000000900 ) ;
#7700 = DIRECTION ( 'NONE',  ( -0.8262387743159975700, 0.5633200580636179600, 0.0000000000000000000 ) ) ;
#7701 = DIRECTION ( 'NONE',  ( 0.0000000000000000000, 0.0000000000000000000, 1.000000000000000000 ) ) ;
#7702 = CARTESIAN_POINT ( 'NONE',  ( -17.35101426063595700, 11.82972121933596400, 55.00000000000000000 ) ) ;
#7703 = AXIS2_PLACEMENT_3D ( 'NONE', #7702, #7701, #7700 ) ;
#7704 = CIRCLE ( 'NONE', #7703, 0.9999999999999988900 ) ;
#7705 = CARTESIAN_POINT ( 'NONE',  ( -18.48646248683330000, 10.01252738937102500, 55.00000000000000000 ) ) ;
#7706 = CARTESIAN_POINT ( 'NONE',  ( -17.92034622595085100, 9.111558521468603900, 55.00000000000000000 ) ) ;
#7707 = DIRECTION ( 'NONE',  ( -0.0000000000000000000, -0.0000000000000000000, 1.000000000000000000 ) ) ;
#7708 = VECTOR ( 'NONE', #7707, 1000.000000000000000 ) ;
#7709 = CARTESIAN_POINT ( 'NONE',  ( -17.92034622595085100, 9.111558521468603900, -6.213145574501213600 ) ) ;
#7710 = DIRECTION ( 'NONE',  ( 1.000000000000000000, 0.0000000000000000000, 0.0000000000000000000 ) ) ;
#7711 = DIRECTION ( 'NONE',  ( -0.0000000000000000000, -0.0000000000000000000, 1.000000000000000000 ) ) ;
#7712 = CARTESIAN_POINT ( 'NONE',  ( -4.672939613082681000, 20.47348615581827100, -5.869033853567559700 ) ) ;
#7713 = AXIS2_PLACEMENT_3D ( 'NONE', #7712, #7711, #7710 ) ;
#7714 = LINE ( 'NONE', #7709, #7708 ) ;
#7715 = CYLINDRICAL_SURFACE ( 'NONE', #7713, 1.000000000000000000 ) ;
#7716 = FACE_OUTER_BOUND ( 'NONE', #3333, .T. ) ;
#7717 = DIRECTION ( 'NONE',  ( -0.0000000000000000000, -0.0000000000000000000, 1.000000000000000000 ) ) ;
#7718 = VECTOR ( 'NONE', #7717, 1000.000000000000000 ) ;
#7719 = CARTESIAN_POINT ( 'NONE',  ( -6.741287763050175700, 19.91368974589465100, -6.115842512056171500 ) ) ;
#7720 = LINE ( 'NONE', #7719, #7718 ) ;
#7721 = CARTESIAN_POINT ( 'NONE',  ( -0.4500000000000004600, -18.80028600874643300, 1.033942010007221200 ) ) ;
#7722 = DIRECTION ( 'NONE',  ( -0.0000000000000000000, -0.0000000000000000000, 1.000000000000000000 ) ) ;
#7723 = VECTOR ( 'NONE', #7722, 1000.000000000000000 ) ;
#7724 = CARTESIAN_POINT ( 'NONE',  ( -19.76544735072766900, -3.129887589699819700, -5.721605746580288500 ) ) ;
#7725 = LINE ( 'NONE', #7724, #7723 ) ;
#7726 = CARTESIAN_POINT ( 'NONE',  ( -16.35101426063595300, 11.82972121933596400, 5.000000000000000900 ) ) ;
#7727 = DIRECTION ( 'NONE',  ( 1.000000000000000000, 0.0000000000000000000, 0.0000000000000000000 ) ) ;
#7728 = DIRECTION ( 'NONE',  ( -0.0000000000000000000, -0.0000000000000000000, 1.000000000000000000 ) ) ;
#7729 = CARTESIAN_POINT ( 'NONE',  ( -17.35101426063595700, 11.82972121933596400, -6.351580772764362100 ) ) ;
#7730 = AXIS2_PLACEMENT_3D ( 'NONE', #7729, #7728, #7727 ) ;
#7731 = CYLINDRICAL_SURFACE ( 'NONE', #7730, 1.000000000000000900 ) ;
#7732 = DIRECTION ( 'NONE',  ( -0.0000000000000000000, -0.0000000000000000000, 1.000000000000000000 ) ) ;
#7733 = VECTOR ( 'NONE', #7732, 1000.000000000000000 ) ;
#7734 = CARTESIAN_POINT ( 'NONE',  ( -18.48646248683330000, 10.01252738937102500, -6.213145574501213600 ) ) ;
#7735 = DIRECTION ( 'NONE',  ( -0.7330518718298296700, 0.6801727377709158000, 0.0000000000000000000 ) ) ;
#7736 = DIRECTION ( 'NONE',  ( 0.0000000000000000000, 0.0000000000000000000, 1.000000000000000000 ) ) ;
#7737 = CARTESIAN_POINT ( 'NONE',  ( -15.39408930842642700, 14.28362749318922000, 55.00000000000000000 ) ) ;
#7738 = AXIS2_PLACEMENT_3D ( 'NONE', #7737, #7736, #7735 ) ;
#7739 = CIRCLE ( 'NONE', #7738, 0.9999999999999991100 ) ;
#7740 = LINE ( 'NONE', #7734, #7733 ) ;
#7741 = CARTESIAN_POINT ( 'NONE',  ( -14.39408930842642500, 14.28362749318922000, 55.00000000000000000 ) ) ;
#7742 = DIRECTION ( 'NONE',  ( -0.0000000000000000000, -0.0000000000000000000, 1.000000000000000000 ) ) ;
#7743 = VECTOR ( 'NONE', #7742, 1000.000000000000000 ) ;
#7744 = CARTESIAN_POINT ( 'NONE',  ( -14.39408930842642500, 14.28362749318922000, -6.411698407867996600 ) ) ;
#7745 = LINE ( 'NONE', #7744, #7743 ) ;
#7746 = CARTESIAN_POINT ( 'NONE',  ( -14.71391657065551200, 15.01667936501905100, 5.000000000000000900 ) ) ;
#7747 = CARTESIAN_POINT ( 'NONE',  ( -14.39408930842642500, 14.28362749318922000, 5.000000000000000900 ) ) ;
#7748 = DIRECTION ( 'NONE',  ( -1.000000000000000000, 0.0000000000000000000, 0.0000000000000000000 ) ) ;
#7749 = DIRECTION ( 'NONE',  ( 0.0000000000000000000, 0.0000000000000000000, 1.000000000000000000 ) ) ;
#7750 = AXIS2_PLACEMENT_3D ( 'NONE', #7757, #7749, #7748 ) ;
#7751 = CIRCLE ( 'NONE', #7750, 1.000000000000000900 ) ;
#7752 = DIRECTION ( 'NONE',  ( 1.000000000000000000, 0.0000000000000000000, 0.0000000000000000000 ) ) ;
#7753 = DIRECTION ( 'NONE',  ( -0.0000000000000000000, -0.0000000000000000000, 1.000000000000000000 ) ) ;
#7754 = CARTESIAN_POINT ( 'NONE',  ( -15.39408930842642700, 14.28362749318922000, -6.411698407867996600 ) ) ;
#7755 = AXIS2_PLACEMENT_3D ( 'NONE', #7754, #7753, #7752 ) ;
#7756 = CYLINDRICAL_SURFACE ( 'NONE', #7755, 1.000000000000000900 ) ;
#7757 = CARTESIAN_POINT ( 'NONE',  ( -15.39408930842642700, 14.28362749318922000, 5.000000000000000900 ) ) ;
#7758 = FACE_OUTER_BOUND ( 'NONE', #3343, .T. ) ;
#7759 = DIRECTION ( 'NONE',  ( -0.0000000000000000000, -0.0000000000000000000, 1.000000000000000000 ) ) ;
#7760 = VECTOR ( 'NONE', #7759, 1000.000000000000000 ) ;
#7761 = CARTESIAN_POINT ( 'NONE',  ( -16.78769420257233600, 12.65595999365196200, -6.351580772764362100 ) ) ;
#7762 = LINE ( 'NONE', #7761, #7760 ) ;
#7763 = CARTESIAN_POINT ( 'NONE',  ( -16.78769420257233600, 12.65595999365196200, 55.00000000000000000 ) ) ;
#7764 = CARTESIAN_POINT ( 'NONE',  ( -10.50000000000008300, 18.18653347947315900, 5.000000000000000900 ) ) ;
#7765 = AXIS2_PLACEMENT_3D ( 'NONE', #7764, #7010, #7250 ) ;
#7766 = CIRCLE ( 'NONE', #7765, 0.9999999999999991100 ) ;
#7767 = CARTESIAN_POINT ( 'NONE',  ( 12.24999999999998400, 1.649263717375579900E-014, 39.85499984758747900 ) ) ;
#7768 = DIRECTION ( 'NONE',  ( 1.000000000000000000, 0.0000000000000000000, 0.0000000000000000000 ) ) ;
#7769 = DIRECTION ( 'NONE',  ( -0.0000000000000000000, -0.0000000000000000000, 1.000000000000000000 ) ) ;
#7770 = CARTESIAN_POINT ( 'NONE',  ( -10.50000000000008300, 18.18653347947315900, -6.291935891927072300 ) ) ;
#7771 = AXIS2_PLACEMENT_3D ( 'NONE', #7770, #7769, #7768 ) ;
#7772 = CYLINDRICAL_SURFACE ( 'NONE', #7771, 0.9999999999999991100 ) ;
#7773 = FACE_OUTER_BOUND ( 'NONE', #3367, .T. ) ;
#7774 = DIRECTION ( 'NONE',  ( -0.0000000000000000000, -0.0000000000000000000, 1.000000000000000000 ) ) ;
#7775 = VECTOR ( 'NONE', #7774, 1000.000000000000000 ) ;
#7776 = CARTESIAN_POINT ( 'NONE',  ( -12.31145435656546100, 17.04195093368728900, -6.391606694777326700 ) ) ;
#7777 = LINE ( 'NONE', #7776, #7775 ) ;
#7778 = CARTESIAN_POINT ( 'NONE',  ( -12.31145435656546100, 17.04195093368728900, 55.00000000000000000 ) ) ;
#7779 = DIRECTION ( 'NONE',  ( -0.6234898018587368100, 0.7818314824680271400, 0.0000000000000000000 ) ) ;
#7780 = DIRECTION ( 'NONE',  ( 0.0000000000000000000, 0.0000000000000000000, 1.000000000000000000 ) ) ;
#7781 = CARTESIAN_POINT ( 'NONE',  ( -13.09328583903348600, 16.41846113182855400, 55.00000000000000000 ) ) ;
#7782 = AXIS2_PLACEMENT_3D ( 'NONE', #7781, #7780, #7779 ) ;
#7783 = CIRCLE ( 'NONE', #7782, 1.000000000000000400 ) ;
#7784 = CARTESIAN_POINT ( 'NONE',  ( -16.35101426063595300, 11.82972121933596400, 55.00000000000000000 ) ) ;
#7785 = DIRECTION ( 'NONE',  ( -0.0000000000000000000, -0.0000000000000000000, 1.000000000000000000 ) ) ;
#7786 = VECTOR ( 'NONE', #7785, 1000.000000000000000 ) ;
#7787 = CARTESIAN_POINT ( 'NONE',  ( -16.35101426063595300, 11.82972121933596400, -6.351580772764362100 ) ) ;
#7788 = LINE ( 'NONE', #7787, #7786 ) ;
#7789 = CARTESIAN_POINT ( 'NONE',  ( -16.78769420257233600, 12.65595999365196000, 5.000000000000000900 ) ) ;
#7790 = DIRECTION ( 'NONE',  ( -1.000000000000000000, -1.734723475976805500E-015, 0.0000000000000000000 ) ) ;
#7791 = DIRECTION ( 'NONE',  ( 0.0000000000000000000, 0.0000000000000000000, 1.000000000000000000 ) ) ;
#7792 = CARTESIAN_POINT ( 'NONE',  ( -17.35101426063595700, 11.82972121933596400, 5.000000000000000900 ) ) ;
#7793 = AXIS2_PLACEMENT_3D ( 'NONE', #7792, #7791, #7790 ) ;
#7794 = CIRCLE ( 'NONE', #7793, 1.000000000000000900 ) ;
#7795 = CARTESIAN_POINT ( 'NONE',  ( -12.24999999999998800, -1.199210281257378500E-014, 42.78499984758746400 ) ) ;
#7796 = CARTESIAN_POINT ( 'NONE',  ( -12.24999999999997700, -7.072517592186217800, 43.08666601935941300 ) ) ;
#7797 = CARTESIAN_POINT ( 'NONE',  ( -6.125030144681581100, -10.60879379226223100, 43.38833169624152200 ) ) ;
#7798 = CARTESIAN_POINT ( 'NONE',  ( -4.019294174592187700E-005, -14.14508159508871500, 43.68999836290819200 ) ) ;
#7799 = CARTESIAN_POINT ( 'NONE',  ( 6.124969855268952700, -10.60882860037084400, 43.99166502957485400 ) ) ;
#7800 = CARTESIAN_POINT ( 'NONE',  ( 12.24997990347966100, -7.072575605652966500, 44.29333169624152300 ) ) ;
#7801 = CARTESIAN_POINT ( 'NONE',  ( 12.24999999995053700, -3.480810861642667400E-005, 44.59499836290818600 ) ) ;
#7802 = CARTESIAN_POINT ( 'NONE',  ( 12.24999999999998900, -1.740405430300250900E-005, 44.59499910524721100 ) ) ;
#7803 = CARTESIAN_POINT ( 'NONE',  ( 12.24999999999998800, 1.049193960836861400E-014, 44.59499984758745200 ) ) ;
#7804 = CARTESIAN_POINT ( 'NONE',  ( 12.24999999999998800, 1.049193960836861400E-014, 44.59499984758745200 ) ) ;
#7805 = LINE ( 'NONE', #7843, #7842 ) ;
#7806 =( BOUNDED_CURVE ( )  B_SPLINE_CURVE ( 2, ( #7803, #7802, #7801, #7800, #7799, #7798, #7797, #7796, #7795 ),
 .UNSPECIFIED., .F., .T. ) 
 B_SPLINE_CURVE_WITH_KNOTS ( ( 3, 2, 2, 2, 3 ),
 ( 0.1666665877367451700, 0.1666666666666666600, 0.1944444444444444200, 0.2222222222222222100, 0.2499999210700785100 ),
 .UNSPECIFIED. ) 
 CURVE ( )  GEOMETRIC_REPRESENTATION_ITEM ( )  RATIONAL_B_SPLINE_CURVE ( ( 0.9999992386306494300, 0.9999996193142429700, 1.000000000000000000, 0.8660254037844387100, 1.000000000000000000, 0.8660254037844387100, 1.000000000000000000, 0.8660257844701957400, 0.9999992386306494300 ) ) 
 REPRESENTATION_ITEM ( '' )  );
#7807 = CARTESIAN_POINT ( 'NONE',  ( -12.24999999999998800, -1.199210281257378500E-014, 42.78499984758746400 ) ) ;
#7808 = CARTESIAN_POINT ( 'NONE',  ( 1.490803040780503600E-015, -24.34746538962898700, 7.000000000000000900 ) ) ;
#7809 = DIRECTION ( 'NONE',  ( -0.0000000000000000000, 1.000000000000000000, -0.0000000000000000000 ) ) ;
#7810 = VECTOR ( 'NONE', #7809, 1000.000000000000000 ) ;
#7811 = CARTESIAN_POINT ( 'NONE',  ( 0.0000000000000000000, -25.00000000000000000, 7.000000000000000900 ) ) ;
#7812 = LINE ( 'NONE', #7811, #7810 ) ;
#7813 = CARTESIAN_POINT ( 'NONE',  ( 0.0000000000000000000, -24.19971399125355700, 7.000000000000000900 ) ) ;
#7814 = DIRECTION ( 'NONE',  ( 8.881784197001252300E-015, 0.0000000000000000000, -1.000000000000000000 ) ) ;
#7815 = DIRECTION ( 'NONE',  ( 0.0000000000000000000, 1.000000000000000000, 0.0000000000000000000 ) ) ;
#7816 = CARTESIAN_POINT ( 'NONE',  ( 0.0000000000000000000, -24.19971399125355700, 4.000000000000000000 ) ) ;
#7817 = AXIS2_PLACEMENT_3D ( 'NONE', #7816, #7815, #7814 ) ;
#7818 = CIRCLE ( 'NONE', #7817, 3.000000000000000400 ) ;
#7819 = CARTESIAN_POINT ( 'NONE',  ( -0.4500000000000004600, -24.19971399125355700, 6.966057989992779500 ) ) ;
#7820 = FACE_OUTER_BOUND ( 'NONE', #3454, .T. ) ;
#7821 = DIRECTION ( 'NONE',  ( -0.0000000000000000000, -0.0000000000000000000, 1.000000000000000000 ) ) ;
#7822 = VECTOR ( 'NONE', #7821, 1000.000000000000000 ) ;
#7823 = CARTESIAN_POINT ( 'NONE',  ( -3.698011700900858400, 20.69600708977458900, -5.869033853567559700 ) ) ;
#7824 = LINE ( 'NONE', #7823, #7822 ) ;
#7825 = CARTESIAN_POINT ( 'NONE',  ( -3.672939613082681000, 20.47348615581827100, 55.00000000000000000 ) ) ;
#7826 = DIRECTION ( 'NONE',  ( -0.0000000000000000000, -0.0000000000000000000, 1.000000000000000000 ) ) ;
#7827 = VECTOR ( 'NONE', #7826, 1000.000000000000000 ) ;
#7828 = CARTESIAN_POINT ( 'NONE',  ( -3.672939613082681000, 20.47348615581827100, -5.869033853567559700 ) ) ;
#7829 = LINE ( 'NONE', #7828, #7827 ) ;
#7830 = CARTESIAN_POINT ( 'NONE',  ( -12.24999999999998600, -1.227221422589673200E-014, 41.66499984758747400 ) ) ;
#7831 = CARTESIAN_POINT ( 'NONE',  ( -12.24999999999998400, -7.072517592186211600, 41.96666601935942300 ) ) ;
#7832 = CARTESIAN_POINT ( 'NONE',  ( -6.125030144681576700, -10.60879379226223000, 42.26833169624153200 ) ) ;
#7833 = CARTESIAN_POINT ( 'NONE',  ( -4.019294172989407600E-005, -14.14508159508871200, 42.56999836290819400 ) ) ;
#7834 = CARTESIAN_POINT ( 'NONE',  ( 6.124969855268961500, -10.60882860037083300, 42.87166502957486400 ) ) ;
#7835 = CARTESIAN_POINT ( 'NONE',  ( 12.24997990347966100, -7.072575605652961200, 43.17333169624153300 ) ) ;
#7836 = CARTESIAN_POINT ( 'NONE',  ( 12.24999999995053400, -3.480810861342637500E-005, 43.47499836290819500 ) ) ;
#7837 = CARTESIAN_POINT ( 'NONE',  ( 12.24999999999998600, -1.740405430000218900E-005, 43.47499910524722800 ) ) ;
#7838 = CARTESIAN_POINT ( 'NONE',  ( 12.24999999999998400, 1.349224551819379500E-014, 43.47499984758747600 ) ) ;
#7839 =( BOUNDED_CURVE ( )  B_SPLINE_CURVE ( 2, ( #7838, #7837, #7836, #7835, #7834, #7833, #7832, #7831, #7830 ),
 .UNSPECIFIED., .F., .T. ) 
 B_SPLINE_CURVE_WITH_KNOTS ( ( 3, 2, 2, 2, 3 ),
 ( 0.3333332544034118300, 0.3333333333333333100, 0.3611111111111111000, 0.3888888888888888400, 0.4166665877367452000 ),
 .UNSPECIFIED. ) 
 CURVE ( )  GEOMETRIC_REPRESENTATION_ITEM ( )  RATIONAL_B_SPLINE_CURVE ( ( 0.9999992386306494300, 0.9999996193142429700, 1.000000000000000000, 0.8660254037844387100, 1.000000000000000000, 0.8660254037844387100, 1.000000000000000000, 0.8660257844701954000, 0.9999992386306499900 ) ) 
 REPRESENTATION_ITEM ( '' )  );
#7840 = CARTESIAN_POINT ( 'NONE',  ( 12.24999999999998400, 1.349224551819379500E-014, 43.47499984758747600 ) ) ;
#7841 = DIRECTION ( 'NONE',  ( -0.0000000000000000000, -0.0000000000000000000, -1.000000000000000000 ) ) ;
#7842 = VECTOR ( 'NONE', #7841, 1000.000000000000000 ) ;
#7843 = CARTESIAN_POINT ( 'NONE',  ( 12.24999999999998600, 1.500142783432410400E-015, 0.0000000000000000000 ) ) ;
#7844 = VECTOR ( 'NONE', #7901, 1000.000000000000000 ) ;
#7845 = CARTESIAN_POINT ( 'NONE',  ( 3.673819061467132300E-016, -25.00000000000000000, 0.9999999999999995600 ) ) ;
#7846 = LINE ( 'NONE', #7845, #7844 ) ;
#7847 = CARTESIAN_POINT ( 'NONE',  ( -3.698011700900858000, 20.69600708977458900, 5.000000000000000900 ) ) ;
#7848 = CARTESIAN_POINT ( 'NONE',  ( -0.4500000000000004600, -18.80028600874643300, 6.966057989992779500 ) ) ;
#7849 = DIRECTION ( 'NONE',  ( 0.0000000000000000000, 0.0000000000000000000, 1.000000000000000000 ) ) ;
#7850 = DIRECTION ( 'NONE',  ( -0.0000000000000000000, -1.000000000000000000, -0.0000000000000000000 ) ) ;
#7851 = CARTESIAN_POINT ( 'NONE',  ( 0.0000000000000000000, -18.80028600874643300, 4.000000000000000000 ) ) ;
#7852 = AXIS2_PLACEMENT_3D ( 'NONE', #7851, #7850, #7849 ) ;
#7853 = CIRCLE ( 'NONE', #7852, 3.000000000000000900 ) ;
#7854 = CARTESIAN_POINT ( 'NONE',  ( 0.0000000000000000000, -18.80028600874643300, 7.000000000000000900 ) ) ;
#7855 = DIRECTION ( 'NONE',  ( -0.0000000000000000000, 1.000000000000000000, -0.0000000000000000000 ) ) ;
#7856 = VECTOR ( 'NONE', #7855, 1000.000000000000000 ) ;
#7857 = CARTESIAN_POINT ( 'NONE',  ( 0.0000000000000000000, -25.00000000000000000, 7.000000000000000900 ) ) ;
#7858 = LINE ( 'NONE', #7857, #7856 ) ;
#7859 = CARTESIAN_POINT ( 'NONE',  ( -3.672939613082681000, 20.47348615581827100, 5.000000000000000900 ) ) ;
#7860 = DIRECTION ( 'NONE',  ( -1.000000000000000000, 0.0000000000000000000, 0.0000000000000000000 ) ) ;
#7861 = DIRECTION ( 'NONE',  ( 0.0000000000000000000, 0.0000000000000000000, 1.000000000000000000 ) ) ;
#7862 = CARTESIAN_POINT ( 'NONE',  ( -4.672939613082681000, 20.47348615581827100, 5.000000000000000900 ) ) ;
#7863 = AXIS2_PLACEMENT_3D ( 'NONE', #7862, #7861, #7860 ) ;
#7864 = CIRCLE ( 'NONE', #7863, 1.000000000000000000 ) ;
#7865 = DIRECTION ( 'NONE',  ( -0.2225209339563178900, 0.9749279121818228400, 0.0000000000000000000 ) ) ;
#7866 = DIRECTION ( 'NONE',  ( 0.0000000000000000000, 0.0000000000000000000, 1.000000000000000000 ) ) ;
#7867 = CARTESIAN_POINT ( 'NONE',  ( -4.672939613082681000, 20.47348615581827100, 55.00000000000000000 ) ) ;
#7868 = AXIS2_PLACEMENT_3D ( 'NONE', #7867, #7866, #7865 ) ;
#7869 = DIRECTION ( 'NONE',  ( 1.000000000000000000, 0.0000000000000000000, 0.0000000000000000000 ) ) ;
#7870 = DIRECTION ( 'NONE',  ( -0.0000000000000000000, -0.0000000000000000000, 1.000000000000000000 ) ) ;
#7871 = CARTESIAN_POINT ( 'NONE',  ( -1.569331965314988000, 20.94127974080477000, -5.559827068991052300 ) ) ;
#7872 = AXIS2_PLACEMENT_3D ( 'NONE', #7871, #7870, #7869 ) ;
#7873 = CYLINDRICAL_SURFACE ( 'NONE', #7872, 1.000000000000000000 ) ;
#7874 = CIRCLE ( 'NONE', #7868, 1.000000000000000700 ) ;
#7875 =( BOUNDED_CURVE ( )  B_SPLINE_CURVE ( 2, ( #7924, #7923, #7922, #7921, #7920, #7919, #7918, #7917, #7916 ),
 .UNSPECIFIED., .F., .F. ) 
 B_SPLINE_CURVE_WITH_KNOTS ( ( 3, 2, 2, 2, 3 ),
 ( 0.1666665877367451700, 0.1666666666666666600, 0.1944444444444444200, 0.2222222222222222100, 0.2499999210700784600 ),
 .UNSPECIFIED. ) 
 CURVE ( )  GEOMETRIC_REPRESENTATION_ITEM ( )  RATIONAL_B_SPLINE_CURVE ( ( 0.9999992386306494300, 0.9999996193142429700, 1.000000000000000000, 0.8660254037844387100, 1.000000000000000000, 0.8660254037844387100, 1.000000000000000000, 0.8660257844701959600, 0.9999992386306488800 ) ) 
 REPRESENTATION_ITEM ( '' )  );
#7876 = LINE ( 'NONE', #7915, #7914 ) ;
#7877 = CARTESIAN_POINT ( 'NONE',  ( -12.24999999999998400, -1.199211027497643900E-014, 45.28499984758747100 ) ) ;
#7878 = CARTESIAN_POINT ( 'NONE',  ( 12.24999999999998400, 1.049194129665845700E-014, 47.09499984758745900 ) ) ;
#7879 = DIRECTION ( 'NONE',  ( -0.0000000000000000000, -0.0000000000000000000, -1.000000000000000000 ) ) ;
#7880 = VECTOR ( 'NONE', #7879, 1000.000000000000000 ) ;
#7881 = CARTESIAN_POINT ( 'NONE',  ( 12.24999999999998600, 1.500142783432410400E-015, 0.0000000000000000000 ) ) ;
#7882 = LINE ( 'NONE', #7881, #7880 ) ;
#7883 = CARTESIAN_POINT ( 'NONE',  ( 11.37862183000906100, -4.537561597338482900, 47.99999999999999300 ) ) ;
#7884 = CARTESIAN_POINT ( 'NONE',  ( 12.24999999999998400, 1.500142783432410200E-015, 48.00000000000000000 ) ) ;
#7885 = DIRECTION ( 'NONE',  ( -1.000000000000000000, 0.0000000000000000000, 0.0000000000000000000 ) ) ;
#7886 = DIRECTION ( 'NONE',  ( -0.0000000000000000000, -0.0000000000000000000, -1.000000000000000000 ) ) ;
#7887 = CARTESIAN_POINT ( 'NONE',  ( 0.0000000000000000000, 0.0000000000000000000, 48.00000000000000000 ) ) ;
#7888 = AXIS2_PLACEMENT_3D ( 'NONE', #7887, #7886, #7885 ) ;
#7889 = CIRCLE ( 'NONE', #7888, 12.24999999999998400 ) ;
#7890 = DIRECTION ( 'NONE',  ( -0.0000000000000000000, 1.000000000000000000, -0.0000000000000000000 ) ) ;
#7891 = VECTOR ( 'NONE', #7890, 1000.000000000000000 ) ;
#7892 = CARTESIAN_POINT ( 'NONE',  ( -0.4500000000000004600, -25.00000000000000000, 1.033942010007221200 ) ) ;
#7893 = LINE ( 'NONE', #7892, #7891 ) ;
#7894 = CARTESIAN_POINT ( 'NONE',  ( -0.4500000000000004600, -24.19971399125355700, 1.033942010007221200 ) ) ;
#7895 = DIRECTION ( 'NONE',  ( 0.0000000000000000000, 0.0000000000000000000, -1.000000000000000000 ) ) ;
#7896 = DIRECTION ( 'NONE',  ( 0.0000000000000000000, 1.000000000000000000, 0.0000000000000000000 ) ) ;
#7897 = CARTESIAN_POINT ( 'NONE',  ( 0.0000000000000000000, -24.19971399125355700, 4.000000000000000000 ) ) ;
#7898 = AXIS2_PLACEMENT_3D ( 'NONE', #7897, #7896, #7895 ) ;
#7899 = CIRCLE ( 'NONE', #7898, 3.000000000000000400 ) ;
#7900 = CARTESIAN_POINT ( 'NONE',  ( 3.673819061467132300E-016, -24.19971399125355700, 0.9999999999999995600 ) ) ;
#7901 = DIRECTION ( 'NONE',  ( -0.0000000000000000000, 1.000000000000000000, -0.0000000000000000000 ) ) ;
#7902 = CARTESIAN_POINT ( 'NONE',  ( -12.24999999999999100, -1.511188350301426900E-014, 46.40499984758745500 ) ) ;
#7903 = CARTESIAN_POINT ( 'NONE',  ( -12.24999999999996300, -7.072517592186214200, 46.70666601935939600 ) ) ;
#7904 = CARTESIAN_POINT ( 'NONE',  ( -6.125030144681588200, -10.60879379226222800, 47.00833169624152000 ) ) ;
#7905 = CARTESIAN_POINT ( 'NONE',  ( -4.019294176194966500E-005, -14.14508159508871500, 47.30999836290818200 ) ) ;
#7906 = CARTESIAN_POINT ( 'NONE',  ( 6.124969855268947300, -10.60882860037084700, 47.61166502957484400 ) ) ;
#7907 = CARTESIAN_POINT ( 'NONE',  ( 9.804730682667070600, -8.484331637376724800, 47.79289921110179800 ) ) ;
#7908 = CARTESIAN_POINT ( 'NONE',  ( 11.37862183000906100, -4.537561597338483700, 48.00000000000000700 ) ) ;
#7909 =( BOUNDED_CURVE ( )  B_SPLINE_CURVE ( 2, ( #7908, #7907, #7906, #7905, #7904, #7903, #7902 ),
 .UNSPECIFIED., .F., .T. ) 
 B_SPLINE_CURVE_WITH_KNOTS ( ( 3, 2, 2, 3 ),
 ( 0.01014652516600536700, 0.02777777777777777600, 0.05555555555555555200, 0.08333325440341177200 ),
 .UNSPECIFIED. ) 
 CURVE ( )  GEOMETRIC_REPRESENTATION_ITEM ( )  RATIONAL_B_SPLINE_CURVE ( ( 0.9378762077488149700, 0.9149629618202763700, 1.000000000000000000, 0.8660254037844387100, 1.000000000000000000, 0.8660257844701960700, 0.9999992386306487700 ) ) 
 REPRESENTATION_ITEM ( '' )  );
#7910 = CYLINDRICAL_SURFACE ( 'NONE', #7954, 12.24999999999998600 ) ;
#7911 = FACE_OUTER_BOUND ( 'NONE', #3377, .T. ) ;
#7912 = CARTESIAN_POINT ( 'NONE',  ( -12.24999999999999100, -1.511188350301426900E-014, 46.40499984758745500 ) ) ;
#7913 = DIRECTION ( 'NONE',  ( -0.0000000000000000000, -0.0000000000000000000, -1.000000000000000000 ) ) ;
#7914 = VECTOR ( 'NONE', #7913, 1000.000000000000000 ) ;
#7915 = CARTESIAN_POINT ( 'NONE',  ( -12.24999999999998600, 0.0000000000000000000, 0.0000000000000000000 ) ) ;
#7916 = CARTESIAN_POINT ( 'NONE',  ( -12.24999999999998400, -1.199211027497643900E-014, 45.28499984758747100 ) ) ;
#7917 = CARTESIAN_POINT ( 'NONE',  ( -12.24999999999995700, -7.072517592186225800, 45.58666601935941300 ) ) ;
#7918 = CARTESIAN_POINT ( 'NONE',  ( -6.125030144681579400, -10.60879379226222800, 45.88833169624152900 ) ) ;
#7919 = CARTESIAN_POINT ( 'NONE',  ( -4.019294174592186400E-005, -14.14508159508871200, 46.18999836290819200 ) ) ;
#7920 = CARTESIAN_POINT ( 'NONE',  ( 6.124969855268950900, -10.60882860037084000, 46.49166502957486100 ) ) ;
#7921 = CARTESIAN_POINT ( 'NONE',  ( 12.24997990347965700, -7.072575605652963800, 46.79333169624152300 ) ) ;
#7922 = CARTESIAN_POINT ( 'NONE',  ( 12.24999999995053400, -3.480810861642666000E-005, 47.09499836290818600 ) ) ;
#7923 = CARTESIAN_POINT ( 'NONE',  ( 12.24999999999998600, -1.740405430300250200E-005, 47.09499910524721900 ) ) ;
#7924 = CARTESIAN_POINT ( 'NONE',  ( 12.24999999999998400, 1.049194129665845700E-014, 47.09499984758745900 ) ) ;
#7925 = CARTESIAN_POINT ( 'NONE',  ( -1.569331965314988000, 20.94127974080477000, 55.00000000000000000 ) ) ;
#7926 = AXIS2_PLACEMENT_3D ( 'NONE', #7925, #7977, #7976 ) ;
#7927 = CIRCLE ( 'NONE', #7926, 1.000000000000000900 ) ;
#7928 = CARTESIAN_POINT ( 'NONE',  ( -0.5693319653149880900, 20.94127974080477000, 55.00000000000000000 ) ) ;
#7929 = DIRECTION ( 'NONE',  ( -0.0000000000000000000, -0.0000000000000000000, 1.000000000000000000 ) ) ;
#7930 = VECTOR ( 'NONE', #7929, 1000.000000000000000 ) ;
#7931 = CARTESIAN_POINT ( 'NONE',  ( -0.5693319653149880900, 20.94127974080477000, -5.559827068991052300 ) ) ;
#7932 = LINE ( 'NONE', #7931, #7930 ) ;
#7933 = CARTESIAN_POINT ( 'NONE',  ( -0.5721281681338080700, 21.01600983439120200, 5.000000000000000900 ) ) ;
#7934 = CARTESIAN_POINT ( 'NONE',  ( 0.0000000000000000000, -8.000000000000000000, 7.000000000000000900 ) ) ;
#7935 = DIRECTION ( 'NONE',  ( 0.0000000000000000000, 0.0000000000000000000, 1.000000000000000000 ) ) ;
#7936 = DIRECTION ( 'NONE',  ( 0.0000000000000000000, 1.000000000000000000, 0.0000000000000000000 ) ) ;
#7937 = CARTESIAN_POINT ( 'NONE',  ( 0.0000000000000000000, -8.000000000000000000, 4.000000000000000000 ) ) ;
#7938 = AXIS2_PLACEMENT_3D ( 'NONE', #7937, #7936, #7935 ) ;
#7939 = CIRCLE ( 'NONE', #7938, 3.000000000000000900 ) ;
#7940 = CARTESIAN_POINT ( 'NONE',  ( 3.673819061467132300E-016, -8.000000000000000000, 0.9999999999999995600 ) ) ;
#7941 = DIRECTION ( 'NONE',  ( -0.0000000000000000000, 1.000000000000000000, -0.0000000000000000000 ) ) ;
#7942 = VECTOR ( 'NONE', #7941, 1000.000000000000000 ) ;
#7943 = CARTESIAN_POINT ( 'NONE',  ( 3.673819061467132300E-016, -25.00000000000000000, 0.9999999999999995600 ) ) ;
#7944 = LINE ( 'NONE', #7943, #7942 ) ;
#7945 = CARTESIAN_POINT ( 'NONE',  ( 3.673819061467132300E-016, -18.80028600874643300, 0.9999999999999995600 ) ) ;
#7946 = DIRECTION ( 'NONE',  ( 8.881784197001252300E-015, 0.0000000000000000000, 1.000000000000000000 ) ) ;
#7947 = DIRECTION ( 'NONE',  ( -0.0000000000000000000, -1.000000000000000000, -0.0000000000000000000 ) ) ;
#7948 = CARTESIAN_POINT ( 'NONE',  ( 0.0000000000000000000, -18.80028600874643300, 4.000000000000000000 ) ) ;
#7949 = AXIS2_PLACEMENT_3D ( 'NONE', #7948, #7947, #7946 ) ;
#7950 = DIRECTION ( 'NONE',  ( -1.000000000000000000, 0.0000000000000000000, 0.0000000000000000000 ) ) ;
#7951 = DIRECTION ( 'NONE',  ( -0.0000000000000000000, -0.0000000000000000000, -1.000000000000000000 ) ) ;
#7952 = CARTESIAN_POINT ( 'NONE',  ( 0.0000000000000000000, 0.0000000000000000000, 0.0000000000000000000 ) ) ;
#7953 = CIRCLE ( 'NONE', #7949, 3.000000000000000900 ) ;
#7954 = AXIS2_PLACEMENT_3D ( 'NONE', #7952, #7951, #7950 ) ;
#7955 =( BOUNDED_CURVE ( )  B_SPLINE_CURVE ( 3, ( #8002, #8001, #8000, #7999 ),
 .UNSPECIFIED., .F., .T. ) 
 B_SPLINE_CURVE_WITH_KNOTS ( ( 4, 4 ),
 ( 4.434998268179961100, 4.520504231958616600 ),
 .UNSPECIFIED. ) 
 CURVE ( )  GEOMETRIC_REPRESENTATION_ITEM ( )  RATIONAL_B_SPLINE_CURVE ( ( 1.000000000000000000, 0.9993908203107769700, 0.9993908203107769700, 1.000000000000000000 ) ) 
 REPRESENTATION_ITEM ( '' )  );
#7956 = CARTESIAN_POINT ( 'NONE',  ( -0.8215411212506723600, -24.34419439804359100, 6.885319771896035900 ) ) ;
#7957 = CARTESIAN_POINT ( 'NONE',  ( -0.6878471712123843700, -24.34518896064227900, 6.923386636681306600 ) ) ;
#7958 = CARTESIAN_POINT ( 'NONE',  ( -0.5525288577368989700, -24.34601942239337900, 6.951918845889340800 ) ) ;
#7959 = CARTESIAN_POINT ( 'NONE',  ( -0.2786954570843551700, -24.34715747530131900, 6.990224381806363900 ) ) ;
#7960 = CARTESIAN_POINT ( 'NONE',  ( -0.1401807616172855200, -24.34746538962898700, 7.000000000000000900 ) ) ;
#7961 = CARTESIAN_POINT ( 'NONE',  ( 1.490803040780503600E-015, -24.34746538962898700, 7.000000000000000900 ) ) ;
#7962 = CARTESIAN_POINT ( 'NONE',  ( -0.8215411212506723600, -24.34419439804359100, 6.885319771896035900 ) ) ;
#7963 = B_SPLINE_CURVE_WITH_KNOTS ( 'NONE', 3,
 ( #7961, #7960, #7959, #7958, #7957, #7956 ),
 .UNSPECIFIED., .F., .F.,
 ( 4, 2, 4 ),
 ( 0.0000000000000000000, 0.0004145702282549456100, 0.0008291404565098910000 ),
 .UNSPECIFIED. ) ;
#7964 = DIRECTION ( 'NONE',  ( 0.0000000000000000000, 0.0000000000000000000, 1.000000000000000000 ) ) ;
#7965 = DIRECTION ( 'NONE',  ( -0.0000000000000000000, 1.000000000000000000, -0.0000000000000000000 ) ) ;
#7966 = CARTESIAN_POINT ( 'NONE',  ( 0.0000000000000000000, -25.00000000000000000, 4.000000000000000000 ) ) ;
#7967 = AXIS2_PLACEMENT_3D ( 'NONE', #7966, #7965, #7964 ) ;
#7968 = CYLINDRICAL_SURFACE ( 'NONE', #7967, 3.000000000000000900 ) ;
#7969 = FACE_OUTER_BOUND ( 'NONE', #3404, .T. ) ;
#7970 = DIRECTION ( 'NONE',  ( -0.0000000000000000000, -0.0000000000000000000, 1.000000000000000000 ) ) ;
#7971 = VECTOR ( 'NONE', #7970, 1000.000000000000000 ) ;
#7972 = CARTESIAN_POINT ( 'NONE',  ( -0.5721281681338081800, 21.01600983439120200, -5.559827068991052300 ) ) ;
#7973 = LINE ( 'NONE', #7972, #7971 ) ;
#7974 = CARTESIAN_POINT ( 'NONE',  ( -3.698011700900858400, 20.69600708977458900, 55.00000000000000000 ) ) ;
#7975 = CARTESIAN_POINT ( 'NONE',  ( -0.5721281681338081800, 21.01600983439120200, 55.00000000000000000 ) ) ;
#7976 = DIRECTION ( 'NONE',  ( -0.07473009358642789000, 0.9972037971811799100, 0.0000000000000000000 ) ) ;
#7977 = DIRECTION ( 'NONE',  ( 0.0000000000000000000, 0.0000000000000000000, 1.000000000000000000 ) ) ;
#7978 = CARTESIAN_POINT ( 'NONE',  ( 6.125030144681556300, 10.60879379226224200, 40.45833169624153700 ) ) ;
#7979 = CARTESIAN_POINT ( 'NONE',  ( 4.019294172816185900E-005, 14.14508159508871200, 40.75999836290819900 ) ) ;
#7980 = CARTESIAN_POINT ( 'NONE',  ( -6.124969855268963300, 10.60882860037083300, 41.06166502957486800 ) ) ;
#7981 = CARTESIAN_POINT ( 'NONE',  ( -12.24997990347966100, 7.072575605652960300, 41.36333169624153100 ) ) ;
#7982 = CARTESIAN_POINT ( 'NONE',  ( -12.24999999995053400, 3.480810859016586100E-005, 41.66499836290820000 ) ) ;
#7983 = CARTESIAN_POINT ( 'NONE',  ( -12.24999999999998600, 1.740405428898194500E-005, 41.66499910524721900 ) ) ;
#7984 = CARTESIAN_POINT ( 'NONE',  ( -12.24999999999998600, -1.227221422589673200E-014, 41.66499984758747400 ) ) ;
#7985 = CARTESIAN_POINT ( 'NONE',  ( -12.36931716170373500, -3.850007608085394200, 32.30481118717152400 ) ) ;
#7986 = CARTESIAN_POINT ( 'NONE',  ( -12.01354788898001200, -4.773475664305357700, 32.33230862076442200 ) ) ;
#7987 =( BOUNDED_CURVE ( )  B_SPLINE_CURVE ( 2, ( #7984, #7983, #7982, #7981, #7980, #7979, #7978, #7505, #7767 ),
 .UNSPECIFIED., .F., .T. ) 
 B_SPLINE_CURVE_WITH_KNOTS ( ( 3, 2, 2, 2, 3 ),
 ( 0.4166665877367452000, 0.4166666666666666300, 0.4444444444444444200, 0.4722222222222222100, 0.4999999210700784600 ),
 .UNSPECIFIED. ) 
 CURVE ( )  GEOMETRIC_REPRESENTATION_ITEM ( )  RATIONAL_B_SPLINE_CURVE ( ( 0.9999992386306499900, 0.9999996193142433000, 1.000000000000000000, 0.8660254037844387100, 1.000000000000000000, 0.8660254037844387100, 1.000000000000000000, 0.8660257844701959600, 0.9999992386306488800 ) ) 
 REPRESENTATION_ITEM ( '' )  );
#7988 = CARTESIAN_POINT ( 'NONE',  ( -11.81058873396996700, -5.220487414907227100, 32.34632688044386800 ) ) ;
#7989 = DIRECTION ( 'NONE',  ( 0.0000000000000000000, -1.000000000000000000, 0.0000000000000000000 ) ) ;
#7990 = VECTOR ( 'NONE', #7989, 1000.000000000000000 ) ;
#7991 = CARTESIAN_POINT ( 'NONE',  ( -0.4500000000000004600, -25.00000000000000000, 6.966057989992779500 ) ) ;
#7992 = LINE ( 'NONE', #7991, #7990 ) ;
#7993 = CARTESIAN_POINT ( 'NONE',  ( -0.5693319653149880900, 20.94127974080477000, 5.000000000000000900 ) ) ;
#7994 = DIRECTION ( 'NONE',  ( -1.000000000000000000, 0.0000000000000000000, 0.0000000000000000000 ) ) ;
#7995 = DIRECTION ( 'NONE',  ( 0.0000000000000000000, 0.0000000000000000000, 1.000000000000000000 ) ) ;
#7996 = CARTESIAN_POINT ( 'NONE',  ( -1.569331965314988000, 20.94127974080477000, 5.000000000000000900 ) ) ;
#7997 = AXIS2_PLACEMENT_3D ( 'NONE', #7996, #7995, #7994 ) ;
#7998 = CIRCLE ( 'NONE', #7997, 0.9999999999999997800 ) ;
#7999 = CARTESIAN_POINT ( 'NONE',  ( -0.5721281681335145300, -21.01600983439120900, 6.944939618944366600 ) ) ;
#8000 = CARTESIAN_POINT ( 'NONE',  ( -0.6560903818674512800, -22.13640771343844100, 6.928627859196556200 ) ) ;
#8001 = CARTESIAN_POINT ( 'NONE',  ( -0.7392787095461064200, -23.24647880074922300, 6.908742463067677700 ) ) ;
#8002 = CARTESIAN_POINT ( 'NONE',  ( -0.8215411212506723600, -24.34419439804359100, 6.885319771896035900 ) ) ;
#8003 = CARTESIAN_POINT ( 'NONE',  ( -17.24999999999998600, 0.0000000000000000000, 19.00000000000000400 ) ) ;
#8004 = DIRECTION ( 'NONE',  ( -1.000000000000000000, 0.0000000000000000000, 0.0000000000000000000 ) ) ;
#8005 = DIRECTION ( 'NONE',  ( -0.0000000000000000000, -0.0000000000000000000, -1.000000000000000000 ) ) ;
#8006 = CARTESIAN_POINT ( 'NONE',  ( 0.0000000000000000000, 0.0000000000000000000, 19.00000000000000400 ) ) ;
#8007 = AXIS2_PLACEMENT_3D ( 'NONE', #8006, #8005, #8004 ) ;
#8008 = CIRCLE ( 'NONE', #8007, 17.24999999999998600 ) ;
#8009 = CARTESIAN_POINT ( 'NONE',  ( 17.24999999999998600, 2.112445960343599200E-015, 19.00000000000000400 ) ) ;
#8010 = DIRECTION ( 'NONE',  ( -0.0000000000000000000, -0.0000000000000000000, -1.000000000000000000 ) ) ;
#8011 = VECTOR ( 'NONE', #8010, 1000.000000000000000 ) ;
#8012 = CARTESIAN_POINT ( 'NONE',  ( 17.24999999999998600, 2.112445960343599200E-015, 0.0000000000000000000 ) ) ;
#8013 = LINE ( 'NONE', #8012, #8011 ) ;
#8014 = DIRECTION ( 'NONE',  ( -1.000000000000000000, 0.0000000000000000000, 0.0000000000000000000 ) ) ;
#8015 = CARTESIAN_POINT ( 'NONE',  ( 9.661135064236329800, 7.531598055564501200, 33.00000000000000000 ) ) ;
#8016 = CARTESIAN_POINT ( 'NONE',  ( 10.11586285551560100, 7.003521535431643100, 32.96604681495599500 ) ) ;
#8017 = CARTESIAN_POINT ( 'NONE',  ( 10.52555910844407400, 6.438448635711809600, 32.93050779512863400 ) ) ;
#8018 = CARTESIAN_POINT ( 'NONE',  ( 11.24014429054684200, 5.264037769121856900, 32.85726785116004600 ) ) ;
#8019 = CARTESIAN_POINT ( 'NONE',  ( 11.54787954068585700, 4.651677530035523300, 32.81938380189618700 ) ) ;
#8020 = CARTESIAN_POINT ( 'NONE',  ( 11.93578345808138000, 3.695780093411178000, 32.75984925668242200 ) ) ;
#8021 = CARTESIAN_POINT ( 'NONE',  ( 12.05274524727364700, 3.370893005265488200, 32.73954873184628400 ) ) ;
#8022 = CARTESIAN_POINT ( 'NONE',  ( 12.26142523559999200, 2.708336196297967700, 32.69781146394741700 ) ) ;
#8023 = CARTESIAN_POINT ( 'NONE',  ( 12.35241992438242200, 2.372600624204074000, 32.67649547851424800 ) ) ;
#8024 = CARTESIAN_POINT ( 'NONE',  ( 12.58346274382124000, 1.363989251701512400, 32.61156582997065800 ) ) ;
#8025 = CARTESIAN_POINT ( 'NONE',  ( 12.68317877990888900, 0.6850247421229923600, 32.56682122009108600 ) ) ;
#8026 = CARTESIAN_POINT ( 'NONE',  ( 12.73142921254387300, 7.786081170842165300E-015, 32.51857078745612000 ) ) ;
#8027 = AXIS2_PLACEMENT_3D ( 'NONE', #8029, #8028, #8014 ) ;
#8028 = DIRECTION ( 'NONE',  ( -0.0000000000000000000, -0.0000000000000000000, -1.000000000000000000 ) ) ;
#8029 = CARTESIAN_POINT ( 'NONE',  ( 0.0000000000000000000, 0.0000000000000000000, 0.0000000000000000000 ) ) ;
#8030 = B_SPLINE_CURVE_WITH_KNOTS ( 'NONE', 3,
 ( #8026, #8025, #8024, #8023, #8022, #8021, #8020, #8019, #8018, #8017, #8016, #8015 ),
 .UNSPECIFIED., .F., .F.,
 ( 4, 2, 2, 2, 2, 4 ),
 ( 0.07221255323123924900, 0.07427580977215084100, 0.07530743804260664500, 0.07633906631306243400, 0.07840232285397404100, 0.08046557939488563300 ),
 .UNSPECIFIED. ) ;
#8031 = CYLINDRICAL_SURFACE ( 'NONE', #8027, 17.24999999999998600 ) ;
#8032 = FACE_OUTER_BOUND ( 'NONE', #3466, .T. ) ;
#8033 = DIRECTION ( 'NONE',  ( -0.0000000000000000000, -0.0000000000000000000, -1.000000000000000000 ) ) ;
#8034 = VECTOR ( 'NONE', #8033, 1000.000000000000000 ) ;
#8035 = CARTESIAN_POINT ( 'NONE',  ( 12.24999999999998600, 1.500142783432410400E-015, 0.0000000000000000000 ) ) ;
#8036 = LINE ( 'NONE', #8035, #8034 ) ;
#8037 = CARTESIAN_POINT ( 'NONE',  ( -12.24999999999998800, -1.799291271466668200E-014, 35.54499984758748400 ) ) ;
#8038 = CARTESIAN_POINT ( 'NONE',  ( -12.24999999999995700, -7.072517592186244400, 35.84666601935942500 ) ) ;
#8039 = CARTESIAN_POINT ( 'NONE',  ( -6.125030144681557200, -10.60879379226224600, 36.14833169624154200 ) ) ;
#8040 = CARTESIAN_POINT ( 'NONE',  ( -4.019294172642965700E-005, -14.14508159508871500, 36.44999836290821100 ) ) ;
#8041 = CARTESIAN_POINT ( 'NONE',  ( 6.124969855268966900, -10.60882860037083500, 36.75166502957487300 ) ) ;
#8042 = CARTESIAN_POINT ( 'NONE',  ( 12.24997990347966200, -7.072575605652960300, 37.05333169624154300 ) ) ;
#8043 = CARTESIAN_POINT ( 'NONE',  ( 12.24999999995053700, -3.480810861042610300E-005, 37.35499836290820500 ) ) ;
#8044 = CARTESIAN_POINT ( 'NONE',  ( 12.24999999999998900, -1.740405429700185600E-005, 37.35499910524723100 ) ) ;
#8045 = CARTESIAN_POINT ( 'NONE',  ( 12.24999999999998800, 1.649263217674099200E-014, 37.35499984758747200 ) ) ;
#8046 = CARTESIAN_POINT ( 'NONE',  ( -12.24999999999998800, -1.799291271466668200E-014, 35.54499984758748400 ) ) ;
#8047 = CARTESIAN_POINT ( 'NONE',  ( 12.24999999999998800, 1.649263217674099200E-014, 37.35499984758747200 ) ) ;
#8048 =( BOUNDED_CURVE ( )  B_SPLINE_CURVE ( 2, ( #8045, #8044, #8043, #8042, #8041, #8040, #8039, #8038, #8037 ),
 .UNSPECIFIED., .F., .T. ) 
 B_SPLINE_CURVE_WITH_KNOTS ( ( 3, 2, 2, 2, 3 ),
 ( 0.4999999210700785100, 0.5000000000000000000, 0.5277777777777777900, 0.5555555555555555800, 0.5833332544034117700 ),
 .UNSPECIFIED. ) 
 CURVE ( )  GEOMETRIC_REPRESENTATION_ITEM ( )  RATIONAL_B_SPLINE_CURVE ( ( 0.9999992386306494300, 0.9999996193142429700, 1.000000000000000000, 0.8660254037844387100, 1.000000000000000000, 0.8660254037844387100, 1.000000000000000000, 0.8660257844701957400, 0.9999992386306494300 ) ) 
 REPRESENTATION_ITEM ( '' )  );
#8049 = DIRECTION ( 'NONE',  ( -1.000000000000000000, 0.0000000000000000000, 0.0000000000000000000 ) ) ;
#8050 = DIRECTION ( 'NONE',  ( -0.0000000000000000000, -0.0000000000000000000, -1.000000000000000000 ) ) ;
#8051 = CARTESIAN_POINT ( 'NONE',  ( 0.0000000000000000000, 0.0000000000000000000, 0.0000000000000000000 ) ) ;
#8052 = AXIS2_PLACEMENT_3D ( 'NONE', #8051, #8050, #8049 ) ;
#8053 = CYLINDRICAL_SURFACE ( 'NONE', #8052, 12.24999999999998600 ) ;
#8054 = FACE_OUTER_BOUND ( 'NONE', #3570, .T. ) ;
#8055 = DIRECTION ( 'NONE',  ( -0.0000000000000000000, -0.0000000000000000000, -1.000000000000000000 ) ) ;
#8056 = VECTOR ( 'NONE', #8055, 1000.000000000000000 ) ;
#8057 = CARTESIAN_POINT ( 'NONE',  ( -12.24999999999998600, 0.0000000000000000000, 0.0000000000000000000 ) ) ;
#8058 = LINE ( 'NONE', #8057, #8056 ) ;
#8059 = B_SPLINE_CURVE_WITH_KNOTS ( 'NONE', 3,
 ( #8101, #8100, #8099, #8098, #8097, #8096 ),
 .UNSPECIFIED., .F., .F.,
 ( 4, 2, 4 ),
 ( 0.006952887815727185100, 0.006989760705985032800, 0.007026633596242880600 ),
 .UNSPECIFIED. ) ;
#8060 = CARTESIAN_POINT ( 'NONE',  ( -0.5721281681335145300, -21.01600983439120900, 6.944939618944366600 ) ) ;
#8061 = DIRECTION ( 'NONE',  ( -0.0000000000000000000, -0.0000000000000000000, -1.000000000000000000 ) ) ;
#8062 = VECTOR ( 'NONE', #8061, 1000.000000000000000 ) ;
#8063 = CARTESIAN_POINT ( 'NONE',  ( -12.24999999999998600, 0.0000000000000000000, 0.0000000000000000000 ) ) ;
#8064 = CARTESIAN_POINT ( 'NONE',  ( -12.24999999999998400, -1.555271976340070100E-014, 34.42499984758748600 ) ) ;
#8065 = CARTESIAN_POINT ( 'NONE',  ( -12.24999999999998000, -7.072517592186230200, 34.72666601935944200 ) ) ;
#8066 = CARTESIAN_POINT ( 'NONE',  ( -6.125030144681552700, -10.60879379226224400, 35.02833169624154400 ) ) ;
#8067 = CARTESIAN_POINT ( 'NONE',  ( -4.019294172296521100E-005, -14.14508159508871200, 35.32999836290822100 ) ) ;
#8068 = CARTESIAN_POINT ( 'NONE',  ( 6.124969855268967800, -10.60882860037082900, 35.63166502957488300 ) ) ;
#8069 = CARTESIAN_POINT ( 'NONE',  ( 12.24997990347966200, -7.072575605652955800, 35.93333169624155200 ) ) ;
#8070 = CARTESIAN_POINT ( 'NONE',  ( 12.24999999995053400, -3.480810860742580400E-005, 36.23499836290821500 ) ) ;
#8071 = CARTESIAN_POINT ( 'NONE',  ( 12.24999999999998600, -1.740405429400156400E-005, 36.23499910524724800 ) ) ;
#8072 = CARTESIAN_POINT ( 'NONE',  ( 12.24999999999998400, 1.949292167057280500E-014, 36.23499984758748100 ) ) ;
#8073 = LINE ( 'NONE', #8063, #8062 ) ;
#8074 = CARTESIAN_POINT ( 'NONE',  ( -12.24999999999998400, -1.555271976340070100E-014, 34.42499984758748600 ) ) ;
#8075 =( BOUNDED_CURVE ( )  B_SPLINE_CURVE ( 2, ( #8072, #8071, #8070, #8069, #8068, #8067, #8066, #8065, #8064 ),
 .UNSPECIFIED., .F., .T. ) 
 B_SPLINE_CURVE_WITH_KNOTS ( ( 3, 2, 2, 2, 3 ),
 ( 0.6666665877367451400, 0.6666666666666666300, 0.6944444444444444200, 0.7222222222222222100, 0.7499999210700786200 ),
 .UNSPECIFIED. ) 
 CURVE ( )  GEOMETRIC_REPRESENTATION_ITEM ( )  RATIONAL_B_SPLINE_CURVE ( ( 0.9999992386306494300, 0.9999996193142429700, 1.000000000000000000, 0.8660254037844387100, 1.000000000000000000, 0.8660254037844387100, 1.000000000000000000, 0.8660257844701951800, 0.9999992386306505400 ) ) 
 REPRESENTATION_ITEM ( '' )  );
#8076 = CARTESIAN_POINT ( 'NONE',  ( 12.24999999999998400, 1.949292167057280500E-014, 36.23499984758748100 ) ) ;
#8077 = CYLINDRICAL_SURFACE ( 'NONE', #8121, 12.24999999999998600 ) ;
#8078 = FACE_OUTER_BOUND ( 'NONE', #3504, .T. ) ;
#8079 = DIRECTION ( 'NONE',  ( -1.000000000000000000, 0.0000000000000000000, 0.0000000000000000000 ) ) ;
#8080 = DIRECTION ( 'NONE',  ( -0.0000000000000000000, -0.0000000000000000000, -1.000000000000000000 ) ) ;
#8081 = CARTESIAN_POINT ( 'NONE',  ( 0.0000000000000000000, 0.0000000000000000000, 0.0000000000000000000 ) ) ;
#8082 = AXIS2_PLACEMENT_3D ( 'NONE', #8081, #8080, #8079 ) ;
#8083 = CYLINDRICAL_SURFACE ( 'NONE', #8082, 12.24999999999998600 ) ;
#8084 = CARTESIAN_POINT ( 'NONE',  ( 12.73142921254387300, 7.786081170842165300E-015, 32.51857078745612000 ) ) ;
#8085 = FACE_OUTER_BOUND ( 'NONE', #3499, .T. ) ;
#8086 = DIRECTION ( 'NONE',  ( 0.0000000000000000000, -1.000000000000000000, 0.0000000000000000000 ) ) ;
#8087 = VECTOR ( 'NONE', #8086, 1000.000000000000000 ) ;
#8088 = CARTESIAN_POINT ( 'NONE',  ( -2.828427124746190300, -25.00000000000000000, 5.000000000000000000 ) ) ;
#8089 = CARTESIAN_POINT ( 'NONE',  ( -2.828427124746190300, -24.36124700877024600, 5.000000000000000900 ) ) ;
#8090 = CARTESIAN_POINT ( 'NONE',  ( -2.760167977319119900, -23.45039198718628300, 5.193066024094775000 ) ) ;
#8091 = CARTESIAN_POINT ( 'NONE',  ( -2.672566064269224400, -22.28142569608059600, 5.378159799509383300 ) ) ;
#8092 = CARTESIAN_POINT ( 'NONE',  ( -2.566535762496238200, -20.86654964722255200, 5.553349342499694300 ) ) ;
#8093 =( BOUNDED_CURVE ( )  B_SPLINE_CURVE ( 3, ( #8092, #8091, #8090, #8089 ),
 .UNSPECIFIED., .F., .T. ) 
 B_SPLINE_CURVE_WITH_KNOTS ( ( 4, 4 ),
 ( 2.597335038430433700, 2.801755744135671700 ),
 .UNSPECIFIED. ) 
 CURVE ( )  GEOMETRIC_REPRESENTATION_ITEM ( )  RATIONAL_B_SPLINE_CURVE ( ( 1.000000000000000000, 0.9965207118370232900, 0.9965207118370232900, 1.000000000000000000 ) ) 
 REPRESENTATION_ITEM ( '' )  );
#8094 = LINE ( 'NONE', #8088, #8087 ) ;
#8095 = CARTESIAN_POINT ( 'NONE',  ( -2.828427124746190300, -24.36124700877024600, 5.000000000000000900 ) ) ;
#8096 = CARTESIAN_POINT ( 'NONE',  ( -0.5693319653146955400, -20.94127974080479100, 6.945481473931029500 ) ) ;
#8097 = CARTESIAN_POINT ( 'NONE',  ( -0.5693319653146955400, -20.95374684246705500, 6.945481473931028700 ) ) ;
#8098 = CARTESIAN_POINT ( 'NONE',  ( -0.5695666693882768300, -20.96627366504317900, 6.945436136659257200 ) ) ;
#8099 = CARTESIAN_POINT ( 'NONE',  ( -0.5705001701149399200, -20.99118352909493600, 6.945255469719918500 ) ) ;
#8100 = CARTESIAN_POINT ( 'NONE',  ( -0.5711989699183406300, -21.00361054591133900, 6.945120138935088500 ) ) ;
#8101 = CARTESIAN_POINT ( 'NONE',  ( -0.5721281681335145300, -21.01600983439120900, 6.944939618944366600 ) ) ;
#8102 = CARTESIAN_POINT ( 'NONE',  ( -12.24999999995053400, 3.480810860892594600E-005, 38.04499836290821700 ) ) ;
#8103 = CARTESIAN_POINT ( 'NONE',  ( -12.24999999999998600, 1.740405429550170700E-005, 38.04499910524724300 ) ) ;
#8104 = CARTESIAN_POINT ( 'NONE',  ( -12.24999999999998400, -1.799291771168149300E-014, 38.04499984758749100 ) ) ;
#8105 = CYLINDRICAL_SURFACE ( 'NONE', #8137, 12.24999999999998600 ) ;
#8106 = FACE_OUTER_BOUND ( 'NONE', #3512, .T. ) ;
#8107 =( BOUNDED_CURVE ( )  B_SPLINE_CURVE ( 2, ( #8104, #8103, #8102, #8143, #8142, #8141, #8140, #8139, #8138 ),
 .UNSPECIFIED., .F., .T. ) 
 B_SPLINE_CURVE_WITH_KNOTS ( ( 3, 2, 2, 2, 3 ),
 ( 0.5833332544034117700, 0.5833333333333332600, 0.6111111111111110500, 0.6388888888888888400, 0.6666665877367451400 ),
 .UNSPECIFIED. ) 
 CURVE ( )  GEOMETRIC_REPRESENTATION_ITEM ( )  RATIONAL_B_SPLINE_CURVE ( ( 0.9999992386306494300, 0.9999996193142429700, 1.000000000000000000, 0.8660254037844387100, 1.000000000000000000, 0.8660254037844387100, 1.000000000000000000, 0.8660257844701957400, 0.9999992386306494300 ) ) 
 REPRESENTATION_ITEM ( '' )  );
#8108 = CARTESIAN_POINT ( 'NONE',  ( 12.24999999999998800, 1.649263217674099200E-014, 37.35499984758747200 ) ) ;
#8109 = CARTESIAN_POINT ( 'NONE',  ( 12.24999999999994300, 7.072517592186253300, 37.65666601935942000 ) ) ;
#8110 = CARTESIAN_POINT ( 'NONE',  ( 6.125030144681557200, 10.60879379226224600, 37.95833169624153700 ) ) ;
#8111 = CARTESIAN_POINT ( 'NONE',  ( 4.019294172816188000E-005, 14.14508159508871500, 38.25999836290819900 ) ) ;
#8112 = CARTESIAN_POINT ( 'NONE',  ( -6.124969855268965100, 10.60882860037083500, 38.56166502957486800 ) ) ;
#8113 = CARTESIAN_POINT ( 'NONE',  ( -12.24997990347966200, 7.072575605652962100, 38.86333169624153100 ) ) ;
#8114 = CARTESIAN_POINT ( 'NONE',  ( -12.24999999995053700, 3.480810859016587400E-005, 39.16499836290819300 ) ) ;
#8115 = CARTESIAN_POINT ( 'NONE',  ( -12.24999999999998900, 1.740405428898195500E-005, 39.16499910524721900 ) ) ;
#8116 = CARTESIAN_POINT ( 'NONE',  ( -12.24999999999998900, -1.227221253760689300E-014, 39.16499984758747400 ) ) ;
#8117 =( BOUNDED_CURVE ( )  B_SPLINE_CURVE ( 2, ( #8116, #8115, #8114, #8113, #8112, #8111, #8110, #8109, #8108 ),
 .UNSPECIFIED., .F., .T. ) 
 B_SPLINE_CURVE_WITH_KNOTS ( ( 3, 2, 2, 2, 3 ),
 ( 0.4166665877367452000, 0.4166666666666666300, 0.4444444444444444200, 0.4722222222222222100, 0.4999999210700784600 ),
 .UNSPECIFIED. ) 
 CURVE ( )  GEOMETRIC_REPRESENTATION_ITEM ( )  RATIONAL_B_SPLINE_CURVE ( ( 0.9999992386306499900, 0.9999996193142433000, 1.000000000000000000, 0.8660254037844387100, 1.000000000000000000, 0.8660254037844387100, 1.000000000000000000, 0.8660257844701959600, 0.9999992386306488800 ) ) 
 REPRESENTATION_ITEM ( '' )  );
#8118 = DIRECTION ( 'NONE',  ( -1.000000000000000000, 0.0000000000000000000, 0.0000000000000000000 ) ) ;
#8119 = DIRECTION ( 'NONE',  ( -0.0000000000000000000, -0.0000000000000000000, -1.000000000000000000 ) ) ;
#8120 = CARTESIAN_POINT ( 'NONE',  ( 0.0000000000000000000, 0.0000000000000000000, 0.0000000000000000000 ) ) ;
#8121 = AXIS2_PLACEMENT_3D ( 'NONE', #8120, #8119, #8118 ) ;
#8122 = CARTESIAN_POINT ( 'NONE',  ( 13.40357093986863500, 8.197138052257925100E-015, 31.84642906013138100 ) ) ;
#8123 = B_SPLINE_CURVE_WITH_KNOTS ( 'NONE', 3,
 ( #8176, #8175, #8174, #8173, #8172, #8171, #8170, #8169, #8168, #8167, #8166, #8165, #8164, #8163, #8162, #8161, #8160, #8159, #8158, #8157, #8156, #8155, #8154, #8153, #8152, #8151, #8150, #8149 ),
 .UNSPECIFIED., .F., .F.,
 ( 4, 2, 2, 2, 2, 2, 2, 2, 2, 2, 2, 2, 2, 4 ),
 ( 0.06581367647836103300, 0.06741339566658061100, 0.06821325526069038600, 0.06861318505774528800, 0.06881314995627273200, 0.06891313240553645400, 0.06901311485480017500, 0.06906310607943204300, 0.06911309730406389700, 0.06921307975332761900, 0.06941304465185506300, 0.06981297444890995100, 0.07061283404301971200, 0.07221255323123924900 ),
 .UNSPECIFIED. ) ;
#8124 = CARTESIAN_POINT ( 'NONE',  ( 12.24999999999998800, 1.949291667355799400E-014, 33.73499984758748800 ) ) ;
#8125 = CARTESIAN_POINT ( 'NONE',  ( 12.24999999999995700, 7.072517592186246200, 34.03666601935943700 ) ) ;
#8126 = CARTESIAN_POINT ( 'NONE',  ( 6.125030144681555400, 10.60879379226224700, 34.33833169624154600 ) ) ;
#8127 = CARTESIAN_POINT ( 'NONE',  ( 4.019294172469744700E-005, 14.14508159508871500, 34.63999836290820900 ) ) ;
#8128 = CARTESIAN_POINT ( 'NONE',  ( -6.124969855268967800, 10.60882860037083500, 34.94166502957487100 ) ) ;
#8129 = CARTESIAN_POINT ( 'NONE',  ( -12.24997990347966600, 7.072575605652958500, 35.24333169624154000 ) ) ;
#8130 = CARTESIAN_POINT ( 'NONE',  ( -12.24999999995053700, 3.480810860892596000E-005, 35.54499836290821000 ) ) ;
#8131 = CARTESIAN_POINT ( 'NONE',  ( -12.24999999999998900, 1.740405429550171700E-005, 35.54499910524724300 ) ) ;
#8132 = CARTESIAN_POINT ( 'NONE',  ( -12.24999999999998800, -1.799291271466668200E-014, 35.54499984758748400 ) ) ;
#8133 =( BOUNDED_CURVE ( )  B_SPLINE_CURVE ( 2, ( #8132, #8131, #8130, #8129, #8128, #8127, #8126, #8125, #8124 ),
 .UNSPECIFIED., .F., .T. ) 
 B_SPLINE_CURVE_WITH_KNOTS ( ( 3, 2, 2, 2, 3 ),
 ( 0.5833332544034117700, 0.5833333333333332600, 0.6111111111111110500, 0.6388888888888888400, 0.6666665877367451400 ),
 .UNSPECIFIED. ) 
 CURVE ( )  GEOMETRIC_REPRESENTATION_ITEM ( )  RATIONAL_B_SPLINE_CURVE ( ( 0.9999992386306494300, 0.9999996193142429700, 1.000000000000000000, 0.8660254037844387100, 1.000000000000000000, 0.8660254037844387100, 1.000000000000000000, 0.8660257844701957400, 0.9999992386306494300 ) ) 
 REPRESENTATION_ITEM ( '' )  );
#8134 = DIRECTION ( 'NONE',  ( -1.000000000000000000, 0.0000000000000000000, 0.0000000000000000000 ) ) ;
#8135 = DIRECTION ( 'NONE',  ( -0.0000000000000000000, -0.0000000000000000000, -1.000000000000000000 ) ) ;
#8136 = CARTESIAN_POINT ( 'NONE',  ( 0.0000000000000000000, 0.0000000000000000000, 0.0000000000000000000 ) ) ;
#8137 = AXIS2_PLACEMENT_3D ( 'NONE', #8136, #8135, #8134 ) ;
#8138 = CARTESIAN_POINT ( 'NONE',  ( 12.24999999999998400, 1.949292167057280500E-014, 36.23499984758748100 ) ) ;
#8139 = CARTESIAN_POINT ( 'NONE',  ( 12.24999999999995400, 7.072517592186244400, 36.53666601935943700 ) ) ;
#8140 = CARTESIAN_POINT ( 'NONE',  ( 6.125030144681553600, 10.60879379226224400, 36.83833169624154600 ) ) ;
#8141 = CARTESIAN_POINT ( 'NONE',  ( 4.019294172469742700E-005, 14.14508159508871200, 37.13999836290820900 ) ) ;
#8142 = CARTESIAN_POINT ( 'NONE',  ( -6.124969855268966000, 10.60882860037083100, 37.44166502957487800 ) ) ;
#8143 = CARTESIAN_POINT ( 'NONE',  ( -12.24997990347966200, 7.072575605652956700, 37.74333169624154700 ) ) ;
#8144 = CARTESIAN_POINT ( 'NONE',  ( 17.24999999999998600, 2.112445960343598800E-015, 28.00000000000001800 ) ) ;
#8145 = DIRECTION ( 'NONE',  ( 0.7071067811865484600, 8.659274570719366500E-017, -0.7071067811865464600 ) ) ;
#8146 = VECTOR ( 'NONE', #8145, 1000.000000000000100 ) ;
#8147 = CARTESIAN_POINT ( 'NONE',  ( 12.24999999999998600, 1.500142783432410400E-015, 33.00000000000000000 ) ) ;
#8148 = LINE ( 'NONE', #8147, #8146 ) ;
#8149 = CARTESIAN_POINT ( 'NONE',  ( 12.73142921254387300, 7.786081170842165300E-015, 32.51857078745612000 ) ) ;
#8150 = CARTESIAN_POINT ( 'NONE',  ( 12.76883955943747600, -0.5311250456015032000, 32.48116044056249800 ) ) ;
#8151 = CARTESIAN_POINT ( 'NONE',  ( 12.77708081892604500, -1.065535376634095400, 32.43968811330170600 ) ) ;
#8152 = CARTESIAN_POINT ( 'NONE',  ( 12.75591544066662700, -1.870040392481123500, 32.36050185288378600 ) ) ;
#8153 = CARTESIAN_POINT ( 'NONE',  ( 12.74295960927808500, -2.137842632484878300, 32.33166266978186300 ) ) ;
#8154 = CARTESIAN_POINT ( 'NONE',  ( 12.72337786429913800, -2.537883958353443600, 32.27665380763731700 ) ) ;
#8155 = CARTESIAN_POINT ( 'NONE',  ( 12.71648820508690200, -2.671196130181514100, 32.25663458948218200 ) ) ;
#8156 = CARTESIAN_POINT ( 'NONE',  ( 12.71296760951782400, -2.869609229467248400, 32.21734875459708300 ) ) ;
#8157 = CARTESIAN_POINT ( 'NONE',  ( 12.71250871851255200, -2.935452698129642700, 32.20312344059014000 ) ) ;
#8158 = CARTESIAN_POINT ( 'NONE',  ( 12.72031192027615500, -3.031952606649219700, 32.17337471547406800 ) ) ;
#8159 = CARTESIAN_POINT ( 'NONE',  ( 12.72361447528016000, -3.064556071478446800, 32.16255281179486000 ) ) ;
#8160 = CARTESIAN_POINT ( 'NONE',  ( 12.73968918429947500, -3.106122050030452300, 32.13712366143268200 ) ) ;
#8161 = CARTESIAN_POINT ( 'NONE',  ( 12.74806296773638600, -3.119110271078045800, 32.12590169306591300 ) ) ;
#8162 = CARTESIAN_POINT ( 'NONE',  ( 12.77210311407075600, -3.122119965152374600, 32.10183476332866800 ) ) ;
#8163 = CARTESIAN_POINT ( 'NONE',  ( 12.78488548985840900, -3.112337031430674600, 32.09174157178309600 ) ) ;
#8164 = CARTESIAN_POINT ( 'NONE',  ( 12.81629620948266000, -3.079240860903933000, 32.06901076855017900 ) ) ;
#8165 = CARTESIAN_POINT ( 'NONE',  ( 12.83281384696071100, -3.050358829236532500, 32.05967044655695000 ) ) ;
#8166 = CARTESIAN_POINT ( 'NONE',  ( 12.86366044740729100, -2.992431480682133000, 32.04290343098250600 ) ) ;
#8167 = CARTESIAN_POINT ( 'NONE',  ( 12.87771927845418100, -2.962199631424802200, 32.03602207924751600 ) ) ;
#8168 = CARTESIAN_POINT ( 'NONE',  ( 12.91751992947770800, -2.870707864572454400, 32.01750163996339900 ) ) ;
#8169 = CARTESIAN_POINT ( 'NONE',  ( 12.94095960266989000, -2.808449370347033000, 32.00796593202354500 ) ) ;
#8170 = CARTESIAN_POINT ( 'NONE',  ( 13.00699915392841500, -2.620020054053135500, 31.98240398984226500 ) ) ;
#8171 = CARTESIAN_POINT ( 'NONE',  ( 13.04507031240547700, -2.492088947878321000, 31.96969073666077000 ) ) ;
#8172 = CARTESIAN_POINT ( 'NONE',  ( 13.14927913467383800, -2.104727409681644600, 31.93600703652702000 ) ) ;
#8173 = CARTESIAN_POINT ( 'NONE',  ( 13.20491082685238700, -1.841259637772404000, 31.91998950564388300 ) ) ;
#8174 = CARTESIAN_POINT ( 'NONE',  ( 13.34010247131902100, -1.053886863321414200, 31.87890795075830400 ) ) ;
#8175 = CARTESIAN_POINT ( 'NONE',  ( 13.38884292381419300, -0.5274782058911147200, 31.86115707618584400 ) ) ;
#8176 = CARTESIAN_POINT ( 'NONE',  ( 13.40357093986863500, 8.197138052257925100E-015, 31.84642906013138100 ) ) ;
#8177 = LINE ( 'NONE', #8218, #8217 ) ;
#8178 = CARTESIAN_POINT ( 'NONE',  ( -17.24999999999998600, 0.0000000000000000000, 28.00000000000001800 ) ) ;
#8179 = DIRECTION ( 'NONE',  ( -1.000000000000000000, 0.0000000000000000000, 0.0000000000000000000 ) ) ;
#8180 = DIRECTION ( 'NONE',  ( -0.0000000000000000000, -0.0000000000000000000, -1.000000000000000000 ) ) ;
#8181 = CARTESIAN_POINT ( 'NONE',  ( 0.0000000000000000000, 0.0000000000000000000, 28.00000000000001800 ) ) ;
#8182 = AXIS2_PLACEMENT_3D ( 'NONE', #8181, #8180, #8179 ) ;
#8183 = CIRCLE ( 'NONE', #8182, 17.24999999999998600 ) ;
#8184 = CARTESIAN_POINT ( 'NONE',  ( -11.35629565957327700, -6.086106500990097400, 32.37492996783282000 ) ) ;
#8185 = CARTESIAN_POINT ( 'NONE',  ( -11.10495652809025700, -6.504710779104807500, 32.38951476852785300 ) ) ;
#8186 = CARTESIAN_POINT ( 'NONE',  ( -10.55370740029545800, -7.313398748031345600, 32.41928296169330500 ) ) ;
#8187 = CARTESIAN_POINT ( 'NONE',  ( -10.25249055328433000, -7.704975851690670100, 32.43452841685029900 ) ) ;
#8188 = CARTESIAN_POINT ( 'NONE',  ( -9.281534684106269100, -8.825028399909339100, 32.48080275568345600 ) ) ;
#8189 = CARTESIAN_POINT ( 'NONE',  ( -8.559637874938497100, -9.484558116389996100, 32.51172503321281900 ) ) ;
#8190 = CARTESIAN_POINT ( 'NONE',  ( -7.367568559052606300, -10.34621651282618000, 32.55806893803507800 ) ) ;
#8191 = CARTESIAN_POINT ( 'NONE',  ( -6.949028211393819100, -10.61341331671434100, 32.57360444877289800 ) ) ;
#8192 = CARTESIAN_POINT ( 'NONE',  ( -6.088995615691476200, -11.09444890923392700, 32.60404677121864800 ) ) ;
#8193 = CARTESIAN_POINT ( 'NONE',  ( -5.648209507384207100, -11.30787803102520400, 32.61940045495351400 ) ) ;
#8194 = CARTESIAN_POINT ( 'NONE',  ( -4.745092339197950300, -11.68039452498229600, 32.65201658080818000 ) ) ;
#8195 = CARTESIAN_POINT ( 'NONE',  ( -4.282841073557517800, -11.83970384014315500, 32.66904681762557100 ) ) ;
#8196 = CARTESIAN_POINT ( 'NONE',  ( -3.336547482552637300, -12.10338755348888600, 32.70473764057828700 ) ) ;
#8197 = CARTESIAN_POINT ( 'NONE',  ( -2.849864440522780200, -12.20787345760487400, 32.72350673357658500 ) ) ;
#8198 = CARTESIAN_POINT ( 'NONE',  ( -1.393167700312602400, -12.42961263660475700, 32.78113020328841300 ) ) ;
#8199 = CARTESIAN_POINT ( 'NONE',  ( -0.4171477898560982400, -12.46029133564955400, 32.82161500382180500 ) ) ;
#8200 = CARTESIAN_POINT ( 'NONE',  ( -0.2775495478049219700, -24.39001992869172900, 6.590628911406158300 ) ) ;
#8201 = DIRECTION ( 'NONE',  ( -1.000000000000000000, 0.0000000000000000000, 0.0000000000000000000 ) ) ;
#8202 = DIRECTION ( 'NONE',  ( 0.0000000000000000000, 0.0000000000000000000, -1.000000000000000000 ) ) ;
#8203 = DIRECTION ( 'NONE',  ( -1.000000000000000000, 0.0000000000000000000, 0.0000000000000000000 ) ) ;
#8204 = DIRECTION ( 'NONE',  ( -0.0000000000000000000, -0.0000000000000000000, -1.000000000000000000 ) ) ;
#8205 = CARTESIAN_POINT ( 'NONE',  ( 0.0000000000000000000, 0.0000000000000000000, 33.00000000000000000 ) ) ;
#8206 = AXIS2_PLACEMENT_3D ( 'NONE', #8205, #8204, #8203 ) ;
#8207 = CARTESIAN_POINT ( 'NONE',  ( 1.054268999014567100, -12.32839823998190800, 32.88638982427794800 ) ) ;
#8208 = CARTESIAN_POINT ( 'NONE',  ( 1.545475292365425400, -12.25408552184394900, 32.90864882300252200 ) ) ;
#8209 = CARTESIAN_POINT ( 'NONE',  ( 2.508832282793370400, -12.04768378772732600, 32.95370921414699700 ) ) ;
#8210 = CARTESIAN_POINT ( 'NONE',  ( 2.983706500613474900, -11.91544178002069500, 32.97662830491719900 ) ) ;
#8211 = CARTESIAN_POINT ( 'NONE',  ( 3.451657300097941100, -11.75366163723800200, 32.99999999999998600 ) ) ;
#8212 = B_SPLINE_CURVE_WITH_KNOTS ( 'NONE', 3,
 ( #8211, #8210, #8209, #8208, #8207, #8199, #8198, #8197, #8196, #8195, #8194, #8193, #8192, #8191, #8190, #8189, #8188, #8187, #8186, #8185, #8184, #7988, #7986, #7985, #10313, #10312, #10315, #10316 ),
 .UNSPECIFIED., .F., .F.,
 ( 4, 2, 2, 2, 2, 2, 2, 2, 2, 2, 2, 2, 2, 4 ),
 ( 2.155598969518221200E-016, 0.001479122541648308100, 0.002958245083296400600, 0.005916490166592583400, 0.007395612708240674600, 0.008874735249888767600, 0.01035385779153685800, 0.01183298033318494700, 0.01479122541648112900, 0.01627034795812921900, 0.01774947049977731700, 0.01922859304142540700, 0.02070771558307349700, 0.02366596066636968500 ),
 .UNSPECIFIED. ) ;
#8213 = CONICAL_SURFACE ( 'NONE', #8206, 12.24999999999998600, 0.7853981633974497200 ) ;
#8214 = FACE_OUTER_BOUND ( 'NONE', #3530, .T. ) ;
#8215 = CARTESIAN_POINT ( 'NONE',  ( -13.04204186790013700, -9.573152717555018000E-015, 32.20795813209984700 ) ) ;
#8216 = DIRECTION ( 'NONE',  ( -0.7071067811865484600, 0.0000000000000000000, -0.7071067811865464600 ) ) ;
#8217 = VECTOR ( 'NONE', #8216, 1000.000000000000100 ) ;
#8218 = CARTESIAN_POINT ( 'NONE',  ( -12.24999999999998600, 0.0000000000000000000, 33.00000000000000000 ) ) ;
#8219 = CARTESIAN_POINT ( 'NONE',  ( 6.125030144681577600, 10.60879379226223000, 44.07833169624152700 ) ) ;
#8220 = CARTESIAN_POINT ( 'NONE',  ( 4.019294175675299600E-005, 14.14508159508871200, 44.37999836290819600 ) ) ;
#8221 = CARTESIAN_POINT ( 'NONE',  ( -6.124969855268960700, 10.60882860037083500, 44.68166502957485900 ) ) ;
#8222 = CARTESIAN_POINT ( 'NONE',  ( -12.24997990347965700, 7.072575605652962900, 44.98333169624152800 ) ) ;
#8223 = CARTESIAN_POINT ( 'NONE',  ( -12.24999999995053400, 3.480810861492651700E-005, 45.28499836290819800 ) ) ;
#8224 = CARTESIAN_POINT ( 'NONE',  ( -12.24999999999998600, 1.740405430150232200E-005, 45.28499910524723000 ) ) ;
#8225 = CARTESIAN_POINT ( 'NONE',  ( -12.24999999999998400, -1.199211027497643900E-014, 45.28499984758747100 ) ) ;
#8226 = CYLINDRICAL_SURFACE ( 'NONE', #8258, 12.24999999999998600 ) ;
#8227 = FACE_OUTER_BOUND ( 'NONE', #3536, .T. ) ;
#8228 =( BOUNDED_CURVE ( )  B_SPLINE_CURVE ( 2, ( #8225, #8224, #8223, #8222, #8221, #8220, #8219, #8260, #8259 ),
 .UNSPECIFIED., .F., .T. ) 
 B_SPLINE_CURVE_WITH_KNOTS ( ( 3, 2, 2, 2, 3 ),
 ( 0.2499999210700785100, 0.2500000000000000000, 0.2777777777777777900, 0.3055555555555555200, 0.3333332544034117700 ),
 .UNSPECIFIED. ) 
 CURVE ( )  GEOMETRIC_REPRESENTATION_ITEM ( )  RATIONAL_B_SPLINE_CURVE ( ( 0.9999992386306494300, 0.9999996193142429700, 1.000000000000000000, 0.8660254037844387100, 1.000000000000000000, 0.8660254037844387100, 1.000000000000000000, 0.8660257844701959600, 0.9999992386306488800 ) ) 
 REPRESENTATION_ITEM ( '' )  );
#8229 = CARTESIAN_POINT ( 'NONE',  ( 12.24999999999998800, 1.049193960836861400E-014, 44.59499984758745200 ) ) ;
#8230 = CARTESIAN_POINT ( 'NONE',  ( 12.24999999999998200, 7.072517592186205300, 44.89666601935941500 ) ) ;
#8231 = CARTESIAN_POINT ( 'NONE',  ( 6.125030144681582900, 10.60879379226223100, 45.19833169624151700 ) ) ;
#8232 = CARTESIAN_POINT ( 'NONE',  ( 4.019294176021744900E-005, 14.14508159508871500, 45.49999836290818000 ) ) ;
#8233 = CARTESIAN_POINT ( 'NONE',  ( -6.124969855268950900, 10.60882860037084400, 45.80166502957484900 ) ) ;
#8234 = CARTESIAN_POINT ( 'NONE',  ( -12.24997990347965500, 7.072575605652972700, 46.10333169624150400 ) ) ;
#8235 = CARTESIAN_POINT ( 'NONE',  ( -12.24999999995053700, 3.480810861792681700E-005, 46.40499836290818100 ) ) ;
#8236 = CARTESIAN_POINT ( 'NONE',  ( -12.24999999999998900, 1.740405430144259600E-005, 46.40499910524720000 ) ) ;
#8237 = CARTESIAN_POINT ( 'NONE',  ( -12.24999999999999100, -1.511188350301426900E-014, 46.40499984758745500 ) ) ;
#8238 =( BOUNDED_CURVE ( )  B_SPLINE_CURVE ( 2, ( #8237, #8236, #8235, #8234, #8233, #8232, #8231, #8230, #8229 ),
 .UNSPECIFIED., .F., .T. ) 
 B_SPLINE_CURVE_WITH_KNOTS ( ( 3, 2, 2, 2, 3 ),
 ( 0.08333325440341182700, 0.08333333333333332900, 0.1111111111111111000, 0.1388888888888889000, 0.1666665877367451700 ),
 .UNSPECIFIED. ) 
 CURVE ( )  GEOMETRIC_REPRESENTATION_ITEM ( )  RATIONAL_B_SPLINE_CURVE ( ( 0.9999992386306493200, 0.9999996193142429700, 1.000000000000000000, 0.8660254037844387100, 1.000000000000000000, 0.8660254037844387100, 1.000000000000000000, 0.8660257844701957400, 0.9999992386306494300 ) ) 
 REPRESENTATION_ITEM ( '' )  );
#8239 = DIRECTION ( 'NONE',  ( -1.000000000000000000, 0.0000000000000000000, 0.0000000000000000000 ) ) ;
#8240 = DIRECTION ( 'NONE',  ( -0.0000000000000000000, -0.0000000000000000000, -1.000000000000000000 ) ) ;
#8241 = CARTESIAN_POINT ( 'NONE',  ( 0.0000000000000000000, 0.0000000000000000000, 0.0000000000000000000 ) ) ;
#8242 = AXIS2_PLACEMENT_3D ( 'NONE', #8241, #8240, #8239 ) ;
#8243 = CARTESIAN_POINT ( 'NONE',  ( 12.24999999999998800, 1.349224629367620900E-014, 40.97499984758746200 ) ) ;
#8244 = CARTESIAN_POINT ( 'NONE',  ( 12.24999999999995900, 7.072517592186229300, 41.27666601935941800 ) ) ;
#8245 = CARTESIAN_POINT ( 'NONE',  ( 6.125030144681579400, 10.60879379226223300, 41.57833169624152700 ) ) ;
#8246 = CARTESIAN_POINT ( 'NONE',  ( 4.019294175675301600E-005, 14.14508159508871500, 41.87999836290818200 ) ) ;
#8247 = CARTESIAN_POINT ( 'NONE',  ( -6.124969855268962400, 10.60882860037083700, 42.18166502957485900 ) ) ;
#8248 = CARTESIAN_POINT ( 'NONE',  ( -12.24997990347966100, 7.072575605652964700, 42.48333169624152100 ) ) ;
#8249 = CARTESIAN_POINT ( 'NONE',  ( -12.24999999995053700, 3.480810861492653100E-005, 42.78499836290819800 ) ) ;
#8250 = CARTESIAN_POINT ( 'NONE',  ( -12.24999999999998900, 1.740405430150233600E-005, 42.78499910524721600 ) ) ;
#8251 = CARTESIAN_POINT ( 'NONE',  ( -12.24999999999998800, -1.199210281257378500E-014, 42.78499984758746400 ) ) ;
#8252 = CYLINDRICAL_SURFACE ( 'NONE', #8242, 12.24999999999998600 ) ;
#8253 = FACE_OUTER_BOUND ( 'NONE', #3488, .T. ) ;
#8254 =( BOUNDED_CURVE ( )  B_SPLINE_CURVE ( 2, ( #8251, #8250, #8249, #8248, #8247, #8246, #8245, #8244, #8243 ),
 .UNSPECIFIED., .F., .T. ) 
 B_SPLINE_CURVE_WITH_KNOTS ( ( 3, 2, 2, 2, 3 ),
 ( 0.2499999210700785100, 0.2500000000000000000, 0.2777777777777777900, 0.3055555555555555200, 0.3333332544034117700 ),
 .UNSPECIFIED. ) 
 CURVE ( )  GEOMETRIC_REPRESENTATION_ITEM ( )  RATIONAL_B_SPLINE_CURVE ( ( 0.9999992386306494300, 0.9999996193142429700, 1.000000000000000000, 0.8660254037844387100, 1.000000000000000000, 0.8660254037844387100, 1.000000000000000000, 0.8660257844701959600, 0.9999992386306488800 ) ) 
 REPRESENTATION_ITEM ( '' )  );
#8255 = DIRECTION ( 'NONE',  ( -1.000000000000000000, 0.0000000000000000000, 0.0000000000000000000 ) ) ;
#8256 = DIRECTION ( 'NONE',  ( -0.0000000000000000000, -0.0000000000000000000, -1.000000000000000000 ) ) ;
#8257 = CARTESIAN_POINT ( 'NONE',  ( 0.0000000000000000000, 0.0000000000000000000, 0.0000000000000000000 ) ) ;
#8258 = AXIS2_PLACEMENT_3D ( 'NONE', #8257, #8256, #8255 ) ;
#8259 = CARTESIAN_POINT ( 'NONE',  ( 12.24999999999998400, 1.349224551819379500E-014, 43.47499984758747600 ) ) ;
#8260 = CARTESIAN_POINT ( 'NONE',  ( 12.24999999999995600, 7.072517592186225800, 43.77666601935941800 ) ) ;
#8261 = DIRECTION ( 'NONE',  ( -1.000000000000000000, 0.0000000000000000000, 0.0000000000000000000 ) ) ;
#8262 = DIRECTION ( 'NONE',  ( -0.0000000000000000000, -0.0000000000000000000, -1.000000000000000000 ) ) ;
#8263 = CARTESIAN_POINT ( 'NONE',  ( 0.0000000000000000000, 0.0000000000000000000, 0.0000000000000000000 ) ) ;
#8264 = AXIS2_PLACEMENT_3D ( 'NONE', #8263, #8262, #8261 ) ;
#8265 = LINE ( 'NONE', #8313, #8312 ) ;
#8266 = CYLINDRICAL_SURFACE ( 'NONE', #8264, 12.24999999999998600 ) ;
#8267 = FACE_OUTER_BOUND ( 'NONE', #3552, .T. ) ;
#8268 = DIRECTION ( 'NONE',  ( -1.000000000000000000, 0.0000000000000000000, 0.0000000000000000000 ) ) ;
#8269 = DIRECTION ( 'NONE',  ( -0.0000000000000000000, -0.0000000000000000000, -1.000000000000000000 ) ) ;
#8270 = CARTESIAN_POINT ( 'NONE',  ( 0.0000000000000000000, 0.0000000000000000000, 33.00000000000000000 ) ) ;
#8271 = AXIS2_PLACEMENT_3D ( 'NONE', #8270, #8269, #8268 ) ;
#8272 = CIRCLE ( 'NONE', #8271, 12.24999999999998600 ) ;
#8273 = CARTESIAN_POINT ( 'NONE',  ( 12.24999999999998600, 1.806294371888004500E-015, 33.00000000000000000 ) ) ;
#8274 = DIRECTION ( 'NONE',  ( -0.0000000000000000000, -0.0000000000000000000, -1.000000000000000000 ) ) ;
#8275 = VECTOR ( 'NONE', #8274, 1000.000000000000000 ) ;
#8276 = CARTESIAN_POINT ( 'NONE',  ( 12.24999999999998600, 1.500142783432410400E-015, 0.0000000000000000000 ) ) ;
#8277 = LINE ( 'NONE', #8276, #8275 ) ;
#8278 = CARTESIAN_POINT ( 'NONE',  ( 3.451657300097941100, -11.75366163723800200, 32.99999999999998600 ) ) ;
#8279 = CARTESIAN_POINT ( 'NONE',  ( 4.856742820100396200, -11.34103501567413600, 33.06920279371494300 ) ) ;
#8280 = CARTESIAN_POINT ( 'NONE',  ( 6.124969855268969500, -10.60882860037083300, 33.13166502957488300 ) ) ;
#8281 = CARTESIAN_POINT ( 'NONE',  ( 12.24997990347966600, -7.072575605652957600, 33.43333169624154500 ) ) ;
#8282 = CARTESIAN_POINT ( 'NONE',  ( 12.24999999995053700, -3.480810860742581700E-005, 33.73499836290821500 ) ) ;
#8283 = CARTESIAN_POINT ( 'NONE',  ( 12.24999999999998900, -1.740405429400157400E-005, 33.73499910524724000 ) ) ;
#8284 = CARTESIAN_POINT ( 'NONE',  ( 12.24999999999998800, 1.949291667355799400E-014, 33.73499984758748800 ) ) ;
#8285 =( BOUNDED_CURVE ( )  B_SPLINE_CURVE ( 2, ( #8284, #8283, #8282, #8281, #8280, #8279, #8278 ),
 .UNSPECIFIED., .F., .T. ) 
 B_SPLINE_CURVE_WITH_KNOTS ( ( 3, 2, 2, 3 ),
 ( 0.6666665877367451400, 0.6666666666666666300, 0.6944444444444444200, 0.7008796728861742500 ),
 .UNSPECIFIED. ) 
 CURVE ( )  GEOMETRIC_REPRESENTATION_ITEM ( )  RATIONAL_B_SPLINE_CURVE ( ( 0.9999992386306494300, 0.9999996193142429700, 1.000000000000000000, 0.8660254037844387100, 1.000000000000000000, 0.9689623432467166000, 0.9523055641216763300 ) ) 
 REPRESENTATION_ITEM ( '' )  );
#8286 = CARTESIAN_POINT ( 'NONE',  ( 3.451657300097941100, -11.75366163723800200, 32.99999999999998600 ) ) ;
#8287 = CARTESIAN_POINT ( 'NONE',  ( 12.24999999999998800, 1.949291667355799400E-014, 33.73499984758748800 ) ) ;
#8288 = CARTESIAN_POINT ( 'NONE',  ( 12.24999999999998400, 1.649263717375579900E-014, 39.85499984758747900 ) ) ;
#8289 = DIRECTION ( 'NONE',  ( -0.0000000000000000000, -0.0000000000000000000, -1.000000000000000000 ) ) ;
#8290 = VECTOR ( 'NONE', #8289, 1000.000000000000000 ) ;
#8291 = CARTESIAN_POINT ( 'NONE',  ( 12.24999999999998600, 1.500142783432410400E-015, 0.0000000000000000000 ) ) ;
#8292 = LINE ( 'NONE', #8291, #8290 ) ;
#8293 = CARTESIAN_POINT ( 'NONE',  ( -12.24999999999998900, -1.227221253760689300E-014, 39.16499984758747400 ) ) ;
#8294 = CARTESIAN_POINT ( 'NONE',  ( -12.24999999999998600, -7.072517592186213300, 39.46666601935942300 ) ) ;
#8295 = CARTESIAN_POINT ( 'NONE',  ( -6.125030144681578500, -10.60879379226223300, 39.76833169624152500 ) ) ;
#8296 = CARTESIAN_POINT ( 'NONE',  ( -4.019294172989409600E-005, -14.14508159508871500, 40.06999836290820100 ) ) ;
#8297 = CARTESIAN_POINT ( 'NONE',  ( 6.124969855268963300, -10.60882860037083700, 40.37166502957486400 ) ) ;
#8298 = CARTESIAN_POINT ( 'NONE',  ( 12.24997990347966200, -7.072575605652962900, 40.67333169624154000 ) ) ;
#8299 = CARTESIAN_POINT ( 'NONE',  ( 12.24999999995053700, -3.480810861342638800E-005, 40.97499836290819500 ) ) ;
#8300 = CARTESIAN_POINT ( 'NONE',  ( 12.24999999999998900, -1.740405430000218900E-005, 40.97499910524722100 ) ) ;
#8301 = CARTESIAN_POINT ( 'NONE',  ( 12.24999999999998800, 1.349224629367620900E-014, 40.97499984758746200 ) ) ;
#8302 = CARTESIAN_POINT ( 'NONE',  ( -12.24999999999998900, -1.227221253760689300E-014, 39.16499984758747400 ) ) ;
#8303 = CARTESIAN_POINT ( 'NONE',  ( 12.24999999999998800, 1.349224629367620900E-014, 40.97499984758746200 ) ) ;
#8304 =( BOUNDED_CURVE ( )  B_SPLINE_CURVE ( 2, ( #8301, #8300, #8299, #8298, #8297, #8296, #8295, #8294, #8293 ),
 .UNSPECIFIED., .F., .T. ) 
 B_SPLINE_CURVE_WITH_KNOTS ( ( 3, 2, 2, 2, 3 ),
 ( 0.3333332544034118300, 0.3333333333333333100, 0.3611111111111111000, 0.3888888888888888400, 0.4166665877367452000 ),
 .UNSPECIFIED. ) 
 CURVE ( )  GEOMETRIC_REPRESENTATION_ITEM ( )  RATIONAL_B_SPLINE_CURVE ( ( 0.9999992386306494300, 0.9999996193142429700, 1.000000000000000000, 0.8660254037844387100, 1.000000000000000000, 0.8660254037844387100, 1.000000000000000000, 0.8660257844701954000, 0.9999992386306499900 ) ) 
 REPRESENTATION_ITEM ( '' )  );
#8305 = DIRECTION ( 'NONE',  ( -1.000000000000000000, 0.0000000000000000000, 0.0000000000000000000 ) ) ;
#8306 = DIRECTION ( 'NONE',  ( -0.0000000000000000000, -0.0000000000000000000, -1.000000000000000000 ) ) ;
#8307 = CARTESIAN_POINT ( 'NONE',  ( 0.0000000000000000000, 0.0000000000000000000, 0.0000000000000000000 ) ) ;
#8308 = AXIS2_PLACEMENT_3D ( 'NONE', #8307, #8306, #8305 ) ;
#8309 = CYLINDRICAL_SURFACE ( 'NONE', #8308, 12.24999999999998600 ) ;
#8310 = FACE_OUTER_BOUND ( 'NONE', #3558, .T. ) ;
#8311 = DIRECTION ( 'NONE',  ( -0.0000000000000000000, -0.0000000000000000000, -1.000000000000000000 ) ) ;
#8312 = VECTOR ( 'NONE', #8311, 1000.000000000000000 ) ;
#8313 = CARTESIAN_POINT ( 'NONE',  ( -12.24999999999998600, 0.0000000000000000000, 0.0000000000000000000 ) ) ;
#8314 = CARTESIAN_POINT ( 'NONE',  ( -12.24997990347966200, 7.072575605652954100, 34.12333169624155700 ) ) ;
#8315 = CARTESIAN_POINT ( 'NONE',  ( -12.24999999995053400, 3.480810856240491800E-005, 34.42499836290821200 ) ) ;
#8316 = CARTESIAN_POINT ( 'NONE',  ( -12.24999999999998600, 1.740405427346122500E-005, 34.42499910524723800 ) ) ;
#8317 = CARTESIAN_POINT ( 'NONE',  ( -12.24999999999998400, -1.555271976340070100E-014, 34.42499984758748600 ) ) ;
#8318 = CARTESIAN_POINT ( 'NONE',  ( 0.0000000000000000000, 0.0000000000000000000, 33.00000000000000000 ) ) ;
#8319 = CARTESIAN_POINT ( 'NONE',  ( 9.661135064236329800, 7.531598055564501200, 33.00000000000000000 ) ) ;
#8320 =( BOUNDED_CURVE ( )  B_SPLINE_CURVE ( 2, ( #8317, #8316, #8315, #8314, #8362, #8361, #8360, #8359, #8358 ),
 .UNSPECIFIED., .F., .T. ) 
 B_SPLINE_CURVE_WITH_KNOTS ( ( 3, 2, 2, 2, 3 ),
 ( 0.7499999210700786200, 0.7500000000000000000, 0.7777777777777776800, 0.8055555555555554700, 0.8158474364679819700 ),
 .UNSPECIFIED. ) 
 CURVE ( )  GEOMETRIC_REPRESENTATION_ITEM ( )  RATIONAL_B_SPLINE_CURVE ( ( 0.9999992386306505400, 0.9999996193142435300, 1.000000000000000000, 0.8660254037844387100, 1.000000000000000000, 0.8660254037844387100, 1.000000000000000000, 0.9503613787765246000, 0.9375057415898612200 ) ) 
 REPRESENTATION_ITEM ( '' )  );
#8321 = CARTESIAN_POINT ( 'NONE',  ( -12.24999999999998400, -1.799291771168149300E-014, 38.04499984758749100 ) ) ;
#8322 = CARTESIAN_POINT ( 'NONE',  ( -12.24999999999995400, -7.072517592186243500, 38.34666601935943200 ) ) ;
#8323 = CARTESIAN_POINT ( 'NONE',  ( -6.125030144681555400, -10.60879379226224200, 38.64833169624154200 ) ) ;
#8324 = CARTESIAN_POINT ( 'NONE',  ( -4.019294172642964300E-005, -14.14508159508871200, 38.94999836290821100 ) ) ;
#8325 = CARTESIAN_POINT ( 'NONE',  ( 6.124969855268965100, -10.60882860037083100, 39.25166502957487300 ) ) ;
#8326 = CARTESIAN_POINT ( 'NONE',  ( 12.24997990347966100, -7.072575605652958500, 39.55333169624154300 ) ) ;
#8327 = CARTESIAN_POINT ( 'NONE',  ( 12.24999999995053400, -3.480810861042608900E-005, 39.85499836290820500 ) ) ;
#8328 = CARTESIAN_POINT ( 'NONE',  ( 12.24999999999998600, -1.740405429700185300E-005, 39.85499910524723800 ) ) ;
#8329 = CARTESIAN_POINT ( 'NONE',  ( 12.24999999999998400, 1.649263717375579900E-014, 39.85499984758747900 ) ) ;
#8330 = CARTESIAN_POINT ( 'NONE',  ( -12.24999999999998400, -1.799291771168149300E-014, 38.04499984758749100 ) ) ;
#8331 =( BOUNDED_CURVE ( )  B_SPLINE_CURVE ( 2, ( #8329, #8328, #8327, #8326, #8325, #8324, #8323, #8322, #8321 ),
 .UNSPECIFIED., .F., .T. ) 
 B_SPLINE_CURVE_WITH_KNOTS ( ( 3, 2, 2, 2, 3 ),
 ( 0.4999999210700785100, 0.5000000000000000000, 0.5277777777777777900, 0.5555555555555555800, 0.5833332544034117700 ),
 .UNSPECIFIED. ) 
 CURVE ( )  GEOMETRIC_REPRESENTATION_ITEM ( )  RATIONAL_B_SPLINE_CURVE ( ( 0.9999992386306494300, 0.9999996193142429700, 1.000000000000000000, 0.8660254037844387100, 1.000000000000000000, 0.8660254037844387100, 1.000000000000000000, 0.8660257844701957400, 0.9999992386306494300 ) ) 
 REPRESENTATION_ITEM ( '' )  );
#8332 = CIRCLE ( 'NONE', #8394, 1.699999999999997700 ) ;
#8333 = DIRECTION ( 'NONE',  ( -1.000000000000000000, 0.0000000000000000000, 0.0000000000000000000 ) ) ;
#8334 = DIRECTION ( 'NONE',  ( -0.0000000000000000000, -0.0000000000000000000, -1.000000000000000000 ) ) ;
#8335 = CARTESIAN_POINT ( 'NONE',  ( 0.0000000000000000000, 0.0000000000000000000, 0.0000000000000000000 ) ) ;
#8336 = AXIS2_PLACEMENT_3D ( 'NONE', #8335, #8334, #8333 ) ;
#8337 = CYLINDRICAL_SURFACE ( 'NONE', #8336, 1.699999999999999100 ) ;
#8338 = CARTESIAN_POINT ( 'NONE',  ( 0.0000000000000000000, 0.0000000000000000000, 18.00000000000000400 ) ) ;
#8339 = FACE_OUTER_BOUND ( 'NONE', #3585, .T. ) ;
#8340 = DIRECTION ( 'NONE',  ( -0.0000000000000000000, -0.0000000000000000000, 1.000000000000000000 ) ) ;
#8341 = VECTOR ( 'NONE', #8340, 1000.000000000000000 ) ;
#8342 = CARTESIAN_POINT ( 'NONE',  ( -5.300000000000002500, 0.0000000000000000000, 5.000000000000002700 ) ) ;
#8343 = LINE ( 'NONE', #8342, #8341 ) ;
#8344 = DIRECTION ( 'NONE',  ( 0.7071067811865484600, 8.659274570719366500E-017, -0.7071067811865464600 ) ) ;
#8345 = VECTOR ( 'NONE', #8344, 1000.000000000000100 ) ;
#8346 = CARTESIAN_POINT ( 'NONE',  ( 12.24999999999998600, 1.500142783432410400E-015, 33.00000000000000000 ) ) ;
#8347 = LINE ( 'NONE', #8346, #8345 ) ;
#8348 = DIRECTION ( 'NONE',  ( -1.000000000000000000, 0.0000000000000000000, 0.0000000000000000000 ) ) ;
#8349 = DIRECTION ( 'NONE',  ( -0.0000000000000000000, -0.0000000000000000000, -1.000000000000000000 ) ) ;
#8350 = CARTESIAN_POINT ( 'NONE',  ( 0.0000000000000000000, 0.0000000000000000000, 33.00000000000000000 ) ) ;
#8351 = AXIS2_PLACEMENT_3D ( 'NONE', #8350, #8349, #8348 ) ;
#8352 = CONICAL_SURFACE ( 'NONE', #8351, 12.24999999999998600, 0.7853981633974497200 ) ;
#8353 = FACE_OUTER_BOUND ( 'NONE', #3578, .T. ) ;
#8354 = DIRECTION ( 'NONE',  ( -1.000000000000000000, 0.0000000000000000000, 0.0000000000000000000 ) ) ;
#8355 = DIRECTION ( 'NONE',  ( -0.0000000000000000000, -0.0000000000000000000, -1.000000000000000000 ) ) ;
#8356 = AXIS2_PLACEMENT_3D ( 'NONE', #8318, #8355, #8354 ) ;
#8357 = CIRCLE ( 'NONE', #8356, 12.24999999999998600 ) ;
#8358 = CARTESIAN_POINT ( 'NONE',  ( 9.661135064236329800, 7.531598055564501200, 33.00000000000000000 ) ) ;
#8359 = CARTESIAN_POINT ( 'NONE',  ( 8.193001345857945600, 9.414842227780219700, 33.11648043053550300 ) ) ;
#8360 = CARTESIAN_POINT ( 'NONE',  ( 6.125030144681551800, 10.60879379226224600, 33.21833169624155600 ) ) ;
#8361 = CARTESIAN_POINT ( 'NONE',  ( 4.019294172123298800E-005, 14.14508159508871200, 33.51999836290821800 ) ) ;
#8362 = CARTESIAN_POINT ( 'NONE',  ( -6.124969855268968600, 10.60882860037082900, 33.82166502957488800 ) ) ;
#8363 = CARTESIAN_POINT ( 'NONE',  ( 2.999999999999995100, 12.00000000000000500, 1.499999999999999600 ) ) ;
#8364 = CARTESIAN_POINT ( 'NONE',  ( 2.999999999999996000, 12.00000000000000500, 6.500000000000000900 ) ) ;
#8365 = DIRECTION ( 'NONE',  ( -0.0000000000000000000, -0.0000000000000000000, -1.000000000000000000 ) ) ;
#8366 = VECTOR ( 'NONE', #8365, 1000.000000000000000 ) ;
#8367 = CARTESIAN_POINT ( 'NONE',  ( 2.999999999999996000, 12.00000000000000500, 6.500000000000000900 ) ) ;
#8368 = DIRECTION ( 'NONE',  ( -1.000000000000000000, 0.0000000000000000000, 0.0000000000000000000 ) ) ;
#8369 = DIRECTION ( 'NONE',  ( -0.0000000000000000000, -0.0000000000000000000, -1.000000000000000000 ) ) ;
#8370 = CARTESIAN_POINT ( 'NONE',  ( -7.806255641895631900E-015, 12.00000000000000500, 6.500000000000000900 ) ) ;
#8371 = AXIS2_PLACEMENT_3D ( 'NONE', #8370, #8369, #8368 ) ;
#8372 = CYLINDRICAL_SURFACE ( 'NONE', #8371, 3.000000000000002700 ) ;
#8373 = LINE ( 'NONE', #8367, #8366 ) ;
#8374 = FACE_OUTER_BOUND ( 'NONE', #3599, .T. ) ;
#8375 = DIRECTION ( 'NONE',  ( -0.0000000000000000000, -0.0000000000000000000, -1.000000000000000000 ) ) ;
#8376 = VECTOR ( 'NONE', #8375, 1000.000000000000000 ) ;
#8377 = CARTESIAN_POINT ( 'NONE',  ( -1.699999999999999100, 0.0000000000000000000, 0.0000000000000000000 ) ) ;
#8378 = LINE ( 'NONE', #8377, #8376 ) ;
#8379 = CARTESIAN_POINT ( 'NONE',  ( -1.699999999999999100, 0.0000000000000000000, 13.00000000000000000 ) ) ;
#8380 = DIRECTION ( 'NONE',  ( -1.000000000000000000, 0.0000000000000000000, 0.0000000000000000000 ) ) ;
#8381 = DIRECTION ( 'NONE',  ( -0.0000000000000000000, 0.0000000000000000000, -1.000000000000000000 ) ) ;
#8382 = CARTESIAN_POINT ( 'NONE',  ( 0.0000000000000000000, 0.0000000000000000000, 13.00000000000000000 ) ) ;
#8383 = AXIS2_PLACEMENT_3D ( 'NONE', #8382, #8381, #8380 ) ;
#8384 = CIRCLE ( 'NONE', #8383, 1.699999999999999100 ) ;
#8385 = CARTESIAN_POINT ( 'NONE',  ( 1.699999999999999100, 2.081830801498040200E-016, 13.00000000000000000 ) ) ;
#8386 = DIRECTION ( 'NONE',  ( -0.0000000000000000000, -0.0000000000000000000, -1.000000000000000000 ) ) ;
#8387 = VECTOR ( 'NONE', #8386, 1000.000000000000000 ) ;
#8388 = CARTESIAN_POINT ( 'NONE',  ( 1.699999999999999100, 2.081830801498040200E-016, 0.0000000000000000000 ) ) ;
#8389 = LINE ( 'NONE', #8388, #8387 ) ;
#8390 = CARTESIAN_POINT ( 'NONE',  ( -1.699999999999997700, 0.0000000000000000000, 18.00000000000000400 ) ) ;
#8391 = CARTESIAN_POINT ( 'NONE',  ( 1.699999999999997700, 2.081830801498039500E-016, 18.00000000000000400 ) ) ;
#8392 = DIRECTION ( 'NONE',  ( -1.000000000000000000, 0.0000000000000000000, 0.0000000000000000000 ) ) ;
#8393 = DIRECTION ( 'NONE',  ( -0.0000000000000000000, -0.0000000000000000000, -1.000000000000000000 ) ) ;
#8394 = AXIS2_PLACEMENT_3D ( 'NONE', #8338, #8393, #8392 ) ;
#8395 = CARTESIAN_POINT ( 'NONE',  ( -7.806255641895631900E-015, 12.00000000000000500, 0.0000000000000000000 ) ) ;
#8396 = AXIS2_PLACEMENT_3D ( 'NONE', #8395, #8202, #8201 ) ;
#8397 = CIRCLE ( 'NONE', #8396, 3.000000000000003100 ) ;
#8398 = CARTESIAN_POINT ( 'NONE',  ( -0.8323252005333788800, -24.37107313246743300, 6.590628911406157400 ) ) ;
#8399 = CARTESIAN_POINT ( 'NONE',  ( -1.500000000000007800, 14.59807621135332500, 1.499999999999999600 ) ) ;
#8400 = DIRECTION ( 'NONE',  ( 1.000000000000000000, 0.0000000000000000000, 0.0000000000000000000 ) ) ;
#8401 = DIRECTION ( 'NONE',  ( -0.0000000000000000000, -0.0000000000000000000, -1.000000000000000000 ) ) ;
#8402 = CARTESIAN_POINT ( 'NONE',  ( -7.806255641895631900E-015, 12.00000000000000500, 1.499999999999999600 ) ) ;
#8403 = AXIS2_PLACEMENT_3D ( 'NONE', #8402, #8401, #8400 ) ;
#8404 = DIRECTION ( 'NONE',  ( -1.000000000000000000, 0.0000000000000000000, 0.0000000000000000000 ) ) ;
#8405 = DIRECTION ( 'NONE',  ( -0.0000000000000000000, -0.0000000000000000000, -1.000000000000000000 ) ) ;
#8406 = CARTESIAN_POINT ( 'NONE',  ( -7.806255641895631900E-015, 12.00000000000000500, 6.500000000000000900 ) ) ;
#8407 = AXIS2_PLACEMENT_3D ( 'NONE', #8406, #8405, #8404 ) ;
#8408 = CIRCLE ( 'NONE', #8403, 3.000000000000003100 ) ;
#8409 = CYLINDRICAL_SURFACE ( 'NONE', #8407, 3.000000000000002700 ) ;
#8410 = FACE_OUTER_BOUND ( 'NONE', #3614, .T. ) ;
#8411 = DIRECTION ( 'NONE',  ( -1.000000000000000000, 0.0000000000000000000, 0.0000000000000000000 ) ) ;
#8412 = DIRECTION ( 'NONE',  ( 0.0000000000000000000, 0.0000000000000000000, -1.000000000000000000 ) ) ;
#8413 = CARTESIAN_POINT ( 'NONE',  ( -7.806255641895631900E-015, 12.00000000000000500, 6.500000000000000900 ) ) ;
#8414 = AXIS2_PLACEMENT_3D ( 'NONE', #8413, #8412, #8411 ) ;
#8415 = CIRCLE ( 'NONE', #8414, 3.000000000000002700 ) ;
#8416 = CARTESIAN_POINT ( 'NONE',  ( -3.000000000000011100, 12.00000000000000500, 0.0000000000000000000 ) ) ;
#8417 = DIRECTION ( 'NONE',  ( -1.000000000000000000, 0.0000000000000000000, 0.0000000000000000000 ) ) ;
#8418 = DIRECTION ( 'NONE',  ( 0.0000000000000000000, 0.0000000000000000000, -1.000000000000000000 ) ) ;
#8419 = CARTESIAN_POINT ( 'NONE',  ( -7.806255641895631900E-015, 12.00000000000000500, 0.0000000000000000000 ) ) ;
#8420 = AXIS2_PLACEMENT_3D ( 'NONE', #8419, #8418, #8417 ) ;
#8421 = CIRCLE ( 'NONE', #8420, 3.000000000000003100 ) ;
#8422 = CARTESIAN_POINT ( 'NONE',  ( 2.999999999999995100, 12.00000000000000500, 0.0000000000000000000 ) ) ;
#8423 = DIRECTION ( 'NONE',  ( -0.0000000000000000000, -0.0000000000000000000, -1.000000000000000000 ) ) ;
#8424 = VECTOR ( 'NONE', #8423, 1000.000000000000000 ) ;
#8425 = CARTESIAN_POINT ( 'NONE',  ( 2.999999999999994700, 12.00000000000000500, 6.500000000000000900 ) ) ;
#8426 = LINE ( 'NONE', #8425, #8424 ) ;
#8427 = DIRECTION ( 'NONE',  ( -0.0000000000000000000, -0.0000000000000000000, -1.000000000000000000 ) ) ;
#8428 = VECTOR ( 'NONE', #8427, 1000.000000000000000 ) ;
#8429 = CARTESIAN_POINT ( 'NONE',  ( -3.000000000000010700, 12.00000000000000500, 6.500000000000000900 ) ) ;
#8430 = LINE ( 'NONE', #8429, #8428 ) ;
#8431 = CARTESIAN_POINT ( 'NONE',  ( -2.999999999999997300, 16.50000000000000700, 6.500000000000000900 ) ) ;
#8432 = DIRECTION ( 'NONE',  ( 1.000000000000000000, 0.0000000000000000000, 0.0000000000000000000 ) ) ;
#8433 = DIRECTION ( 'NONE',  ( -0.0000000000000000000, -0.0000000000000000000, -1.000000000000000000 ) ) ;
#8434 = CARTESIAN_POINT ( 'NONE',  ( -4.336808689942017700E-016, 16.50000000000000000, 6.500000000000000900 ) ) ;
#8435 = AXIS2_PLACEMENT_3D ( 'NONE', #8434, #8433, #8432 ) ;
#8436 = CIRCLE ( 'NONE', #8435, 3.000000000000000000 ) ;
#8437 = CARTESIAN_POINT ( 'NONE',  ( 3.000000000000002700, 16.50000000000000000, 6.500000000000000900 ) ) ;
#8438 = DIRECTION ( 'NONE',  ( -0.0000000000000000000, -0.0000000000000000000, -1.000000000000000000 ) ) ;
#8439 = VECTOR ( 'NONE', #8438, 1000.000000000000000 ) ;
#8440 = CARTESIAN_POINT ( 'NONE',  ( 3.000000000000002700, 16.50000000000000000, 6.500000000000000900 ) ) ;
#8441 = LINE ( 'NONE', #8440, #8439 ) ;
#8442 = DIRECTION ( 'NONE',  ( -0.0000000000000000000, -0.0000000000000000000, -1.000000000000000000 ) ) ;
#8443 = VECTOR ( 'NONE', #8442, 1000.000000000000000 ) ;
#8444 = CARTESIAN_POINT ( 'NONE',  ( 1.500000000000001600, 19.09807621135332000, 13.59338662244783100 ) ) ;
#8445 = LINE ( 'NONE', #8444, #8443 ) ;
#8446 = CARTESIAN_POINT ( 'NONE',  ( 1.500000000000000000, 19.09807621135332000, 0.0000000000000000000 ) ) ;
#8447 = DIRECTION ( 'NONE',  ( -1.000000000000000000, 0.0000000000000000000, 0.0000000000000000000 ) ) ;
#8448 = DIRECTION ( 'NONE',  ( 0.0000000000000000000, 0.0000000000000000000, -1.000000000000000000 ) ) ;
#8449 = CARTESIAN_POINT ( 'NONE',  ( -4.336808689942017700E-016, 16.50000000000000000, 0.0000000000000000000 ) ) ;
#8450 = AXIS2_PLACEMENT_3D ( 'NONE', #8449, #8448, #8447 ) ;
#8451 = CIRCLE ( 'NONE', #8450, 3.000000000000002700 ) ;
#8452 = DIRECTION ( 'NONE',  ( -0.0000000000000000000, -0.0000000000000000000, -1.000000000000000000 ) ) ;
#8453 = VECTOR ( 'NONE', #8452, 1000.000000000000000 ) ;
#8454 = CARTESIAN_POINT ( 'NONE',  ( -1.500000000000007800, 14.59807621135332500, 13.59338662244783100 ) ) ;
#8455 = LINE ( 'NONE', #8454, #8453 ) ;
#8456 = CARTESIAN_POINT ( 'NONE',  ( -1.500000000000007800, 14.59807621135332500, 0.0000000000000000000 ) ) ;
#8457 = DIRECTION ( 'NONE',  ( 0.0000000000000000000, 0.0000000000000000000, 1.000000000000000000 ) ) ;
#8458 = CARTESIAN_POINT ( 'NONE',  ( -4.336808689942017700E-016, 16.50000000000000000, 1.500000000000000000 ) ) ;
#8459 = AXIS2_PLACEMENT_3D ( 'NONE', #8458, #8457, #8521 ) ;
#8460 = PLANE ( 'NONE',  #8459 ) ;
#8461 = FACE_OUTER_BOUND ( 'NONE', #3650, .T. ) ;
#8462 = CARTESIAN_POINT ( 'NONE',  ( -1.500000000000015500, 19.09807621135331600, 0.0000000000000000000 ) ) ;
#8463 = DIRECTION ( 'NONE',  ( -1.000000000000000000, 0.0000000000000000000, 0.0000000000000000000 ) ) ;
#8464 = DIRECTION ( 'NONE',  ( -0.0000000000000000000, -0.0000000000000000000, -1.000000000000000000 ) ) ;
#8465 = CARTESIAN_POINT ( 'NONE',  ( -4.336808689942017700E-016, 16.50000000000000000, 6.500000000000000900 ) ) ;
#8466 = AXIS2_PLACEMENT_3D ( 'NONE', #8465, #8464, #8463 ) ;
#8467 = CYLINDRICAL_SURFACE ( 'NONE', #8466, 3.000000000000000000 ) ;
#8468 = FACE_OUTER_BOUND ( 'NONE', #3645, .T. ) ;
#8469 = DIRECTION ( 'NONE',  ( 2.602085213965210200E-015, 1.000000000000000000, -0.0000000000000000000 ) ) ;
#8470 = VECTOR ( 'NONE', #8469, 1000.000000000000000 ) ;
#8471 = CARTESIAN_POINT ( 'NONE',  ( -2.999999999999997300, 16.50000000000000700, 1.500000000000000000 ) ) ;
#8472 = DIRECTION ( 'NONE',  ( 1.000000000000000000, 0.0000000000000000000, 0.0000000000000000000 ) ) ;
#8473 = DIRECTION ( 'NONE',  ( -0.0000000000000000000, -0.0000000000000000000, 1.000000000000000000 ) ) ;
#8474 = CARTESIAN_POINT ( 'NONE',  ( -7.000000000000000000, 0.0000000000000000000, 5.000000000000002700 ) ) ;
#8475 = AXIS2_PLACEMENT_3D ( 'NONE', #8474, #8473, #8472 ) ;
#8476 = LINE ( 'NONE', #8471, #8470 ) ;
#8477 = CYLINDRICAL_SURFACE ( 'NONE', #8475, 1.699999999999997500 ) ;
#8478 = FACE_OUTER_BOUND ( 'NONE', #3696, .T. ) ;
#8479 = DIRECTION ( 'NONE',  ( -0.0000000000000000000, -0.0000000000000000000, -1.000000000000000000 ) ) ;
#8480 = VECTOR ( 'NONE', #8479, 1000.000000000000000 ) ;
#8481 = CARTESIAN_POINT ( 'NONE',  ( -17.24999999999998600, 0.0000000000000000000, 0.0000000000000000000 ) ) ;
#8482 = LINE ( 'NONE', #8481, #8480 ) ;
#8483 = CARTESIAN_POINT ( 'NONE',  ( -3.000000000000010700, 12.00000000000000900, 6.500000000000000900 ) ) ;
#8484 = DIRECTION ( 'NONE',  ( -0.0000000000000000000, -0.0000000000000000000, -1.000000000000000000 ) ) ;
#8485 = VECTOR ( 'NONE', #8484, 1000.000000000000000 ) ;
#8486 = CARTESIAN_POINT ( 'NONE',  ( -3.000000000000010700, 12.00000000000000900, 6.500000000000000900 ) ) ;
#8487 = LINE ( 'NONE', #8486, #8485 ) ;
#8488 = CARTESIAN_POINT ( 'NONE',  ( -3.000000000000011500, 12.00000000000001400, 1.499999999999999600 ) ) ;
#8489 = DIRECTION ( 'NONE',  ( 1.000000000000000000, 0.0000000000000000000, 0.0000000000000000000 ) ) ;
#8490 = DIRECTION ( 'NONE',  ( 0.0000000000000000000, 0.0000000000000000000, 1.000000000000000000 ) ) ;
#8491 = CARTESIAN_POINT ( 'NONE',  ( -7.000000000000000000, 0.0000000000000000000, 15.00000000000000400 ) ) ;
#8492 = AXIS2_PLACEMENT_3D ( 'NONE', #8491, #8490, #8489 ) ;
#8493 = CIRCLE ( 'NONE', #8492, 1.699999999999997500 ) ;
#8494 = DIRECTION ( 'NONE',  ( 1.000000000000000000, 0.0000000000000000000, -0.0000000000000000000 ) ) ;
#8495 = DIRECTION ( 'NONE',  ( 0.0000000000000000000, 0.0000000000000000000, 1.000000000000000000 ) ) ;
#8496 = CARTESIAN_POINT ( 'NONE',  ( -4.336808689942017700E-016, 16.50000000000000000, 1.500000000000000000 ) ) ;
#8497 = AXIS2_PLACEMENT_3D ( 'NONE', #8496, #8495, #8494 ) ;
#8498 = PLANE ( 'NONE',  #8497 ) ;
#8499 = FACE_OUTER_BOUND ( 'NONE', #3663, .T. ) ;
#8500 = DIRECTION ( 'NONE',  ( -1.445602896647340700E-015, -1.000000000000000000, 0.0000000000000000000 ) ) ;
#8501 = VECTOR ( 'NONE', #8500, 1000.000000000000000 ) ;
#8502 = CARTESIAN_POINT ( 'NONE',  ( 3.000000000000002700, 16.50000000000000000, 1.500000000000000000 ) ) ;
#8503 = DIRECTION ( 'NONE',  ( 1.000000000000000000, 2.891205793294675500E-015, 0.0000000000000000000 ) ) ;
#8504 = DIRECTION ( 'NONE',  ( -0.0000000000000000000, -0.0000000000000000000, -1.000000000000000000 ) ) ;
#8505 = CARTESIAN_POINT ( 'NONE',  ( -7.806255641895631900E-015, 12.00000000000000500, 1.499999999999999600 ) ) ;
#8506 = AXIS2_PLACEMENT_3D ( 'NONE', #8505, #8504, #8503 ) ;
#8507 = CIRCLE ( 'NONE', #8506, 3.000000000000003100 ) ;
#8508 = LINE ( 'NONE', #8502, #8501 ) ;
#8509 = CARTESIAN_POINT ( 'NONE',  ( 1.499999999999999600, 14.59807621135332000, 1.499999999999999600 ) ) ;
#8510 = DIRECTION ( 'NONE',  ( 4.818676322157804400E-017, -1.000000000000000000, 0.0000000000000000000 ) ) ;
#8511 = VECTOR ( 'NONE', #8510, 1000.000000000000000 ) ;
#8512 = CARTESIAN_POINT ( 'NONE',  ( 1.500000000000000200, 14.59807621135332100, 1.499999999999999600 ) ) ;
#8513 = LINE ( 'NONE', #8512, #8511 ) ;
#8514 = CARTESIAN_POINT ( 'NONE',  ( 3.000000000000002700, 16.50000000000000000, 1.500000000000000000 ) ) ;
#8515 = CARTESIAN_POINT ( 'NONE',  ( 1.500000000000001600, 19.09807621135332000, 1.499999999999999600 ) ) ;
#8516 = DIRECTION ( 'NONE',  ( 1.000000000000000000, 0.0000000000000000000, 0.0000000000000000000 ) ) ;
#8517 = DIRECTION ( 'NONE',  ( -0.0000000000000000000, -0.0000000000000000000, -1.000000000000000000 ) ) ;
#8518 = CARTESIAN_POINT ( 'NONE',  ( -4.336808689942017700E-016, 16.50000000000000000, 1.500000000000000000 ) ) ;
#8519 = AXIS2_PLACEMENT_3D ( 'NONE', #8518, #8517, #8516 ) ;
#8520 = CIRCLE ( 'NONE', #8519, 3.000000000000000000 ) ;
#8521 = DIRECTION ( 'NONE',  ( 1.000000000000000000, 0.0000000000000000000, -0.0000000000000000000 ) ) ;
#8522 = CARTESIAN_POINT ( 'NONE',  ( -8.699999999999997500, 2.081830801498038200E-016, 15.00000000000000400 ) ) ;
#8523 = CARTESIAN_POINT ( 'NONE',  ( -5.300000000000002500, 0.0000000000000000000, 13.00000000000000000 ) ) ;
#8524 = DIRECTION ( 'NONE',  ( -1.000000000000000000, 0.0000000000000000000, 0.0000000000000000000 ) ) ;
#8525 = DIRECTION ( 'NONE',  ( 0.0000000000000000000, -0.0000000000000000000, 1.000000000000000000 ) ) ;
#8526 = CARTESIAN_POINT ( 'NONE',  ( -7.000000000000000000, 0.0000000000000000000, 13.00000000000000000 ) ) ;
#8527 = AXIS2_PLACEMENT_3D ( 'NONE', #8526, #8525, #8524 ) ;
#8528 = CIRCLE ( 'NONE', #8527, 1.699999999999997500 ) ;
#8529 = DIRECTION ( 'NONE',  ( 0.0000000000000000000, 2.168404344971008900E-016, 1.000000000000000000 ) ) ;
#8530 = VECTOR ( 'NONE', #8529, 1000.000000000000000 ) ;
#8531 = CARTESIAN_POINT ( 'NONE',  ( 12.00000000000000000, 1.999999999999997300, 3.999999999999988000 ) ) ;
#8532 = LINE ( 'NONE', #8531, #8530 ) ;
#8533 = CARTESIAN_POINT ( 'NONE',  ( 12.00000000000000000, 1.999999999999997100, 1.999999999999988000 ) ) ;
#8534 = DIRECTION ( 'NONE',  ( 0.0000000000000000000, 1.000000000000000000, 2.168404344971008900E-016 ) ) ;
#8535 = VECTOR ( 'NONE', #8534, 1000.000000000000000 ) ;
#8536 = CARTESIAN_POINT ( 'NONE',  ( 12.00000000000000000, 1.999999999999997100, 1.999999999999988000 ) ) ;
#8537 = LINE ( 'NONE', #8536, #8535 ) ;
#8538 = CARTESIAN_POINT ( 'NONE',  ( 12.00000000000000000, -2.000000000000003100, 1.999999999999987100 ) ) ;
#8539 = DIRECTION ( 'NONE',  ( -0.0000000000000000000, -2.168404344971007900E-016, -1.000000000000000000 ) ) ;
#8540 = VECTOR ( 'NONE', #8539, 1000.000000000000000 ) ;
#8541 = CARTESIAN_POINT ( 'NONE',  ( 12.00000000000000000, -2.000000000000002700, 3.999999999999988000 ) ) ;
#8542 = LINE ( 'NONE', #8541, #8540 ) ;
#8543 = CARTESIAN_POINT ( 'NONE',  ( 12.00000000000000000, -2.000000000000002700, 3.999999999999988000 ) ) ;
#8544 = CARTESIAN_POINT ( 'NONE',  ( 12.00000000000000000, 1.999999999999997100, 3.999999999999988000 ) ) ;
#8545 = DIRECTION ( 'NONE',  ( 0.0000000000000000000, -1.000000000000000000, 0.0000000000000000000 ) ) ;
#8546 = VECTOR ( 'NONE', #8545, 1000.000000000000000 ) ;
#8547 = CARTESIAN_POINT ( 'NONE',  ( 12.00000000000000000, 1.999999999999997300, 3.999999999999988000 ) ) ;
#8548 = LINE ( 'NONE', #8547, #8546 ) ;
#8549 = DIRECTION ( 'NONE',  ( -0.0000000000000000000, -0.0000000000000000000, -1.000000000000000000 ) ) ;
#8550 = VECTOR ( 'NONE', #8549, 1000.000000000000000 ) ;
#8551 = CARTESIAN_POINT ( 'NONE',  ( 12.00000000000000000, 8.000000000000000000, 13.00000000000000000 ) ) ;
#8552 = LINE ( 'NONE', #8551, #8550 ) ;
#8553 = DIRECTION ( 'NONE',  ( -0.0000000000000000000, -0.0000000000000000000, -1.000000000000000000 ) ) ;
#8554 = VECTOR ( 'NONE', #8553, 1000.000000000000000 ) ;
#8555 = CARTESIAN_POINT ( 'NONE',  ( -1.500000000000015500, 19.09807621135331600, 13.59338662244783100 ) ) ;
#8556 = LINE ( 'NONE', #8555, #8554 ) ;
#8557 = CARTESIAN_POINT ( 'NONE',  ( -5.300000000000002500, 0.0000000000000000000, 15.00000000000000400 ) ) ;
#8558 = DIRECTION ( 'NONE',  ( -0.0000000000000000000, -0.0000000000000000000, 1.000000000000000000 ) ) ;
#8559 = VECTOR ( 'NONE', #8558, 1000.000000000000000 ) ;
#8560 = CARTESIAN_POINT ( 'NONE',  ( -8.699999999999997500, 2.081830801498038200E-016, 5.000000000000002700 ) ) ;
#8561 = LINE ( 'NONE', #8560, #8559 ) ;
#8562 = DIRECTION ( 'NONE',  ( -2.602085213965210200E-015, -1.000000000000000000, 0.0000000000000000000 ) ) ;
#8563 = DIRECTION ( 'NONE',  ( -1.000000000000000000, 2.602085213965210200E-015, 0.0000000000000000000 ) ) ;
#8564 = CARTESIAN_POINT ( 'NONE',  ( -2.999999999999997300, 16.50000000000000700, 6.500000000000000900 ) ) ;
#8565 = AXIS2_PLACEMENT_3D ( 'NONE', #8564, #8563, #8562 ) ;
#8566 = PLANE ( 'NONE',  #8565 ) ;
#8567 = FACE_OUTER_BOUND ( 'NONE', #3700, .T. ) ;
#8568 = DIRECTION ( 'NONE',  ( -0.0000000000000000000, -0.0000000000000000000, -1.000000000000000000 ) ) ;
#8569 = VECTOR ( 'NONE', #8568, 1000.000000000000000 ) ;
#8570 = CARTESIAN_POINT ( 'NONE',  ( -2.999999999999997300, 16.50000000000000700, 6.500000000000000900 ) ) ;
#8571 = LINE ( 'NONE', #8570, #8569 ) ;
#8572 = CARTESIAN_POINT ( 'NONE',  ( -8.699999999999997500, 2.081830801498038200E-016, 13.00000000000000000 ) ) ;
#8573 = CARTESIAN_POINT ( 'NONE',  ( -2.999999999999997300, 16.50000000000000700, 1.500000000000000000 ) ) ;
#8574 = DIRECTION ( 'NONE',  ( 1.000000000000000000, 0.0000000000000000000, 0.0000000000000000000 ) ) ;
#8575 = DIRECTION ( 'NONE',  ( -0.0000000000000000000, -0.0000000000000000000, -1.000000000000000000 ) ) ;
#8576 = CARTESIAN_POINT ( 'NONE',  ( -4.336808689942017700E-016, 16.50000000000000000, 1.500000000000000000 ) ) ;
#8577 = AXIS2_PLACEMENT_3D ( 'NONE', #8576, #8575, #8574 ) ;
#8578 = CIRCLE ( 'NONE', #8577, 3.000000000000000000 ) ;
#8579 = CARTESIAN_POINT ( 'NONE',  ( -1.500000000000015500, 19.09807621135331600, 1.499999999999999600 ) ) ;
#8580 = DIRECTION ( 'NONE',  ( -1.590163186312076700E-015, 1.000000000000000000, 0.0000000000000000000 ) ) ;
#8581 = VECTOR ( 'NONE', #8580, 1000.000000000000000 ) ;
#8582 = CARTESIAN_POINT ( 'NONE',  ( -1.500000000000008400, 14.59807621135332500, 1.499999999999999600 ) ) ;
#8583 = LINE ( 'NONE', #8582, #8581 ) ;
#8584 = CARTESIAN_POINT ( 'NONE',  ( 12.00000000000000000, 8.000000000000000000, 13.00000000000000000 ) ) ;
#8585 = DIRECTION ( 'NONE',  ( -1.084202172485504400E-016, -1.000000000000000000, 0.0000000000000000000 ) ) ;
#8586 = VECTOR ( 'NONE', #8585, 1000.000000000000000 ) ;
#8587 = CARTESIAN_POINT ( 'NONE',  ( 12.00000000000000000, 8.000000000000000000, 13.00000000000000000 ) ) ;
#8588 = LINE ( 'NONE', #8587, #8586 ) ;
#8589 = CARTESIAN_POINT ( 'NONE',  ( 11.99999999999999800, -8.000000000000000000, 13.00000000000000000 ) ) ;
#8590 = DIRECTION ( 'NONE',  ( -0.0000000000000000000, -0.0000000000000000000, -1.000000000000000000 ) ) ;
#8591 = VECTOR ( 'NONE', #8590, 1000.000000000000000 ) ;
#8592 = CARTESIAN_POINT ( 'NONE',  ( 11.99999999999999800, -8.000000000000000000, 13.00000000000000000 ) ) ;
#8593 = LINE ( 'NONE', #8592, #8591 ) ;
#8594 = CARTESIAN_POINT ( 'NONE',  ( 11.99999999999999800, -8.000000000000000000, 0.0000000000000000000 ) ) ;
#8595 = CARTESIAN_POINT ( 'NONE',  ( 12.00000000000000000, 8.000000000000000000, 0.0000000000000000000 ) ) ;
#8596 = DIRECTION ( 'NONE',  ( -1.084202172485504400E-016, -1.000000000000000000, 0.0000000000000000000 ) ) ;
#8597 = VECTOR ( 'NONE', #8596, 1000.000000000000000 ) ;
#8598 = CARTESIAN_POINT ( 'NONE',  ( 12.00000000000000000, 8.000000000000000000, 0.0000000000000000000 ) ) ;
#8599 = LINE ( 'NONE', #8598, #8597 ) ;
#8600 = DIRECTION ( 'NONE',  ( 1.084202172485504700E-016, 1.000000000000000000, 0.0000000000000000000 ) ) ;
#8601 = DIRECTION ( 'NONE',  ( 1.000000000000000000, -1.084202172485504700E-016, 0.0000000000000000000 ) ) ;
#8602 = AXIS2_PLACEMENT_3D ( 'NONE', #8613, #8601, #8600 ) ;
#8603 = CARTESIAN_POINT ( 'NONE',  ( 1.490803040780503600E-015, -24.34746538962898700, 7.000000000000000900 ) ) ;
#8604 = CARTESIAN_POINT ( 'NONE',  ( 0.1392814505954335400, -24.34746538962898300, 7.000000000000000000 ) ) ;
#8605 = CARTESIAN_POINT ( 'NONE',  ( 0.2774676167777075900, -24.34716122947027000, 6.990346801128655600 ) ) ;
#8606 = CARTESIAN_POINT ( 'NONE',  ( 0.5516671222845855900, -24.34602434227275600, 6.952088354973633400 ) ) ;
#8607 = CARTESIAN_POINT ( 'NONE',  ( 0.6885488623121826000, -24.34518374069236700, 6.923186843196189600 ) ) ;
#8608 = CARTESIAN_POINT ( 'NONE',  ( 0.8215411212511830600, -24.34419439804358700, 6.885319771895890300 ) ) ;
#8609 = PLANE ( 'NONE',  #8602 ) ;
#8610 = FACE_BOUND ( 'NONE', #3669, .T. ) ;
#8611 = FACE_OUTER_BOUND ( 'NONE', #3714, .T. ) ;
#8612 = B_SPLINE_CURVE_WITH_KNOTS ( 'NONE', 3,
 ( #8608, #8607, #8606, #8605, #8604, #8603 ),
 .UNSPECIFIED., .F., .F.,
 ( 4, 2, 4 ),
 ( 0.01799113014836685500, 0.01840304075649061200, 0.01881495136461437000 ),
 .UNSPECIFIED. ) ;
#8613 = CARTESIAN_POINT ( 'NONE',  ( 12.00000000000000000, 8.000000000000000000, 13.00000000000000000 ) ) ;
#8614 = PLANE ( 'NONE',  #8661 ) ;
#8615 = FACE_OUTER_BOUND ( 'NONE', #3746, .T. ) ;
#8616 = DIRECTION ( 'NONE',  ( -1.445602896647340700E-015, -1.000000000000000000, 0.0000000000000000000 ) ) ;
#8617 = VECTOR ( 'NONE', #8616, 1000.000000000000000 ) ;
#8618 = CARTESIAN_POINT ( 'NONE',  ( 3.000000000000002700, 16.50000000000000000, 6.500000000000000900 ) ) ;
#8619 = LINE ( 'NONE', #8618, #8617 ) ;
#8620 = DIRECTION ( 'NONE',  ( 1.445602896647340500E-015, 1.000000000000000000, 0.0000000000000000000 ) ) ;
#8621 = DIRECTION ( 'NONE',  ( 1.000000000000000000, -1.445602896647340500E-015, 0.0000000000000000000 ) ) ;
#8622 = CARTESIAN_POINT ( 'NONE',  ( 3.000000000000002700, 16.50000000000000000, 6.500000000000000900 ) ) ;
#8623 = AXIS2_PLACEMENT_3D ( 'NONE', #8622, #8621, #8620 ) ;
#8624 = PLANE ( 'NONE',  #8623 ) ;
#8625 = FACE_OUTER_BOUND ( 'NONE', #3709, .T. ) ;
#8626 = DIRECTION ( 'NONE',  ( -1.000000000000000000, 0.0000000000000000000, 0.0000000000000000000 ) ) ;
#8627 = DIRECTION ( 'NONE',  ( 0.0000000000000000000, 0.0000000000000000000, -1.000000000000000000 ) ) ;
#8628 = CARTESIAN_POINT ( 'NONE',  ( -7.806255641895631900E-015, 12.00000000000000500, 0.0000000000000000000 ) ) ;
#8629 = AXIS2_PLACEMENT_3D ( 'NONE', #8628, #8627, #8626 ) ;
#8630 = CIRCLE ( 'NONE', #8629, 3.000000000000003100 ) ;
#8631 = DIRECTION ( 'NONE',  ( -1.000000000000000000, 0.0000000000000000000, 0.0000000000000000000 ) ) ;
#8632 = DIRECTION ( 'NONE',  ( -0.0000000000000000000, 0.0000000000000000000, -1.000000000000000000 ) ) ;
#8633 = CARTESIAN_POINT ( 'NONE',  ( 0.0000000000000000000, 0.0000000000000000000, 0.0000000000000000000 ) ) ;
#8634 = AXIS2_PLACEMENT_3D ( 'NONE', #8633, #8632, #8631 ) ;
#8635 = PLANE ( 'NONE',  #8634 ) ;
#8636 = FACE_OUTER_BOUND ( 'NONE', #3847, .T. ) ;
#8637 = FACE_BOUND ( 'NONE', #3737, .T. ) ;
#8638 = FACE_BOUND ( 'NONE', #3730, .T. ) ;
#8639 = DIRECTION ( 'NONE',  ( 1.000000000000000000, 0.0000000000000000000, 0.0000000000000000000 ) ) ;
#8640 = DIRECTION ( 'NONE',  ( 0.0000000000000000000, 0.0000000000000000000, 1.000000000000000000 ) ) ;
#8641 = AXIS2_PLACEMENT_3D ( 'NONE', #8648, #8640, #8639 ) ;
#8642 = CIRCLE ( 'NONE', #8641, 1.699999999999997500 ) ;
#8643 = DIRECTION ( 'NONE',  ( -1.000000000000000000, 0.0000000000000000000, 0.0000000000000000000 ) ) ;
#8644 = DIRECTION ( 'NONE',  ( 0.0000000000000000000, -0.0000000000000000000, 1.000000000000000000 ) ) ;
#8645 = CARTESIAN_POINT ( 'NONE',  ( -7.000000000000000000, 0.0000000000000000000, 13.00000000000000000 ) ) ;
#8646 = AXIS2_PLACEMENT_3D ( 'NONE', #8645, #8644, #8643 ) ;
#8647 = CIRCLE ( 'NONE', #8646, 1.699999999999997500 ) ;
#8648 = CARTESIAN_POINT ( 'NONE',  ( -7.000000000000000000, 0.0000000000000000000, 15.00000000000000400 ) ) ;
#8649 = CARTESIAN_POINT ( 'NONE',  ( 0.2775495478054474400, -24.39001992869172500, 6.590628911406158300 ) ) ;
#8650 = CARTESIAN_POINT ( 'NONE',  ( 0.8323252005339040200, -24.37107313246741600, 6.590628911406157400 ) ) ;
#8651 = B_SPLINE_CURVE_WITH_KNOTS ( 'NONE', 3,
 ( #8690, #8689, #8688, #8687, #8686, #8685, #8684, #8683 ),
 .UNSPECIFIED., .F., .F.,
 ( 4, 2, 2, 4 ),
 ( 0.0000000000000000000, 0.01205122411149895000, 0.02410244822299790000, 0.04820489644599582100 ),
 .UNSPECIFIED. ) ;
#8652 =( BOUNDED_SURFACE ( )  B_SPLINE_SURFACE ( 3, 3, ( 
 ( #8650, #8649, #8200, #8398 ),
 ( #10314, #10322, #10321, #10320 ),
 ( #10324, #10325, #10323, #10326 ),
 ( #10328, #10327, #10331, #10330 ) ),
 .UNSPECIFIED., .F., .F., .T. ) 
 B_SPLINE_SURFACE_WITH_KNOTS ( ( 4, 4 ),
 ( 4, 4 ),
 ( 0.1176317371991246200, 1.000000000000000000 ),
 ( 0.0000000000000000000, 1.000000000000000000 ),
 .UNSPECIFIED. ) 
 GEOMETRIC_REPRESENTATION_ITEM ( )  RATIONAL_B_SPLINE_SURFACE ( (
 ( 1.000000000000000000, 0.9996115493798365400, 0.9996115493798365400, 1.000000000000000000),
 ( 1.000000000000000000, 0.9996115493798365400, 0.9996115493798365400, 1.000000000000000000),
 ( 1.000000000000000000, 0.9996115493798365400, 0.9996115493798365400, 1.000000000000000000),
 ( 1.000000000000000000, 0.9996115493798365400, 0.9996115493798365400, 1.000000000000000000) ) ) 
 REPRESENTATION_ITEM ( '' )  SURFACE ( )  );
#8653 = FACE_OUTER_BOUND ( 'NONE', #3755, .T. ) ;
#8654 = DIRECTION ( 'NONE',  ( 4.818676322157804400E-017, -1.000000000000000000, -0.0000000000000000000 ) ) ;
#8655 = VECTOR ( 'NONE', #8654, 1000.000000000000000 ) ;
#8656 = CARTESIAN_POINT ( 'NONE',  ( 1.500000000000000200, 14.59807621135332100, 0.0000000000000000000 ) ) ;
#8657 = LINE ( 'NONE', #8656, #8655 ) ;
#8658 = DIRECTION ( 'NONE',  ( 1.000000000000000000, 0.0000000000000000000, -0.0000000000000000000 ) ) ;
#8659 = DIRECTION ( 'NONE',  ( 0.0000000000000000000, 0.0000000000000000000, 1.000000000000000000 ) ) ;
#8660 = CARTESIAN_POINT ( 'NONE',  ( -4.336808689942017700E-016, 16.50000000000000000, 6.500000000000000900 ) ) ;
#8661 = AXIS2_PLACEMENT_3D ( 'NONE', #8660, #8659, #8658 ) ;
#8662 = DIRECTION ( 'NONE',  ( 1.590163186312076700E-015, -1.000000000000000000, 0.0000000000000000000 ) ) ;
#8663 = DIRECTION ( 'NONE',  ( -1.000000000000000000, -1.590163186312076700E-015, 0.0000000000000000000 ) ) ;
#8664 = CARTESIAN_POINT ( 'NONE',  ( -0.6077543648370777900, -21.49140839107621700, 55.00000000000000000 ) ) ;
#8665 = CARTESIAN_POINT ( 'NONE',  ( -0.6077543648370783400, -21.49140839107622000, 50.98008264901149300 ) ) ;
#8666 = CARTESIAN_POINT ( 'NONE',  ( -0.6145178603398531200, -21.58166096636293600, 46.96360369587360100 ) ) ;
#8667 = CARTESIAN_POINT ( 'NONE',  ( -0.6377627317613648900, -21.89184221910974100, 38.93558612542292300 ) ) ;
#8668 = CARTESIAN_POINT ( 'NONE',  ( -0.6542545805714364800, -22.11191064759252700, 34.92405283227524400 ) ) ;
#8669 = CARTESIAN_POINT ( 'NONE',  ( -0.7136257667181519200, -22.90416406823348100, 22.89448365719481200 ) ) ;
#8670 = CARTESIAN_POINT ( 'NONE',  ( -0.7662689528768794600, -23.60663856831553200, 14.88813209860877000 ) ) ;
#8671 = CARTESIAN_POINT ( 'NONE',  ( -0.8215411212506723600, -24.34419439804359100, 6.885319771896035900 ) ) ;
#8672 = CARTESIAN_POINT ( 'NONE',  ( -1.500000000000008400, 14.59807621135332500, 13.59338662244783100 ) ) ;
#8673 = PLANE ( 'NONE',  #8675 ) ;
#8674 = B_SPLINE_CURVE_WITH_KNOTS ( 'NONE', 3,
 ( #8671, #8670, #8669, #8668, #8667, #8666, #8665, #8664 ),
 .UNSPECIFIED., .F., .F.,
 ( 4, 2, 2, 4 ),
 ( 0.001893332984748435500, 0.02600314855091723600, 0.03805805633400163200, 0.05011296411708603100 ),
 .UNSPECIFIED. ) ;
#8675 = AXIS2_PLACEMENT_3D ( 'NONE', #8672, #8663, #8662 ) ;
#8676 = FACE_OUTER_BOUND ( 'NONE', #3767, .T. ) ;
#8677 = CARTESIAN_POINT ( 'NONE',  ( -0.6077543648370777900, -21.49140839107621700, 55.00000000000000000 ) ) ;
#8678 = DIRECTION ( 'NONE',  ( -1.000000000000000000, 0.0000000000000000000, 0.0000000000000000000 ) ) ;
#8679 = DIRECTION ( 'NONE',  ( -0.0000000000000000000, -0.0000000000000000000, -1.000000000000000000 ) ) ;
#8680 = CARTESIAN_POINT ( 'NONE',  ( 0.0000000000000000000, 0.0000000000000000000, 55.00000000000000000 ) ) ;
#8681 = AXIS2_PLACEMENT_3D ( 'NONE', #8680, #8679, #8678 ) ;
#8682 = CIRCLE ( 'NONE', #8681, 21.49999999999999300 ) ;
#8683 = CARTESIAN_POINT ( 'NONE',  ( 0.8215411212511830600, -24.34419439804358700, 6.885319771895890300 ) ) ;
#8684 = CARTESIAN_POINT ( 'NONE',  ( 0.7662692658684503400, -23.60664274489110100, 14.88808678088598800 ) ) ;
#8685 = CARTESIAN_POINT ( 'NONE',  ( 0.7136248413684658200, -22.90415172029361900, 22.89471165418787600 ) ) ;
#8686 = CARTESIAN_POINT ( 'NONE',  ( 0.6542563809211327000, -22.11193467158343400, 34.92366779989669800 ) ) ;
#8687 = CARTESIAN_POINT ( 'NONE',  ( 0.6377606525002540400, -21.89181447329226400, 38.93612322329017400 ) ) ;
#8688 = CARTESIAN_POINT ( 'NONE',  ( 0.6145162095837755100, -21.58163893854784000, 46.96435485319023000 ) ) ;
#8689 = CARTESIAN_POINT ( 'NONE',  ( 0.6077543648375299800, -21.49140839107619500, 50.98065676068282700 ) ) ;
#8690 = CARTESIAN_POINT ( 'NONE',  ( 0.6077543648375274300, -21.49140839107619500, 55.00000000000000000 ) ) ;
#8691 = CARTESIAN_POINT ( 'NONE',  ( 0.8215411212511830600, -24.34419439804358700, 6.885319771895890300 ) ) ;
#8692 = CARTESIAN_POINT ( 'NONE',  ( 0.6077543648375274300, -21.49140839107619500, 55.00000000000000000 ) ) ;
#8693 = DIRECTION ( 'NONE',  ( 1.000000000000000000, 3.614007241618347800E-016, 0.0000000000000000000 ) ) ;
#8694 = CARTESIAN_POINT ( 'NONE',  ( -10.00000000000000000, -3.000000000000000000, 19.00000000000000400 ) ) ;
#8695 = LINE ( 'NONE', #8694, #8756 ) ;
#8696 = CARTESIAN_POINT ( 'NONE',  ( -4.000000000000000000, -2.999999999999997800, 19.00000000000000400 ) ) ;
#8697 = DIRECTION ( 'NONE',  ( -1.445602896647339200E-016, 1.000000000000000000, -0.0000000000000000000 ) ) ;
#8698 = VECTOR ( 'NONE', #8697, 1000.000000000000000 ) ;
#8699 = CARTESIAN_POINT ( 'NONE',  ( -4.000000000000000900, 3.000000000000002200, 19.00000000000000400 ) ) ;
#8700 = LINE ( 'NONE', #8699, #8698 ) ;
#8701 = CARTESIAN_POINT ( 'NONE',  ( -10.00000000000000000, 2.999999999999997300, 19.00000000000000400 ) ) ;
#8702 = CARTESIAN_POINT ( 'NONE',  ( 1.500000000000000200, 14.59807621135332100, 0.0000000000000000000 ) ) ;
#8703 = DIRECTION ( 'NONE',  ( -0.0000000000000000000, -0.0000000000000000000, -1.000000000000000000 ) ) ;
#8704 = VECTOR ( 'NONE', #8703, 1000.000000000000000 ) ;
#8705 = CARTESIAN_POINT ( 'NONE',  ( 1.500000000000000200, 14.59807621135332100, 13.59338662244783100 ) ) ;
#8706 = DIRECTION ( 'NONE',  ( -1.000000000000000000, 0.0000000000000000000, 0.0000000000000000000 ) ) ;
#8707 = DIRECTION ( 'NONE',  ( -0.0000000000000000000, -0.0000000000000000000, -1.000000000000000000 ) ) ;
#8708 = CARTESIAN_POINT ( 'NONE',  ( -7.806255641895631900E-015, 12.00000000000000500, 6.500000000000000900 ) ) ;
#8709 = AXIS2_PLACEMENT_3D ( 'NONE', #8708, #8707, #8706 ) ;
#8710 = LINE ( 'NONE', #8705, #8704 ) ;
#8711 = CYLINDRICAL_SURFACE ( 'NONE', #8709, 3.000000000000002700 ) ;
#8712 = FACE_OUTER_BOUND ( 'NONE', #3782, .T. ) ;
#8713 = DIRECTION ( 'NONE',  ( 2.602085213965210200E-015, 1.000000000000000000, -0.0000000000000000000 ) ) ;
#8714 = VECTOR ( 'NONE', #8713, 1000.000000000000000 ) ;
#8715 = CARTESIAN_POINT ( 'NONE',  ( -2.999999999999997300, 16.50000000000000700, 6.500000000000000900 ) ) ;
#8716 = LINE ( 'NONE', #8715, #8714 ) ;
#8717 = DIRECTION ( 'NONE',  ( -4.818676322157804400E-017, 1.000000000000000000, 0.0000000000000000000 ) ) ;
#8718 = DIRECTION ( 'NONE',  ( 1.000000000000000000, 4.818676322157804400E-017, -0.0000000000000000000 ) ) ;
#8719 = CARTESIAN_POINT ( 'NONE',  ( 1.500000000000000200, 14.59807621135332100, 13.59338662244783100 ) ) ;
#8720 = AXIS2_PLACEMENT_3D ( 'NONE', #8719, #8718, #8717 ) ;
#8721 = PLANE ( 'NONE',  #8720 ) ;
#8722 = FACE_OUTER_BOUND ( 'NONE', #3774, .T. ) ;
#8723 = DIRECTION ( 'NONE',  ( -1.590163186312076700E-015, 1.000000000000000000, 0.0000000000000000000 ) ) ;
#8724 = VECTOR ( 'NONE', #8723, 1000.000000000000000 ) ;
#8725 = CARTESIAN_POINT ( 'NONE',  ( -1.500000000000008400, 14.59807621135332500, 0.0000000000000000000 ) ) ;
#8726 = LINE ( 'NONE', #8725, #8724 ) ;
#8727 = CYLINDRICAL_SURFACE ( 'NONE', #8728, 17.24999999999998600 ) ;
#8728 = AXIS2_PLACEMENT_3D ( 'NONE', #8796, #8795, #8794 ) ;
#8729 = FACE_OUTER_BOUND ( 'NONE', #3799, .T. ) ;
#8730 = DIRECTION ( 'NONE',  ( -1.000000000000000000, 0.0000000000000000000, 0.0000000000000000000 ) ) ;
#8731 = DIRECTION ( 'NONE',  ( -0.0000000000000000000, -0.0000000000000000000, -1.000000000000000000 ) ) ;
#8732 = CARTESIAN_POINT ( 'NONE',  ( 0.0000000000000000000, 0.0000000000000000000, 19.00000000000000400 ) ) ;
#8733 = AXIS2_PLACEMENT_3D ( 'NONE', #8732, #8731, #8730 ) ;
#8734 = CIRCLE ( 'NONE', #8733, 17.24999999999998600 ) ;
#8735 = DIRECTION ( 'NONE',  ( 1.445602896647339400E-016, -1.000000000000000000, 0.0000000000000000000 ) ) ;
#8736 = VECTOR ( 'NONE', #8735, 1000.000000000000000 ) ;
#8737 = CARTESIAN_POINT ( 'NONE',  ( -3.000000000000002200, 17.24999999999998600, 19.00000000000000400 ) ) ;
#8738 = DIRECTION ( 'NONE',  ( -1.000000000000000000, 0.0000000000000000000, 0.0000000000000000000 ) ) ;
#8739 = DIRECTION ( 'NONE',  ( -0.0000000000000000000, -0.0000000000000000000, -1.000000000000000000 ) ) ;
#8740 = CARTESIAN_POINT ( 'NONE',  ( 0.0000000000000000000, 0.0000000000000000000, 33.00000000000000000 ) ) ;
#8741 = AXIS2_PLACEMENT_3D ( 'NONE', #8740, #8739, #8738 ) ;
#8742 = LINE ( 'NONE', #8737, #8736 ) ;
#8743 = CONICAL_SURFACE ( 'NONE', #8741, 12.24999999999998600, 0.7853981633974497200 ) ;
#8744 = FACE_OUTER_BOUND ( 'NONE', #3806, .T. ) ;
#8745 = DIRECTION ( 'NONE',  ( -1.000000000000000000, 0.0000000000000000000, 0.0000000000000000000 ) ) ;
#8746 = DIRECTION ( 'NONE',  ( -0.0000000000000000000, -0.0000000000000000000, -1.000000000000000000 ) ) ;
#8747 = CARTESIAN_POINT ( 'NONE',  ( 0.0000000000000000000, 0.0000000000000000000, 28.00000000000001800 ) ) ;
#8748 = AXIS2_PLACEMENT_3D ( 'NONE', #8747, #8746, #8745 ) ;
#8749 = CIRCLE ( 'NONE', #8748, 17.24999999999998600 ) ;
#8750 = CARTESIAN_POINT ( 'NONE',  ( -13.00000000000001100, 0.0000000000000000000, 19.00000000000000400 ) ) ;
#8751 = DIRECTION ( 'NONE',  ( 0.7071067811865487900, -0.7071067811865461300, 0.0000000000000000000 ) ) ;
#8752 = VECTOR ( 'NONE', #8751, 1000.000000000000100 ) ;
#8753 = CARTESIAN_POINT ( 'NONE',  ( -13.00000000000001100, 0.0000000000000000000, 19.00000000000000400 ) ) ;
#8754 = LINE ( 'NONE', #8753, #8752 ) ;
#8755 = CARTESIAN_POINT ( 'NONE',  ( -10.00000000000000000, -3.000000000000000000, 19.00000000000000400 ) ) ;
#8756 = VECTOR ( 'NONE', #8693, 1000.000000000000000 ) ;
#8757 = CARTESIAN_POINT ( 'NONE',  ( 8.282220125986517800, 10.66049745343169300, 31.75740704297977500 ) ) ;
#8758 = CARTESIAN_POINT ( 'NONE',  ( 7.932756915198048400, 10.92060811695065700, 31.75929465248523400 ) ) ;
#8759 = CARTESIAN_POINT ( 'NONE',  ( 7.210481973398471700, 11.40544731648010100, 31.76348467425553300 ) ) ;
#8760 = CARTESIAN_POINT ( 'NONE',  ( 6.837694537365092800, 11.63021306435796600, 31.76574201246505800 ) ) ;
#8761 = CARTESIAN_POINT ( 'NONE',  ( 6.068419704992836100, 12.04382877641008600, 31.77080045858976500 ) ) ;
#8762 = CARTESIAN_POINT ( 'NONE',  ( 5.669910141780834900, 12.23345237997065600, 31.77365302078658600 ) ) ;
#8763 = CARTESIAN_POINT ( 'NONE',  ( 4.452041037712888300, 12.74008482828544200, 31.78310763930699400 ) ) ;
#8764 = CARTESIAN_POINT ( 'NONE',  ( 3.618818009908816500, 12.99306457043573300, 31.79052962713581500 ) ) ;
#8765 = CARTESIAN_POINT ( 'NONE',  ( 2.337924077285377800, 13.24897247784668200, 31.80337946882920300 ) ) ;
#8766 = CARTESIAN_POINT ( 'NONE',  ( 1.905745417150527900, 13.31353256723216200, 31.80794938897364000 ) ) ;
#8767 = CARTESIAN_POINT ( 'NONE',  ( 1.030651005645185200, 13.39993823093917100, 31.81767720369721500 ) ) ;
#8768 = CARTESIAN_POINT ( 'NONE',  ( 0.5898814738535571600, 13.42132671942485300, 31.82281379757191100 ) ) ;
#8769 = CARTESIAN_POINT ( 'NONE',  ( -0.7200913487128497400, 13.42034292846894600, 31.83875215067860500 ) ) ;
#8770 = CARTESIAN_POINT ( 'NONE',  ( -1.585589852756307300, 13.33439369101173700, 31.85017534580271500 ) ) ;
#8771 = CARTESIAN_POINT ( 'NONE',  ( -2.872076009855337300, 13.07710913895248500, 31.86835616759827500 ) ) ;
#8772 = CARTESIAN_POINT ( 'NONE',  ( -3.301244851138163100, 12.96899504312360600, 31.87462684229890900 ) ) ;
#8773 = CARTESIAN_POINT ( 'NONE',  ( -4.140428299414511000, 12.71267022175794100, 31.88726495878244900 ) ) ;
#8774 = CARTESIAN_POINT ( 'NONE',  ( -4.551006836743939100, 12.56463958908518600, 31.89363773206349600 ) ) ;
#8775 = CARTESIAN_POINT ( 'NONE',  ( -5.756365807408498000, 12.06240200577051200, 31.91284825533718800 ) ) ;
#8776 = CARTESIAN_POINT ( 'NONE',  ( -6.525242191174413600, 11.65107352202222100, 31.92528332775465600 ) ) ;
#8777 = CARTESIAN_POINT ( 'NONE',  ( -7.989374616347241400, 10.66620476075931900, 31.95263916089581700 ) ) ;
#8778 = CARTESIAN_POINT ( 'NONE',  ( -8.659884777199275500, 10.10898259806416100, 31.96737397815399000 ) ) ;
#8779 = CARTESIAN_POINT ( 'NONE',  ( -9.576740015890587500, 9.179924965131744900, 31.99120190869921000 ) ) ;
#8780 = CARTESIAN_POINT ( 'NONE',  ( -9.867438662282150800, 8.854575347312664500, 31.99943331829357300 ) ) ;
#8781 = CARTESIAN_POINT ( 'NONE',  ( -10.41824649124075800, 8.171761908170362100, 32.01651143170156600 ) ) ;
#8782 = CARTESIAN_POINT ( 'NONE',  ( -10.67842490845563400, 7.813650798053408200, 32.02537292161756000 ) ) ;
#8783 = CARTESIAN_POINT ( 'NONE',  ( -11.39528440335458400, 6.714987202480749300, 32.05231020465422600 ) ) ;
#8784 = CARTESIAN_POINT ( 'NONE',  ( -11.79547009677915700, 5.942847157927357800, 32.07092916220928200 ) ) ;
#8785 = CARTESIAN_POINT ( 'NONE',  ( -12.27960492480051300, 4.725313903078748500, 32.09984301074444300 ) ) ;
#8786 = CARTESIAN_POINT ( 'NONE',  ( -12.42208758437543600, 4.307229084667536500, 32.10969841885314200 ) ) ;
#8787 = CARTESIAN_POINT ( 'NONE',  ( -12.66313168528502700, 3.462175834504596300, 32.12945851385365600 ) ) ;
#8788 = CARTESIAN_POINT ( 'NONE',  ( -12.76160055404481300, 3.036561125776749700, 32.13933244305521700 ) ) ;
#8789 = CARTESIAN_POINT ( 'NONE',  ( -12.99263013653101600, 1.750701504205249800, 32.16889912545142500 ) ) ;
#8790 = CARTESIAN_POINT ( 'NONE',  ( -13.06145696383617000, 0.8815312925124776400, 32.18854303616380700 ) ) ;
#8791 = CARTESIAN_POINT ( 'NONE',  ( -13.04204186790013700, -9.573152717555018000E-015, 32.20795813209984700 ) ) ;
#8792 = B_SPLINE_CURVE_WITH_KNOTS ( 'NONE', 3,
 ( #8791, #8790, #8789, #8788, #8787, #8786, #8785, #8784, #8783, #8782, #8781, #8780, #8779, #8778, #8777, #8776, #8775, #8774, #8773, #8772, #8771, #8770, #8769, #8768, #8767, #8766, #8765, #8764, #8763, #8762, #8761, #8760, #8759, #8758, #8757, #8835, #8834, #8833, #8832, #8831, #8830, #8829, #8828, #8827, #8826, #8825, #8824, #8823, #8822, #8821, #8820, #8819 ),
 .UNSPECIFIED., .F., .F.,
 ( 4, 2, 2, 2, 2, 2, 2, 2, 2, 2, 2, 2, 2, 2, 2, 2, 2, 2, 2, 2, 2, 2, 2, 2, 2, 4 ),
 ( 0.02366596066636968500, 0.02630019290461914700, 0.02761730902374387500, 0.02893442514286860600, 0.03156865738111806800, 0.03288577350024279900, 0.03420288961936752300, 0.03683712185761698500, 0.03947135409586644700, 0.04078847021499117100, 0.04210558633411590200, 0.04473981857236535700, 0.04605693469149008800, 0.04737405081061481200, 0.05000828304886426700, 0.05132539916798900500, 0.05264251528711373600, 0.05395963140623846700, 0.05527674752536319200, 0.05659386364448792300, 0.05791097976361265400, 0.06054521200186211600, 0.06186232812098684700, 0.06317944424011157100, 0.06449656035923630200, 0.06581367647836103300 ),
 .UNSPECIFIED. ) ;
#8793 = CIRCLE ( 'NONE', #8818, 25.00000000000000000 ) ;
#8794 = DIRECTION ( 'NONE',  ( -1.000000000000000000, 0.0000000000000000000, 0.0000000000000000000 ) ) ;
#8795 = DIRECTION ( 'NONE',  ( -0.0000000000000000000, -0.0000000000000000000, -1.000000000000000000 ) ) ;
#8796 = CARTESIAN_POINT ( 'NONE',  ( 0.0000000000000000000, 0.0000000000000000000, 0.0000000000000000000 ) ) ;
#8797 = FACE_OUTER_BOUND ( 'NONE', #3748, .T. ) ;
#8798 = DIRECTION ( 'NONE',  ( -1.000000000000000000, 0.0000000000000000000, 0.0000000000000000000 ) ) ;
#8799 = DIRECTION ( 'NONE',  ( -0.0000000000000000000, 0.0000000000000000000, -1.000000000000000000 ) ) ;
#8800 = CARTESIAN_POINT ( 'NONE',  ( 0.0000000000000000000, 0.0000000000000000000, 13.00000000000000000 ) ) ;
#8801 = AXIS2_PLACEMENT_3D ( 'NONE', #8800, #8799, #8798 ) ;
#8802 = CIRCLE ( 'NONE', #8801, 1.699999999999999100 ) ;
#8803 = CARTESIAN_POINT ( 'NONE',  ( -7.000000000000000000, 0.0000000000000000000, 5.000000000000002700 ) ) ;
#8804 = DIRECTION ( 'NONE',  ( -1.000000000000000000, 0.0000000000000000000, 0.0000000000000000000 ) ) ;
#8805 = DIRECTION ( 'NONE',  ( -0.0000000000000000000, -0.0000000000000000000, -1.000000000000000000 ) ) ;
#8806 = AXIS2_PLACEMENT_3D ( 'NONE', #8812, #8805, #8804 ) ;
#8807 = CIRCLE ( 'NONE', #8806, 1.699999999999997700 ) ;
#8808 = DIRECTION ( 'NONE',  ( -1.000000000000000000, 0.0000000000000000000, 0.0000000000000000000 ) ) ;
#8809 = DIRECTION ( 'NONE',  ( -0.0000000000000000000, -0.0000000000000000000, -1.000000000000000000 ) ) ;
#8810 = CARTESIAN_POINT ( 'NONE',  ( 0.0000000000000000000, 0.0000000000000000000, 0.0000000000000000000 ) ) ;
#8811 = AXIS2_PLACEMENT_3D ( 'NONE', #8810, #8809, #8808 ) ;
#8812 = CARTESIAN_POINT ( 'NONE',  ( 0.0000000000000000000, 0.0000000000000000000, 18.00000000000000400 ) ) ;
#8813 = CYLINDRICAL_SURFACE ( 'NONE', #8811, 1.699999999999999100 ) ;
#8814 = FACE_OUTER_BOUND ( 'NONE', #3682, .T. ) ;
#8815 = DIRECTION ( 'NONE',  ( -1.000000000000000000, 0.0000000000000000000, 0.0000000000000000000 ) ) ;
#8816 = DIRECTION ( 'NONE',  ( -0.0000000000000000000, -0.0000000000000000000, -1.000000000000000000 ) ) ;
#8817 = CARTESIAN_POINT ( 'NONE',  ( 0.0000000000000000000, 0.0000000000000000000, 0.0000000000000000000 ) ) ;
#8818 = AXIS2_PLACEMENT_3D ( 'NONE', #8817, #8816, #8815 ) ;
#8819 = CARTESIAN_POINT ( 'NONE',  ( 13.40357093986863500, 8.197138052257925100E-015, 31.84642906013138100 ) ) ;
#8820 = CARTESIAN_POINT ( 'NONE',  ( 13.41569713519771100, 0.4342950016367828600, 31.83430286480232100 ) ) ;
#8821 = CARTESIAN_POINT ( 'NONE',  ( 13.40493027247671200, 0.8693036866519749900, 31.82401867291006400 ) ) ;
#8822 = CARTESIAN_POINT ( 'NONE',  ( 13.33802624273114500, 1.740698822248459800, 31.80596390486321900 ) ) ;
#8823 = CARTESIAN_POINT ( 'NONE',  ( 13.28144706631399100, 2.179036003753573000, 31.79818445506094100 ) ) ;
#8824 = CARTESIAN_POINT ( 'NONE',  ( 13.12377194354100100, 3.045112788573732100, 31.78477035861182300 ) ) ;
#8825 = CARTESIAN_POINT ( 'NONE',  ( 13.02291644245755900, 3.473028886259530900, 31.77912531275922700 ) ) ;
#8826 = CARTESIAN_POINT ( 'NONE',  ( 12.77755954881162700, 4.318701508925313300, 31.76951806225234500 ) ) ;
#8827 = CARTESIAN_POINT ( 'NONE',  ( 12.63292227635713700, 4.736042918881682200, 31.76557088466280000 ) ) ;
#8828 = CARTESIAN_POINT ( 'NONE',  ( 12.14202347105099000, 5.951815665557092000, 31.75596995428499300 ) ) ;
#8829 = CARTESIAN_POINT ( 'NONE',  ( 11.73739996561439700, 6.721741963042561900, 31.75243387522450100 ) ) ;
#8830 = CARTESIAN_POINT ( 'NONE',  ( 11.01555586978402000, 7.816333297273466500, 31.75012900376589900 ) ) ;
#8831 = CARTESIAN_POINT ( 'NONE',  ( 10.75442346600549600, 8.172492331234105100, 31.74987270440147200 ) ) ;
#8832 = CARTESIAN_POINT ( 'NONE',  ( 10.19883272413869300, 8.855567024247150700, 31.75024302948345300 ) ) ;
#8833 = CARTESIAN_POINT ( 'NONE',  ( 9.904767829213396300, 9.182370069124589300, 31.75086460739721200 ) ) ;
#8834 = CARTESIAN_POINT ( 'NONE',  ( 9.284243141658988600, 9.806638381442777300, 31.75282853451606600 ) ) ;
#8835 = CARTESIAN_POINT ( 'NONE',  ( 8.957336094102190700, 10.10419291866685800, 31.75417572082922400 ) ) ;
#8836 = LINE ( 'NONE', #8897, #8896 ) ;
#8837 = DIRECTION ( 'NONE',  ( -1.000000000000000000, -3.614007241618348800E-016, -0.0000000000000000000 ) ) ;
#8838 = VECTOR ( 'NONE', #8837, 1000.000000000000000 ) ;
#8839 = CARTESIAN_POINT ( 'NONE',  ( -10.00000000000000000, 3.000000000000000000, 19.00000000000000400 ) ) ;
#8840 = LINE ( 'NONE', #8839, #8838 ) ;
#8841 = DIRECTION ( 'NONE',  ( 1.000000000000000000, 0.0000000000000000000, -0.0000000000000000000 ) ) ;
#8842 = DIRECTION ( 'NONE',  ( 0.0000000000000000000, 0.0000000000000000000, 1.000000000000000000 ) ) ;
#8843 = CARTESIAN_POINT ( 'NONE',  ( 0.0000000000000000000, 17.24999999999998600, 19.00000000000000400 ) ) ;
#8844 = AXIS2_PLACEMENT_3D ( 'NONE', #8843, #8842, #8841 ) ;
#8845 = PLANE ( 'NONE',  #8844 ) ;
#8846 = FACE_OUTER_BOUND ( 'NONE', #3836, .T. ) ;
#8847 = FACE_BOUND ( 'NONE', #3849, .T. ) ;
#8848 = FACE_BOUND ( 'NONE', #3819, .T. ) ;
#8849 = CARTESIAN_POINT ( 'NONE',  ( -12.00000000000000000, 8.000000000000000000, 0.0000000000000000000 ) ) ;
#8850 = DIRECTION ( 'NONE',  ( 1.000000000000000000, -0.0000000000000000000, -0.0000000000000000000 ) ) ;
#8851 = VECTOR ( 'NONE', #8850, 1000.000000000000000 ) ;
#8852 = CARTESIAN_POINT ( 'NONE',  ( 12.00000000000000000, 8.000000000000000000, 0.0000000000000000000 ) ) ;
#8853 = LINE ( 'NONE', #8852, #8851 ) ;
#8854 = CARTESIAN_POINT ( 'NONE',  ( -2.999999999999998700, -5.999999999999998200, 19.00000000000000400 ) ) ;
#8855 = DIRECTION ( 'NONE',  ( 1.000000000000000000, 0.0000000000000000000, 0.0000000000000000000 ) ) ;
#8856 = VECTOR ( 'NONE', #8855, 1000.000000000000000 ) ;
#8857 = CARTESIAN_POINT ( 'NONE',  ( -2.999999999999998700, -5.999999999999999100, 19.00000000000000400 ) ) ;
#8858 = LINE ( 'NONE', #8857, #8856 ) ;
#8859 = DIRECTION ( 'NONE',  ( -1.000000000000000000, 0.0000000000000000000, 0.0000000000000000000 ) ) ;
#8860 = DIRECTION ( 'NONE',  ( -0.0000000000000000000, -0.0000000000000000000, -1.000000000000000000 ) ) ;
#8861 = AXIS2_PLACEMENT_3D ( 'NONE', #8866, #8860, #8859 ) ;
#8862 = CIRCLE ( 'NONE', #8861, 13.74999999999999500 ) ;
#8863 = DIRECTION ( 'NONE',  ( 1.000000000000000000, 0.0000000000000000000, 0.0000000000000000000 ) ) ;
#8864 = DIRECTION ( 'NONE',  ( -0.0000000000000000000, -0.0000000000000000000, 1.000000000000000000 ) ) ;
#8865 = AXIS2_PLACEMENT_3D ( 'NONE', #8803, #8864, #8863 ) ;
#8866 = CARTESIAN_POINT ( 'NONE',  ( 0.0000000000000000000, 0.0000000000000000000, 48.00000000000000000 ) ) ;
#8867 = CYLINDRICAL_SURFACE ( 'NONE', #8865, 1.699999999999997500 ) ;
#8868 = CARTESIAN_POINT ( 'NONE',  ( 1.568813459538513000E-006, 12.24999999999988300, 48.00000000000000000 ) ) ;
#8869 = DIRECTION ( 'NONE',  ( -1.000000000000000000, 0.0000000000000000000, 0.0000000000000000000 ) ) ;
#8870 = DIRECTION ( 'NONE',  ( -0.0000000000000000000, -0.0000000000000000000, -1.000000000000000000 ) ) ;
#8871 = CARTESIAN_POINT ( 'NONE',  ( 0.0000000000000000000, 0.0000000000000000000, 48.00000000000000000 ) ) ;
#8872 = AXIS2_PLACEMENT_3D ( 'NONE', #8871, #8870, #8869 ) ;
#8873 = DIRECTION ( 'NONE',  ( -1.000000000000000000, 0.0000000000000000000, 0.0000000000000000000 ) ) ;
#8874 = DIRECTION ( 'NONE',  ( -0.0000000000000000000, -0.0000000000000000000, -1.000000000000000000 ) ) ;
#8875 = AXIS2_PLACEMENT_3D ( 'NONE', #8878, #8874, #8873 ) ;
#8876 = CYLINDRICAL_SURFACE ( 'NONE', #8875, 12.24999999999998600 ) ;
#8877 = CIRCLE ( 'NONE', #8872, 12.24999999999998400 ) ;
#8878 = CARTESIAN_POINT ( 'NONE',  ( 0.0000000000000000000, 0.0000000000000000000, 0.0000000000000000000 ) ) ;
#8879 = FACE_OUTER_BOUND ( 'NONE', #3859, .T. ) ;
#8880 = CARTESIAN_POINT ( 'NONE',  ( 3.000000000000001300, -5.999999999999999100, 19.00000000000000400 ) ) ;
#8881 = DIRECTION ( 'NONE',  ( -1.445602896647339400E-016, 1.000000000000000000, 0.0000000000000000000 ) ) ;
#8882 = VECTOR ( 'NONE', #8881, 1000.000000000000000 ) ;
#8883 = CARTESIAN_POINT ( 'NONE',  ( 2.999999999999997800, 17.24999999999998600, 19.00000000000000400 ) ) ;
#8884 = LINE ( 'NONE', #8883, #8882 ) ;
#8885 = CARTESIAN_POINT ( 'NONE',  ( -3.000000000000000400, 6.000000000000000900, 19.00000000000000400 ) ) ;
#8886 = CARTESIAN_POINT ( 'NONE',  ( 2.999999999999999600, 6.000000000000000900, 19.00000000000000400 ) ) ;
#8887 = DIRECTION ( 'NONE',  ( -1.000000000000000000, -0.0000000000000000000, -0.0000000000000000000 ) ) ;
#8888 = VECTOR ( 'NONE', #8887, 1000.000000000000000 ) ;
#8889 = CARTESIAN_POINT ( 'NONE',  ( -3.000000000000000400, 6.000000000000000900, 19.00000000000000400 ) ) ;
#8890 = LINE ( 'NONE', #8889, #8888 ) ;
#8891 = DIRECTION ( 'NONE',  ( -0.7071067811865487900, -0.7071067811865461300, 0.0000000000000000000 ) ) ;
#8892 = VECTOR ( 'NONE', #8891, 1000.000000000000100 ) ;
#8893 = CARTESIAN_POINT ( 'NONE',  ( -10.00000000000000000, 3.000000000000000000, 19.00000000000000400 ) ) ;
#8894 = LINE ( 'NONE', #8893, #8892 ) ;
#8895 = DIRECTION ( 'NONE',  ( -1.000000000000000000, 0.0000000000000000000, 0.0000000000000000000 ) ) ;
#8896 = VECTOR ( 'NONE', #8895, 1000.000000000000000 ) ;
#8897 = CARTESIAN_POINT ( 'NONE',  ( 11.99999999999999800, -8.000000000000000000, 0.0000000000000000000 ) ) ;
#8898 = CARTESIAN_POINT ( 'NONE',  ( 6.741287763050034500, 19.91368974589469700, 55.00000000000000000 ) ) ;
#8899 = LINE ( 'NONE', #8898, #9167 ) ;
#8900 =( BOUNDED_SURFACE ( )  B_SPLINE_SURFACE ( 3, 3, ( 
 ( #8948, #8947, #8946, #8945 ),
 ( #8944, #8943, #8942, #8941 ),
 ( #8940, #8939, #8938, #8937 ),
 ( #8936, #8935, #8934, #8933 ) ),
 .UNSPECIFIED., .F., .F., .T. ) 
 B_SPLINE_SURFACE_WITH_KNOTS ( ( 4, 4 ),
 ( 4, 4 ),
 ( 0.0000000000000000000, 1.000000000000000000 ),
 ( 0.0000000000000000000, 1.000000000000000000 ),
 .UNSPECIFIED. ) 
 GEOMETRIC_REPRESENTATION_ITEM ( )  RATIONAL_B_SPLINE_SURFACE ( (
 ( 1.000000000000000000, 0.3333333333333333700, 0.3333333333333333700, 1.000000000000000000),
 ( 1.000000000000000000, 0.3333333333333333700, 0.3333333333333333700, 1.000000000000000000),
 ( 1.000000000000000000, 0.3333333333333333700, 0.3333333333333333700, 1.000000000000000000),
 ( 1.000000000000000000, 0.3333333333333333700, 0.3333333333333333700, 1.000000000000000000) ) ) 
 REPRESENTATION_ITEM ( '' )  SURFACE ( )  );
#8901 = CARTESIAN_POINT ( 'NONE',  ( 9.872340393672779200, 19.09939515145588000, 55.00000000000000000 ) ) ;
#8902 = DIRECTION ( 'NONE',  ( 0.07473009358642802900, -0.9972037971811799100, -0.0000000000000000000 ) ) ;
#8903 = FACE_OUTER_BOUND ( 'NONE', #3898, .T. ) ;
#8904 = CARTESIAN_POINT ( 'NONE',  ( 21.08781198143847400, 4.189771573188640900, 55.00000000000000000 ) ) ;
#8905 = DIRECTION ( 'NONE',  ( -0.9888308262251285200, -0.1490422661761747800, -0.0000000000000000000 ) ) ;
#8906 = VECTOR ( 'NONE', #8905, 1000.000000000000000 ) ;
#8907 = CARTESIAN_POINT ( 'NONE',  ( 20.61640508455152000, 4.118718415924797100, 55.00000000000000000 ) ) ;
#8908 = LINE ( 'NONE', #8907, #8906 ) ;
#8909 = CARTESIAN_POINT ( 'NONE',  ( 20.61640508455152000, 4.118718415924797100, 55.00000000000000000 ) ) ;
#8910 = DIRECTION ( 'NONE',  ( 0.9888308262251286300, 0.1490422661761745500, 0.0000000000000000000 ) ) ;
#8911 = DIRECTION ( 'NONE',  ( 0.0000000000000000000, 0.0000000000000000000, 1.000000000000000000 ) ) ;
#8912 = CARTESIAN_POINT ( 'NONE',  ( 20.76544735072769400, 3.129887589699669200, 55.00000000000000000 ) ) ;
#8913 = AXIS2_PLACEMENT_3D ( 'NONE', #8912, #8911, #8910 ) ;
#8914 = CIRCLE ( 'NONE', #8913, 1.000000000000000900 ) ;
#8915 = CARTESIAN_POINT ( 'NONE',  ( 20.91448961690386500, 2.141056763474541200, 55.00000000000000000 ) ) ;
#8916 = DIRECTION ( 'NONE',  ( 0.9888308262251285200, 0.1490422661761747800, 0.0000000000000000000 ) ) ;
#8917 = VECTOR ( 'NONE', #8916, 1000.000000000000000 ) ;
#8918 = CARTESIAN_POINT ( 'NONE',  ( 20.91448961690386500, 2.141056763474541200, 55.00000000000000000 ) ) ;
#8919 = LINE ( 'NONE', #8918, #8917 ) ;
#8920 = CARTESIAN_POINT ( 'NONE',  ( 21.38589651379082200, 2.212109920738384500, 55.00000000000000000 ) ) ;
#8921 = CARTESIAN_POINT ( 'NONE',  ( -4.000000000000000900, 3.000000000000002200, 19.00000000000000400 ) ) ;
#8922 = CARTESIAN_POINT ( 'NONE',  ( -12.00000000000000000, -8.000000000000000000, 0.0000000000000000000 ) ) ;
#8923 = DIRECTION ( 'NONE',  ( -0.0000000000000000000, 1.000000000000000000, -0.0000000000000000000 ) ) ;
#8924 = VECTOR ( 'NONE', #8923, 1000.000000000000000 ) ;
#8925 = CARTESIAN_POINT ( 'NONE',  ( -12.00000000000000000, 8.000000000000000000, 0.0000000000000000000 ) ) ;
#8926 = LINE ( 'NONE', #8925, #8924 ) ;
#8927 = CIRCLE ( 'NONE', #8979, 0.9999999999999998900 ) ;
#8928 = CARTESIAN_POINT ( 'NONE',  ( 13.87511732150139900, 15.79497132996991300, 55.00000000000000000 ) ) ;
#8929 = DIRECTION ( 'NONE',  ( 0.6234898018587320400, 0.7818314824680310200, 0.0000000000000000000 ) ) ;
#8930 = VECTOR ( 'NONE', #8929, 1000.000000000000000 ) ;
#8931 = CARTESIAN_POINT ( 'NONE',  ( 13.87511732150139900, 15.79497132996991300, 55.00000000000000000 ) ) ;
#8932 = LINE ( 'NONE', #8931, #8930 ) ;
#8933 = CARTESIAN_POINT ( 'NONE',  ( 1.683833736505767900E-015, -13.74999999999999500, 48.00000000000000000 ) ) ;
#8934 = CARTESIAN_POINT ( 'NONE',  ( 27.49999999999998900, -13.74999999999998900, 48.00000000000000700 ) ) ;
#8935 = CARTESIAN_POINT ( 'NONE',  ( 27.49999999999998600, 13.74999999999999500, 48.00000000000000700 ) ) ;
#8936 = CARTESIAN_POINT ( 'NONE',  ( 0.0000000000000000000, 13.74999999999999500, 48.00000000000000000 ) ) ;
#8937 = CARTESIAN_POINT ( 'NONE',  ( 2.040615074861670200E-015, -16.66343693622261300, 48.94336672307714100 ) ) ;
#8938 = CARTESIAN_POINT ( 'NONE',  ( 33.32687387244522600, -16.66343693622261000, 48.94336672307714100 ) ) ;
#8939 = CARTESIAN_POINT ( 'NONE',  ( 33.32687387244521900, 16.66343693622261300, 48.94336672307714100 ) ) ;
#8940 = CARTESIAN_POINT ( 'NONE',  ( 0.0000000000000000000, 16.66343693622261300, 48.94336672307714100 ) ) ;
#8941 = CARTESIAN_POINT ( 'NONE',  ( 2.351803811385949500E-015, -19.20456973006254800, 51.79205236011245000 ) ) ;
#8942 = CARTESIAN_POINT ( 'NONE',  ( 38.40913946012509700, -19.20456973006254500, 51.79205236011245000 ) ) ;
#8943 = CARTESIAN_POINT ( 'NONE',  ( 38.40913946012509000, 19.20456973006254800, 51.79205236011245000 ) ) ;
#8944 = CARTESIAN_POINT ( 'NONE',  ( 0.0000000000000000000, 19.20456973006254800, 51.79205236011245000 ) ) ;
#8945 = CARTESIAN_POINT ( 'NONE',  ( 2.412474517030082200E-015, -19.69999999999999200, 55.00000000000000000 ) ) ;
#8946 = CARTESIAN_POINT ( 'NONE',  ( 39.39999999999998400, -19.69999999999998900, 55.00000000000000000 ) ) ;
#8947 = CARTESIAN_POINT ( 'NONE',  ( 39.39999999999997700, 19.69999999999999200, 55.00000000000000000 ) ) ;
#8948 = CARTESIAN_POINT ( 'NONE',  ( 0.0000000000000000000, 19.69999999999999200, 55.00000000000000000 ) ) ;
#8949 = LINE ( 'NONE', #9011, #9010 ) ;
#8950 = CARTESIAN_POINT ( 'NONE',  ( 21.47673159491451900, -1.000000000000000000, 55.00000000000000000 ) ) ;
#8951 = DIRECTION ( 'NONE',  ( -1.000000000000000000, 0.0000000000000000000, 0.0000000000000000000 ) ) ;
#8952 = DIRECTION ( 'NONE',  ( -0.0000000000000000000, -0.0000000000000000000, -1.000000000000000000 ) ) ;
#8953 = CARTESIAN_POINT ( 'NONE',  ( 0.0000000000000000000, 0.0000000000000000000, 55.00000000000000000 ) ) ;
#8954 = AXIS2_PLACEMENT_3D ( 'NONE', #8953, #8952, #8951 ) ;
#8955 = CIRCLE ( 'NONE', #8954, 21.49999999999999300 ) ;
#8956 = CARTESIAN_POINT ( 'NONE',  ( 18.30822844735938300, 11.27203491474810400, 55.00000000000000000 ) ) ;
#8957 = DIRECTION ( 'NONE',  ( -1.000000000000000000, 0.0000000000000000000, 0.0000000000000000000 ) ) ;
#8958 = DIRECTION ( 'NONE',  ( -0.0000000000000000000, -0.0000000000000000000, -1.000000000000000000 ) ) ;
#8959 = CARTESIAN_POINT ( 'NONE',  ( 0.0000000000000000000, 0.0000000000000000000, 55.00000000000000000 ) ) ;
#8960 = AXIS2_PLACEMENT_3D ( 'NONE', #8959, #8958, #8957 ) ;
#8961 = CIRCLE ( 'NONE', #8960, 21.49999999999999300 ) ;
#8962 = CARTESIAN_POINT ( 'NONE',  ( 18.91598281219668100, 10.21937347632814800, 55.00000000000000000 ) ) ;
#8963 = DIRECTION ( 'NONE',  ( 1.000000000000000000, 0.0000000000000000000, -0.0000000000000000000 ) ) ;
#8964 = DIRECTION ( 'NONE',  ( 0.0000000000000000000, 0.0000000000000000000, 1.000000000000000000 ) ) ;
#8965 = CARTESIAN_POINT ( 'NONE',  ( 0.0000000000000000000, 21.49999999999999300, 55.00000000000000000 ) ) ;
#8966 = AXIS2_PLACEMENT_3D ( 'NONE', #8965, #8964, #8963 ) ;
#8967 = PLANE ( 'NONE',  #8966 ) ;
#8968 = FACE_BOUND ( 'NONE', #4249, .T. ) ;
#8969 = FACE_OUTER_BOUND ( 'NONE', #3892, .T. ) ;
#8970 = CARTESIAN_POINT ( 'NONE',  ( 12.60869164421839300, 17.41467470327875200, 55.00000000000000000 ) ) ;
#8971 = DIRECTION ( 'NONE',  ( -0.6234898018587320400, -0.7818314824680310200, -0.0000000000000000000 ) ) ;
#8972 = VECTOR ( 'NONE', #8971, 1000.000000000000000 ) ;
#8973 = CARTESIAN_POINT ( 'NONE',  ( 12.31145435656533700, 17.04195093368738200, 55.00000000000000000 ) ) ;
#8974 = LINE ( 'NONE', #8973, #8972 ) ;
#8975 = CARTESIAN_POINT ( 'NONE',  ( 12.31145435656533700, 17.04195093368738200, 55.00000000000000000 ) ) ;
#8976 = DIRECTION ( 'NONE',  ( 0.6234898018587319300, 0.7818314824680311400, 0.0000000000000000000 ) ) ;
#8977 = DIRECTION ( 'NONE',  ( 0.0000000000000000000, 0.0000000000000000000, 1.000000000000000000 ) ) ;
#8978 = CARTESIAN_POINT ( 'NONE',  ( 13.09328583903336900, 16.41846113182864600, 55.00000000000000000 ) ) ;
#8979 = AXIS2_PLACEMENT_3D ( 'NONE', #8978, #8977, #8976 ) ;
#8980 = CARTESIAN_POINT ( 'NONE',  ( -2.340800384591977100, 12.56820338377511300, 48.00000000000000700 ) ) ;
#8981 = CARTESIAN_POINT ( 'NONE',  ( -1.438487801286091500, 12.58182555318864900, 48.00000000000002100 ) ) ;
#8982 = CARTESIAN_POINT ( 'NONE',  ( -1.133976827241291100, 12.57123014861107000, 48.00000000000000000 ) ) ;
#8983 = CARTESIAN_POINT ( 'NONE',  ( -0.6829542698881698700, 12.51851409319494500, 48.00000000000000000 ) ) ;
#8984 = CARTESIAN_POINT ( 'NONE',  ( -0.5335151338159325200, 12.49525991473490500, 48.00000000000002100 ) ) ;
#8985 = CARTESIAN_POINT ( 'NONE',  ( -0.3123685275204265400, 12.44139793196144200, 48.00000000000002800 ) ) ;
#8986 = CARTESIAN_POINT ( 'NONE',  ( -0.2384362221986744100, 12.42033822517368200, 47.99999999999999300 ) ) ;
#8987 = CARTESIAN_POINT ( 'NONE',  ( -0.1326296943720837700, 12.37720224951935500, 48.00000000000000000 ) ) ;
#8988 = CARTESIAN_POINT ( 'NONE',  ( -0.09811452777005928700, 12.36113773026498000, 48.00000000000003600 ) ) ;
#8989 = CARTESIAN_POINT ( 'NONE',  ( -0.05000358053939905200, 12.32885004551497200, 48.00000000000002100 ) ) ;
#8990 = CARTESIAN_POINT ( 'NONE',  ( -0.03488093514190818100, 12.31695622166224200, 48.00000000000001400 ) ) ;
#8991 = CARTESIAN_POINT ( 'NONE',  ( -0.009649007992659787100, 12.28747987295435500, 48.00000000000002100 ) ) ;
#8992 = CARTESIAN_POINT ( 'NONE',  ( 1.571322005350317600E-006, 12.26958781774379600, 48.00000000000000000 ) ) ;
#8993 = CARTESIAN_POINT ( 'NONE',  ( 1.568813459538513000E-006, 12.24999999999988300, 48.00000000000000000 ) ) ;
#8994 = B_SPLINE_CURVE_WITH_KNOTS ( 'NONE', 3,
 ( #8993, #8992, #8991, #8990, #8989, #8988, #8987, #8986, #8985, #8984, #8983, #8982, #8981, #8980, #9061, #9060, #9059, #9058, #9057, #9056, #9055, #9054, #9053, #9052, #9051, #9050, #9049, #9048, #9047, #9046, #9045, #9044, #9043, #9042, #9041, #9040, #9039, #9038, #9037, #9036, #9035, #9034, #9033, #9032, #9031, #9030, #9029, #9028, #9027, #9026, #9025, #9024, #9023, #9022, #9021, #9020, #9019, #9018, #9017, #9016, #9015, #9014, #9013, #9012, #9103, #9102, #9101, #9100, #9099, #9098, #9097, #9096, #9095, #9094, #9093, #9092, #9091, #9090, #9089, #9088, #9087, #9086, #9085, #9084, #9083, #9082, #9081, #9080, #9079, #9078, #9077, #9076 ),
 .UNSPECIFIED., .F., .F.,
 ( 4, 2, 2, 2, 2, 2, 2, 2, 2, 2, 2, 2, 2, 2, 2, 2, 2, 2, 2, 2, 2, 2, 2, 2, 2, 2, 2, 2, 2, 2, 2, 2, 2, 2, 2, 2, 2, 2, 2, 2, 2, 2, 2, 2, 2, 4 ),
 ( 3.530857522246178100E-018, 5.766339471236779800E-005, 0.0001153267894247320700, 0.0002306535788494605900, 0.0004613071576989197300, 0.0009226143153978378200, 0.001845228630795674100, 0.003690457261591346100, 0.004613071576989182000, 0.005535685892387017800, 0.007380914523182688700, 0.009226143153978360500, 0.01107137178477403200, 0.01199398610017186400, 0.01291660041556969500, 0.01476182904636535800, 0.01660705767716102000, 0.01752967199255885100, 0.01845228630795668300, 0.02029751493875234900, 0.02214274356954801200, 0.02583320083113934200, 0.02952365809273066800, 0.03136888672352633500, 0.03321411535432199800, 0.03505934398511765400, 0.03690457261591331700, 0.03874980124670898700, 0.04059502987750464300, 0.04151764419290247800, 0.04244025850830029900, 0.04428548713909596200, 0.04613071576989163200, 0.04705333008528945300, 0.04797594440068728800, 0.04982117303148295200, 0.05166640166227862200, 0.05351163029307428500, 0.05535685892386994800, 0.05720208755466560400, 0.05812470187006344600, 0.05858600902776236300, 0.05881666260661182200, 0.05893198939603654800, 0.05898965279074891400, 0.05904731618546128100 ),
 .UNSPECIFIED. ) ;
#8995 = DIRECTION ( 'NONE',  ( 1.000000000000000000, 0.0000000000000000000, -0.0000000000000000000 ) ) ;
#8996 = DIRECTION ( 'NONE',  ( 0.0000000000000000000, 0.0000000000000000000, 1.000000000000000000 ) ) ;
#8997 = CARTESIAN_POINT ( 'NONE',  ( 0.0000000000000000000, 13.74999999999999500, 48.00000000000000000 ) ) ;
#8998 = AXIS2_PLACEMENT_3D ( 'NONE', #8997, #8996, #8995 ) ;
#8999 = PLANE ( 'NONE',  #8998 ) ;
#9000 = FACE_OUTER_BOUND ( 'NONE', #3829, .T. ) ;
#9001 = FACE_BOUND ( 'NONE', #3832, .T. ) ;
#9002 = CARTESIAN_POINT ( 'NONE',  ( 20.99999999999999300, 1.000000000000000000, 55.00000000000000000 ) ) ;
#9003 = DIRECTION ( 'NONE',  ( 1.000000000000000000, 0.0000000000000000000, 0.0000000000000000000 ) ) ;
#9004 = DIRECTION ( 'NONE',  ( 0.0000000000000000000, 0.0000000000000000000, 1.000000000000000000 ) ) ;
#9005 = CARTESIAN_POINT ( 'NONE',  ( 20.99999999999999300, 0.0000000000000000000, 55.00000000000000000 ) ) ;
#9006 = AXIS2_PLACEMENT_3D ( 'NONE', #9005, #9004, #9003 ) ;
#9007 = CIRCLE ( 'NONE', #9006, 1.000000000000000900 ) ;
#9008 = CARTESIAN_POINT ( 'NONE',  ( 20.99999999999999300, -1.000000000000000000, 55.00000000000000000 ) ) ;
#9009 = DIRECTION ( 'NONE',  ( 1.000000000000000000, 0.0000000000000000000, 0.0000000000000000000 ) ) ;
#9010 = VECTOR ( 'NONE', #9009, 1000.000000000000000 ) ;
#9011 = CARTESIAN_POINT ( 'NONE',  ( 20.99999999999999300, -1.000000000000000000, 55.00000000000000000 ) ) ;
#9012 = CARTESIAN_POINT ( 'NONE',  ( 1.847012729905507700, -13.20678997033581000, 47.99999999999997900 ) ) ;
#9013 = CARTESIAN_POINT ( 'NONE',  ( 0.6638932291876291600, -13.34922729270260400, 47.99999999999997900 ) ) ;
#9014 = CARTESIAN_POINT ( 'NONE',  ( 0.06806178524616886300, -13.37970502375493500, 48.00000000000004300 ) ) ;
#9015 = CARTESIAN_POINT ( 'NONE',  ( -0.8322156811167073000, -13.36313941088763900, 48.00000000000005000 ) ) ;
#9016 = CARTESIAN_POINT ( 'NONE',  ( -1.134597161677256500, -13.34706967105279900, 48.00000000000001400 ) ) ;
#9017 = CARTESIAN_POINT ( 'NONE',  ( -1.734598766377676100, -13.29415748767631900, 48.00000000000001400 ) ) ;
#9018 = CARTESIAN_POINT ( 'NONE',  ( -2.032140400198631600, -13.25743143434668300, 48.00000000000005000 ) ) ;
#9019 = CARTESIAN_POINT ( 'NONE',  ( -2.917572815791905000, -13.11721606742863400, 48.00000000000004300 ) ) ;
#9020 = CARTESIAN_POINT ( 'NONE',  ( -3.498303704464720700, -12.98382566060021000, 48.00000000000126500 ) ) ;
#9021 = CARTESIAN_POINT ( 'NONE',  ( -4.640803973417096300, -12.63785793415169100, 48.00000000000127900 ) ) ;
#9022 = CARTESIAN_POINT ( 'NONE',  ( -5.205265287758563500, -12.42399265815485300, 48.00000000000000700 ) ) ;
#9023 = CARTESIAN_POINT ( 'NONE',  ( -6.301212915653786200, -11.91943737520878900, 48.00000000000000000 ) ) ;
#9024 = CARTESIAN_POINT ( 'NONE',  ( -6.829750713168772700, -11.63050097143150700, 48.00000000000001400 ) ) ;
#9025 = CARTESIAN_POINT ( 'NONE',  ( -7.848345380038403500, -10.98004831174699600, 48.00000000000001400 ) ) ;
#9026 = CARTESIAN_POINT ( 'NONE',  ( -8.330189887047605900, -10.62362117067360000, 48.00000000000005700 ) ) ;
#9027 = CARTESIAN_POINT ( 'NONE',  ( -9.239309139334961800, -9.851910633359704400, 48.00000000000005700 ) ) ;
#9028 = CARTESIAN_POINT ( 'NONE',  ( -9.666880607913670400, -9.436428289703512100, 47.99999999999999300 ) ) ;
#9029 = CARTESIAN_POINT ( 'NONE',  ( -10.46722775117294400, -8.545309844523158600, 48.00000000000000000 ) ) ;
#9030 = CARTESIAN_POINT ( 'NONE',  ( -10.84163806873759800, -8.066446269696246700, 48.00000000000001400 ) ) ;
#9031 = CARTESIAN_POINT ( 'NONE',  ( -11.84911329861715300, -6.578973476761113700, 48.00000000000001400 ) ) ;
#9032 = CARTESIAN_POINT ( 'NONE',  ( -12.37952160007035700, -5.510527399551121700, 48.00000000000001400 ) ) ;
#9033 = CARTESIAN_POINT ( 'NONE',  ( -13.14867397746268700, -3.219031459955296300, 48.00000000000000700 ) ) ;
#9034 = CARTESIAN_POINT ( 'NONE',  ( -13.37039919095354900, -2.047146244779520300, 47.99999999999997900 ) ) ;
#9035 = CARTESIAN_POINT ( 'NONE',  ( -13.46540134853925300, -0.2511864135635533100, 47.99999999999999300 ) ) ;
#9036 = CARTESIAN_POINT ( 'NONE',  ( -13.45630298868934300, 0.3563912601539273000, 47.99999999999981500 ) ) ;
#9037 = CARTESIAN_POINT ( 'NONE',  ( -13.35596258001202100, 1.549061249479876300, 47.99999999999981500 ) ) ;
#9038 = CARTESIAN_POINT ( 'NONE',  ( -13.26539612026373800, 2.138343239780285700, 47.99999999999999300 ) ) ;
#9039 = CARTESIAN_POINT ( 'NONE',  ( -13.06914926138095500, 3.011721151338734500, 47.99999999999997900 ) ) ;
#9040 = CARTESIAN_POINT ( 'NONE',  ( -12.99363253665129600, 3.301083514374607600, 47.99999999999998600 ) ) ;
#9041 = CARTESIAN_POINT ( 'NONE',  ( -12.82199440097167400, 3.876210754978358900, 47.99999999999997900 ) ) ;
#9042 = CARTESIAN_POINT ( 'NONE',  ( -12.72544632447943300, 4.163056494058708700, 47.99999999999997900 ) ) ;
#9043 = CARTESIAN_POINT ( 'NONE',  ( -12.40729741635238900, 5.009080711350170700, 47.99999999999999300 ) ) ;
#9044 = CARTESIAN_POINT ( 'NONE',  ( -12.15821550167109200, 5.552599061578154000, 48.00000000000002100 ) ) ;
#9045 = CARTESIAN_POINT ( 'NONE',  ( -11.58806557322854900, 6.599737145500258300, 48.00000000000001400 ) ) ;
#9046 = CARTESIAN_POINT ( 'NONE',  ( -11.26699987183685000, 7.103358160835501400, 47.99999999999999300 ) ) ;
#9047 = CARTESIAN_POINT ( 'NONE',  ( -10.72971004156167900, 7.827922544472750500, 47.99999999999998600 ) ) ;
#9048 = CARTESIAN_POINT ( 'NONE',  ( -10.54068339139860400, 8.064902170691173200, 47.99999999999997900 ) ) ;
#9049 = CARTESIAN_POINT ( 'NONE',  ( -10.14919790716238300, 8.521606103747881600, 47.99999999999998600 ) ) ;
#9050 = CARTESIAN_POINT ( 'NONE',  ( -9.946258603712925300, 8.742079240724262200, 48.00000000000001400 ) ) ;
#9051 = CARTESIAN_POINT ( 'NONE',  ( -9.316192043633048300, 9.380235528929127000, 48.00000000000002100 ) ) ;
#9052 = CARTESIAN_POINT ( 'NONE',  ( -8.867920817295052800, 9.774770161621066900, 47.99999999999999300 ) ) ;
#9053 = CARTESIAN_POINT ( 'NONE',  ( -7.914198418277449900, 10.50123854996470600, 47.99999999999999300 ) ) ;
#9054 = CARTESIAN_POINT ( 'NONE',  ( -7.405601529250972700, 10.83435365142276100, 48.00000000000002100 ) ) ;
#9055 = CARTESIAN_POINT ( 'NONE',  ( -6.359103967962404600, 11.41768590825491200, 48.00000000000001400 ) ) ;
#9056 = CARTESIAN_POINT ( 'NONE',  ( -5.818350645542005300, 11.67022491058845400, 48.00000000000002100 ) ) ;
#9057 = CARTESIAN_POINT ( 'NONE',  ( -4.978795582062309300, 11.98549609346727300, 48.00000000000002100 ) ) ;
#9058 = CARTESIAN_POINT ( 'NONE',  ( -4.694245893900559400, 12.08008525591984000, 47.99999999999999300 ) ) ;
#9059 = CARTESIAN_POINT ( 'NONE',  ( -4.115229282173357800, 12.24709602425629600, 47.99999999999998600 ) ) ;
#9060 = CARTESIAN_POINT ( 'NONE',  ( -3.820459556843294200, 12.31946109095041700, 48.00000000000001400 ) ) ;
#9061 = CARTESIAN_POINT ( 'NONE',  ( -2.935775645703737200, 12.49777595676531000, 48.00000000000002100 ) ) ;
#9062 = DIRECTION ( 'NONE',  ( 0.0000000000000000000, 0.0000000000000000000, 1.000000000000000000 ) ) ;
#9063 = CARTESIAN_POINT ( 'NONE',  ( 17.35101426063587100, 11.82972121933608300, 55.00000000000000000 ) ) ;
#9064 = AXIS2_PLACEMENT_3D ( 'NONE', #9063, #9062, #9134 ) ;
#9065 = CIRCLE ( 'NONE', #9064, 0.9999999999999988900 ) ;
#9066 = CARTESIAN_POINT ( 'NONE',  ( 17.91433431869949500, 11.00348244502008800, 55.00000000000000000 ) ) ;
#9067 = DIRECTION ( 'NONE',  ( 0.8262387743159941300, 0.5633200580636231700, 0.0000000000000000000 ) ) ;
#9068 = VECTOR ( 'NONE', #9067, 1000.000000000000000 ) ;
#9069 = CARTESIAN_POINT ( 'NONE',  ( 17.91433431869949500, 11.00348244502008800, 55.00000000000000000 ) ) ;
#9070 = LINE ( 'NONE', #9069, #9068 ) ;
#9071 = CARTESIAN_POINT ( 'NONE',  ( 15.06338555866791400, 15.34093919911406600, 55.00000000000000000 ) ) ;
#9072 = DIRECTION ( 'NONE',  ( -0.7330518718298251200, -0.6801727377709206900, -0.0000000000000000000 ) ) ;
#9073 = VECTOR ( 'NONE', #9072, 1000.000000000000000 ) ;
#9074 = CARTESIAN_POINT ( 'NONE',  ( 14.71391657065540300, 15.01667936501915600, 55.00000000000000000 ) ) ;
#9075 = LINE ( 'NONE', #9074, #9073 ) ;
#9076 = CARTESIAN_POINT ( 'NONE',  ( 11.37862183000906100, -4.537561597338482900, 47.99999999999999300 ) ) ;
#9077 = CARTESIAN_POINT ( 'NONE',  ( 11.39649310812716900, -4.544688297433848900, 47.99999999999999300 ) ) ;
#9078 = CARTESIAN_POINT ( 'NONE',  ( 11.40931607989056800, -4.559904008760059700, 48.00000000000000700 ) ) ;
#9079 = CARTESIAN_POINT ( 'NONE',  ( 11.42714399673151400, -4.593552635422240000, 48.00000000000000000 ) ) ;
#9080 = CARTESIAN_POINT ( 'NONE',  ( 11.43262854248894200, -4.611917172708674100, 48.00000000000000000 ) ) ;
#9081 = CARTESIAN_POINT ( 'NONE',  ( 11.44468159721487900, -4.667289847395228000, 47.99999999999999300 ) ) ;
#9082 = CARTESIAN_POINT ( 'NONE',  ( 11.44695523090226400, -4.705302799479770000, 48.00000000000035500 ) ) ;
#9083 = CARTESIAN_POINT ( 'NONE',  ( 11.44799118306342400, -4.818858948506054700, 48.00000000000036200 ) ) ;
#9084 = CARTESIAN_POINT ( 'NONE',  ( 11.44034003818885600, -4.894485099001186300, 48.00000000000002100 ) ) ;
#9085 = CARTESIAN_POINT ( 'NONE',  ( 11.40879690779617700, -5.119380274695475700, 48.00000000000001400 ) ) ;
#9086 = CARTESIAN_POINT ( 'NONE',  ( 11.37508539280846000, -5.267375823657815200, 48.00000000000069600 ) ) ;
#9087 = CARTESIAN_POINT ( 'NONE',  ( 11.25746063549957700, -5.706011509488019100, 48.00000000000069600 ) ) ;
#9088 = CARTESIAN_POINT ( 'NONE',  ( 11.15540582021576700, -5.991779537285510500, 48.00000000000000000 ) ) ;
#9089 = CARTESIAN_POINT ( 'NONE',  ( 10.80763577551304500, -6.830658976919324700, 48.00000000000000000 ) ) ;
#9090 = CARTESIAN_POINT ( 'NONE',  ( 10.51875237812544000, -7.364435051146643700, 48.00000000000000000 ) ) ;
#9091 = CARTESIAN_POINT ( 'NONE',  ( 9.857787332620095100, -8.378730920113296700, 48.00000000000000000 ) ) ;
#9092 = CARTESIAN_POINT ( 'NONE',  ( 9.489539245485811800, -8.851798153907738600, 48.00000000000000700 ) ) ;
#9093 = CARTESIAN_POINT ( 'NONE',  ( 8.689650937626410600, -9.733482923322553000, 47.99999999999999300 ) ) ;
#9094 = CARTESIAN_POINT ( 'NONE',  ( 8.257305762663193600, -10.14273793575362200, 47.99999999999999300 ) ) ;
#9095 = CARTESIAN_POINT ( 'NONE',  ( 7.329017026644253400, -10.89924664603984500, 47.99999999999999300 ) ) ;
#9096 = CARTESIAN_POINT ( 'NONE',  ( 6.829769087417060000, -11.24712384190905500, 47.99999999999999300 ) ) ;
#9097 = CARTESIAN_POINT ( 'NONE',  ( 5.801706135935613200, -11.85987347267354200, 48.00000000000000000 ) ) ;
#9098 = CARTESIAN_POINT ( 'NONE',  ( 5.269720539065838600, -12.12857678388369600, 48.00000000000001400 ) ) ;
#9099 = CARTESIAN_POINT ( 'NONE',  ( 4.445094316398946300, -12.47571903113788000, 48.00000000000000700 ) ) ;
#9100 = CARTESIAN_POINT ( 'NONE',  ( 4.165761957240349000, -12.58208149619197000, 48.00000000000007100 ) ) ;
#9101 = CARTESIAN_POINT ( 'NONE',  ( 3.598038644622846900, -12.77579959937023300, 48.00000000000006400 ) ) ;
#9102 = CARTESIAN_POINT ( 'NONE',  ( 3.308578482642886800, -12.86342529621446200, 47.99999999999998600 ) ) ;
#9103 = CARTESIAN_POINT ( 'NONE',  ( 2.434301602380286600, -13.09483815867825400, 47.99999999999999300 ) ) ;
#9104 = DIRECTION ( 'NONE',  ( -1.000000000000000000, 0.0000000000000000000, 0.0000000000000000000 ) ) ;
#9105 = DIRECTION ( 'NONE',  ( -0.0000000000000000000, -0.0000000000000000000, -1.000000000000000000 ) ) ;
#9106 = CARTESIAN_POINT ( 'NONE',  ( 0.0000000000000000000, 0.0000000000000000000, 55.00000000000000000 ) ) ;
#9107 = AXIS2_PLACEMENT_3D ( 'NONE', #9106, #9105, #9104 ) ;
#9108 = CIRCLE ( 'NONE', #9107, 19.69999999999999200 ) ;
#9109 = DIRECTION ( 'NONE',  ( -0.9888308262251305200, 0.1490422661761612000, -0.0000000000000000000 ) ) ;
#9110 = VECTOR ( 'NONE', #9109, 1000.000000000000000 ) ;
#9111 = CARTESIAN_POINT ( 'NONE',  ( 20.91448961690389300, -2.141056763474253900, 55.00000000000000000 ) ) ;
#9112 = LINE ( 'NONE', #9111, #9110 ) ;
#9113 = CARTESIAN_POINT ( 'NONE',  ( 21.38589651379085100, -2.212109920738091000, 55.00000000000000000 ) ) ;
#9114 = DIRECTION ( 'NONE',  ( 0.9888308262251305200, -0.1490422661761613700, 0.0000000000000000000 ) ) ;
#9115 = DIRECTION ( 'NONE',  ( 0.0000000000000000000, 0.0000000000000000000, 1.000000000000000000 ) ) ;
#9116 = CARTESIAN_POINT ( 'NONE',  ( 20.76544735072773300, -3.129887589699384500, 55.00000000000000000 ) ) ;
#9117 = AXIS2_PLACEMENT_3D ( 'NONE', #9116, #9115, #9114 ) ;
#9118 = CIRCLE ( 'NONE', #9117, 0.9999999999999990000 ) ;
#9119 = DIRECTION ( 'NONE',  ( -0.9009688679024187000, -0.4338837391175590600, -0.0000000000000000000 ) ) ;
#9120 = VECTOR ( 'NONE', #9119, 999.9999999999998900 ) ;
#9121 = CARTESIAN_POINT ( 'NONE',  ( 18.48646248683322900, 10.01252738937115600, 55.00000000000000000 ) ) ;
#9122 = LINE ( 'NONE', #9121, #9120 ) ;
#9123 = DIRECTION ( 'NONE',  ( 0.9009688679024190300, 0.4338837391175584500, 0.0000000000000000000 ) ) ;
#9124 = DIRECTION ( 'NONE',  ( 0.0000000000000000000, 0.0000000000000000000, 1.000000000000000000 ) ) ;
#9125 = CARTESIAN_POINT ( 'NONE',  ( 18.92034622595078700, 9.111558521468737100, 55.00000000000000000 ) ) ;
#9126 = AXIS2_PLACEMENT_3D ( 'NONE', #9125, #9124, #9123 ) ;
#9127 = CIRCLE ( 'NONE', #9126, 0.9999999999999995600 ) ;
#9128 = CARTESIAN_POINT ( 'NONE',  ( 17.18158833123213800, 12.92451246338009200, 55.00000000000000000 ) ) ;
#9129 = DIRECTION ( 'NONE',  ( -0.8262387743159941300, -0.5633200580636231700, -0.0000000000000000000 ) ) ;
#9130 = VECTOR ( 'NONE', #9129, 1000.000000000000000 ) ;
#9131 = CARTESIAN_POINT ( 'NONE',  ( 16.78769420257225100, 12.65595999365207900, 55.00000000000000000 ) ) ;
#9132 = LINE ( 'NONE', #9131, #9130 ) ;
#9133 = CARTESIAN_POINT ( 'NONE',  ( 16.78769420257225100, 12.65595999365207900, 55.00000000000000000 ) ) ;
#9134 = DIRECTION ( 'NONE',  ( 0.8262387743159941300, 0.5633200580636230600, 0.0000000000000000000 ) ) ;
#9135 = CARTESIAN_POINT ( 'NONE',  ( 20.22782549485741700, 7.285950572821361600, 55.00000000000000000 ) ) ;
#9136 = DIRECTION ( 'NONE',  ( -0.9555728057861405700, -0.2947551744109048700, -0.0000000000000000000 ) ) ;
#9137 = VECTOR ( 'NONE', #9136, 1000.000000000000000 ) ;
#9138 = CARTESIAN_POINT ( 'NONE',  ( 19.77227374709804100, 7.145431468415141700, 55.00000000000000000 ) ) ;
#9139 = LINE ( 'NONE', #9138, #9137 ) ;
#9140 = CARTESIAN_POINT ( 'NONE',  ( 19.77227374709804100, 7.145431468415141700, 55.00000000000000000 ) ) ;
#9141 = DIRECTION ( 'NONE',  ( 0.9555728057861405700, 0.2947551744109047100, 0.0000000000000000000 ) ) ;
#9142 = DIRECTION ( 'NONE',  ( 0.0000000000000000000, 0.0000000000000000000, 1.000000000000000000 ) ) ;
#9143 = CARTESIAN_POINT ( 'NONE',  ( 20.06702892150894600, 6.189858662629000600, 55.00000000000000000 ) ) ;
#9144 = AXIS2_PLACEMENT_3D ( 'NONE', #9143, #9142, #9141 ) ;
#9145 = CIRCLE ( 'NONE', #9144, 1.000000000000000400 ) ;
#9146 = DIRECTION ( 'NONE',  ( 0.9555728057861405700, 0.2947551744109048700, 0.0000000000000000000 ) ) ;
#9147 = VECTOR ( 'NONE', #9146, 1000.000000000000000 ) ;
#9148 = CARTESIAN_POINT ( 'NONE',  ( 20.36178409591985200, 5.234285856842859600, 55.00000000000000000 ) ) ;
#9149 = LINE ( 'NONE', #9148, #9147 ) ;
#9150 = CARTESIAN_POINT ( 'NONE',  ( 20.91448961690389300, -2.141056763474253900, 55.00000000000000000 ) ) ;
#9151 = CARTESIAN_POINT ( 'NONE',  ( 21.08781198143853400, -4.189771573188352200, 55.00000000000000000 ) ) ;
#9152 = CARTESIAN_POINT ( 'NONE',  ( 20.61640508455157300, -4.118718415924514700, 55.00000000000000000 ) ) ;
#9153 = DIRECTION ( 'NONE',  ( 0.9888308262251305200, -0.1490422661761612000, 0.0000000000000000000 ) ) ;
#9154 = VECTOR ( 'NONE', #9153, 1000.000000000000000 ) ;
#9155 = CARTESIAN_POINT ( 'NONE',  ( 20.61640508455157300, -4.118718415924514700, 55.00000000000000000 ) ) ;
#9156 = LINE ( 'NONE', #9155, #9154 ) ;
#9157 = CARTESIAN_POINT ( 'NONE',  ( 20.36178409591985200, 5.234285856842859600, 55.00000000000000000 ) ) ;
#9158 = CARTESIAN_POINT ( 'NONE',  ( 20.81733584367922800, 5.374804961249078700, 55.00000000000000000 ) ) ;
#9159 = DIRECTION ( 'NONE',  ( -1.000000000000000000, 0.0000000000000000000, 0.0000000000000000000 ) ) ;
#9160 = DIRECTION ( 'NONE',  ( -0.0000000000000000000, -0.0000000000000000000, -1.000000000000000000 ) ) ;
#9161 = CARTESIAN_POINT ( 'NONE',  ( 0.0000000000000000000, 0.0000000000000000000, 55.00000000000000000 ) ) ;
#9162 = AXIS2_PLACEMENT_3D ( 'NONE', #9161, #9160, #9159 ) ;
#9163 = CIRCLE ( 'NONE', #9162, 21.49999999999999300 ) ;
#9164 = VECTOR ( 'NONE', #8902, 1000.000000000000000 ) ;
#9165 = CARTESIAN_POINT ( 'NONE',  ( -2.566535762496167500, 20.86654964721834200, 55.00000000000000000 ) ) ;
#9166 = LINE ( 'NONE', #9165, #9164 ) ;
#9167 = VECTOR ( 'NONE', #10334, 999.9999999999998900 ) ;
#9168 = CARTESIAN_POINT ( 'NONE',  ( -2.566535762496167500, 20.86654964721834200, 55.00000000000000000 ) ) ;
#9169 = DIRECTION ( 'NONE',  ( -0.07473009358642789000, 0.9972037971811799100, 0.0000000000000000000 ) ) ;
#9170 = DIRECTION ( 'NONE',  ( 0.0000000000000000000, 0.0000000000000000000, 1.000000000000000000 ) ) ;
#9171 = CARTESIAN_POINT ( 'NONE',  ( -1.569331965314988000, 20.94127974080477000, 55.00000000000000000 ) ) ;
#9172 = AXIS2_PLACEMENT_3D ( 'NONE', #9171, #9170, #9169 ) ;
#9173 = CIRCLE ( 'NONE', #9172, 1.000000000000000900 ) ;
#9174 = CARTESIAN_POINT ( 'NONE',  ( 9.633974596215516300, 18.68653347947322600, 55.00000000000000000 ) ) ;
#9175 = DIRECTION ( 'NONE',  ( 0.4999999999999987200, 0.8660254037844393700, 0.0000000000000000000 ) ) ;
#9176 = DIRECTION ( 'NONE',  ( 0.0000000000000000000, 0.0000000000000000000, 1.000000000000000000 ) ) ;
#9177 = CARTESIAN_POINT ( 'NONE',  ( 10.49999999999995600, 18.18653347947323000, 55.00000000000000000 ) ) ;
#9178 = AXIS2_PLACEMENT_3D ( 'NONE', #9177, #9176, #9175 ) ;
#9179 = CIRCLE ( 'NONE', #9178, 1.000000000000000000 ) ;
#9180 = DIRECTION ( 'NONE',  ( -0.4999999999999979500, -0.8660254037844397100, -0.0000000000000000000 ) ) ;
#9181 = VECTOR ( 'NONE', #9180, 1000.000000000000100 ) ;
#9182 = CARTESIAN_POINT ( 'NONE',  ( 9.633974596215516300, 18.68653347947322600, 55.00000000000000000 ) ) ;
#9183 = LINE ( 'NONE', #9182, #9181 ) ;
#9184 = DIRECTION ( 'NONE',  ( -0.07473009358642802900, 0.9972037971811799100, 0.0000000000000000000 ) ) ;
#9185 = VECTOR ( 'NONE', #9184, 1000.000000000000000 ) ;
#9186 = CARTESIAN_POINT ( 'NONE',  ( -0.5721281681338081800, 21.01600983439120200, 55.00000000000000000 ) ) ;
#9187 = LINE ( 'NONE', #9186, #9185 ) ;
#9188 = DIRECTION ( 'NONE',  ( -1.000000000000000000, 0.0000000000000000000, 0.0000000000000000000 ) ) ;
#9189 = DIRECTION ( 'NONE',  ( -0.0000000000000000000, -0.0000000000000000000, -1.000000000000000000 ) ) ;
#9190 = CARTESIAN_POINT ( 'NONE',  ( 0.0000000000000000000, 0.0000000000000000000, 55.00000000000000000 ) ) ;
#9191 = AXIS2_PLACEMENT_3D ( 'NONE', #9190, #9189, #9188 ) ;
#9192 = CIRCLE ( 'NONE', #9191, 21.49999999999999300 ) ;
#9193 = CARTESIAN_POINT ( 'NONE',  ( 21.47673159491451900, 1.000000000000000000, 55.00000000000000000 ) ) ;
#9194 = DIRECTION ( 'NONE',  ( -1.000000000000000000, -0.0000000000000000000, -0.0000000000000000000 ) ) ;
#9195 = VECTOR ( 'NONE', #9194, 1000.000000000000000 ) ;
#9196 = CARTESIAN_POINT ( 'NONE',  ( 20.99999999999999300, 1.000000000000000000, 55.00000000000000000 ) ) ;
#9197 = LINE ( 'NONE', #9196, #9195 ) ;
#9198 = CARTESIAN_POINT ( 'NONE',  ( 19.78375029043180100, 8.417435740523309600, 55.00000000000000000 ) ) ;
#9199 = DIRECTION ( 'NONE',  ( -1.000000000000000000, 0.0000000000000000000, 0.0000000000000000000 ) ) ;
#9200 = DIRECTION ( 'NONE',  ( -0.0000000000000000000, -0.0000000000000000000, -1.000000000000000000 ) ) ;
#9201 = CARTESIAN_POINT ( 'NONE',  ( 0.0000000000000000000, 0.0000000000000000000, 55.00000000000000000 ) ) ;
#9202 = AXIS2_PLACEMENT_3D ( 'NONE', #9201, #9200, #9199 ) ;
#9203 = CIRCLE ( 'NONE', #9202, 21.49999999999999300 ) ;
#9204 = CARTESIAN_POINT ( 'NONE',  ( 11.36602540378439500, 17.68653347947323300, 55.00000000000000000 ) ) ;
#9205 = DIRECTION ( 'NONE',  ( 0.4999999999999979500, 0.8660254037844397100, 0.0000000000000000000 ) ) ;
#9206 = VECTOR ( 'NONE', #9205, 1000.000000000000100 ) ;
#9207 = CARTESIAN_POINT ( 'NONE',  ( 11.36602540378439500, 17.68653347947323300, 55.00000000000000000 ) ) ;
#9208 = LINE ( 'NONE', #9207, #9206 ) ;
#9209 = CARTESIAN_POINT ( 'NONE',  ( 11.60439120124165800, 18.09939515145588700, 55.00000000000000000 ) ) ;
#9210 = DIRECTION ( 'NONE',  ( -1.000000000000000000, 0.0000000000000000000, 0.0000000000000000000 ) ) ;
#9211 = DIRECTION ( 'NONE',  ( -0.0000000000000000000, -0.0000000000000000000, -1.000000000000000000 ) ) ;
#9212 = CARTESIAN_POINT ( 'NONE',  ( 0.0000000000000000000, 0.0000000000000000000, 55.00000000000000000 ) ) ;
#9213 = AXIS2_PLACEMENT_3D ( 'NONE', #9212, #9211, #9210 ) ;
#9214 = CIRCLE ( 'NONE', #9213, 21.49999999999999300 ) ;
#9215 = CARTESIAN_POINT ( 'NONE',  ( 8.777204869572340600, 19.62678462401712700, 55.00000000000000000 ) ) ;
#9216 = DIRECTION ( 'NONE',  ( 0.2225209339563114200, 0.9749279121818244000, 0.0000000000000000000 ) ) ;
#9217 = VECTOR ( 'NONE', #9216, 999.9999999999998900 ) ;
#9218 = CARTESIAN_POINT ( 'NONE',  ( 5.647867525264363300, 20.25096522186199300, 55.00000000000000000 ) ) ;
#9219 = LINE ( 'NONE', #9218, #9217 ) ;
#9220 = DIRECTION ( 'NONE',  ( -1.000000000000000000, 0.0000000000000000000, 0.0000000000000000000 ) ) ;
#9221 = DIRECTION ( 'NONE',  ( -0.0000000000000000000, -0.0000000000000000000, -1.000000000000000000 ) ) ;
#9222 = CARTESIAN_POINT ( 'NONE',  ( 0.0000000000000000000, 0.0000000000000000000, 55.00000000000000000 ) ) ;
#9223 = AXIS2_PLACEMENT_3D ( 'NONE', #9222, #9221, #9220 ) ;
#9224 = CIRCLE ( 'NONE', #9223, 21.49999999999999300 ) ;
#9225 = CARTESIAN_POINT ( 'NONE',  ( 5.753950285011225900, 20.71574416036312300, 55.00000000000000000 ) ) ;
#9226 = CARTESIAN_POINT ( 'NONE',  ( 6.915457372283930800, 20.35746667274991100, 55.00000000000000000 ) ) ;
#9227 = CIRCLE ( 'NONE', #9289, 0.9999999999999988900 ) ;
#9228 = CARTESIAN_POINT ( 'NONE',  ( -11.36602540378451900, 17.68653347947315500, 55.00000000000000000 ) ) ;
#9229 = CARTESIAN_POINT ( 'NONE',  ( 14.71391657065540300, 15.01667936501915600, 55.00000000000000000 ) ) ;
#9230 = DIRECTION ( 'NONE',  ( 0.7330518718298245600, 0.6801727377709212400, 0.0000000000000000000 ) ) ;
#9231 = DIRECTION ( 'NONE',  ( 0.0000000000000000000, 0.0000000000000000000, 1.000000000000000000 ) ) ;
#9232 = CARTESIAN_POINT ( 'NONE',  ( 15.39408930842632400, 14.28362749318933000, 55.00000000000000000 ) ) ;
#9233 = AXIS2_PLACEMENT_3D ( 'NONE', #9232, #9231, #9230 ) ;
#9234 = CIRCLE ( 'NONE', #9233, 0.9999999999999988900 ) ;
#9235 = CARTESIAN_POINT ( 'NONE',  ( 16.07426204619724800, 13.55057562135950500, 55.00000000000000000 ) ) ;
#9236 = DIRECTION ( 'NONE',  ( 0.7330518718298251200, 0.6801727377709206900, 0.0000000000000000000 ) ) ;
#9237 = VECTOR ( 'NONE', #9236, 1000.000000000000000 ) ;
#9238 = CARTESIAN_POINT ( 'NONE',  ( 16.07426204619724800, 13.55057562135950500, 55.00000000000000000 ) ) ;
#9239 = LINE ( 'NONE', #9238, #9237 ) ;
#9240 = CARTESIAN_POINT ( 'NONE',  ( 16.42373103420975900, 13.87483545545441600, 55.00000000000000000 ) ) ;
#9241 = DIRECTION ( 'NONE',  ( -1.000000000000000000, 0.0000000000000000000, 0.0000000000000000000 ) ) ;
#9242 = DIRECTION ( 'NONE',  ( -0.0000000000000000000, -0.0000000000000000000, -1.000000000000000000 ) ) ;
#9243 = CARTESIAN_POINT ( 'NONE',  ( 0.0000000000000000000, 0.0000000000000000000, 55.00000000000000000 ) ) ;
#9244 = AXIS2_PLACEMENT_3D ( 'NONE', #9243, #9242, #9241 ) ;
#9245 = CIRCLE ( 'NONE', #9244, 21.49999999999999300 ) ;
#9246 = CARTESIAN_POINT ( 'NONE',  ( 14.17235460915445300, 16.16769509956128600, 55.00000000000000000 ) ) ;
#9247 = DIRECTION ( 'NONE',  ( -1.000000000000000000, 0.0000000000000000000, 0.0000000000000000000 ) ) ;
#9248 = DIRECTION ( 'NONE',  ( -0.0000000000000000000, -0.0000000000000000000, -1.000000000000000000 ) ) ;
#9249 = CARTESIAN_POINT ( 'NONE',  ( 0.0000000000000000000, 0.0000000000000000000, 55.00000000000000000 ) ) ;
#9250 = AXIS2_PLACEMENT_3D ( 'NONE', #9249, #9248, #9247 ) ;
#9251 = CIRCLE ( 'NONE', #9250, 21.49999999999999300 ) ;
#9252 = CARTESIAN_POINT ( 'NONE',  ( 18.48646248683322900, 10.01252738937115600, 55.00000000000000000 ) ) ;
#9253 = CARTESIAN_POINT ( 'NONE',  ( 19.35422996506834500, 8.210589653566318100, 55.00000000000000000 ) ) ;
#9254 = DIRECTION ( 'NONE',  ( 0.9009688679024187000, 0.4338837391175590600, 0.0000000000000000000 ) ) ;
#9255 = VECTOR ( 'NONE', #9254, 999.9999999999998900 ) ;
#9256 = CARTESIAN_POINT ( 'NONE',  ( 19.35422996506834500, 8.210589653566318100, 55.00000000000000000 ) ) ;
#9257 = LINE ( 'NONE', #9256, #9255 ) ;
#9258 = DIRECTION ( 'NONE',  ( 0.07473009358642077000, 0.9972037971811803500, 0.0000000000000000000 ) ) ;
#9259 = DIRECTION ( 'NONE',  ( 0.0000000000000000000, 0.0000000000000000000, 1.000000000000000000 ) ) ;
#9260 = CARTESIAN_POINT ( 'NONE',  ( 1.569331965314837700, 20.94127974080478400, 55.00000000000000000 ) ) ;
#9261 = AXIS2_PLACEMENT_3D ( 'NONE', #9260, #9259, #9258 ) ;
#9262 = CIRCLE ( 'NONE', #9261, 1.000000000000000400 ) ;
#9263 = DIRECTION ( 'NONE',  ( 0.07473009358642084000, 0.9972037971811804600, 0.0000000000000000000 ) ) ;
#9264 = VECTOR ( 'NONE', #9263, 999.9999999999998900 ) ;
#9265 = CARTESIAN_POINT ( 'NONE',  ( 2.566535762496018300, 20.86654964721836300, 55.00000000000000000 ) ) ;
#9266 = LINE ( 'NONE', #9265, #9264 ) ;
#9267 = DIRECTION ( 'NONE',  ( 0.5000000000000040000, -0.8660254037844363800, -0.0000000000000000000 ) ) ;
#9268 = VECTOR ( 'NONE', #9267, 1000.000000000000000 ) ;
#9269 = CARTESIAN_POINT ( 'NONE',  ( -11.36602540378451900, 17.68653347947315500, 55.00000000000000000 ) ) ;
#9270 = LINE ( 'NONE', #9269, #9268 ) ;
#9271 = CARTESIAN_POINT ( 'NONE',  ( -8.603035260338581100, 19.18300769716185200, 55.00000000000000000 ) ) ;
#9272 = DIRECTION ( 'NONE',  ( -0.3653410243663988100, 0.9308737486442026900, 0.0000000000000000000 ) ) ;
#9273 = DIRECTION ( 'NONE',  ( 0.0000000000000000000, 0.0000000000000000000, 1.000000000000000000 ) ) ;
#9274 = CARTESIAN_POINT ( 'NONE',  ( -7.672161511694378400, 19.54834872152824900, 55.00000000000000000 ) ) ;
#9275 = AXIS2_PLACEMENT_3D ( 'NONE', #9274, #9273, #9272 ) ;
#9276 = CIRCLE ( 'NONE', #9275, 1.000000000000001800 ) ;
#9277 = DIRECTION ( 'NONE',  ( 0.2225209339563182200, -0.9749279121818227300, -0.0000000000000000000 ) ) ;
#9278 = VECTOR ( 'NONE', #9277, 1000.000000000000000 ) ;
#9279 = CARTESIAN_POINT ( 'NONE',  ( -5.647867525264503600, 20.25096522186195000, 55.00000000000000000 ) ) ;
#9280 = LINE ( 'NONE', #9279, #9278 ) ;
#9281 = DIRECTION ( 'NONE',  ( -0.8262387743159980100, 0.5633200580636174000, 0.0000000000000000000 ) ) ;
#9282 = VECTOR ( 'NONE', #9281, 1000.000000000000100 ) ;
#9283 = CARTESIAN_POINT ( 'NONE',  ( -16.78769420257233600, 12.65595999365196200, 55.00000000000000000 ) ) ;
#9284 = LINE ( 'NONE', #9283, #9282 ) ;
#9285 = CARTESIAN_POINT ( 'NONE',  ( -17.91433431869957400, 11.00348244501996600, 55.00000000000000000 ) ) ;
#9286 = DIRECTION ( 'NONE',  ( -0.8262387743159975700, 0.5633200580636179600, 0.0000000000000000000 ) ) ;
#9287 = DIRECTION ( 'NONE',  ( 0.0000000000000000000, 0.0000000000000000000, 1.000000000000000000 ) ) ;
#9288 = CARTESIAN_POINT ( 'NONE',  ( -17.35101426063595700, 11.82972121933596400, 55.00000000000000000 ) ) ;
#9289 = AXIS2_PLACEMENT_3D ( 'NONE', #9288, #9287, #9286 ) ;
#9290 = CARTESIAN_POINT ( 'NONE',  ( 3.698011700900714500, 20.69600708977461800, 55.00000000000000000 ) ) ;
#9291 = DIRECTION ( 'NONE',  ( 0.2225209339563112800, 0.9749279121818244000, 0.0000000000000000000 ) ) ;
#9292 = DIRECTION ( 'NONE',  ( 0.0000000000000000000, 0.0000000000000000000, 1.000000000000000000 ) ) ;
#9293 = CARTESIAN_POINT ( 'NONE',  ( 4.672939613082538900, 20.47348615581830700, 55.00000000000000000 ) ) ;
#9294 = AXIS2_PLACEMENT_3D ( 'NONE', #9293, #9292, #9291 ) ;
#9295 = CIRCLE ( 'NONE', #9294, 0.9999999999999991100 ) ;
#9296 = CARTESIAN_POINT ( 'NONE',  ( 5.647867525264363300, 20.25096522186199300, 55.00000000000000000 ) ) ;
#9297 = CARTESIAN_POINT ( 'NONE',  ( 2.566535762496018300, 20.86654964721836300, 55.00000000000000000 ) ) ;
#9298 = CARTESIAN_POINT ( 'NONE',  ( 2.602161959199583900, 21.34194820390336700, 55.00000000000000000 ) ) ;
#9299 = DIRECTION ( 'NONE',  ( -1.000000000000000000, 0.0000000000000000000, 0.0000000000000000000 ) ) ;
#9300 = DIRECTION ( 'NONE',  ( -0.0000000000000000000, -0.0000000000000000000, -1.000000000000000000 ) ) ;
#9301 = CARTESIAN_POINT ( 'NONE',  ( 0.0000000000000000000, 0.0000000000000000000, 55.00000000000000000 ) ) ;
#9302 = AXIS2_PLACEMENT_3D ( 'NONE', #9301, #9300, #9299 ) ;
#9303 = CIRCLE ( 'NONE', #9302, 21.49999999999999300 ) ;
#9304 = CARTESIAN_POINT ( 'NONE',  ( 3.804094460647576600, 21.16078602827574800, 55.00000000000000000 ) ) ;
#9305 = DIRECTION ( 'NONE',  ( -0.2225209339563114200, -0.9749279121818244000, -0.0000000000000000000 ) ) ;
#9306 = VECTOR ( 'NONE', #9305, 999.9999999999998900 ) ;
#9307 = CARTESIAN_POINT ( 'NONE',  ( 3.698011700900714500, 20.69600708977461800, 55.00000000000000000 ) ) ;
#9308 = LINE ( 'NONE', #9307, #9306 ) ;
#9309 = CARTESIAN_POINT ( 'NONE',  ( 6.741287763050034500, 19.91368974589469700, 55.00000000000000000 ) ) ;
#9310 = DIRECTION ( 'NONE',  ( 0.3653410243663920400, 0.9308737486442053600, 0.0000000000000000000 ) ) ;
#9311 = DIRECTION ( 'NONE',  ( 0.0000000000000000000, 0.0000000000000000000, 1.000000000000000000 ) ) ;
#9312 = CARTESIAN_POINT ( 'NONE',  ( 7.672161511694239900, 19.54834872152830600, 55.00000000000000000 ) ) ;
#9313 = AXIS2_PLACEMENT_3D ( 'NONE', #9312, #9311, #9310 ) ;
#9314 = CIRCLE ( 'NONE', #9313, 0.9999999999999988900 ) ;
#9315 = CARTESIAN_POINT ( 'NONE',  ( 0.6077543648372230000, 21.49140839107620900, 55.00000000000000000 ) ) ;
#9316 = DIRECTION ( 'NONE',  ( -0.07473009358642084000, -0.9972037971811804600, -0.0000000000000000000 ) ) ;
#9317 = VECTOR ( 'NONE', #9316, 999.9999999999998900 ) ;
#9318 = CARTESIAN_POINT ( 'NONE',  ( 0.5721281681336570800, 21.01600983439120900, 55.00000000000000000 ) ) ;
#9319 = LINE ( 'NONE', #9318, #9317 ) ;
#9320 = CARTESIAN_POINT ( 'NONE',  ( 0.5721281681336570800, 21.01600983439120900, 55.00000000000000000 ) ) ;
#9321 = CIRCLE ( 'NONE', #9382, 0.9999999999999991100 ) ;
#9322 = DIRECTION ( 'NONE',  ( -0.9555728057861384600, -0.2947551744109115900, 0.0000000000000000000 ) ) ;
#9323 = VECTOR ( 'NONE', #9322, 1000.000000000000000 ) ;
#9324 = CARTESIAN_POINT ( 'NONE',  ( -20.36178409591981300, -5.234285856843003500, 55.00000000000000000 ) ) ;
#9325 = LINE ( 'NONE', #9324, #9323 ) ;
#9326 = DIRECTION ( 'NONE',  ( 0.9888308262251273000, 0.1490422661761819100, -0.0000000000000000000 ) ) ;
#9327 = VECTOR ( 'NONE', #9326, 1000.000000000000100 ) ;
#9328 = CARTESIAN_POINT ( 'NONE',  ( -20.61640508455148800, -4.118718415924947300, 55.00000000000000000 ) ) ;
#9329 = LINE ( 'NONE', #9328, #9327 ) ;
#9330 = CARTESIAN_POINT ( 'NONE',  ( -19.35422996506840600, 8.210589653566181300, 55.00000000000000000 ) ) ;
#9331 = DIRECTION ( 'NONE',  ( -1.000000000000000000, 0.0000000000000000000, 0.0000000000000000000 ) ) ;
#9332 = DIRECTION ( 'NONE',  ( -0.0000000000000000000, -0.0000000000000000000, -1.000000000000000000 ) ) ;
#9333 = CARTESIAN_POINT ( 'NONE',  ( 0.0000000000000000000, 0.0000000000000000000, 55.00000000000000000 ) ) ;
#9334 = AXIS2_PLACEMENT_3D ( 'NONE', #9333, #9332, #9331 ) ;
#9335 = CIRCLE ( 'NONE', #9334, 21.49999999999999300 ) ;
#9336 = DIRECTION ( 'NONE',  ( -1.000000000000000000, 0.0000000000000000000, 0.0000000000000000000 ) ) ;
#9337 = DIRECTION ( 'NONE',  ( -0.0000000000000000000, -0.0000000000000000000, -1.000000000000000000 ) ) ;
#9338 = CARTESIAN_POINT ( 'NONE',  ( 0.0000000000000000000, 0.0000000000000000000, 55.00000000000000000 ) ) ;
#9339 = AXIS2_PLACEMENT_3D ( 'NONE', #9338, #9337, #9336 ) ;
#9340 = CIRCLE ( 'NONE', #9339, 21.49999999999999300 ) ;
#9341 = CARTESIAN_POINT ( 'NONE',  ( 8.603035260338446100, 19.18300769716191200, 55.00000000000000000 ) ) ;
#9342 = DIRECTION ( 'NONE',  ( 0.3653410243663925400, 0.9308737486442052500, 0.0000000000000000000 ) ) ;
#9343 = VECTOR ( 'NONE', #9342, 999.9999999999998900 ) ;
#9344 = CARTESIAN_POINT ( 'NONE',  ( 8.603035260338446100, 19.18300769716191200, 55.00000000000000000 ) ) ;
#9345 = LINE ( 'NONE', #9344, #9343 ) ;
#9346 = DIRECTION ( 'NONE',  ( -1.000000000000000000, 0.0000000000000000000, 0.0000000000000000000 ) ) ;
#9347 = DIRECTION ( 'NONE',  ( -0.0000000000000000000, -0.0000000000000000000, -1.000000000000000000 ) ) ;
#9348 = CARTESIAN_POINT ( 'NONE',  ( 0.0000000000000000000, 0.0000000000000000000, 55.00000000000000000 ) ) ;
#9349 = AXIS2_PLACEMENT_3D ( 'NONE', #9348, #9347, #9346 ) ;
#9350 = CIRCLE ( 'NONE', #9349, 21.49999999999999300 ) ;
#9351 = DIRECTION ( 'NONE',  ( -0.3653410243663990400, 0.9308737486442026900, 0.0000000000000000000 ) ) ;
#9352 = VECTOR ( 'NONE', #9351, 1000.000000000000000 ) ;
#9353 = CARTESIAN_POINT ( 'NONE',  ( -6.741287763050175700, 19.91368974589465100, 55.00000000000000000 ) ) ;
#9354 = LINE ( 'NONE', #9353, #9352 ) ;
#9355 = DIRECTION ( 'NONE',  ( -0.5000000000000040000, 0.8660254037844363800, 0.0000000000000000000 ) ) ;
#9356 = VECTOR ( 'NONE', #9355, 1000.000000000000000 ) ;
#9357 = CARTESIAN_POINT ( 'NONE',  ( -9.633974596215647800, 18.68653347947316600, 55.00000000000000000 ) ) ;
#9358 = LINE ( 'NONE', #9357, #9356 ) ;
#9359 = DIRECTION ( 'NONE',  ( 0.7330518718298300000, -0.6801727377709154700, -0.0000000000000000000 ) ) ;
#9360 = VECTOR ( 'NONE', #9359, 1000.000000000000000 ) ;
#9361 = CARTESIAN_POINT ( 'NONE',  ( -16.07426204619734400, 13.55057562135938900, 55.00000000000000000 ) ) ;
#9362 = LINE ( 'NONE', #9361, #9360 ) ;
#9363 = CARTESIAN_POINT ( 'NONE',  ( -16.07426204619734400, 13.55057562135938900, 55.00000000000000000 ) ) ;
#9364 = DIRECTION ( 'NONE',  ( -0.7330518718298296700, 0.6801727377709158000, 0.0000000000000000000 ) ) ;
#9365 = DIRECTION ( 'NONE',  ( 0.0000000000000000000, 0.0000000000000000000, 1.000000000000000000 ) ) ;
#9366 = CARTESIAN_POINT ( 'NONE',  ( -15.39408930842642700, 14.28362749318922000, 55.00000000000000000 ) ) ;
#9367 = AXIS2_PLACEMENT_3D ( 'NONE', #9366, #9365, #9364 ) ;
#9368 = CIRCLE ( 'NONE', #9367, 0.9999999999999991100 ) ;
#9369 = DIRECTION ( 'NONE',  ( -0.7330518718298300000, 0.6801727377709154700, 0.0000000000000000000 ) ) ;
#9370 = VECTOR ( 'NONE', #9369, 1000.000000000000000 ) ;
#9371 = CARTESIAN_POINT ( 'NONE',  ( -14.71391657065551200, 15.01667936501905100, 55.00000000000000000 ) ) ;
#9372 = LINE ( 'NONE', #9371, #9370 ) ;
#9373 = DIRECTION ( 'NONE',  ( -0.2225209339563178900, 0.9749279121818228400, 0.0000000000000000000 ) ) ;
#9374 = DIRECTION ( 'NONE',  ( 0.0000000000000000000, 0.0000000000000000000, 1.000000000000000000 ) ) ;
#9375 = CARTESIAN_POINT ( 'NONE',  ( -4.672939613082681000, 20.47348615581827100, 55.00000000000000000 ) ) ;
#9376 = AXIS2_PLACEMENT_3D ( 'NONE', #9375, #9374, #9373 ) ;
#9377 = CIRCLE ( 'NONE', #9376, 1.000000000000000700 ) ;
#9378 = CARTESIAN_POINT ( 'NONE',  ( -19.77227374709799100, -7.145431468415280200, 55.00000000000000000 ) ) ;
#9379 = DIRECTION ( 'NONE',  ( -0.9555728057861383500, -0.2947551744109120400, 0.0000000000000000000 ) ) ;
#9380 = DIRECTION ( 'NONE',  ( 0.0000000000000000000, 0.0000000000000000000, 1.000000000000000000 ) ) ;
#9381 = CARTESIAN_POINT ( 'NONE',  ( -20.06702892150890000, -6.189858662629141900, 55.00000000000000000 ) ) ;
#9382 = AXIS2_PLACEMENT_3D ( 'NONE', #9381, #9380, #9379 ) ;
#9383 = CARTESIAN_POINT ( 'NONE',  ( -16.78769420257215800, -12.65595999365219400, 55.00000000000000000 ) ) ;
#9384 = LINE ( 'NONE', #9383, #9445 ) ;
#9385 = CARTESIAN_POINT ( 'NONE',  ( -16.78769420257215800, -12.65595999365219400, 55.00000000000000000 ) ) ;
#9386 = DIRECTION ( 'NONE',  ( -0.5000000000000041100, 0.8660254037844362700, 0.0000000000000000000 ) ) ;
#9387 = DIRECTION ( 'NONE',  ( 0.0000000000000000000, 0.0000000000000000000, 1.000000000000000000 ) ) ;
#9388 = CARTESIAN_POINT ( 'NONE',  ( -10.50000000000008300, 18.18653347947315900, 55.00000000000000000 ) ) ;
#9389 = AXIS2_PLACEMENT_3D ( 'NONE', #9388, #9387, #9386 ) ;
#9390 = CIRCLE ( 'NONE', #9389, 0.9999999999999995600 ) ;
#9391 = CARTESIAN_POINT ( 'NONE',  ( -5.647867525264503600, 20.25096522186195000, 55.00000000000000000 ) ) ;
#9392 = DIRECTION ( 'NONE',  ( -0.6234898018587375900, 0.7818314824680265800, 0.0000000000000000000 ) ) ;
#9393 = VECTOR ( 'NONE', #9392, 1000.000000000000000 ) ;
#9394 = CARTESIAN_POINT ( 'NONE',  ( -12.31145435656546100, 17.04195093368728900, 55.00000000000000000 ) ) ;
#9395 = LINE ( 'NONE', #9394, #9393 ) ;
#9396 = DIRECTION ( 'NONE',  ( 0.3653410243663990400, -0.9308737486442026900, -0.0000000000000000000 ) ) ;
#9397 = VECTOR ( 'NONE', #9396, 1000.000000000000000 ) ;
#9398 = CARTESIAN_POINT ( 'NONE',  ( -8.603035260338581100, 19.18300769716185200, 55.00000000000000000 ) ) ;
#9399 = LINE ( 'NONE', #9398, #9397 ) ;
#9400 = DIRECTION ( 'NONE',  ( 0.6234898018587375900, -0.7818314824680265800, -0.0000000000000000000 ) ) ;
#9401 = VECTOR ( 'NONE', #9400, 1000.000000000000000 ) ;
#9402 = CARTESIAN_POINT ( 'NONE',  ( -13.87511732150151300, 15.79497132996981700, 55.00000000000000000 ) ) ;
#9403 = LINE ( 'NONE', #9402, #9401 ) ;
#9404 = CARTESIAN_POINT ( 'NONE',  ( -13.87511732150151300, 15.79497132996981700, 55.00000000000000000 ) ) ;
#9405 = DIRECTION ( 'NONE',  ( -0.6234898018587368100, 0.7818314824680271400, 0.0000000000000000000 ) ) ;
#9406 = DIRECTION ( 'NONE',  ( 0.0000000000000000000, 0.0000000000000000000, 1.000000000000000000 ) ) ;
#9407 = CARTESIAN_POINT ( 'NONE',  ( -13.09328583903348600, 16.41846113182855400, 55.00000000000000000 ) ) ;
#9408 = AXIS2_PLACEMENT_3D ( 'NONE', #9407, #9406, #9405 ) ;
#9409 = CIRCLE ( 'NONE', #9408, 1.000000000000000400 ) ;
#9410 = DIRECTION ( 'NONE',  ( -0.2225209339563182200, 0.9749279121818227300, 0.0000000000000000000 ) ) ;
#9411 = VECTOR ( 'NONE', #9410, 1000.000000000000000 ) ;
#9412 = CARTESIAN_POINT ( 'NONE',  ( -3.698011700900858400, 20.69600708977458900, 55.00000000000000000 ) ) ;
#9413 = LINE ( 'NONE', #9412, #9411 ) ;
#9414 = DIRECTION ( 'NONE',  ( 0.9009688679024249200, -0.4338837391175463000, 0.0000000000000000000 ) ) ;
#9415 = DIRECTION ( 'NONE',  ( 0.8262387743159980100, -0.5633200580636174000, -0.0000000000000000000 ) ) ;
#9416 = VECTOR ( 'NONE', #9415, 1000.000000000000100 ) ;
#9417 = CARTESIAN_POINT ( 'NONE',  ( -17.91433431869957400, 11.00348244501996600, 55.00000000000000000 ) ) ;
#9418 = LINE ( 'NONE', #9417, #9416 ) ;
#9419 = VECTOR ( 'NONE', #9414, 999.9999999999998900 ) ;
#9420 = CARTESIAN_POINT ( 'NONE',  ( -20.61640508455148800, -4.118718415924947300, 55.00000000000000000 ) ) ;
#9421 = DIRECTION ( 'NONE',  ( -0.9888308262251274100, -0.1490422661761822400, 0.0000000000000000000 ) ) ;
#9422 = DIRECTION ( 'NONE',  ( 0.0000000000000000000, 0.0000000000000000000, 1.000000000000000000 ) ) ;
#9423 = CARTESIAN_POINT ( 'NONE',  ( -20.76544735072766900, -3.129887589699819700, 55.00000000000000000 ) ) ;
#9424 = AXIS2_PLACEMENT_3D ( 'NONE', #9423, #9422, #9421 ) ;
#9425 = CIRCLE ( 'NONE', #9424, 0.9999999999999986700 ) ;
#9426 = DIRECTION ( 'NONE',  ( -0.9555728057861425700, 0.2947551744108982100, 0.0000000000000000000 ) ) ;
#9427 = VECTOR ( 'NONE', #9426, 1000.000000000000000 ) ;
#9428 = CARTESIAN_POINT ( 'NONE',  ( -19.77227374709809400, 7.145431468415004900, 55.00000000000000000 ) ) ;
#9429 = LINE ( 'NONE', #9428, #9427 ) ;
#9430 = DIRECTION ( 'NONE',  ( -0.9009688679024217000, 0.4338837391175525700, 0.0000000000000000000 ) ) ;
#9431 = VECTOR ( 'NONE', #9430, 1000.000000000000100 ) ;
#9432 = CARTESIAN_POINT ( 'NONE',  ( -18.48646248683330000, 10.01252738937102500, 55.00000000000000000 ) ) ;
#9433 = LINE ( 'NONE', #9432, #9431 ) ;
#9434 = DIRECTION ( 'NONE',  ( 0.9555728057861425700, -0.2947551744108982100, -0.0000000000000000000 ) ) ;
#9435 = VECTOR ( 'NONE', #9434, 1000.000000000000000 ) ;
#9436 = CARTESIAN_POINT ( 'NONE',  ( -20.36178409591989400, 5.234285856842719300, 55.00000000000000000 ) ) ;
#9437 = LINE ( 'NONE', #9436, #9435 ) ;
#9438 = CARTESIAN_POINT ( 'NONE',  ( -20.36178409591989400, 5.234285856842719300, 55.00000000000000000 ) ) ;
#9439 = DIRECTION ( 'NONE',  ( -0.9555728057861427900, 0.2947551744108973800, 0.0000000000000000000 ) ) ;
#9440 = DIRECTION ( 'NONE',  ( 0.0000000000000000000, 0.0000000000000000000, 1.000000000000000000 ) ) ;
#9441 = CARTESIAN_POINT ( 'NONE',  ( -20.06702892150899600, 6.189858662628862100, 55.00000000000000000 ) ) ;
#9442 = AXIS2_PLACEMENT_3D ( 'NONE', #9441, #9440, #9439 ) ;
#9443 = CIRCLE ( 'NONE', #9442, 1.000000000000001800 ) ;
#9444 = DIRECTION ( 'NONE',  ( 0.8262387743159902400, 0.5633200580636290600, -0.0000000000000000000 ) ) ;
#9445 = VECTOR ( 'NONE', #9444, 999.9999999999998900 ) ;
#9446 = DIRECTION ( 'NONE',  ( 0.9888308262251296300, -0.1490422661761676700, -0.0000000000000000000 ) ) ;
#9447 = VECTOR ( 'NONE', #9446, 999.9999999999998900 ) ;
#9448 = CARTESIAN_POINT ( 'NONE',  ( -20.91448961690388600, 2.141056763474391100, 55.00000000000000000 ) ) ;
#9449 = LINE ( 'NONE', #9448, #9447 ) ;
#9450 = CARTESIAN_POINT ( 'NONE',  ( -20.91448961690388600, 2.141056763474391100, 55.00000000000000000 ) ) ;
#9451 = DIRECTION ( 'NONE',  ( -0.9888308262251295200, 0.1490422661761677500, 0.0000000000000000000 ) ) ;
#9452 = DIRECTION ( 'NONE',  ( 0.0000000000000000000, 0.0000000000000000000, 1.000000000000000000 ) ) ;
#9453 = CARTESIAN_POINT ( 'NONE',  ( -20.76544735072771900, 3.129887589699520900, 55.00000000000000000 ) ) ;
#9454 = AXIS2_PLACEMENT_3D ( 'NONE', #9453, #9452, #9451 ) ;
#9455 = CIRCLE ( 'NONE', #9454, 1.000000000000000000 ) ;
#9456 = DIRECTION ( 'NONE',  ( -0.9888308262251296300, 0.1490422661761676700, 0.0000000000000000000 ) ) ;
#9457 = VECTOR ( 'NONE', #9456, 999.9999999999998900 ) ;
#9458 = CARTESIAN_POINT ( 'NONE',  ( -20.61640508455155500, 4.118718415924650600, 55.00000000000000000 ) ) ;
#9459 = LINE ( 'NONE', #9458, #9457 ) ;
#9460 = DIRECTION ( 'NONE',  ( 0.9555728057861384600, 0.2947551744109115900, -0.0000000000000000000 ) ) ;
#9461 = VECTOR ( 'NONE', #9460, 1000.000000000000000 ) ;
#9462 = CARTESIAN_POINT ( 'NONE',  ( -19.77227374709799100, -7.145431468415280200, 55.00000000000000000 ) ) ;
#9463 = LINE ( 'NONE', #9462, #9461 ) ;
#9464 = CARTESIAN_POINT ( 'NONE',  ( -14.71391657065530000, -15.01667936501925600, 55.00000000000000000 ) ) ;
#9465 = DIRECTION ( 'NONE',  ( -0.7330518718298212300, -0.6801727377709249100, 0.0000000000000000000 ) ) ;
#9466 = DIRECTION ( 'NONE',  ( 0.0000000000000000000, 0.0000000000000000000, 1.000000000000000000 ) ) ;
#9467 = CARTESIAN_POINT ( 'NONE',  ( -15.39408930842622600, -14.28362749318943500, 55.00000000000000000 ) ) ;
#9468 = AXIS2_PLACEMENT_3D ( 'NONE', #9467, #9466, #9465 ) ;
#9469 = CIRCLE ( 'NONE', #9468, 1.000000000000001100 ) ;
#9470 = DIRECTION ( 'NONE',  ( -0.7330518718298204600, -0.6801727377709256800, 0.0000000000000000000 ) ) ;
#9471 = VECTOR ( 'NONE', #9470, 1000.000000000000000 ) ;
#9472 = CARTESIAN_POINT ( 'NONE',  ( -16.07426204619714800, -13.55057562135961500, 55.00000000000000000 ) ) ;
#9473 = LINE ( 'NONE', #9472, #9471 ) ;
#9474 = DIRECTION ( 'NONE',  ( -0.2225209339563041800, -0.9749279121818259500, 0.0000000000000000000 ) ) ;
#9475 = CARTESIAN_POINT ( 'NONE',  ( -5.647867525264212300, -20.25096522186203500, 55.00000000000000000 ) ) ;
#9476 = LINE ( 'NONE', #9475, #9535 ) ;
#9477 = DIRECTION ( 'NONE',  ( 0.3653410243663858200, 0.9308737486442078000, -0.0000000000000000000 ) ) ;
#9478 = VECTOR ( 'NONE', #9477, 1000.000000000000100 ) ;
#9479 = CARTESIAN_POINT ( 'NONE',  ( -6.741287763049892400, -19.91368974589474700, 55.00000000000000000 ) ) ;
#9480 = LINE ( 'NONE', #9479, #9478 ) ;
#9481 = CARTESIAN_POINT ( 'NONE',  ( -12.31145435656522300, -17.04195093368746000, 55.00000000000000000 ) ) ;
#9482 = CARTESIAN_POINT ( 'NONE',  ( 3.698011700901012900, -20.69600708977456100, 55.00000000000000000 ) ) ;
#9483 = CARTESIAN_POINT ( 'NONE',  ( 3.804094460647882600, -21.16078602827569500, 55.00000000000000000 ) ) ;
#9484 = DIRECTION ( 'NONE',  ( -1.000000000000000000, 0.0000000000000000000, 0.0000000000000000000 ) ) ;
#9485 = DIRECTION ( 'NONE',  ( -0.0000000000000000000, -0.0000000000000000000, -1.000000000000000000 ) ) ;
#9486 = CARTESIAN_POINT ( 'NONE',  ( 0.0000000000000000000, 0.0000000000000000000, 55.00000000000000000 ) ) ;
#9487 = AXIS2_PLACEMENT_3D ( 'NONE', #9486, #9485, #9484 ) ;
#9488 = CIRCLE ( 'NONE', #9487, 21.49999999999999300 ) ;
#9489 = CARTESIAN_POINT ( 'NONE',  ( 2.602161959199887200, -21.34194820390333200, 55.00000000000000000 ) ) ;
#9490 = DIRECTION ( 'NONE',  ( -0.07473009358643499500, 0.9972037971811794600, -0.0000000000000000000 ) ) ;
#9491 = VECTOR ( 'NONE', #9490, 999.9999999999998900 ) ;
#9492 = CARTESIAN_POINT ( 'NONE',  ( 2.566535762496314100, -20.86654964721832400, 55.00000000000000000 ) ) ;
#9493 = LINE ( 'NONE', #9492, #9491 ) ;
#9494 = DIRECTION ( 'NONE',  ( -0.6234898018587267100, -0.7818314824680352400, 0.0000000000000000000 ) ) ;
#9495 = VECTOR ( 'NONE', #9494, 1000.000000000000000 ) ;
#9496 = CARTESIAN_POINT ( 'NONE',  ( -13.87511732150129300, -15.79497132997000700, 55.00000000000000000 ) ) ;
#9497 = LINE ( 'NONE', #9496, #9495 ) ;
#9498 = DIRECTION ( 'NONE',  ( 0.7330518718298204600, 0.6801727377709256800, -0.0000000000000000000 ) ) ;
#9499 = VECTOR ( 'NONE', #9498, 1000.000000000000000 ) ;
#9500 = CARTESIAN_POINT ( 'NONE',  ( -14.71391657065530000, -15.01667936501925600, 55.00000000000000000 ) ) ;
#9501 = LINE ( 'NONE', #9500, #9499 ) ;
#9502 = DIRECTION ( 'NONE',  ( -0.9009688679024215900, 0.4338837391175529600, 0.0000000000000000000 ) ) ;
#9503 = DIRECTION ( 'NONE',  ( 0.0000000000000000000, 0.0000000000000000000, 1.000000000000000000 ) ) ;
#9504 = CARTESIAN_POINT ( 'NONE',  ( -18.92034622595085100, 9.111558521468603900, 55.00000000000000000 ) ) ;
#9505 = AXIS2_PLACEMENT_3D ( 'NONE', #9504, #9503, #9502 ) ;
#9506 = CIRCLE ( 'NONE', #9505, 1.000000000000000400 ) ;
#9507 = DIRECTION ( 'NONE',  ( -0.9888308262251273000, -0.1490422661761819100, 0.0000000000000000000 ) ) ;
#9508 = VECTOR ( 'NONE', #9507, 1000.000000000000100 ) ;
#9509 = CARTESIAN_POINT ( 'NONE',  ( -20.91448961690385000, -2.141056763474692600, 55.00000000000000000 ) ) ;
#9510 = LINE ( 'NONE', #9509, #9508 ) ;
#9511 = DIRECTION ( 'NONE',  ( 1.000000000000000000, 6.982966722218764100E-015, -0.0000000000000000000 ) ) ;
#9512 = VECTOR ( 'NONE', #9511, 1000.000000000000000 ) ;
#9513 = CARTESIAN_POINT ( 'NONE',  ( -20.99999999999998600, -1.000000000000146500, 55.00000000000000000 ) ) ;
#9514 = LINE ( 'NONE', #9513, #9512 ) ;
#9515 = CARTESIAN_POINT ( 'NONE',  ( -20.99999999999998600, -1.000000000000146500, 55.00000000000000000 ) ) ;
#9516 = DIRECTION ( 'NONE',  ( -1.000000000000000000, -6.982966722218763300E-015, 0.0000000000000000000 ) ) ;
#9517 = DIRECTION ( 'NONE',  ( 0.0000000000000000000, 0.0000000000000000000, 1.000000000000000000 ) ) ;
#9518 = CARTESIAN_POINT ( 'NONE',  ( -20.99999999999999300, -1.466423011665940200E-013, 55.00000000000000000 ) ) ;
#9519 = AXIS2_PLACEMENT_3D ( 'NONE', #9518, #9517, #9516 ) ;
#9520 = CIRCLE ( 'NONE', #9519, 1.000000000000000900 ) ;
#9521 = DIRECTION ( 'NONE',  ( -1.000000000000000000, -6.982966722218764100E-015, 0.0000000000000000000 ) ) ;
#9522 = VECTOR ( 'NONE', #9521, 1000.000000000000000 ) ;
#9523 = CARTESIAN_POINT ( 'NONE',  ( -21.00000000000000000, 0.9999999999998534500, 55.00000000000000000 ) ) ;
#9524 = LINE ( 'NONE', #9523, #9522 ) ;
#9525 = DIRECTION ( 'NONE',  ( 0.2225209339563041800, 0.9749279121818259500, -0.0000000000000000000 ) ) ;
#9526 = VECTOR ( 'NONE', #9525, 1000.000000000000000 ) ;
#9527 = CARTESIAN_POINT ( 'NONE',  ( -3.698011700900560000, -20.69600708977464600, 55.00000000000000000 ) ) ;
#9528 = LINE ( 'NONE', #9527, #9526 ) ;
#9529 = CARTESIAN_POINT ( 'NONE',  ( -3.698011700900560000, -20.69600708977464600, 55.00000000000000000 ) ) ;
#9530 = DIRECTION ( 'NONE',  ( -0.2225209339563039000, -0.9749279121818259500, 0.0000000000000000000 ) ) ;
#9531 = DIRECTION ( 'NONE',  ( 0.0000000000000000000, 0.0000000000000000000, 1.000000000000000000 ) ) ;
#9532 = CARTESIAN_POINT ( 'NONE',  ( -4.672939613082386100, -20.47348615581833900, 55.00000000000000000 ) ) ;
#9533 = AXIS2_PLACEMENT_3D ( 'NONE', #9532, #9531, #9530 ) ;
#9534 = CIRCLE ( 'NONE', #9533, 1.000000000000001100 ) ;
#9535 = VECTOR ( 'NONE', #9474, 1000.000000000000000 ) ;
#9536 = DIRECTION ( 'NONE',  ( -0.0000000000000000000, -0.0000000000000000000, -1.000000000000000000 ) ) ;
#9537 = CARTESIAN_POINT ( 'NONE',  ( 0.0000000000000000000, 0.0000000000000000000, 55.00000000000000000 ) ) ;
#9538 = AXIS2_PLACEMENT_3D ( 'NONE', #9537, #9536, #9598 ) ;
#9539 = CIRCLE ( 'NONE', #9538, 21.49999999999999300 ) ;
#9540 = DIRECTION ( 'NONE',  ( -0.8262387743159898000, -0.5633200580636293900, 0.0000000000000000000 ) ) ;
#9541 = DIRECTION ( 'NONE',  ( 0.0000000000000000000, 0.0000000000000000000, 1.000000000000000000 ) ) ;
#9542 = CARTESIAN_POINT ( 'NONE',  ( -17.35101426063579000, -11.82972121933620500, 55.00000000000000000 ) ) ;
#9543 = AXIS2_PLACEMENT_3D ( 'NONE', #9542, #9541, #9540 ) ;
#9544 = CIRCLE ( 'NONE', #9543, 1.000000000000000000 ) ;
#9545 = DIRECTION ( 'NONE',  ( -0.8262387743159902400, -0.5633200580636290600, 0.0000000000000000000 ) ) ;
#9546 = VECTOR ( 'NONE', #9545, 999.9999999999998900 ) ;
#9547 = CARTESIAN_POINT ( 'NONE',  ( -17.91433431869941700, -11.00348244502021400, 55.00000000000000000 ) ) ;
#9548 = LINE ( 'NONE', #9547, #9546 ) ;
#9549 = DIRECTION ( 'NONE',  ( 0.9009688679024158200, 0.4338837391175651700, -0.0000000000000000000 ) ) ;
#9550 = VECTOR ( 'NONE', #9549, 999.9999999999998900 ) ;
#9551 = CARTESIAN_POINT ( 'NONE',  ( -18.48646248683315800, -10.01252738937128200, 55.00000000000000000 ) ) ;
#9552 = LINE ( 'NONE', #9551, #9550 ) ;
#9553 = CARTESIAN_POINT ( 'NONE',  ( -18.48646248683315800, -10.01252738937128200, 55.00000000000000000 ) ) ;
#9554 = DIRECTION ( 'NONE',  ( -0.9009688679024155900, -0.4338837391175654500, 0.0000000000000000000 ) ) ;
#9555 = DIRECTION ( 'NONE',  ( 0.0000000000000000000, 0.0000000000000000000, 1.000000000000000000 ) ) ;
#9556 = CARTESIAN_POINT ( 'NONE',  ( -18.92034622595072300, -9.111558521468866800, 55.00000000000000000 ) ) ;
#9557 = AXIS2_PLACEMENT_3D ( 'NONE', #9556, #9555, #9554 ) ;
#9558 = CIRCLE ( 'NONE', #9557, 0.9999999999999995600 ) ;
#9559 = DIRECTION ( 'NONE',  ( -0.9009688679024158200, -0.4338837391175651700, 0.0000000000000000000 ) ) ;
#9560 = VECTOR ( 'NONE', #9559, 999.9999999999998900 ) ;
#9561 = CARTESIAN_POINT ( 'NONE',  ( -19.35422996506828900, -8.210589653566451300, 55.00000000000000000 ) ) ;
#9562 = LINE ( 'NONE', #9561, #9560 ) ;
#9563 = DIRECTION ( 'NONE',  ( 0.9009688679024217000, -0.4338837391175525700, -0.0000000000000000000 ) ) ;
#9564 = VECTOR ( 'NONE', #9563, 1000.000000000000100 ) ;
#9565 = CARTESIAN_POINT ( 'NONE',  ( -19.35422996506840600, 8.210589653566181300, 55.00000000000000000 ) ) ;
#9566 = LINE ( 'NONE', #9565, #9564 ) ;
#9567 = DIRECTION ( 'NONE',  ( 0.3653410243664052000, -0.9308737486442001400, 0.0000000000000000000 ) ) ;
#9568 = DIRECTION ( 'NONE',  ( 0.0000000000000000000, 0.0000000000000000000, 1.000000000000000000 ) ) ;
#9569 = CARTESIAN_POINT ( 'NONE',  ( 7.672161511694509000, -19.54834872152820000, 55.00000000000000000 ) ) ;
#9570 = AXIS2_PLACEMENT_3D ( 'NONE', #9569, #9568, #9567 ) ;
#9571 = CIRCLE ( 'NONE', #9570, 1.000000000000000900 ) ;
#9572 = CARTESIAN_POINT ( 'NONE',  ( 8.603035260338709000, -19.18300769716179100, 55.00000000000000000 ) ) ;
#9573 = CARTESIAN_POINT ( 'NONE',  ( 6.741287763050309000, -19.91368974589460400, 55.00000000000000000 ) ) ;
#9574 = DIRECTION ( 'NONE',  ( 0.3653410243664052500, -0.9308737486442002500, 0.0000000000000000000 ) ) ;
#9575 = VECTOR ( 'NONE', #9574, 1000.000000000000100 ) ;
#9576 = CARTESIAN_POINT ( 'NONE',  ( 6.741287763050309000, -19.91368974589460400, 55.00000000000000000 ) ) ;
#9577 = LINE ( 'NONE', #9576, #9575 ) ;
#9578 = DIRECTION ( 'NONE',  ( 0.4999999999999920100, 0.8660254037844433700, -0.0000000000000000000 ) ) ;
#9579 = VECTOR ( 'NONE', #9578, 999.9999999999998900 ) ;
#9580 = CARTESIAN_POINT ( 'NONE',  ( -9.633974596215386700, -18.68653347947329700, 55.00000000000000000 ) ) ;
#9581 = LINE ( 'NONE', #9580, #9579 ) ;
#9582 = DIRECTION ( 'NONE',  ( -0.4999999999999920100, -0.8660254037844431500, 0.0000000000000000000 ) ) ;
#9583 = DIRECTION ( 'NONE',  ( 0.0000000000000000000, 0.0000000000000000000, 1.000000000000000000 ) ) ;
#9584 = CARTESIAN_POINT ( 'NONE',  ( -10.49999999999982900, -18.18653347947330100, 55.00000000000000000 ) ) ;
#9585 = AXIS2_PLACEMENT_3D ( 'NONE', #9584, #9583, #9582 ) ;
#9586 = CIRCLE ( 'NONE', #9585, 0.9999999999999995600 ) ;
#9587 = CARTESIAN_POINT ( 'NONE',  ( -6.741287763049892400, -19.91368974589474700, 55.00000000000000000 ) ) ;
#9588 = DIRECTION ( 'NONE',  ( -0.3653410243663856600, -0.9308737486442080200, 0.0000000000000000000 ) ) ;
#9589 = DIRECTION ( 'NONE',  ( 0.0000000000000000000, 0.0000000000000000000, 1.000000000000000000 ) ) ;
#9590 = CARTESIAN_POINT ( 'NONE',  ( -7.672161511694100400, -19.54834872152836300, 55.00000000000000000 ) ) ;
#9591 = AXIS2_PLACEMENT_3D ( 'NONE', #9590, #9589, #9588 ) ;
#9592 = CIRCLE ( 'NONE', #9591, 0.9999999999999997800 ) ;
#9593 = DIRECTION ( 'NONE',  ( -0.3653410243663858200, -0.9308737486442078000, 0.0000000000000000000 ) ) ;
#9594 = VECTOR ( 'NONE', #9593, 1000.000000000000100 ) ;
#9595 = CARTESIAN_POINT ( 'NONE',  ( -8.603035260338307600, -19.18300769716197600, 55.00000000000000000 ) ) ;
#9596 = LINE ( 'NONE', #9595, #9594 ) ;
#9597 = CARTESIAN_POINT ( 'NONE',  ( 6.915457372284213200, -20.35746667274981900, 55.00000000000000000 ) ) ;
#9598 = DIRECTION ( 'NONE',  ( -1.000000000000000000, 0.0000000000000000000, 0.0000000000000000000 ) ) ;
#9599 = LINE ( 'NONE', #9656, #9655 ) ;
#9600 = DIRECTION ( 'NONE',  ( -0.07473009358641409500, -0.9972037971811809100, 0.0000000000000000000 ) ) ;
#9601 = VECTOR ( 'NONE', #9600, 1000.000000000000000 ) ;
#9602 = CARTESIAN_POINT ( 'NONE',  ( -2.566535762495876200, -20.86654964721837800, 55.00000000000000000 ) ) ;
#9603 = LINE ( 'NONE', #9602, #9601 ) ;
#9604 = DIRECTION ( 'NONE',  ( -0.6234898018587270400, -0.7818314824680350200, 0.0000000000000000000 ) ) ;
#9605 = DIRECTION ( 'NONE',  ( 0.0000000000000000000, 0.0000000000000000000, 1.000000000000000000 ) ) ;
#9606 = CARTESIAN_POINT ( 'NONE',  ( -13.09328583903325700, -16.41846113182873500, 55.00000000000000000 ) ) ;
#9607 = AXIS2_PLACEMENT_3D ( 'NONE', #9606, #9605, #9604 ) ;
#9608 = CIRCLE ( 'NONE', #9607, 0.9999999999999993300 ) ;
#9609 = DIRECTION ( 'NONE',  ( 0.07473009358643499500, -0.9972037971811794600, 0.0000000000000000000 ) ) ;
#9610 = VECTOR ( 'NONE', #9609, 999.9999999999998900 ) ;
#9611 = CARTESIAN_POINT ( 'NONE',  ( 0.5721281681339549500, -21.01600983439119800, 55.00000000000000000 ) ) ;
#9612 = LINE ( 'NONE', #9611, #9610 ) ;
#9613 = DIRECTION ( 'NONE',  ( 0.07473009358641409500, 0.9972037971811809100, -0.0000000000000000000 ) ) ;
#9614 = VECTOR ( 'NONE', #9613, 1000.000000000000000 ) ;
#9615 = CARTESIAN_POINT ( 'NONE',  ( -0.5721281681335145300, -21.01600983439120900, 55.00000000000000000 ) ) ;
#9616 = LINE ( 'NONE', #9615, #9614 ) ;
#9617 = CARTESIAN_POINT ( 'NONE',  ( -0.5721281681335145300, -21.01600983439120900, 55.00000000000000000 ) ) ;
#9618 = DIRECTION ( 'NONE',  ( -0.07473009358641409500, -0.9972037971811809100, 0.0000000000000000000 ) ) ;
#9619 = DIRECTION ( 'NONE',  ( 0.0000000000000000000, 0.0000000000000000000, 1.000000000000000000 ) ) ;
#9620 = CARTESIAN_POINT ( 'NONE',  ( -1.569331965314695500, -20.94127974080479100, 55.00000000000000000 ) ) ;
#9621 = AXIS2_PLACEMENT_3D ( 'NONE', #9620, #9619, #9618 ) ;
#9622 = CIRCLE ( 'NONE', #9621, 0.9999999999999998900 ) ;
#9623 = CARTESIAN_POINT ( 'NONE',  ( 8.777204869572612400, -19.62678462401700600, 55.00000000000000000 ) ) ;
#9624 = DIRECTION ( 'NONE',  ( -0.3653410243664052500, 0.9308737486442002500, -0.0000000000000000000 ) ) ;
#9625 = VECTOR ( 'NONE', #9624, 1000.000000000000100 ) ;
#9626 = CARTESIAN_POINT ( 'NONE',  ( 8.603035260338709000, -19.18300769716179100, 55.00000000000000000 ) ) ;
#9627 = LINE ( 'NONE', #9626, #9625 ) ;
#9628 = CARTESIAN_POINT ( 'NONE',  ( 21.57444589010466600, 0.9999999999999967800, 46.64819525586468500 ) ) ;
#9629 = CARTESIAN_POINT ( 'NONE',  ( 21.90832245107035100, 0.9999999999999967800, 38.30536254662526800 ) ) ;
#9630 =( BOUNDED_SURFACE ( )  B_SPLINE_SURFACE ( 3, 3, ( 
 ( #9672, #9671, #9670, #9669 ),
 ( #9668, #9667, #9666, #9665 ),
 ( #9664, #9663, #9662, #9661 ),
 ( #9660, #9659, #9658, #9657 ) ),
 .UNSPECIFIED., .F., .F., .F. ) 
 B_SPLINE_SURFACE_WITH_KNOTS ( ( 4, 4 ),
 ( 4, 4 ),
 ( 0.0000000000000000000, 1.000000000000000000 ),
 ( 0.0000000000000000000, 1.000000000000000000 ),
 .UNSPECIFIED. ) 
 GEOMETRIC_REPRESENTATION_ITEM ( )  RATIONAL_B_SPLINE_SURFACE ( (
 ( 1.000000000000000000, 0.3333333333330971100, 0.3333333333330971100, 1.000000000000000000),
 ( 1.000000000000000000, 0.3333333333330971100, 0.3333333333330971100, 1.000000000000000000),
 ( 1.000000000000000000, 0.3333333333330971100, 0.3333333333330971100, 1.000000000000000000),
 ( 1.000000000000000000, 0.3333333333330971100, 0.3333333333330971100, 1.000000000000000000) ) ) 
 REPRESENTATION_ITEM ( '' )  SURFACE ( )  );
#9631 = FACE_OUTER_BOUND ( 'NONE', #4253, .T. ) ;
#9632 = DIRECTION ( 'NONE',  ( -1.000000000000000000, 0.0000000000000000000, 0.0000000000000000000 ) ) ;
#9633 = DIRECTION ( 'NONE',  ( -0.0000000000000000000, -0.0000000000000000000, -1.000000000000000000 ) ) ;
#9634 = CARTESIAN_POINT ( 'NONE',  ( 0.0000000000000000000, 0.0000000000000000000, 55.00000000000000000 ) ) ;
#9635 = AXIS2_PLACEMENT_3D ( 'NONE', #9634, #9633, #9632 ) ;
#9636 = CIRCLE ( 'NONE', #9635, 21.49999999999999300 ) ;
#9637 = CARTESIAN_POINT ( 'NONE',  ( 20.81733584367930200, -5.374804961248779400, 55.00000000000000000 ) ) ;
#9638 = DIRECTION ( 'NONE',  ( -0.9555728057861447900, 0.2947551744108911600, -0.0000000000000000000 ) ) ;
#9639 = VECTOR ( 'NONE', #9638, 1000.000000000000100 ) ;
#9640 = CARTESIAN_POINT ( 'NONE',  ( 20.36178409591993000, -5.234285856842567400, 55.00000000000000000 ) ) ;
#9641 = LINE ( 'NONE', #9640, #9639 ) ;
#9642 = CARTESIAN_POINT ( 'NONE',  ( 2.566535762496314100, -20.86654964721832400, 55.00000000000000000 ) ) ;
#9643 = DIRECTION ( 'NONE',  ( 0.07473009358643480100, -0.9972037971811794600, 0.0000000000000000000 ) ) ;
#9644 = DIRECTION ( 'NONE',  ( 0.0000000000000000000, 0.0000000000000000000, 1.000000000000000000 ) ) ;
#9645 = CARTESIAN_POINT ( 'NONE',  ( 1.569331965315134500, -20.94127974080476300, 55.00000000000000000 ) ) ;
#9646 = AXIS2_PLACEMENT_3D ( 'NONE', #9645, #9644, #9643 ) ;
#9647 = CIRCLE ( 'NONE', #9646, 1.000000000000001300 ) ;
#9648 = CARTESIAN_POINT ( 'NONE',  ( 0.5721281681339549500, -21.01600983439119800, 55.00000000000000000 ) ) ;
#9649 = DIRECTION ( 'NONE',  ( 0.6234898018587267100, 0.7818314824680352400, -0.0000000000000000000 ) ) ;
#9650 = VECTOR ( 'NONE', #9649, 1000.000000000000000 ) ;
#9651 = CARTESIAN_POINT ( 'NONE',  ( -12.31145435656522300, -17.04195093368746000, 55.00000000000000000 ) ) ;
#9652 = LINE ( 'NONE', #9651, #9650 ) ;
#9653 = CARTESIAN_POINT ( 'NONE',  ( -9.633974596215386700, -18.68653347947329700, 55.00000000000000000 ) ) ;
#9654 = DIRECTION ( 'NONE',  ( -0.4999999999999920100, -0.8660254037844433700, 0.0000000000000000000 ) ) ;
#9655 = VECTOR ( 'NONE', #9654, 999.9999999999998900 ) ;
#9656 = CARTESIAN_POINT ( 'NONE',  ( -11.36602540378427200, -17.68653347947330800, 55.00000000000000000 ) ) ;
#9657 = CARTESIAN_POINT ( 'NONE',  ( -1.523584424313432400E-011, -21.49999999999999300, 55.00000000000000000 ) ) ;
#9658 = CARTESIAN_POINT ( 'NONE',  ( 43.00000000001522000, -21.50000000003046500, 54.99999999999999300 ) ) ;
#9659 = CARTESIAN_POINT ( 'NONE',  ( 43.00000000003046100, 21.49999999999998900, 54.99999999999999300 ) ) ;
#9660 = CARTESIAN_POINT ( 'NONE',  ( 0.0000000000000000000, 21.49999999999999300, 55.00000000000000000 ) ) ;
#9661 = CARTESIAN_POINT ( 'NONE',  ( -1.523584424313432400E-011, -21.49999999999999300, 37.36137445515917900 ) ) ;
#9662 = CARTESIAN_POINT ( 'NONE',  ( 43.00000000001522000, -21.50000000003046500, 37.36137445515917200 ) ) ;
#9663 = CARTESIAN_POINT ( 'NONE',  ( 43.00000000003046100, 21.49999999999998900, 37.36137445515917200 ) ) ;
#9664 = CARTESIAN_POINT ( 'NONE',  ( 0.0000000000000000000, 21.49999999999999300, 37.36137445515917900 ) ) ;
#9665 = CARTESIAN_POINT ( 'NONE',  ( -1.647597110013363600E-011, -23.24999999999999600, 18.68068722757959000 ) ) ;
#9666 = CARTESIAN_POINT ( 'NONE',  ( 46.50000000001647000, -23.25000000003295100, 18.68068722757958600 ) ) ;
#9667 = CARTESIAN_POINT ( 'NONE',  ( 46.50000000003295500, 23.24999999999999600, 18.68068722757958600 ) ) ;
#9668 = CARTESIAN_POINT ( 'NONE',  ( 0.0000000000000000000, 23.24999999999999600, 18.68068722757959000 ) ) ;
#9669 = CARTESIAN_POINT ( 'NONE',  ( -1.771609795713294200E-011, -25.00000000000000000, 0.0000000000000000000 ) ) ;
#9670 = CARTESIAN_POINT ( 'NONE',  ( 50.00000000001772100, -25.00000000003543800, 0.0000000000000000000 ) ) ;
#9671 = CARTESIAN_POINT ( 'NONE',  ( 50.00000000003544900, 25.00000000000000000, 0.0000000000000000000 ) ) ;
#9672 = CARTESIAN_POINT ( 'NONE',  ( 0.0000000000000000000, 25.00000000000000000, 0.0000000000000000000 ) ) ;
#9673 = CARTESIAN_POINT ( 'NONE',  ( 22.14465191086945600, 1.000000000000000000, 34.13658243061146200 ) ) ;
#9674 = B_SPLINE_CURVE_WITH_KNOTS ( 'NONE', 3,
 ( #9705, #9704, #9703, #9702, #9701, #9700, #9699, #9698 ),
 .UNSPECIFIED., .F., .F.,
 ( 4, 2, 2, 4 ),
 ( 0.0000000000000000000, 0.02505648205854301200, 0.03758472308781452700, 0.05011296411708603800 ),
 .UNSPECIFIED. ) ;
#9675 = CARTESIAN_POINT ( 'NONE',  ( 0.0000000000000000000, 0.0000000000000000000, 55.00000000000000000 ) ) ;
#9676 = CARTESIAN_POINT ( 'NONE',  ( 18.30822844735953900, -11.27203491474785000, 55.00000000000000000 ) ) ;
#9677 = DIRECTION ( 'NONE',  ( -0.8262387743160017900, 0.5633200580636117400, -0.0000000000000000000 ) ) ;
#9678 = VECTOR ( 'NONE', #9677, 1000.000000000000100 ) ;
#9679 = CARTESIAN_POINT ( 'NONE',  ( 17.91433431869964800, -11.00348244501984100, 55.00000000000000000 ) ) ;
#9680 = LINE ( 'NONE', #9679, #9678 ) ;
#9681 = CARTESIAN_POINT ( 'NONE',  ( 2.829016730645971000, 24.36911475272342600, 5.000000000000000900 ) ) ;
#9682 = CARTESIAN_POINT ( 'NONE',  ( 2.771185135240259400, 23.59740574276574800, 13.31653176580499600 ) ) ;
#9683 = CARTESIAN_POINT ( 'NONE',  ( 2.715371611027557600, 22.85262602139948000, 21.63629758780137300 ) ) ;
#9684 = CARTESIAN_POINT ( 'NONE',  ( 2.652078541575940500, 22.00803870505394500, 34.13601042383937300 ) ) ;
#9685 = CARTESIAN_POINT ( 'NONE',  ( 2.634412792964767800, 21.77230567235349700, 38.30585360546408000 ) ) ;
#9686 = CARTESIAN_POINT ( 'NONE',  ( 2.609462400740429900, 21.43936582612545600, 46.64895751929454800 ) ) ;
#9687 = CARTESIAN_POINT ( 'NONE',  ( 2.602161959199584800, 21.34194820390336700, 50.82283696912820400 ) ) ;
#9688 = CARTESIAN_POINT ( 'NONE',  ( 2.602161959199583900, 21.34194820390336700, 55.00000000000000000 ) ) ;
#9689 = CARTESIAN_POINT ( 'NONE',  ( 17.91433431869964800, -11.00348244501984100, 55.00000000000000000 ) ) ;
#9690 = B_SPLINE_CURVE_WITH_KNOTS ( 'NONE', 3,
 ( #9688, #9687, #9686, #9685, #9684, #9683, #9682, #9681 ),
 .UNSPECIFIED., .F., .F.,
 ( 4, 2, 2, 4 ),
 ( 0.0000000000000000000, 0.01252441626355261700, 0.02504883252710523500, 0.05009766505421045500 ),
 .UNSPECIFIED. ) ;
#9691 = CARTESIAN_POINT ( 'NONE',  ( 4.479591214258873000, 24.12033067863731300, 5.000000000000000900 ) ) ;
#9692 = CARTESIAN_POINT ( 'NONE',  ( 2.829016730645971000, 24.36911475272342600, 5.000000000000000900 ) ) ;
#9693 = DIRECTION ( 'NONE',  ( -1.000000000000000000, 1.243449787580175200E-014, 0.0000000000000000000 ) ) ;
#9694 = DIRECTION ( 'NONE',  ( 0.0000000000000000000, 0.0000000000000000000, 1.000000000000000000 ) ) ;
#9695 = CARTESIAN_POINT ( 'NONE',  ( 0.0000000000000000000, 0.0000000000000000000, 4.999999999999999100 ) ) ;
#9696 = AXIS2_PLACEMENT_3D ( 'NONE', #9695, #9694, #9693 ) ;
#9697 = CIRCLE ( 'NONE', #9696, 24.53277582120860200 ) ;
#9698 = CARTESIAN_POINT ( 'NONE',  ( 0.6077543648372230000, 21.49140839107620900, 55.00000000000000000 ) ) ;
#9699 = CARTESIAN_POINT ( 'NONE',  ( 0.6077543648372230000, 21.49140839107620600, 50.82224149722621600 ) ) ;
#9700 = CARTESIAN_POINT ( 'NONE',  ( 0.6150565632615144800, 21.58884945727870900, 46.64819525586468500 ) ) ;
#9701 = CARTESIAN_POINT ( 'NONE',  ( 0.6400071899087924600, 21.92179243166348400, 38.30536254662526800 ) ) ;
#9702 = CARTESIAN_POINT ( 'NONE',  ( 0.6576681125568075700, 22.15746106636093100, 34.13658243061146200 ) ) ;
#9703 = CARTESIAN_POINT ( 'NONE',  ( 0.7209679973770506400, 23.00213932748046000, 21.63548705574657700 ) ) ;
#9704 = CARTESIAN_POINT ( 'NONE',  ( 0.7767770290403903700, 23.74685909994171200, 13.31660537112158900 ) ) ;
#9705 = CARTESIAN_POINT ( 'NONE',  ( 0.8346091362836098900, 24.51857493989627200, 5.000000000000001800 ) ) ;
#9706 = CARTESIAN_POINT ( 'NONE',  ( 0.8346091362836098900, 24.51857493989627200, 5.000000000000001800 ) ) ;
#9707 = CARTESIAN_POINT ( 'NONE',  ( 5.753950285011522500, -20.71574416036303700, 55.00000000000000000 ) ) ;
#9708 = DIRECTION ( 'NONE',  ( -0.2225209339563254700, 0.9749279121818210700, -0.0000000000000000000 ) ) ;
#9709 = VECTOR ( 'NONE', #9708, 1000.000000000000000 ) ;
#9710 = CARTESIAN_POINT ( 'NONE',  ( 5.647867525264654600, -20.25096522186191100, 55.00000000000000000 ) ) ;
#9711 = LINE ( 'NONE', #9710, #9709 ) ;
#9712 = CARTESIAN_POINT ( 'NONE',  ( 5.647867525264654600, -20.25096522186191100, 55.00000000000000000 ) ) ;
#9713 = DIRECTION ( 'NONE',  ( 0.2225209339563260200, -0.9749279121818209500, 0.0000000000000000000 ) ) ;
#9714 = DIRECTION ( 'NONE',  ( 0.0000000000000000000, 0.0000000000000000000, 1.000000000000000000 ) ) ;
#9715 = CARTESIAN_POINT ( 'NONE',  ( 4.672939613082833800, -20.47348615581823600, 55.00000000000000000 ) ) ;
#9716 = AXIS2_PLACEMENT_3D ( 'NONE', #9715, #9714, #9713 ) ;
#9717 = CIRCLE ( 'NONE', #9716, 0.9999999999999991100 ) ;
#9718 = DIRECTION ( 'NONE',  ( 0.2225209339563254700, -0.9749279121818210700, 0.0000000000000000000 ) ) ;
#9719 = VECTOR ( 'NONE', #9718, 1000.000000000000000 ) ;
#9720 = CARTESIAN_POINT ( 'NONE',  ( 3.698011700901012900, -20.69600708977456100, 55.00000000000000000 ) ) ;
#9721 = LINE ( 'NONE', #9720, #9719 ) ;
#9722 = DIRECTION ( 'NONE',  ( 0.7330518718298351100, -0.6801727377709100300, 0.0000000000000000000 ) ) ;
#9723 = VECTOR ( 'NONE', #9722, 999.9999999999998900 ) ;
#9724 = CARTESIAN_POINT ( 'NONE',  ( 14.71391657065562000, -15.01667936501893900, 55.00000000000000000 ) ) ;
#9725 = LINE ( 'NONE', #9724, #9723 ) ;
#9726 = CARTESIAN_POINT ( 'NONE',  ( 15.06338555866813800, -15.34093919911384800, 55.00000000000000000 ) ) ;
#9727 = DIRECTION ( 'NONE',  ( -1.000000000000000000, 0.0000000000000000000, 0.0000000000000000000 ) ) ;
#9728 = DIRECTION ( 'NONE',  ( -0.0000000000000000000, -0.0000000000000000000, -1.000000000000000000 ) ) ;
#9729 = CARTESIAN_POINT ( 'NONE',  ( 0.0000000000000000000, 0.0000000000000000000, 55.00000000000000000 ) ) ;
#9730 = AXIS2_PLACEMENT_3D ( 'NONE', #9729, #9728, #9727 ) ;
#9731 = CIRCLE ( 'NONE', #9730, 21.49999999999999300 ) ;
#9732 = CARTESIAN_POINT ( 'NONE',  ( 18.91598281219682700, -10.21937347632788100, 55.00000000000000000 ) ) ;
#9733 = DIRECTION ( 'NONE',  ( -1.000000000000000000, 0.0000000000000000000, 0.0000000000000000000 ) ) ;
#9734 = DIRECTION ( 'NONE',  ( -0.0000000000000000000, -0.0000000000000000000, -1.000000000000000000 ) ) ;
#9735 = AXIS2_PLACEMENT_3D ( 'NONE', #9675, #9734, #9733 ) ;
#9736 = CIRCLE ( 'NONE', #9735, 21.49999999999999300 ) ;
#9737 = DIRECTION ( 'NONE',  ( 0.6234898018587431400, -0.7818314824680221400, 0.0000000000000000000 ) ) ;
#9738 = VECTOR ( 'NONE', #9737, 1000.000000000000000 ) ;
#9739 = CARTESIAN_POINT ( 'NONE',  ( 12.31145435656558000, -17.04195093368720400, 55.00000000000000000 ) ) ;
#9740 = LINE ( 'NONE', #9739, #9738 ) ;
#9741 = CARTESIAN_POINT ( 'NONE',  ( 12.60869164421864300, -17.41467470327857500, 55.00000000000000000 ) ) ;
#9742 = DIRECTION ( 'NONE',  ( -1.000000000000000000, 0.0000000000000000000, 0.0000000000000000000 ) ) ;
#9743 = DIRECTION ( 'NONE',  ( -0.0000000000000000000, -0.0000000000000000000, -1.000000000000000000 ) ) ;
#9744 = CARTESIAN_POINT ( 'NONE',  ( 0.0000000000000000000, 0.0000000000000000000, 55.00000000000000000 ) ) ;
#9745 = AXIS2_PLACEMENT_3D ( 'NONE', #9744, #9743, #9742 ) ;
#9746 = CIRCLE ( 'NONE', #9745, 21.49999999999999300 ) ;
#9747 = CARTESIAN_POINT ( 'NONE',  ( 11.60439120124190800, -18.09939515145572000, 55.00000000000000000 ) ) ;
#9748 = DIRECTION ( 'NONE',  ( -0.5000000000000101000, 0.8660254037844328200, -0.0000000000000000000 ) ) ;
#9749 = VECTOR ( 'NONE', #9748, 1000.000000000000000 ) ;
#9750 = CARTESIAN_POINT ( 'NONE',  ( 11.36602540378464200, -17.68653347947307400, 55.00000000000000000 ) ) ;
#9751 = LINE ( 'NONE', #9750, #9749 ) ;
#9752 = CARTESIAN_POINT ( 'NONE',  ( 11.36602540378464200, -17.68653347947307400, 55.00000000000000000 ) ) ;
#9753 = DIRECTION ( 'NONE',  ( 0.5000000000000108800, -0.8660254037844323800, 0.0000000000000000000 ) ) ;
#9754 = DIRECTION ( 'NONE',  ( 0.0000000000000000000, 0.0000000000000000000, 1.000000000000000000 ) ) ;
#9755 = CARTESIAN_POINT ( 'NONE',  ( 10.50000000000021000, -18.18653347947308400, 55.00000000000000000 ) ) ;
#9756 = AXIS2_PLACEMENT_3D ( 'NONE', #9755, #9754, #9753 ) ;
#9757 = CIRCLE ( 'NONE', #9756, 1.000000000000000000 ) ;
#9758 = CARTESIAN_POINT ( 'NONE',  ( 9.633974596215775700, -18.68653347947309500, 55.00000000000000000 ) ) ;
#9759 = DIRECTION ( 'NONE',  ( 0.5000000000000101000, -0.8660254037844328200, 0.0000000000000000000 ) ) ;
#9760 = VECTOR ( 'NONE', #9759, 1000.000000000000000 ) ;
#9761 = CARTESIAN_POINT ( 'NONE',  ( 9.633974596215775700, -18.68653347947309500, 55.00000000000000000 ) ) ;
#9762 = LINE ( 'NONE', #9761, #9760 ) ;
#9763 = CARTESIAN_POINT ( 'NONE',  ( 9.872340393673043800, -19.09939515145574200, 55.00000000000000000 ) ) ;
#9764 = CARTESIAN_POINT ( 'NONE',  ( 14.17235460915468800, -16.16769509956108700, 55.00000000000000000 ) ) ;
#9765 = DIRECTION ( 'NONE',  ( -0.6234898018587431400, 0.7818314824680221400, -0.0000000000000000000 ) ) ;
#9766 = VECTOR ( 'NONE', #9765, 1000.000000000000000 ) ;
#9767 = CARTESIAN_POINT ( 'NONE',  ( 13.87511732150162500, -15.79497132996971600, 55.00000000000000000 ) ) ;
#9768 = LINE ( 'NONE', #9767, #9766 ) ;
#9769 = CARTESIAN_POINT ( 'NONE',  ( 9.886254124097654000, 22.45259603893143900, 5.000000000000000900 ) ) ;
#9770 = DIRECTION ( 'NONE',  ( -1.000000000000000000, 1.154631945610162800E-014, 0.0000000000000000000 ) ) ;
#9771 = DIRECTION ( 'NONE',  ( 0.0000000000000000000, 0.0000000000000000000, 1.000000000000000000 ) ) ;
#9772 = CARTESIAN_POINT ( 'NONE',  ( 0.0000000000000000000, 0.0000000000000000000, 4.999999999999999100 ) ) ;
#9773 = AXIS2_PLACEMENT_3D ( 'NONE', #9772, #9771, #9770 ) ;
#9774 = CARTESIAN_POINT ( 'NONE',  ( 6.915457372283930800, 20.35746667274991100, 55.00000000000000000 ) ) ;
#9775 = CARTESIAN_POINT ( 'NONE',  ( 6.915457372283931600, 20.35746667274991500, 50.82224149722621600 ) ) ;
#9776 = CARTESIAN_POINT ( 'NONE',  ( 6.951156412983941400, 20.44842634500969000, 46.64819525586468500 ) ) ;
#9777 = CARTESIAN_POINT ( 'NONE',  ( 7.073135217779074500, 20.75922327090025400, 38.30536254662526800 ) ) ;
#9778 = CARTESIAN_POINT ( 'NONE',  ( 7.159476064710031700, 20.97921616105851300, 34.13658243061145500 ) ) ;
#9779 = CARTESIAN_POINT ( 'NONE',  ( 7.468937001431038800, 21.76770976843267700, 21.63548705574657700 ) ) ;
#9780 = CARTESIAN_POINT ( 'NONE',  ( 7.741776600824864300, 22.46289373006625900, 13.31660537112158100 ) ) ;
#9781 = CARTESIAN_POINT ( 'NONE',  ( 8.024506626809257500, 23.18327808766422000, 4.999999999999999100 ) ) ;
#9782 = CIRCLE ( 'NONE', #9773, 24.53277582120860200 ) ;
#9783 = B_SPLINE_CURVE_WITH_KNOTS ( 'NONE', 3,
 ( #9781, #9780, #9779, #9778, #9777, #9776, #9775, #9774 ),
 .UNSPECIFIED., .F., .F.,
 ( 4, 2, 2, 4 ),
 ( 0.0000000000000000000, 0.02505648205854302600, 0.03758472308781452700, 0.05011296411708603800 ),
 .UNSPECIFIED. ) ;
#9784 = CARTESIAN_POINT ( 'NONE',  ( 8.024506626809257500, 23.18327808766422000, 4.999999999999999100 ) ) ;
#9785 = CARTESIAN_POINT ( 'NONE',  ( 6.429447038622520900, 23.67528881072468400, 5.000000000000000900 ) ) ;
#9786 = CARTESIAN_POINT ( 'NONE',  ( 6.257244114682907600, 22.92081850483870700, 13.31653176580499200 ) ) ;
#9787 = CARTESIAN_POINT ( 'NONE',  ( 6.091050323946640300, 22.19267593173632500, 21.63629758780138000 ) ) ;
#9788 = CARTESIAN_POINT ( 'NONE',  ( 5.902584978174676400, 21.36695530039941500, 34.13601042383937300 ) ) ;
#9789 = CARTESIAN_POINT ( 'NONE',  ( 5.849982355973349300, 21.13648815411237400, 38.30585360546407300 ) ) ;
#9790 = CARTESIAN_POINT ( 'NONE',  ( 5.775688529833344000, 20.81098563388255200, 46.64895751929454800 ) ) ;
#9791 = CARTESIAN_POINT ( 'NONE',  ( 5.753950285011225900, 20.71574416036312600, 50.82283696912821100 ) ) ;
#9792 = CARTESIAN_POINT ( 'NONE',  ( 5.753950285011225900, 20.71574416036312300, 55.00000000000000000 ) ) ;
#9793 = B_SPLINE_CURVE_WITH_KNOTS ( 'NONE', 3,
 ( #9792, #9791, #9790, #9789, #9788, #9787, #9786, #9785 ),
 .UNSPECIFIED., .F., .F.,
 ( 4, 2, 2, 4 ),
 ( 0.0000000000000000000, 0.01252441626355261200, 0.02504883252710522400, 0.05009766505421044800 ),
 .UNSPECIFIED. ) ;
#9794 = CARTESIAN_POINT ( 'NONE',  ( 16.42373103420995800, -13.87483545545417800, 55.00000000000000000 ) ) ;
#9795 = DIRECTION ( 'NONE',  ( -0.7330518718298351100, 0.6801727377709100300, -0.0000000000000000000 ) ) ;
#9796 = VECTOR ( 'NONE', #9795, 999.9999999999998900 ) ;
#9797 = CARTESIAN_POINT ( 'NONE',  ( 16.07426204619744000, -13.55057562135927200, 55.00000000000000000 ) ) ;
#9798 = LINE ( 'NONE', #9797, #9796 ) ;
#9799 = CARTESIAN_POINT ( 'NONE',  ( 16.07426204619744000, -13.55057562135927200, 55.00000000000000000 ) ) ;
#9800 = DIRECTION ( 'NONE',  ( 0.7330518718298353300, -0.6801727377709094700, 0.0000000000000000000 ) ) ;
#9801 = DIRECTION ( 'NONE',  ( 0.0000000000000000000, 0.0000000000000000000, 1.000000000000000000 ) ) ;
#9802 = CARTESIAN_POINT ( 'NONE',  ( 15.39408930842653000, -14.28362749318910700, 55.00000000000000000 ) ) ;
#9803 = AXIS2_PLACEMENT_3D ( 'NONE', #9802, #9801, #9800 ) ;
#9804 = CIRCLE ( 'NONE', #9803, 1.000000000000000900 ) ;
#9805 = CARTESIAN_POINT ( 'NONE',  ( 9.872340393672779200, 19.09939515145588000, 55.00000000000000000 ) ) ;
#9806 = CARTESIAN_POINT ( 'NONE',  ( 9.872340393672779200, 19.09939515145588000, 50.82224149722621600 ) ) ;
#9807 = CARTESIAN_POINT ( 'NONE',  ( 9.921197541267851200, 19.18401821340343700, 46.64819525586468500 ) ) ;
#9808 = CARTESIAN_POINT ( 'NONE',  ( 10.08813582175069400, 19.47316379692790300, 38.30536254662526800 ) ) ;
#9809 = CARTESIAN_POINT ( 'NONE',  ( 10.20630055165024400, 19.67783111277658700, 34.13658243061146200 ) ) ;
#9810 = CARTESIAN_POINT ( 'NONE',  ( 10.62982393950095500, 20.41139513872772000, 21.63548705574657700 ) ) ;
#9811 = CARTESIAN_POINT ( 'NONE',  ( 11.00322793904767200, 21.05814983769205300, 13.31660537112158600 ) ) ;
#9812 = CARTESIAN_POINT ( 'NONE',  ( 11.39016782141473900, 21.72834937342653900, 5.000000000000000000 ) ) ;
#9813 = CARTESIAN_POINT ( 'NONE',  ( 14.71391657065562000, -15.01667936501893900, 55.00000000000000000 ) ) ;
#9814 = B_SPLINE_CURVE_WITH_KNOTS ( 'NONE', 3,
 ( #9812, #9811, #9810, #9809, #9808, #9807, #9806, #9805 ),
 .UNSPECIFIED., .F., .F.,
 ( 4, 2, 2, 4 ),
 ( 0.0000000000000000000, 0.02505648205854300900, 0.03758472308781452000, 0.05011296411708603100 ),
 .UNSPECIFIED. ) ;
#9815 = CARTESIAN_POINT ( 'NONE',  ( 11.39016782141473900, 21.72834937342653900, 5.000000000000000000 ) ) ;
#9816 = CARTESIAN_POINT ( 'NONE',  ( 9.886254124097654000, 22.45259603893143900, 5.000000000000000900 ) ) ;
#9817 = CARTESIAN_POINT ( 'NONE',  ( 9.603526600388185800, 21.73221805702599600, 13.31653176580499400 ) ) ;
#9818 = CARTESIAN_POINT ( 'NONE',  ( 9.330665037786422600, 21.03697813405121800, 21.63629758780136900 ) ) ;
#9819 = CARTESIAN_POINT ( 'NONE',  ( 9.021237420089056200, 20.24856942216474900, 34.13601042383938000 ) ) ;
#9820 = CARTESIAN_POINT ( 'NONE',  ( 8.934872979954340300, 20.02851641750368800, 38.30585360546408700 ) ) ;
#9821 = CARTESIAN_POINT ( 'NONE',  ( 8.812895321207777900, 19.71772241169726300, 46.64895751929454100 ) ) ;
#9822 = CARTESIAN_POINT ( 'NONE',  ( 8.777204869572340600, 19.62678462401712700, 50.82283696912819000 ) ) ;
#9823 = CARTESIAN_POINT ( 'NONE',  ( 8.777204869572340600, 19.62678462401712700, 55.00000000000000000 ) ) ;
#9824 = B_SPLINE_CURVE_WITH_KNOTS ( 'NONE', 3,
 ( #9823, #9822, #9821, #9820, #9819, #9818, #9817, #9816 ),
 .UNSPECIFIED., .F., .F.,
 ( 4, 2, 2, 4 ),
 ( 0.0000000000000000000, 0.01252441626355261700, 0.02504883252710523500, 0.05009766505421045500 ),
 .UNSPECIFIED. ) ;
#9825 = CARTESIAN_POINT ( 'NONE',  ( 23.12861472251051600, 8.180725549200834800, 5.000000000000000900 ) ) ;
#9826 = CIRCLE ( 'NONE', #9873, 24.53277582120860200 ) ;
#9827 = CARTESIAN_POINT ( 'NONE',  ( 23.12861472251051600, 8.180725549200834800, 5.000000000000000900 ) ) ;
#9828 = B_SPLINE_CURVE_WITH_KNOTS ( 'NONE', 3,
 ( #9825, #9880, #9879, #9878, #9877, #9876, #9875, #9874 ),
 .UNSPECIFIED., .F., .F.,
 ( 4, 2, 2, 4 ),
 ( 0.0000000000000000000, 0.02505648205854301600, 0.03758472308781452000, 0.05011296411708603100 ),
 .UNSPECIFIED. ) ;
#9829 = CARTESIAN_POINT ( 'NONE',  ( 23.12861472251062600, -8.180725549200504400, 5.000000000000000900 ) ) ;
#9830 = DIRECTION ( 'NONE',  ( 0.9555728057861447900, -0.2947551744108910500, 0.0000000000000000000 ) ) ;
#9831 = DIRECTION ( 'NONE',  ( 0.0000000000000000000, 0.0000000000000000000, 1.000000000000000000 ) ) ;
#9832 = CARTESIAN_POINT ( 'NONE',  ( 20.06702892150903500, -6.189858662628712900, 55.00000000000000000 ) ) ;
#9833 = AXIS2_PLACEMENT_3D ( 'NONE', #9832, #9831, #9830 ) ;
#9834 = CIRCLE ( 'NONE', #9833, 0.9999999999999996700 ) ;
#9835 = DIRECTION ( 'NONE',  ( 0.8262387743160022300, -0.5633200580636110700, 0.0000000000000000000 ) ) ;
#9836 = DIRECTION ( 'NONE',  ( 0.0000000000000000000, 0.0000000000000000000, 1.000000000000000000 ) ) ;
#9837 = CARTESIAN_POINT ( 'NONE',  ( 17.35101426063603500, -11.82972121933584300, 55.00000000000000000 ) ) ;
#9838 = AXIS2_PLACEMENT_3D ( 'NONE', #9837, #9836, #9835 ) ;
#9839 = CIRCLE ( 'NONE', #9838, 1.000000000000001800 ) ;
#9840 = CARTESIAN_POINT ( 'NONE',  ( 16.78769420257242500, -12.65595999365184500, 55.00000000000000000 ) ) ;
#9841 = DIRECTION ( 'NONE',  ( 0.8262387743160017900, -0.5633200580636117400, 0.0000000000000000000 ) ) ;
#9842 = VECTOR ( 'NONE', #9841, 1000.000000000000100 ) ;
#9843 = CARTESIAN_POINT ( 'NONE',  ( 16.78769420257242500, -12.65595999365184500, 55.00000000000000000 ) ) ;
#9844 = LINE ( 'NONE', #9843, #9842 ) ;
#9845 = CARTESIAN_POINT ( 'NONE',  ( 17.18158833123231200, -12.92451246337985400, 55.00000000000000000 ) ) ;
#9846 = DIRECTION ( 'NONE',  ( -1.000000000000000000, 0.0000000000000000000, 0.0000000000000000000 ) ) ;
#9847 = DIRECTION ( 'NONE',  ( -0.0000000000000000000, -0.0000000000000000000, -1.000000000000000000 ) ) ;
#9848 = CARTESIAN_POINT ( 'NONE',  ( 0.0000000000000000000, 0.0000000000000000000, 55.00000000000000000 ) ) ;
#9849 = AXIS2_PLACEMENT_3D ( 'NONE', #9848, #9847, #9846 ) ;
#9850 = CIRCLE ( 'NONE', #9849, 21.49999999999999300 ) ;
#9851 = CARTESIAN_POINT ( 'NONE',  ( 21.18443488868535200, 4.204335133181584400, 46.64819525586468500 ) ) ;
#9852 = CARTESIAN_POINT ( 'NONE',  ( 21.51458232432225500, 4.254096852451020500, 38.30536254662526800 ) ) ;
#9853 = CARTESIAN_POINT ( 'NONE',  ( 21.74827217931674300, 4.289319930703676700, 34.13658243061145500 ) ) ;
#9854 = CARTESIAN_POINT ( 'NONE',  ( 22.58585814238491100, 4.415565701711439100, 21.63548705574657700 ) ) ;
#9855 = CARTESIAN_POINT ( 'NONE',  ( 23.32432491316001600, 4.526871658294782100, 13.31660537112158100 ) ) ;
#9856 = CARTESIAN_POINT ( 'NONE',  ( 24.08956108032098000, 4.642212452178643600, 4.999999999999999100 ) ) ;
#9857 = CARTESIAN_POINT ( 'NONE',  ( 24.38764561267331400, 2.664550799728417000, 5.000000000000000900 ) ) ;
#9858 = B_SPLINE_CURVE_WITH_KNOTS ( 'NONE', 3,
 ( #9856, #9855, #9854, #9853, #9852, #9851, #9910, #9909 ),
 .UNSPECIFIED., .F., .F.,
 ( 4, 2, 2, 4 ),
 ( 0.0000000000000000000, 0.02505648205854302600, 0.03758472308781452700, 0.05011296411708603800 ),
 .UNSPECIFIED. ) ;
#9859 = CARTESIAN_POINT ( 'NONE',  ( 24.08956108032098000, 4.642212452178643600, 4.999999999999999100 ) ) ;
#9860 = CARTESIAN_POINT ( 'NONE',  ( 23.71812507133232700, 6.269579937628555500, 5.000000000000000900 ) ) ;
#9861 = CARTESIAN_POINT ( 'NONE',  ( 22.97863315806424500, 6.041476891423227100, 13.31653176580499400 ) ) ;
#9862 = CARTESIAN_POINT ( 'NONE',  ( 22.26494629681247200, 5.821333649600891400, 21.63629758780136900 ) ) ;
#9863 = CARTESIAN_POINT ( 'NONE',  ( 21.45561858075980800, 5.571689111103978600, 34.13601042383937300 ) ) ;
#9864 = CARTESIAN_POINT ( 'NONE',  ( 21.22972686623687400, 5.502010745092478700, 38.30585360546408000 ) ) ;
#9865 = CARTESIAN_POINT ( 'NONE',  ( 20.91068650165197000, 5.403599825759153300, 46.64895751929454800 ) ) ;
#9866 = CARTESIAN_POINT ( 'NONE',  ( 20.81733584367922800, 5.374804961249077800, 50.82283696912820400 ) ) ;
#9867 = CARTESIAN_POINT ( 'NONE',  ( 20.81733584367922800, 5.374804961249078700, 55.00000000000000000 ) ) ;
#9868 = B_SPLINE_CURVE_WITH_KNOTS ( 'NONE', 3,
 ( #9867, #9866, #9865, #9864, #9863, #9862, #9861, #9860 ),
 .UNSPECIFIED., .F., .F.,
 ( 4, 2, 2, 4 ),
 ( 0.0000000000000000000, 0.01252441626355261700, 0.02504883252710523500, 0.05009766505421045500 ),
 .UNSPECIFIED. ) ;
#9869 = CARTESIAN_POINT ( 'NONE',  ( 23.71812507133232700, 6.269579937628555500, 5.000000000000000900 ) ) ;
#9870 = DIRECTION ( 'NONE',  ( -1.000000000000000000, 0.0000000000000000000, 0.0000000000000000000 ) ) ;
#9871 = DIRECTION ( 'NONE',  ( 0.0000000000000000000, 0.0000000000000000000, 1.000000000000000000 ) ) ;
#9872 = CARTESIAN_POINT ( 'NONE',  ( 0.0000000000000000000, 0.0000000000000000000, 4.999999999999999100 ) ) ;
#9873 = AXIS2_PLACEMENT_3D ( 'NONE', #9872, #9871, #9870 ) ;
#9874 = CARTESIAN_POINT ( 'NONE',  ( 20.22782549485741700, 7.285950572821361600, 55.00000000000000000 ) ) ;
#9875 = CARTESIAN_POINT ( 'NONE',  ( 20.22782549485741700, 7.285950572821360700, 50.82224149722621600 ) ) ;
#9876 = CARTESIAN_POINT ( 'NONE',  ( 20.32119861807768000, 7.314752366942570000, 46.64819525586467100 ) ) ;
#9877 = CARTESIAN_POINT ( 'NONE',  ( 20.64024198022589500, 7.413164210901722800, 38.30536254662527500 ) ) ;
#9878 = CARTESIAN_POINT ( 'NONE',  ( 20.86607198521604200, 7.482823542043248300, 34.13658243061146200 ) ) ;
#9879 = CARTESIAN_POINT ( 'NONE',  ( 21.67548684930515200, 7.732494962149314900, 21.63548705574657300 ) ) ;
#9880 = CARTESIAN_POINT ( 'NONE',  ( 22.38911626438239800, 7.952620484173554200, 13.31660537112158800 ) ) ;
#9881 = CARTESIAN_POINT ( 'NONE',  ( 24.38764561267331400, 2.664550799728417000, 5.000000000000000900 ) ) ;
#9882 = CARTESIAN_POINT ( 'NONE',  ( 23.62241621816150400, 2.549211026657171300, 13.31653176580499400 ) ) ;
#9883 = CARTESIAN_POINT ( 'NONE',  ( 22.88389000183933300, 2.437896110099219400, 21.63629758780136900 ) ) ;
#9884 = CARTESIAN_POINT ( 'NONE',  ( 22.04639421993199700, 2.311663931714401400, 34.13601042383937300 ) ) ;
#9885 = CARTESIAN_POINT ( 'NONE',  ( 21.81264050764906800, 2.276431228524165900, 38.30585360546408000 ) ) ;
#9886 = CARTESIAN_POINT ( 'NONE',  ( 21.48249617390348800, 2.226669976789624500, 46.64895751929454800 ) ) ;
#9887 = CARTESIAN_POINT ( 'NONE',  ( 21.38589651379082200, 2.212109920738385000, 50.82283696912820400 ) ) ;
#9888 = CARTESIAN_POINT ( 'NONE',  ( 21.38589651379082200, 2.212109920738384500, 55.00000000000000000 ) ) ;
#9889 = CARTESIAN_POINT ( 'NONE',  ( 18.48646248683336800, -10.01252738937089500, 55.00000000000000000 ) ) ;
#9890 = LINE ( 'NONE', #9889, #9419 ) ;
#9891 = CARTESIAN_POINT ( 'NONE',  ( 21.47673159491452200, 0.9999999999999976700, 50.82224149722621600 ) ) ;
#9892 = CARTESIAN_POINT ( 'NONE',  ( 24.51238645039845200, 1.000000000000000400, 5.000000000000000900 ) ) ;
#9893 = B_SPLINE_CURVE_WITH_KNOTS ( 'NONE', 3,
 ( #9888, #9887, #9886, #9885, #9884, #9883, #9882, #9881 ),
 .UNSPECIFIED., .F., .F.,
 ( 4, 2, 2, 4 ),
 ( 0.0000000000000000000, 0.01252441626355261700, 0.02504883252710523500, 0.05009766505421045500 ),
 .UNSPECIFIED. ) ;
#9894 = DIRECTION ( 'NONE',  ( -1.000000000000000000, 0.0000000000000000000, 0.0000000000000000000 ) ) ;
#9895 = DIRECTION ( 'NONE',  ( 0.0000000000000000000, 0.0000000000000000000, 1.000000000000000000 ) ) ;
#9896 = CARTESIAN_POINT ( 'NONE',  ( 0.0000000000000000000, 0.0000000000000000000, 4.999999999999999100 ) ) ;
#9897 = AXIS2_PLACEMENT_3D ( 'NONE', #9896, #9895, #9894 ) ;
#9898 = CIRCLE ( 'NONE', #9897, 24.53277582120860200 ) ;
#9899 = CARTESIAN_POINT ( 'NONE',  ( 12.60869164421839300, 17.41467470327875200, 55.00000000000000000 ) ) ;
#9900 = CARTESIAN_POINT ( 'NONE',  ( 12.60869164421839300, 17.41467470327875200, 50.82224149722621600 ) ) ;
#9901 = CARTESIAN_POINT ( 'NONE',  ( 12.66961551076526000, 17.49107081554558400, 46.64819525586468500 ) ) ;
#9902 = CARTESIAN_POINT ( 'NONE',  ( 12.87778414160703600, 17.75210602216671100, 38.30536254662526800 ) ) ;
#9903 = CARTESIAN_POINT ( 'NONE',  ( 13.02513314967055700, 17.93687583407231400, 34.13658243061146200 ) ) ;
#9904 = CARTESIAN_POINT ( 'NONE',  ( 13.55325817601771200, 18.59912367043871800, 21.63548705574657700 ) ) ;
#9905 = CARTESIAN_POINT ( 'NONE',  ( 14.01888534739899600, 19.18300167548893500, 13.31660537112158900 ) ) ;
#9906 = CARTESIAN_POINT ( 'NONE',  ( 14.50139148857556400, 19.78804523920302900, 5.000000000000000900 ) ) ;
#9907 = CARTESIAN_POINT ( 'NONE',  ( 13.12221862898361900, 20.72834937342655300, 5.000000000000000900 ) ) ;
#9908 = B_SPLINE_CURVE_WITH_KNOTS ( 'NONE', 3,
 ( #9906, #9905, #9904, #9903, #9902, #9901, #9900, #9899 ),
 .UNSPECIFIED., .F., .F.,
 ( 4, 2, 2, 4 ),
 ( 0.0000000000000000000, 0.02505648205854300900, 0.03758472308781452000, 0.05011296411708603100 ),
 .UNSPECIFIED. ) ;
#9909 = CARTESIAN_POINT ( 'NONE',  ( 21.08781198143847400, 4.189771573188640900, 55.00000000000000000 ) ) ;
#9910 = CARTESIAN_POINT ( 'NONE',  ( 21.08781198143847000, 4.189771573188641800, 50.82224149722621600 ) ) ;
#9911 = CARTESIAN_POINT ( 'NONE',  ( 4.307386766240340700, 23.36585369532529900, 13.31660537112158900 ) ) ;
#9912 = CARTESIAN_POINT ( 'NONE',  ( 4.479591214258873000, 24.12033067863731300, 5.000000000000000900 ) ) ;
#9913 = CARTESIAN_POINT ( 'NONE',  ( 0.0000000000000000000, 0.0000000000000000000, 4.999999999999999100 ) ) ;
#9914 = B_SPLINE_CURVE_WITH_KNOTS ( 'NONE', 3,
 ( #9912, #9911, #9966, #9965, #9964, #9963, #9962, #9961 ),
 .UNSPECIFIED., .F., .F.,
 ( 4, 2, 2, 4 ),
 ( 0.0000000000000000000, 0.02505648205854300900, 0.03758472308781452000, 0.05011296411708603100 ),
 .UNSPECIFIED. ) ;
#9915 = CARTESIAN_POINT ( 'NONE',  ( 19.77227374709814400, -7.145431468414858300, 55.00000000000000000 ) ) ;
#9916 = DIRECTION ( 'NONE',  ( 0.9555728057861447900, -0.2947551744108911600, 0.0000000000000000000 ) ) ;
#9917 = VECTOR ( 'NONE', #9916, 1000.000000000000100 ) ;
#9918 = CARTESIAN_POINT ( 'NONE',  ( 19.77227374709814400, -7.145431468414858300, 55.00000000000000000 ) ) ;
#9919 = LINE ( 'NONE', #9918, #9917 ) ;
#9920 = CARTESIAN_POINT ( 'NONE',  ( 20.22782549485752000, -7.285950572821071200, 55.00000000000000000 ) ) ;
#9921 = DIRECTION ( 'NONE',  ( -1.000000000000000000, 0.0000000000000000000, 0.0000000000000000000 ) ) ;
#9922 = DIRECTION ( 'NONE',  ( -0.0000000000000000000, -0.0000000000000000000, -1.000000000000000000 ) ) ;
#9923 = CARTESIAN_POINT ( 'NONE',  ( 0.0000000000000000000, 0.0000000000000000000, 55.00000000000000000 ) ) ;
#9924 = AXIS2_PLACEMENT_3D ( 'NONE', #9923, #9922, #9921 ) ;
#9925 = CIRCLE ( 'NONE', #9924, 21.49999999999999300 ) ;
#9926 = CARTESIAN_POINT ( 'NONE',  ( 19.78375029043192200, -8.417435740523028900, 55.00000000000000000 ) ) ;
#9927 = DIRECTION ( 'NONE',  ( -0.9009688679024249200, 0.4338837391175463000, -0.0000000000000000000 ) ) ;
#9928 = VECTOR ( 'NONE', #9927, 999.9999999999998900 ) ;
#9929 = CARTESIAN_POINT ( 'NONE',  ( 19.35422996506846300, -8.210589653566044500, 55.00000000000000000 ) ) ;
#9930 = LINE ( 'NONE', #9929, #9928 ) ;
#9931 = CARTESIAN_POINT ( 'NONE',  ( 19.35422996506846300, -8.210589653566044500, 55.00000000000000000 ) ) ;
#9932 = DIRECTION ( 'NONE',  ( 0.9009688679024250300, -0.4338837391175460200, 0.0000000000000000000 ) ) ;
#9933 = DIRECTION ( 'NONE',  ( 0.0000000000000000000, 0.0000000000000000000, 1.000000000000000000 ) ) ;
#9934 = CARTESIAN_POINT ( 'NONE',  ( 18.92034622595091500, -9.111558521468468900, 55.00000000000000000 ) ) ;
#9935 = AXIS2_PLACEMENT_3D ( 'NONE', #9934, #9933, #9932 ) ;
#9936 = CIRCLE ( 'NONE', #9935, 1.000000000000000400 ) ;
#9937 = CARTESIAN_POINT ( 'NONE',  ( 18.48646248683336800, -10.01252738937089500, 55.00000000000000000 ) ) ;
#9938 = CARTESIAN_POINT ( 'NONE',  ( 21.65101333068467700, -11.53649475569558200, 5.000000000000000900 ) ) ;
#9939 = CARTESIAN_POINT ( 'NONE',  ( 20.95377792602912600, -11.20072388147948500, 13.31653176580498700 ) ) ;
#9940 = CARTESIAN_POINT ( 'NONE',  ( 20.28087300499609600, -10.87666995063930200, 21.63629758780138000 ) ) ;
#9941 = CARTESIAN_POINT ( 'NONE',  ( 19.51779239860091800, -10.50918969849513500, 34.13601042383937300 ) ) ;
#9942 = CARTESIAN_POINT ( 'NONE',  ( 19.30480872946558100, -10.40662216921906400, 38.30585360546407300 ) ) ;
#9943 = CARTESIAN_POINT ( 'NONE',  ( 19.00399916858785300, -10.26175991960572300, 46.64895751929454800 ) ) ;
#9944 = CARTESIAN_POINT ( 'NONE',  ( 18.91598281219683000, -10.21937347632787900, 50.82283696912821100 ) ) ;
#9945 = CARTESIAN_POINT ( 'NONE',  ( 18.91598281219682700, -10.21937347632788100, 55.00000000000000000 ) ) ;
#9946 = DIRECTION ( 'NONE',  ( 0.0000000000000000000, 0.0000000000000000000, 1.000000000000000000 ) ) ;
#9947 = CARTESIAN_POINT ( 'NONE',  ( 0.0000000000000000000, 0.0000000000000000000, 4.999999999999999100 ) ) ;
#9948 = AXIS2_PLACEMENT_3D ( 'NONE', #9947, #9946, #9991 ) ;
#9949 = CIRCLE ( 'NONE', #9948, 24.53277582120860200 ) ;
#9950 = B_SPLINE_CURVE_WITH_KNOTS ( 'NONE', 3,
 ( #9945, #9944, #9943, #9942, #9941, #9940, #9939, #9938 ),
 .UNSPECIFIED., .F., .F.,
 ( 4, 2, 2, 4 ),
 ( 0.0000000000000000000, 0.01252441626355261200, 0.02504883252710522400, 0.05009766505421044800 ),
 .UNSPECIFIED. ) ;
#9951 = CARTESIAN_POINT ( 'NONE',  ( 13.87511732150162500, -15.79497132996971600, 55.00000000000000000 ) ) ;
#9952 = DIRECTION ( 'NONE',  ( 0.6234898018587444700, -0.7818314824680211400, 0.0000000000000000000 ) ) ;
#9953 = DIRECTION ( 'NONE',  ( 0.0000000000000000000, 0.0000000000000000000, 1.000000000000000000 ) ) ;
#9954 = CARTESIAN_POINT ( 'NONE',  ( 13.09328583903360300, -16.41846113182846200, 55.00000000000000000 ) ) ;
#9955 = AXIS2_PLACEMENT_3D ( 'NONE', #9954, #9953, #9952 ) ;
#9956 = CIRCLE ( 'NONE', #9955, 0.9999999999999993300 ) ;
#9957 = CARTESIAN_POINT ( 'NONE',  ( 12.31145435656558000, -17.04195093368720400, 55.00000000000000000 ) ) ;
#9958 = DIRECTION ( 'NONE',  ( -1.000000000000000000, 1.154631945610162800E-014, 0.0000000000000000000 ) ) ;
#9959 = DIRECTION ( 'NONE',  ( 0.0000000000000000000, 0.0000000000000000000, 1.000000000000000000 ) ) ;
#9960 = AXIS2_PLACEMENT_3D ( 'NONE', #9913, #9959, #9958 ) ;
#9961 = CARTESIAN_POINT ( 'NONE',  ( 3.804094460647576600, 21.16078602827574800, 55.00000000000000000 ) ) ;
#9962 = CARTESIAN_POINT ( 'NONE',  ( 3.804094460647575700, 21.16078602827574800, 50.82224149722621600 ) ) ;
#9963 = CARTESIAN_POINT ( 'NONE',  ( 3.825837936874171100, 21.25605042207579100, 46.64819525586468500 ) ) ;
#9964 = CARTESIAN_POINT ( 'NONE',  ( 3.900132461046377200, 21.58155600058451300, 38.30536254662526800 ) ) ;
#9965 = CARTESIAN_POINT ( 'NONE',  ( 3.952720713162263300, 21.81196018741351100, 34.13658243061146200 ) ) ;
#9966 = CARTESIAN_POINT ( 'NONE',  ( 4.141206352796024800, 22.63776973196844400, 21.63548705574657700 ) ) ;
#9967 = CIRCLE ( 'NONE', #9960, 24.53277582120860200 ) ;
#9968 = CARTESIAN_POINT ( 'NONE',  ( 6.429447038622520900, 23.67528881072468400, 5.000000000000000900 ) ) ;
#9969 = B_SPLINE_CURVE_WITH_KNOTS ( 'NONE', 3,
 ( #10019, #10018, #10017, #10016, #10015, #10014, #10013, #10012 ),
 .UNSPECIFIED., .F., .F.,
 ( 4, 2, 2, 4 ),
 ( 0.0000000000000000000, 0.01252441626355261700, 0.02504883252710523500, 0.05009766505421045500 ),
 .UNSPECIFIED. ) ;
#9970 = CARTESIAN_POINT ( 'NONE',  ( 17.18158833123213800, 12.92451246338009200, 55.00000000000000000 ) ) ;
#9971 = CARTESIAN_POINT ( 'NONE',  ( 17.18158833123214200, 12.92451246338009000, 50.82224149722621600 ) ) ;
#9972 = CARTESIAN_POINT ( 'NONE',  ( 17.26232367072319100, 12.97955688582024800, 46.64819525586468500 ) ) ;
#9973 = CARTESIAN_POINT ( 'NONE',  ( 17.53818543122832100, 13.16763624952952600, 38.30536254662526800 ) ) ;
#9974 = CARTESIAN_POINT ( 'NONE',  ( 17.73344999442749200, 13.30076537454570300, 34.13658243061146200 ) ) ;
#9975 = CARTESIAN_POINT ( 'NONE',  ( 18.43331288417134700, 13.77792381341642900, 21.63548705574657700 ) ) ;
#9976 = CARTESIAN_POINT ( 'NONE',  ( 19.05035460999169300, 14.19861573882811500, 13.31660537112158600 ) ) ;
#9977 = CARTESIAN_POINT ( 'NONE',  ( 19.68976407827357600, 14.63455773283241300, 5.000000000000000000 ) ) ;
#9978 = CARTESIAN_POINT ( 'NONE',  ( 20.81640419440081800, 12.98208018420042900, 5.000000000000000900 ) ) ;
#9979 = B_SPLINE_CURVE_WITH_KNOTS ( 'NONE', 3,
 ( #9977, #9976, #9975, #9974, #9973, #9972, #9971, #9970 ),
 .UNSPECIFIED., .F., .F.,
 ( 4, 2, 2, 4 ),
 ( 0.0000000000000000000, 0.02505648205854300900, 0.03758472308781452000, 0.05011296411708603100 ),
 .UNSPECIFIED. ) ;
#9980 = CARTESIAN_POINT ( 'NONE',  ( 19.68976407827357600, 14.63455773283241300, 5.000000000000000000 ) ) ;
#9981 = CARTESIAN_POINT ( 'NONE',  ( 18.64902350825155300, 15.93960512943651000, 5.000000000000000900 ) ) ;
#9982 = CARTESIAN_POINT ( 'NONE',  ( 18.08173451892308100, 15.41323786975584700, 13.31653176580499600 ) ) ;
#9983 = CARTESIAN_POINT ( 'NONE',  ( 17.53424144840758100, 14.90523853847580700, 21.63629758780137300 ) ) ;
#9984 = CARTESIAN_POINT ( 'NONE',  ( 16.91337907812688700, 14.32916244563581800, 34.13601042383937300 ) ) ;
#9985 = CARTESIAN_POINT ( 'NONE',  ( 16.74008998580529100, 14.16837366536026200, 38.30585360546408000 ) ) ;
#9986 = CARTESIAN_POINT ( 'NONE',  ( 16.49534344736040100, 13.94128206446375300, 46.64895751929454800 ) ) ;
#9987 = CARTESIAN_POINT ( 'NONE',  ( 16.42373103420975500, 13.87483545545441600, 50.82283696912820400 ) ) ;
#9988 = CARTESIAN_POINT ( 'NONE',  ( 16.42373103420975900, 13.87483545545441600, 55.00000000000000000 ) ) ;
#9989 = B_SPLINE_CURVE_WITH_KNOTS ( 'NONE', 3,
 ( #9988, #9987, #9986, #9985, #9984, #9983, #9982, #9981 ),
 .UNSPECIFIED., .F., .F.,
 ( 4, 2, 2, 4 ),
 ( 0.0000000000000000000, 0.01252441626355261700, 0.02504883252710523500, 0.05009766505421045500 ),
 .UNSPECIFIED. ) ;
#9990 = CARTESIAN_POINT ( 'NONE',  ( 18.64902350825155300, 15.93960512943651000, 5.000000000000000900 ) ) ;
#9991 = DIRECTION ( 'NONE',  ( -1.000000000000000000, 0.0000000000000000000, 0.0000000000000000000 ) ) ;
#9992 = CARTESIAN_POINT ( 'NONE',  ( 24.08956108032103700, -4.642212452178344300, 5.000000000000000900 ) ) ;
#9993 = CARTESIAN_POINT ( 'NONE',  ( 23.32433168580921600, -4.526872679107107400, 13.31653176580499400 ) ) ;
#9994 = CARTESIAN_POINT ( 'NONE',  ( 22.58580546948703800, -4.415557762549167500, 21.63629758780136900 ) ) ;
#9995 = CARTESIAN_POINT ( 'NONE',  ( 21.74830968757970200, -4.289325584164362000, 34.13601042383937300 ) ) ;
#9996 = CARTESIAN_POINT ( 'NONE',  ( 21.51455597529676900, -4.254092880974140700, 38.30585360546408000 ) ) ;
#9997 = CARTESIAN_POINT ( 'NONE',  ( 21.18441164155119300, -4.204331629239603400, 46.64895751929454800 ) ) ;
#9998 = CARTESIAN_POINT ( 'NONE',  ( 21.08781198143853400, -4.189771573188352200, 50.82283696912820400 ) ) ;
#9999 = CARTESIAN_POINT ( 'NONE',  ( 21.08781198143853400, -4.189771573188352200, 55.00000000000000000 ) ) ;
#10000 = B_SPLINE_CURVE_WITH_KNOTS ( 'NONE', 3,
 ( #10045, #10044, #10043, #10042, #10041, #10040, #10039, #10038 ),
 .UNSPECIFIED., .F., .F.,
 ( 4, 2, 2, 4 ),
 ( 0.0000000000000000000, 0.02505648205854301200, 0.03758472308781452700, 0.05011296411708603800 ),
 .UNSPECIFIED. ) ;
#10001 = B_SPLINE_CURVE_WITH_KNOTS ( 'NONE', 3,
 ( #9999, #9998, #9997, #9996, #9995, #9994, #9993, #9992 ),
 .UNSPECIFIED., .F., .F.,
 ( 4, 2, 2, 4 ),
 ( 0.0000000000000000000, 0.01252441626355261700, 0.02504883252710523500, 0.05009766505421045500 ),
 .UNSPECIFIED. ) ;
#10002 = CARTESIAN_POINT ( 'NONE',  ( 18.91598281219668100, 10.21937347632814800, 55.00000000000000000 ) ) ;
#10003 = CARTESIAN_POINT ( 'NONE',  ( 18.91598281219668100, 10.21937347632814900, 50.82224149722621600 ) ) ;
#10004 = CARTESIAN_POINT ( 'NONE',  ( 19.00402035011202900, 10.26177012009048400, 46.64819525586468500 ) ) ;
#10005 = CARTESIAN_POINT ( 'NONE',  ( 19.30483273726443700, 10.40663373076599100, 38.30536254662526800 ) ) ;
#10006 = CARTESIAN_POINT ( 'NONE',  ( 19.51775822311162400, 10.50917324044726100, 34.13658243061146200 ) ) ;
#10007 = CARTESIAN_POINT ( 'NONE',  ( 20.28092099767573200, 10.87669306269606500, 21.63548705574657700 ) ) ;
#10008 = CARTESIAN_POINT ( 'NONE',  ( 20.95377175515941200, 11.20072090974562200, 13.31660537112158900 ) ) ;
#10009 = CARTESIAN_POINT ( 'NONE',  ( 21.65101333068451700, 11.53649475569588600, 5.000000000000000900 ) ) ;
#10010 = CARTESIAN_POINT ( 'NONE',  ( 21.65101333068451700, 11.53649475569588600, 5.000000000000000900 ) ) ;
#10011 = B_SPLINE_CURVE_WITH_KNOTS ( 'NONE', 3,
 ( #10009, #10008, #10007, #10006, #10005, #10004, #10003, #10002 ),
 .UNSPECIFIED., .F., .F.,
 ( 4, 2, 2, 4 ),
 ( 0.0000000000000000000, 0.02505648205854300900, 0.03758472308781452000, 0.05011296411708603100 ),
 .UNSPECIFIED. ) ;
#10012 = CARTESIAN_POINT ( 'NONE',  ( 20.81640419440081800, 12.98208018420042900, 5.000000000000000900 ) ) ;
#10013 = CARTESIAN_POINT ( 'NONE',  ( 20.17700038515098600, 12.54614204845885100, 13.31653176580499400 ) ) ;
#10014 = CARTESIAN_POINT ( 'NONE',  ( 19.55990898833065800, 12.12541625793278000, 21.63629758780136900 ) ) ;
#10015 = CARTESIAN_POINT ( 'NONE',  ( 18.86012145138711600, 11.64830919373141800, 34.13601042383937300 ) ) ;
#10016 = CARTESIAN_POINT ( 'NONE',  ( 18.66480353086296500, 11.51514369030703800, 38.30585360546408000 ) ) ;
#10017 = CARTESIAN_POINT ( 'NONE',  ( 18.38894436220957500, 11.32706609369235600, 46.64895751929454800 ) ) ;
#10018 = CARTESIAN_POINT ( 'NONE',  ( 18.30822844735938300, 11.27203491474810600, 50.82283696912820400 ) ) ;
#10019 = CARTESIAN_POINT ( 'NONE',  ( 18.30822844735938300, 11.27203491474810400, 55.00000000000000000 ) ) ;
#10020 = CARTESIAN_POINT ( 'NONE',  ( 24.08956108032103700, -4.642212452178344300, 5.000000000000000900 ) ) ;
#10021 = CARTESIAN_POINT ( 'NONE',  ( 16.06505445351162800, 18.54106563548557000, 5.000000000000000900 ) ) ;
#10022 = CARTESIAN_POINT ( 'NONE',  ( 15.58255258270929000, 17.93602742665137100, 13.31653176580499400 ) ) ;
#10023 = CARTESIAN_POINT ( 'NONE',  ( 15.11688792898887700, 17.35210242023454100, 21.63629758780136900 ) ) ;
#10024 = CARTESIAN_POINT ( 'NONE',  ( 14.58881976477891000, 16.68992588673288300, 34.13601042383937300 ) ) ;
#10025 = CARTESIAN_POINT ( 'NONE',  ( 14.44143049263071200, 16.50510558526205100, 38.30585360546408000 ) ) ;
#10026 = CARTESIAN_POINT ( 'NONE',  ( 14.23326381763170200, 16.24407283119016700, 46.64895751929454800 ) ) ;
#10027 = CARTESIAN_POINT ( 'NONE',  ( 14.17235460915445300, 16.16769509956128600, 50.82283696912820400 ) ) ;
#10028 = CARTESIAN_POINT ( 'NONE',  ( 14.17235460915445300, 16.16769509956128600, 55.00000000000000000 ) ) ;
#10029 = CARTESIAN_POINT ( 'NONE',  ( 17.28867803270971100, 17.40570887309614900, 5.000000000000000900 ) ) ;
#10030 = B_SPLINE_CURVE_WITH_KNOTS ( 'NONE', 3,
 ( #10076, #10075, #10074, #10073, #10072, #10071, #10070, #10069 ),
 .UNSPECIFIED., .F., .F.,
 ( 4, 2, 2, 4 ),
 ( 0.0000000000000000000, 0.02505648205854300900, 0.03758472308781452000, 0.05011296411708603100 ),
 .UNSPECIFIED. ) ;
#10031 = B_SPLINE_CURVE_WITH_KNOTS ( 'NONE', 3,
 ( #10028, #10027, #10026, #10025, #10024, #10023, #10022, #10021 ),
 .UNSPECIFIED., .F., .F.,
 ( 4, 2, 2, 4 ),
 ( 0.0000000000000000000, 0.01252441626355261700, 0.02504883252710523500, 0.05009766505421045500 ),
 .UNSPECIFIED. ) ;
#10032 = CARTESIAN_POINT ( 'NONE',  ( 14.50139148857556400, 19.78804523920302900, 5.000000000000000900 ) ) ;
#10033 = CARTESIAN_POINT ( 'NONE',  ( 16.06505445351162800, 18.54106563548557000, 5.000000000000000900 ) ) ;
#10034 = DIRECTION ( 'NONE',  ( -1.000000000000000000, 0.0000000000000000000, 0.0000000000000000000 ) ) ;
#10035 = DIRECTION ( 'NONE',  ( 0.0000000000000000000, 0.0000000000000000000, 1.000000000000000000 ) ) ;
#10036 = CARTESIAN_POINT ( 'NONE',  ( 0.0000000000000000000, 0.0000000000000000000, 4.999999999999999100 ) ) ;
#10037 = AXIS2_PLACEMENT_3D ( 'NONE', #10036, #10035, #10034 ) ;
#10038 = CARTESIAN_POINT ( 'NONE',  ( 20.81733584367930200, -5.374804961248779400, 55.00000000000000000 ) ) ;
#10039 = CARTESIAN_POINT ( 'NONE',  ( 20.81733584367930900, -5.374804961248778500, 50.82224149722621600 ) ) ;
#10040 = CARTESIAN_POINT ( 'NONE',  ( 20.91070896689956300, -5.403606755369991400, 46.64819525586468500 ) ) ;
#10041 = CARTESIAN_POINT ( 'NONE',  ( 21.22975232904777700, -5.502018599329141500, 38.30536254662526800 ) ) ;
#10042 = CARTESIAN_POINT ( 'NONE',  ( 21.45558233403792800, -5.571677930470653600, 34.13658243061146200 ) ) ;
#10043 = CARTESIAN_POINT ( 'NONE',  ( 22.26499719812704100, -5.821349350576706900, 21.63548705574657700 ) ) ;
#10044 = CARTESIAN_POINT ( 'NONE',  ( 22.97862661320429500, -6.041474872600970200, 13.31660537112158900 ) ) ;
#10045 = CARTESIAN_POINT ( 'NONE',  ( 23.71812507133241600, -6.269579937628241100, 4.999999999999999100 ) ) ;
#10046 = CIRCLE ( 'NONE', #10037, 24.53277582120860200 ) ;
#10047 = CARTESIAN_POINT ( 'NONE',  ( 20.17257620770056900, 8.604684433414494300, 38.30585360546408000 ) ) ;
#10048 = CARTESIAN_POINT ( 'NONE',  ( 19.87176664682283800, 8.459822183801138700, 46.64895751929454800 ) ) ;
#10049 = CARTESIAN_POINT ( 'NONE',  ( 19.78375029043180800, 8.417435740523311300, 50.82283696912820400 ) ) ;
#10050 = CARTESIAN_POINT ( 'NONE',  ( 19.78375029043180100, 8.417435740523309600, 55.00000000000000000 ) ) ;
#10051 = CIRCLE ( 'NONE', #10101, 24.53277582120860200 ) ;
#10052 = CARTESIAN_POINT ( 'NONE',  ( 23.71812507133241600, -6.269579937628241100, 4.999999999999999100 ) ) ;
#10053 = B_SPLINE_CURVE_WITH_KNOTS ( 'NONE', 3,
 ( #10050, #10049, #10048, #10047, #10105, #10104, #10103, #10102 ),
 .UNSPECIFIED., .F., .F.,
 ( 4, 2, 2, 4 ),
 ( 0.0000000000000000000, 0.01252441626355261700, 0.02504883252710523500, 0.05009766505421045500 ),
 .UNSPECIFIED. ) ;
#10054 = CARTESIAN_POINT ( 'NONE',  ( 0.0000000000000000000, 0.0000000000000000000, 4.999999999999999100 ) ) ;
#10055 = CARTESIAN_POINT ( 'NONE',  ( 22.51878080891963300, 9.734557019891049400, 5.000000000000000900 ) ) ;
#10056 = DIRECTION ( 'NONE',  ( -1.000000000000000000, 0.0000000000000000000, 0.0000000000000000000 ) ) ;
#10057 = DIRECTION ( 'NONE',  ( 0.0000000000000000000, 0.0000000000000000000, 1.000000000000000000 ) ) ;
#10058 = CARTESIAN_POINT ( 'NONE',  ( 0.0000000000000000000, 0.0000000000000000000, 4.999999999999999100 ) ) ;
#10059 = AXIS2_PLACEMENT_3D ( 'NONE', #10058, #10057, #10056 ) ;
#10060 = CIRCLE ( 'NONE', #10059, 24.53277582120860200 ) ;
#10061 = DIRECTION ( 'NONE',  ( -1.000000000000000000, 2.220446049250312800E-014, 0.0000000000000000000 ) ) ;
#10062 = DIRECTION ( 'NONE',  ( 0.0000000000000000000, 0.0000000000000000000, 1.000000000000000000 ) ) ;
#10063 = AXIS2_PLACEMENT_3D ( 'NONE', #10078, #10062, #10061 ) ;
#10064 = CIRCLE ( 'NONE', #10063, 24.53277582120860200 ) ;
#10065 = DIRECTION ( 'NONE',  ( -1.000000000000000000, 0.0000000000000000000, 0.0000000000000000000 ) ) ;
#10066 = DIRECTION ( 'NONE',  ( 0.0000000000000000000, 0.0000000000000000000, 1.000000000000000000 ) ) ;
#10067 = CARTESIAN_POINT ( 'NONE',  ( 0.0000000000000000000, 0.0000000000000000000, 4.999999999999999100 ) ) ;
#10068 = AXIS2_PLACEMENT_3D ( 'NONE', #10067, #10066, #10065 ) ;
#10069 = CARTESIAN_POINT ( 'NONE',  ( 15.06338555866791400, 15.34093919911406600, 55.00000000000000000 ) ) ;
#10070 = CARTESIAN_POINT ( 'NONE',  ( 15.06338555866791400, 15.34093919911406400, 50.82224149722621600 ) ) ;
#10071 = CARTESIAN_POINT ( 'NONE',  ( 15.13501520566158500, 15.40740179879290000, 46.64819525586468500 ) ) ;
#10072 = CARTESIAN_POINT ( 'NONE',  ( 15.37976404363758400, 15.63449553334247200, 38.30536254662526800 ) ) ;
#10073 = CARTESIAN_POINT ( 'NONE',  ( 15.55300579651185300, 15.79524038902995300, 34.13658243061146200 ) ) ;
#10074 = CARTESIAN_POINT ( 'NONE',  ( 16.17393502096719600, 16.37137851347881700, 21.63548705574657700 ) ) ;
#10075 = CARTESIAN_POINT ( 'NONE',  ( 16.72138402260013400, 16.87933695481141100, 13.31660537112158900 ) ) ;
#10076 = CARTESIAN_POINT ( 'NONE',  ( 17.28867803270971100, 17.40570887309614900, 5.000000000000000900 ) ) ;
#10077 = CIRCLE ( 'NONE', #10068, 24.53277582120860200 ) ;
#10078 = CARTESIAN_POINT ( 'NONE',  ( 0.0000000000000000000, 0.0000000000000000000, 4.999999999999999100 ) ) ;
#10079 = CARTESIAN_POINT ( 'NONE',  ( 3.804094460647883900, -21.16078602827569500, 50.82283696912821100 ) ) ;
#10080 = CARTESIAN_POINT ( 'NONE',  ( 3.804094460647882600, -21.16078602827569500, 55.00000000000000000 ) ) ;
#10081 = B_SPLINE_CURVE_WITH_KNOTS ( 'NONE', 3,
 ( #10080, #10079, #10132, #10131, #10130, #10129, #10128, #10127 ),
 .UNSPECIFIED., .F., .F.,
 ( 4, 2, 2, 4 ),
 ( 0.0000000000000000000, 0.01252441626355260700, 0.02504883252710521400, 0.05009766505421044800 ),
 .UNSPECIFIED. ) ;
#10082 = CARTESIAN_POINT ( 'NONE',  ( 4.479591214259222000, -24.12033067863725200, 5.000000000000000900 ) ) ;
#10083 = DIRECTION ( 'NONE',  ( -1.000000000000000000, 0.0000000000000000000, 0.0000000000000000000 ) ) ;
#10084 = DIRECTION ( 'NONE',  ( 0.0000000000000000000, 0.0000000000000000000, 1.000000000000000000 ) ) ;
#10085 = CARTESIAN_POINT ( 'NONE',  ( 0.0000000000000000000, 0.0000000000000000000, 4.999999999999999100 ) ) ;
#10086 = AXIS2_PLACEMENT_3D ( 'NONE', #10085, #10084, #10083 ) ;
#10087 = CARTESIAN_POINT ( 'NONE',  ( 5.753950285011522500, -20.71574416036303700, 55.00000000000000000 ) ) ;
#10088 = CARTESIAN_POINT ( 'NONE',  ( 5.753950285011522500, -20.71574416036303700, 50.82224149722621600 ) ) ;
#10089 = CARTESIAN_POINT ( 'NONE',  ( 5.775693761238119200, -20.81100855416308800, 46.64819525586468500 ) ) ;
#10090 = CARTESIAN_POINT ( 'NONE',  ( 5.849988285410330700, -21.13651413267180600, 38.30536254662526800 ) ) ;
#10091 = CARTESIAN_POINT ( 'NONE',  ( 5.902576537526216200, -21.36691831950080800, 34.13658243061146200 ) ) ;
#10092 = CARTESIAN_POINT ( 'NONE',  ( 6.091062177159988900, -22.19272786405573700, 21.63548705574657700 ) ) ;
#10093 = CARTESIAN_POINT ( 'NONE',  ( 6.257242590604319900, -22.92081182741258200, 13.31660537112158600 ) ) ;
#10094 = CARTESIAN_POINT ( 'NONE',  ( 6.429447038622859300, -23.67528881072459500, 5.000000000000000000 ) ) ;
#10095 = CIRCLE ( 'NONE', #10086, 24.53277582120860200 ) ;
#10096 = CARTESIAN_POINT ( 'NONE',  ( 6.429447038622859300, -23.67528881072459500, 5.000000000000000000 ) ) ;
#10097 = B_SPLINE_CURVE_WITH_KNOTS ( 'NONE', 3,
 ( #10094, #10093, #10092, #10091, #10090, #10089, #10088, #10087 ),
 .UNSPECIFIED., .F., .F.,
 ( 4, 2, 2, 4 ),
 ( 0.0000000000000000000, 0.02505648205854301200, 0.03758472308781452700, 0.05011296411708603800 ),
 .UNSPECIFIED. ) ;
#10098 = CARTESIAN_POINT ( 'NONE',  ( 19.68976407827377900, -14.63455773283214800, 5.000000000000000900 ) ) ;
#10099 = DIRECTION ( 'NONE',  ( -1.000000000000000000, 0.0000000000000000000, 0.0000000000000000000 ) ) ;
#10100 = DIRECTION ( 'NONE',  ( 0.0000000000000000000, 0.0000000000000000000, 1.000000000000000000 ) ) ;
#10101 = AXIS2_PLACEMENT_3D ( 'NONE', #10054, #10100, #10099 ) ;
#10102 = CARTESIAN_POINT ( 'NONE',  ( 22.51878080891963300, 9.734557019891049400, 5.000000000000000900 ) ) ;
#10103 = CARTESIAN_POINT ( 'NONE',  ( 21.82154540426408600, 9.398786145674940000, 13.31653176580499400 ) ) ;
#10104 = CARTESIAN_POINT ( 'NONE',  ( 21.14864048323105500, 9.074732214834746500, 21.63629758780136900 ) ) ;
#10105 = CARTESIAN_POINT ( 'NONE',  ( 20.38555987683589200, 8.707251962690573800, 34.13601042383937300 ) ) ;
#10106 = CARTESIAN_POINT ( 'NONE',  ( 22.99169868657087400, 0.9999999999999997800, 21.63548705574657700 ) ) ;
#10107 = CARTESIAN_POINT ( 'NONE',  ( 23.73850668566431600, 1.000000000000000200, 13.31660537112158900 ) ) ;
#10108 = CARTESIAN_POINT ( 'NONE',  ( 24.51238645039845200, 1.000000000000000400, 5.000000000000000900 ) ) ;
#10109 = CIRCLE ( 'NONE', #66, 24.53277582120860200 ) ;
#10110 = B_SPLINE_CURVE_WITH_KNOTS ( 'NONE', 3,
 ( #10108, #10107, #10106, #9673, #9629, #9628, #9891, #10333 ),
 .UNSPECIFIED., .F., .F.,
 ( 4, 2, 2, 4 ),
 ( 0.0000000000000000000, 0.02505648205854300900, 0.03758472308781452000, 0.05011296411708603100 ),
 .UNSPECIFIED. ) ;
#10111 = CARTESIAN_POINT ( 'NONE',  ( 2.828427124746190300, -24.36918319299351400, 5.000000000000000000 ) ) ;
#10112 = DIRECTION ( 'NONE',  ( -1.000000000000000000, 0.0000000000000000000, 0.0000000000000000000 ) ) ;
#10113 = DIRECTION ( 'NONE',  ( 0.0000000000000000000, 0.0000000000000000000, 1.000000000000000000 ) ) ;
#10114 = CARTESIAN_POINT ( 'NONE',  ( 0.0000000000000000000, 0.0000000000000000000, 4.999999999999999100 ) ) ;
#10115 = AXIS2_PLACEMENT_3D ( 'NONE', #10114, #10113, #10112 ) ;
#10116 = CARTESIAN_POINT ( 'NONE',  ( 2.602161959199887200, -21.34194820390333200, 55.00000000000000000 ) ) ;
#10117 = CARTESIAN_POINT ( 'NONE',  ( 2.602161959199886800, -21.34194820390332800, 50.82224149722621600 ) ) ;
#10118 = CARTESIAN_POINT ( 'NONE',  ( 2.609464157624177700, -21.43938927010583100, 46.64819525586468500 ) ) ;
#10119 = CARTESIAN_POINT ( 'NONE',  ( 2.634414784271460300, -21.77233224449060200, 38.30536254662526800 ) ) ;
#10120 = CARTESIAN_POINT ( 'NONE',  ( 2.652075706919475800, -22.00800087918804900, 34.13658243061146200 ) ) ;
#10121 = CARTESIAN_POINT ( 'NONE',  ( 2.715375591739730900, -22.85267914030757600, 21.63548705574657700 ) ) ;
#10122 = CARTESIAN_POINT ( 'NONE',  ( 2.771184623403085000, -23.59739891276883100, 13.31660537112158900 ) ) ;
#10123 = CARTESIAN_POINT ( 'NONE',  ( 2.829016730646316500, -24.36911475272338700, 5.000000000000000900 ) ) ;
#10124 = CIRCLE ( 'NONE', #10115, 24.53277582120860200 ) ;
#10125 = CARTESIAN_POINT ( 'NONE',  ( 2.829016730646316500, -24.36911475272338700, 5.000000000000000900 ) ) ;
#10126 = B_SPLINE_CURVE_WITH_KNOTS ( 'NONE', 3,
 ( #10123, #10122, #10121, #10120, #10119, #10118, #10117, #10116 ),
 .UNSPECIFIED., .F., .F.,
 ( 4, 2, 2, 4 ),
 ( 0.0000000000000000000, 0.02505648205854300900, 0.03758472308781452000, 0.05011296411708603100 ),
 .UNSPECIFIED. ) ;
#10127 = CARTESIAN_POINT ( 'NONE',  ( 4.479591214259222000, -24.12033067863725200, 5.000000000000000900 ) ) ;
#10128 = CARTESIAN_POINT ( 'NONE',  ( 4.307388290319593700, -23.36586037275127100, 13.31653176580499400 ) ) ;
#10129 = CARTESIAN_POINT ( 'NONE',  ( 4.141194499583320100, -22.63771779964888600, 21.63629758780137300 ) ) ;
#10130 = CARTESIAN_POINT ( 'NONE',  ( 3.952729153811344300, -21.81199716831198300, 34.13601042383937300 ) ) ;
#10131 = CARTESIAN_POINT ( 'NONE',  ( 3.900126531610002900, -21.58153002202495300, 38.30585360546408700 ) ) ;
#10132 = CARTESIAN_POINT ( 'NONE',  ( 3.825832705469991400, -21.25602750179512400, 46.64895751929454800 ) ) ;
#10133 = VERTEX_POINT ( 'NONE', #1812 ) ;
#10134 = ORIENTED_EDGE ( 'NONE', *, *, #10135, .F. ) ;
#10135 = EDGE_CURVE ( 'NONE', #3240, #2653, #1874, .T. ) ;
#10136 = VERTEX_POINT ( 'NONE', #1870 ) ;
#10137 = ORIENTED_EDGE ( 'NONE', *, *, #10138, .T. ) ;
#10138 = EDGE_CURVE ( 'NONE', #6799, #6798, #1869, .T. ) ;
#10139 = EDGE_LOOP ( 'NONE', ( #10140, #10137, #6797, #10329 ) ) ;
#10140 = ORIENTED_EDGE ( 'NONE', *, *, #10141, .F. ) ;
#10141 = EDGE_CURVE ( 'NONE', #6799, #10136, #1865, .T. ) ;
#10142 = VERTEX_POINT ( 'NONE', #1860 ) ;
#10143 = VERTEX_POINT ( 'NONE', #1859 ) ;
#10144 = ORIENTED_EDGE ( 'NONE', *, *, #10160, .F. ) ;
#10145 = VERTEX_POINT ( 'NONE', #1858 ) ;
#10146 = ADVANCED_FACE ( 'NONE', ( #1857 ), #1854, .F. ) ;
#10147 = VERTEX_POINT ( 'NONE', #1855 ) ;
#10148 = ORIENTED_EDGE ( 'NONE', *, *, #10150, .T. ) ;
#10149 = ORIENTED_EDGE ( 'NONE', *, *, #10151, .F. ) ;
#10150 = EDGE_CURVE ( 'NONE', #10142, #10147, #1850, .T. ) ;
#10151 = EDGE_CURVE ( 'NONE', #10154, #10147, #1910, .T. ) ;
#10152 = VERTEX_POINT ( 'NONE', #1906 ) ;
#10153 = EDGE_CURVE ( 'NONE', #10152, #10142, #1905, .T. ) ;
#10154 = VERTEX_POINT ( 'NONE', #1901 ) ;
#10155 = ORIENTED_EDGE ( 'NONE', *, *, #10153, .T. ) ;
#10156 = EDGE_LOOP ( 'NONE', ( #10157, #10155, #10148, #10149 ) ) ;
#10157 = ORIENTED_EDGE ( 'NONE', *, *, #10158, .F. ) ;
#10158 = EDGE_CURVE ( 'NONE', #10152, #10154, #1899, .T. ) ;
#10159 = ADVANCED_FACE ( 'NONE', ( #1900 ), #1895, .F. ) ;
#10160 = EDGE_CURVE ( 'NONE', #10164, #10143, #1932, .T. ) ;
#10161 = VERTEX_POINT ( 'NONE', #1933 ) ;
#10162 = ORIENTED_EDGE ( 'NONE', *, *, #10163, .T. ) ;
#10163 = EDGE_CURVE ( 'NONE', #10161, #10143, #1927, .T. ) ;
#10164 = VERTEX_POINT ( 'NONE', #1922 ) ;
#10165 = ORIENTED_EDGE ( 'NONE', *, *, #10166, .T. ) ;
#10166 = EDGE_CURVE ( 'NONE', #10145, #10161, #1919, .T. ) ;
#10167 = VERTEX_POINT ( 'NONE', #1921 ) ;
#10168 = VERTEX_POINT ( 'NONE', #1920 ) ;
#10169 = ORIENTED_EDGE ( 'NONE', *, *, #10170, .T. ) ;
#10170 = EDGE_CURVE ( 'NONE', #10167, #10172, #1914, .T. ) ;
#10171 = EDGE_CURVE ( 'NONE', #10145, #10164, #1955, .T. ) ;
#10172 = VERTEX_POINT ( 'NONE', #1950 ) ;
#10173 = ORIENTED_EDGE ( 'NONE', *, *, #18, .T. ) ;
#10174 = ORIENTED_EDGE ( 'NONE', *, *, #10176, .F. ) ;
#10175 = EDGE_LOOP ( 'NONE', ( #10174, #10169, #10173, #7 ) ) ;
#10176 = EDGE_CURVE ( 'NONE', #10167, #10168, #1949, .T. ) ;
#10177 = EDGE_LOOP ( 'NONE', ( #10178, #10165, #10162, #10144 ) ) ;
#10178 = ORIENTED_EDGE ( 'NONE', *, *, #10171, .F. ) ;
#10179 = ADVANCED_FACE ( 'NONE', ( #1944 ), #1943, .F. ) ;
#10180 = ADVANCED_FACE ( 'NONE', ( #1942 ), #1935, .T. ) ;
#10181 = VERTEX_POINT ( 'NONE', #1937 ) ;
#10182 = ORIENTED_EDGE ( 'NONE', *, *, #10270, .F. ) ;
#10183 = CARTESIAN_POINT ( 'NONE',  ( 7.375036296657440500, 12.77385374986680900, 37.95833169624151500 ) ) ;
#10184 = CARTESIAN_POINT ( 'NONE',  ( 14.74999999994049200, -4.191180425604484500E-005, 37.35499836290818400 ) ) ;
#10185 = CARTESIAN_POINT ( 'NONE',  ( 14.75002419773195500, 8.515874558708375700, 37.65666502957486000 ) ) ;
#10186 = CARTESIAN_POINT ( 'NONE',  ( -4.839558293785793100E-005, -17.03183294102524700, 36.44999836290819000 ) ) ;
#10187 = CARTESIAN_POINT ( 'NONE',  ( 7.374963703283043500, -12.77389566167106100, 36.75166502957485200 ) ) ;
#10188 = CARTESIAN_POINT ( 'NONE',  ( 14.74997580214902200, -8.515958382316876300, 37.05333169624152100 ) ) ;
#10189 = CARTESIAN_POINT ( 'NONE',  ( -14.75002419773195500, -8.515874558708374000, 35.84666502957485800 ) ) ;
#10190 = CARTESIAN_POINT ( 'NONE',  ( -7.375036296657445900, -12.77385374986680600, 36.14833169624152000 ) ) ;
#10191 = CARTESIAN_POINT ( 'NONE',  ( -7.374963703283048800, 12.77389566167105700, 34.94166502957485000 ) ) ;
#10192 = CARTESIAN_POINT ( 'NONE',  ( -14.74997580214902200, 8.515958382316872700, 35.24333169624151900 ) ) ;
#10193 = CARTESIAN_POINT ( 'NONE',  ( -14.74999999994049200, 4.191180425423855700E-005, 35.54499836290818800 ) ) ;
#10194 = CARTESIAN_POINT ( 'NONE',  ( 4.839558293577219700E-005, 17.03183294102524700, 31.01999836290820400 ) ) ;
#10195 = CARTESIAN_POINT ( 'NONE',  ( -7.374963703283048800, 12.77389566167105700, 31.32166502957486300 ) ) ;
#10196 = CARTESIAN_POINT ( 'NONE',  ( 7.375036296657440500, 12.77385374986680900, 30.71833169624153100 ) ) ;
#10197 = CARTESIAN_POINT ( 'NONE',  ( -14.74997580214902200, 8.515958382316872700, 31.62333169624153200 ) ) ;
#10198 = CARTESIAN_POINT ( 'NONE',  ( -14.74999999994049200, 4.191180425423855700E-005, 31.92499836290820200 ) ) ;
#10199 = CARTESIAN_POINT ( 'NONE',  ( -14.75002419773195500, -8.515874558708374000, 32.22666502957485300 ) ) ;
#10200 = CARTESIAN_POINT ( 'NONE',  ( -7.375036296657445900, -12.77385374986680600, 32.52833169624153000 ) ) ;
#10201 = CARTESIAN_POINT ( 'NONE',  ( -4.839558293785793100E-005, -17.03183294102524700, 32.82999836290818500 ) ) ;
#10202 = CARTESIAN_POINT ( 'NONE',  ( 7.374963703283043500, -12.77389566167106100, 33.13166502957486200 ) ) ;
#10203 = CARTESIAN_POINT ( 'NONE',  ( 14.74997580214902200, -8.515958382316876300, 33.43333169624153100 ) ) ;
#10204 = CARTESIAN_POINT ( 'NONE',  ( 14.74999999994049200, -4.191180425604484500E-005, 33.73499836290818600 ) ) ;
#10205 = CARTESIAN_POINT ( 'NONE',  ( 14.75002419773195500, 8.515874558708375700, 34.03666502957485600 ) ) ;
#10206 = CARTESIAN_POINT ( 'NONE',  ( 7.375036296657440500, 12.77385374986680900, 34.33833169624151800 ) ) ;
#10207 = CARTESIAN_POINT ( 'NONE',  ( 4.839558293577219700E-005, 17.03183294102524700, 34.63999836290818000 ) ) ;
#10208 = CARTESIAN_POINT ( 'NONE',  ( 14.74997580214902200, -8.515958382316876300, 29.81333169624153700 ) ) ;
#10209 = CARTESIAN_POINT ( 'NONE',  ( 14.74999999994049200, -4.191180425604484500E-005, 30.11499836290819900 ) ) ;
#10210 = CARTESIAN_POINT ( 'NONE',  ( 14.75002419773195500, 8.515874558708375700, 30.41666502957487200 ) ) ;
#10211 = CARTESIAN_POINT ( 'NONE',  ( -4.839558293785793100E-005, -17.03183294102524700, 29.20999836290820500 ) ) ;
#10212 = CARTESIAN_POINT ( 'NONE',  ( 7.374963703283043500, -12.77389566167106100, 29.51166502957486800 ) ) ;
#10213 = CARTESIAN_POINT ( 'NONE',  ( -7.375036296657445900, -12.77385374986680600, 28.90833169624153600 ) ) ;
#10214 = CARTESIAN_POINT ( 'NONE',  ( -14.75002419773195500, -8.515874558708374000, 28.60666502957487700 ) ) ;
#10215 = CARTESIAN_POINT ( 'NONE',  ( -14.74999999994049200, 4.191180425423855700E-005, 28.30499836290820400 ) ) ;
#10216 = CARTESIAN_POINT ( 'NONE',  ( -7.374963703283048800, 12.77389566167105700, 27.70166502957487300 ) ) ;
#10217 = CARTESIAN_POINT ( 'NONE',  ( -14.74997580214902200, 8.515958382316872700, 28.00333169624153800 ) ) ;
#10218 = CARTESIAN_POINT ( 'NONE',  ( 14.74999999994049200, -4.191180425604484500E-005, 26.49499836290821300 ) ) ;
#10219 = CARTESIAN_POINT ( 'NONE',  ( 14.75002419773195500, 8.515874558708375700, 26.79666502957487900 ) ) ;
#10220 = CARTESIAN_POINT ( 'NONE',  ( 7.375036296657440500, 12.77385374986680900, 27.09833169624153700 ) ) ;
#10221 = CARTESIAN_POINT ( 'NONE',  ( 4.839558293577219700E-005, 17.03183294102524700, 27.39999836290820300 ) ) ;
#10222 = CARTESIAN_POINT ( 'NONE',  ( 7.374963703283040900, -12.77389566167105500, 50.11166502957488000 ) ) ;
#10223 = CARTESIAN_POINT ( 'NONE',  ( 14.74997580214901700, -8.515958382316872700, 50.41333169624154900 ) ) ;
#10224 = CARTESIAN_POINT ( 'NONE',  ( 14.74999999994048700, -4.191180425604482400E-005, 50.71499836290821200 ) ) ;
#10225 = CARTESIAN_POINT ( 'NONE',  ( -4.839558293785789700E-005, -17.03183294102523600, 49.80999836290821700 ) ) ;
#10226 = CARTESIAN_POINT ( 'NONE',  ( -14.74999999994048700, 4.191180425423853700E-005, 48.90499836290821600 ) ) ;
#10227 = CARTESIAN_POINT ( 'NONE',  ( -14.75002419773195000, -8.515874558708370400, 49.20666502957488600 ) ) ;
#10228 = CARTESIAN_POINT ( 'NONE',  ( -7.375036296657443200, -12.77385374986680100, 49.50833169624154800 ) ) ;
#10229 = CARTESIAN_POINT ( 'NONE',  ( 4.839558293577216300E-005, 17.03183294102523600, 47.99999836290821500 ) ) ;
#10230 = CARTESIAN_POINT ( 'NONE',  ( -7.374963703283046200, 12.77389566167105200, 48.30166502957488500 ) ) ;
#10231 = CARTESIAN_POINT ( 'NONE',  ( -14.74997580214901700, 8.515958382316872700, 48.60333169624154700 ) ) ;
#10232 = CARTESIAN_POINT ( 'NONE',  ( 14.74999999994048700, -4.191180425604482400E-005, 47.09499836290821400 ) ) ;
#10233 = CARTESIAN_POINT ( 'NONE',  ( 14.75002419773195000, 8.515874558708370400, 47.39666502957488300 ) ) ;
#10234 = CARTESIAN_POINT ( 'NONE',  ( 7.375036296657437900, 12.77385374986680600, 47.69833169624154600 ) ) ;
#10235 = CARTESIAN_POINT ( 'NONE',  ( -4.839558293785789700E-005, -17.03183294102523600, 46.18999836290822700 ) ) ;
#10236 = CARTESIAN_POINT ( 'NONE',  ( 7.374963703283040900, -12.77389566167105500, 46.49166502957488200 ) ) ;
#10237 = CARTESIAN_POINT ( 'NONE',  ( 14.74997580214901700, -8.515958382316872700, 46.79333169624155900 ) ) ;
#10238 = CARTESIAN_POINT ( 'NONE',  ( -14.74997580214901700, 8.515958382316872700, 44.98333169624155700 ) ) ;
#10239 = CARTESIAN_POINT ( 'NONE',  ( -14.74999999994048700, 4.191180425423853700E-005, 45.28499836290822600 ) ) ;
#10240 = CARTESIAN_POINT ( 'NONE',  ( -14.75002419773195000, -8.515874558708370400, 45.58666502957489500 ) ) ;
#10241 = CARTESIAN_POINT ( 'NONE',  ( -7.375036296657443200, -12.77385374986680100, 45.88833169624155800 ) ) ;
#10242 = CARTESIAN_POINT ( 'NONE',  ( 14.74997580214901700, -8.515958382316872700, 43.17333169624156100 ) ) ;
#10243 = CARTESIAN_POINT ( 'NONE',  ( 14.74999999994048700, -4.191180425604482400E-005, 43.47499836290822400 ) ) ;
#10244 = CARTESIAN_POINT ( 'NONE',  ( 14.75002419773195000, 8.515874558708370400, 43.77666502957489300 ) ) ;
#10245 = CARTESIAN_POINT ( 'NONE',  ( 7.375036296657437900, 12.77385374986680600, 44.07833169624155500 ) ) ;
#10246 = CARTESIAN_POINT ( 'NONE',  ( 4.839558293577216300E-005, 17.03183294102523600, 44.37999836290821800 ) ) ;
#10247 = CARTESIAN_POINT ( 'NONE',  ( -7.374963703283046200, 12.77389566167105200, 44.68166502957488700 ) ) ;
#10248 = CARTESIAN_POINT ( 'NONE',  ( 7.374963703283040900, -12.77389566167105500, 42.87166502957489200 ) ) ;
#10249 = CARTESIAN_POINT ( 'NONE',  ( -14.74999999994048700, 4.191180425423853700E-005, 41.66499836290822900 ) ) ;
#10250 = CARTESIAN_POINT ( 'NONE',  ( -14.75002419773195000, -8.515874558708370400, 41.96666502957489100 ) ) ;
#10251 = CARTESIAN_POINT ( 'NONE',  ( -7.375036296657443200, -12.77385374986680100, 42.26833169624156000 ) ) ;
#10252 = CARTESIAN_POINT ( 'NONE',  ( -4.839558293785789700E-005, -17.03183294102523600, 42.56999836290823000 ) ) ;
#10253 = CARTESIAN_POINT ( 'NONE',  ( -7.374963703283046200, 12.77389566167105200, 41.06166502957489700 ) ) ;
#10254 = CARTESIAN_POINT ( 'NONE',  ( -14.74997580214901700, 8.515958382316872700, 41.36333169624155900 ) ) ;
#10255 = CARTESIAN_POINT ( 'NONE',  ( 7.375036296657437900, 12.77385374986680600, 40.45833169624156500 ) ) ;
#10256 = CARTESIAN_POINT ( 'NONE',  ( 4.839558293577216300E-005, 17.03183294102523600, 40.75999836290822700 ) ) ;
#10257 = CARTESIAN_POINT ( 'NONE',  ( 7.374963703283040900, -12.77389566167105500, 39.25166502957490200 ) ) ;
#10258 = CARTESIAN_POINT ( 'NONE',  ( 14.74997580214901700, -8.515958382316872700, 39.55333169624156400 ) ) ;
#10259 = CARTESIAN_POINT ( 'NONE',  ( 14.74999999994048700, -4.191180425604482400E-005, 39.85499836290823300 ) ) ;
#10260 = CARTESIAN_POINT ( 'NONE',  ( 14.75002419773195000, 8.515874558708370400, 40.15666502957489600 ) ) ;
#10261 = CARTESIAN_POINT ( 'NONE',  ( -14.75002419773195000, -8.515874558708370400, 38.34666502957490800 ) ) ;
#10262 = CARTESIAN_POINT ( 'NONE',  ( -7.375036296657443200, -12.77385374986680100, 38.64833169624157000 ) ) ;
#10263 = CARTESIAN_POINT ( 'NONE',  ( -4.839558293785789700E-005, -17.03183294102523600, 38.94999836290824600 ) ) ;
#10264 = CARTESIAN_POINT ( 'NONE',  ( -14.74997580214901700, 8.515958382316872700, 37.74333169624156900 ) ) ;
#10265 = CARTESIAN_POINT ( 'NONE',  ( -14.74999999994048700, 4.191180425423853700E-005, 38.04499836290823800 ) ) ;
#10266 = CARTESIAN_POINT ( 'NONE',  ( 4.839558293577219700E-005, 17.03183294102524700, 38.25999836290818500 ) ) ;
#10267 = VERTEX_POINT ( 'NONE', #1936 ) ;
#10268 = ORIENTED_EDGE ( 'NONE', *, *, #10272, .T. ) ;
#10269 = CARTESIAN_POINT ( 'NONE',  ( -7.374963703283048800, 12.77389566167105700, 38.56166502957484700 ) ) ;
#10270 = EDGE_CURVE ( 'NONE', #10267, #10181, #1966, .T. ) ;
#10271 = CARTESIAN_POINT ( 'NONE',  ( -14.74997580214902200, 8.515958382316872700, 38.86333169624150900 ) ) ;
#10272 = EDGE_CURVE ( 'NONE', #10267, #10279, #1965, .T. ) ;
#10273 = CARTESIAN_POINT ( 'NONE',  ( 7.375036296657437900, 12.77385374986680600, 36.83833169624157500 ) ) ;
#10274 = CARTESIAN_POINT ( 'NONE',  ( 4.839558293577216300E-005, 17.03183294102523600, 37.13999836290824400 ) ) ;
#10275 = CARTESIAN_POINT ( 'NONE',  ( -7.374963703283046200, 12.77389566167105200, 37.44166502957490600 ) ) ;
#10276 = CARTESIAN_POINT ( 'NONE',  ( 14.74997580214901700, -8.515958382316872700, 35.93333169624158100 ) ) ;
#10277 = CARTESIAN_POINT ( 'NONE',  ( 14.74999999994048700, -4.191180425604482400E-005, 36.23499836290824300 ) ) ;
#10278 = CARTESIAN_POINT ( 'NONE',  ( 14.75002419773195000, 8.515874558708370400, 36.53666502957491200 ) ) ;
#10279 = VERTEX_POINT ( 'NONE', #2008 ) ;
#10280 = CARTESIAN_POINT ( 'NONE',  ( -14.75002419773195000, -8.515874558708370400, 34.72666502957491700 ) ) ;
#10281 = CARTESIAN_POINT ( 'NONE',  ( -7.375036296657443200, -12.77385374986680100, 35.02833169624157300 ) ) ;
#10282 = ORIENTED_EDGE ( 'NONE', *, *, #10285, .F. ) ;
#10283 = CARTESIAN_POINT ( 'NONE',  ( -4.839558293785789700E-005, -17.03183294102523600, 35.32999836290824200 ) ) ;
#10284 = CARTESIAN_POINT ( 'NONE',  ( 7.374963703283040900, -12.77389566167105500, 35.63166502957491100 ) ) ;
#10285 = EDGE_CURVE ( 'NONE', #2754, #10279, #2005, .T. ) ;
#10286 = CARTESIAN_POINT ( 'NONE',  ( -7.374963703283046200, 12.77389566167105200, 33.82166502957491600 ) ) ;
#10287 = CARTESIAN_POINT ( 'NONE',  ( -14.74997580214901700, 8.515958382316872700, 34.12333169624159300 ) ) ;
#10288 = CARTESIAN_POINT ( 'NONE',  ( -14.74999999994048700, 4.191180425423853700E-005, 34.42499836290824100 ) ) ;
#10289 = CARTESIAN_POINT ( 'NONE',  ( 14.74999999994048700, -4.191180425604482400E-005, 32.61499836290825300 ) ) ;
#10290 = CARTESIAN_POINT ( 'NONE',  ( 14.75002419773195000, 8.515874558708370400, 32.91666502957491500 ) ) ;
#10291 = CARTESIAN_POINT ( 'NONE',  ( 7.375036296657437900, 12.77385374986680600, 33.21833169624158400 ) ) ;
#10292 = VERTEX_POINT ( 'NONE', #2007 ) ;
#10293 = ORIENTED_EDGE ( 'NONE', *, *, #4245, .F. ) ;
#10294 = CARTESIAN_POINT ( 'NONE',  ( 4.839558293577216300E-005, 17.03183294102523600, 33.51999836290824700 ) ) ;
#10295 = VERTEX_POINT ( 'NONE', #2006 ) ;
#10296 = CARTESIAN_POINT ( 'NONE',  ( -4.839558293785789700E-005, -17.03183294102523600, 31.70999836290825200 ) ) ;
#10297 = CARTESIAN_POINT ( 'NONE',  ( -7.375036296657443200, -12.77385374986680100, 31.40833169624158900 ) ) ;
#10298 = CARTESIAN_POINT ( 'NONE',  ( 7.374963703283040900, -12.77389566167105500, 32.01166502957492100 ) ) ;
#10299 = CARTESIAN_POINT ( 'NONE',  ( 14.74997580214901700, -8.515958382316872700, 32.31333169624159000 ) ) ;
#10300 = EDGE_CURVE ( 'NONE', #10301, #10347, #2000, .T. ) ;
#10301 = VERTEX_POINT ( 'NONE', #1995 ) ;
#10302 = VERTEX_POINT ( 'NONE', #1994 ) ;
#10303 = ORIENTED_EDGE ( 'NONE', *, *, #10300, .T. ) ;
#10304 = EDGE_LOOP ( 'NONE', ( #10305, #4609, #4610, #4611 ) ) ;
#10305 = ORIENTED_EDGE ( 'NONE', *, *, #4687, .T. ) ;
#10306 = DIRECTION ( 'NONE',  ( -0.0000000000000000000, -0.0000000000000000000, 1.000000000000000000 ) ) ;
#10307 = CARTESIAN_POINT ( 'NONE',  ( -4.672939613082681000, 20.47348615581827100, -5.869033853567559700 ) ) ;
#10308 = EDGE_LOOP ( 'NONE', ( #5237, #5238, #5239, #5241 ) ) ;
#10309 = CARTESIAN_POINT ( 'NONE',  ( -21.65101333068459900, 11.53649475569573300, 5.000000000000000900 ) ) ;
#10310 = CARTESIAN_POINT ( 'NONE',  ( -20.95377792602905100, 11.20072388147962000, 13.31653176580499400 ) ) ;
#10311 = DIRECTION ( 'NONE',  ( 1.000000000000000000, 0.0000000000000000000, 0.0000000000000000000 ) ) ;
#10312 = CARTESIAN_POINT ( 'NONE',  ( -12.88523705149710400, -1.959784843013239900, 32.25332178615948900 ) ) ;
#10313 = CARTESIAN_POINT ( 'NONE',  ( -12.51919387549618200, -3.380867967844430700, 32.29155209792690300 ) ) ;
#10314 = CARTESIAN_POINT ( 'NONE',  ( 0.7803493270206167700, -22.84918263377332800, 23.06115136629744800 ) ) ;
#10315 = CARTESIAN_POINT ( 'NONE',  ( -13.02023869836156700, -0.9899604043946369500, 32.22976130163840500 ) ) ;
#10316 = CARTESIAN_POINT ( 'NONE',  ( -13.04204186790013700, -9.573152717555018000E-015, 32.20795813209984700 ) ) ;
#10317 = VERTEX_POINT ( 'NONE', #1993 ) ;
#10318 = ORIENTED_EDGE ( 'NONE', *, *, #10319, .T. ) ;
#10319 = EDGE_CURVE ( 'NONE', #10292, #10301, #1992, .T. ) ;
#10320 = CARTESIAN_POINT ( 'NONE',  ( -0.7803493270201244900, -22.84918263377334600, 23.06115136629744800 ) ) ;
#10321 = CARTESIAN_POINT ( 'NONE',  ( -0.2602175239984517700, -22.86694626711442500, 23.06115136629744800 ) ) ;
#10322 = CARTESIAN_POINT ( 'NONE',  ( 0.2602175239989446000, -22.86694626711441800, 23.06115136629744800 ) ) ;
#10323 = CARTESIAN_POINT ( 'NONE',  ( -0.2447097111567139700, -21.50417746690636300, 39.43623661980365100 ) ) ;
#10324 = CARTESIAN_POINT ( 'NONE',  ( 0.7338439605538923400, -21.48747246749971400, 39.43623661980365100 ) ) ;
#10325 = CARTESIAN_POINT ( 'NONE',  ( 0.2447097111571776000, -21.50417746690635900, 39.43623661980365100 ) ) ;
#10326 = CARTESIAN_POINT ( 'NONE',  ( -0.7338439605534290400, -21.48747246749972800, 39.43623661980365100 ) ) ;
#10327 = CARTESIAN_POINT ( 'NONE',  ( 0.2447097111571776000, -21.50417746690635900, 54.99999999999999300 ) ) ;
#10328 = CARTESIAN_POINT ( 'NONE',  ( 0.7338439605538923400, -21.48747246749971400, 54.99999999999999300 ) ) ;
#10329 = ORIENTED_EDGE ( 'NONE', *, *, #10332, .F. ) ;
#10330 = CARTESIAN_POINT ( 'NONE',  ( -0.7338439605534290400, -21.48747246749972800, 54.99999999999999300 ) ) ;
#10331 = CARTESIAN_POINT ( 'NONE',  ( -0.2447097111567139700, -21.50417746690636300, 54.99999999999999300 ) ) ;
#10332 = EDGE_CURVE ( 'NONE', #10136, #2219, #1988, .T. ) ;
#10333 = CARTESIAN_POINT ( 'NONE',  ( 21.47673159491451900, 1.000000000000000000, 55.00000000000000000 ) ) ;
#10334 = DIRECTION ( 'NONE',  ( -0.3653410243663925400, -0.9308737486442052500, -0.0000000000000000000 ) ) ;
#10335 = CARTESIAN_POINT ( 'NONE',  ( 4.839558293577219700E-005, 17.03183294102524700, 41.87999836290816800 ) ) ;
#10336 = CARTESIAN_POINT ( 'NONE',  ( -7.374963703283048800, 12.77389566167105700, 42.18166502957483700 ) ) ;
#10337 = CARTESIAN_POINT ( 'NONE',  ( -14.74997580214902200, 8.515958382316872700, 42.48333169624150000 ) ) ;
#10338 = CARTESIAN_POINT ( 'NONE',  ( 7.375036296657440500, 12.77385374986680900, 41.57833169624149900 ) ) ;
#10339 = CARTESIAN_POINT ( 'NONE',  ( 7.374963703283043500, -12.77389566167106100, 40.37166502957484900 ) ) ;
#10340 = CARTESIAN_POINT ( 'NONE',  ( 14.74997580214902200, -8.515958382316876300, 40.67333169624151200 ) ) ;
#10341 = CARTESIAN_POINT ( 'NONE',  ( 14.74999999994049200, -4.191180425604484500E-005, 40.97499836290816700 ) ) ;
#10342 = CARTESIAN_POINT ( 'NONE',  ( 14.75002419773195500, 8.515874558708375700, 41.27666502957483600 ) ) ;
#10343 = CARTESIAN_POINT ( 'NONE',  ( -14.74999999994049200, 4.191180425423855700E-005, 39.16499836290818600 ) ) ;
#10344 = CARTESIAN_POINT ( 'NONE',  ( -14.75002419773195500, -8.515874558708374000, 39.46666502957484100 ) ) ;
#10345 = CARTESIAN_POINT ( 'NONE',  ( -7.375036296657445900, -12.77385374986680600, 39.76833169624151800 ) ) ;
#10346 = CARTESIAN_POINT ( 'NONE',  ( -4.839558293785793100E-005, -17.03183294102524700, 40.06999836290818700 ) ) ;
#10347 = VERTEX_POINT ( 'NONE', #1984 ) ;
#10348 = VERTEX_POINT ( 'NONE', #1983 ) ;
#10349 = ORIENTED_EDGE ( 'NONE', *, *, #10350, .F. ) ;
#10350 = EDGE_CURVE ( 'NONE', #10181, #10348, #2044, .T. ) ;
#10351 = VERTEX_POINT ( 'NONE', #2039 ) ;
#10352 = VERTEX_POINT ( 'NONE', #2038 ) ;
#10353 = ORIENTED_EDGE ( 'NONE', *, *, #10354, .T. ) ;
#10354 = EDGE_CURVE ( 'NONE', #10457, #10295, #2037, .T. ) ;
#10355 = EDGE_LOOP ( 'NONE', ( #10357, #3326, #3245, #3248 ) ) ;
#10356 = EDGE_CURVE ( 'NONE', #10351, #10352, #2033, .T. ) ;
#10357 = ORIENTED_EDGE ( 'NONE', *, *, #10356, .F. ) ;
#10358 = CARTESIAN_POINT ( 'NONE',  ( 14.74999999994048700, -4.191180425604482400E-005, 28.99499836290825900 ) ) ;
#10359 = CARTESIAN_POINT ( 'NONE',  ( 14.75002419773195000, 8.515874558708370400, 29.29666502957493200 ) ) ;
#10360 = CARTESIAN_POINT ( 'NONE',  ( 7.375036296657437900, 12.77385374986680600, 29.59833169624159100 ) ) ;
#10361 = CARTESIAN_POINT ( 'NONE',  ( 12.24997990347965200, -7.072575605652973600, 50.41333169624151400 ) ) ;
#10362 = CARTESIAN_POINT ( 'NONE',  ( 12.24999999995053400, -3.480810861942694600E-005, 50.71499836290818300 ) ) ;
#10363 = ADVANCED_FACE ( 'NONE', ( #2028 ), #2027, .F. ) ;
#10364 = EDGE_CURVE ( 'NONE', #3267, #10365, #2022, .T. ) ;
#10365 = VERTEX_POINT ( 'NONE', #2018 ) ;
#10366 = CARTESIAN_POINT ( 'NONE',  ( -4.019294176194965100E-005, -14.14508159508871200, 49.80999836290817500 ) ) ;
#10367 = ORIENTED_EDGE ( 'NONE', *, *, #10364, .F. ) ;
#10368 = CARTESIAN_POINT ( 'NONE',  ( -6.125030144681586500, -10.60879379226222400, 49.50833169624152000 ) ) ;
#10369 = CARTESIAN_POINT ( 'NONE',  ( 6.124969855268946400, -10.60882860037084400, 50.11166502957485100 ) ) ;
#10370 = CARTESIAN_POINT ( 'NONE',  ( -12.25002009642140900, -7.072505989435740900, 49.20666502957485700 ) ) ;
#10371 = CARTESIAN_POINT ( 'NONE',  ( 12.24999999995053400, -3.480810861942694600E-005, 47.09499836290818600 ) ) ;
#10372 = CARTESIAN_POINT ( 'NONE',  ( 12.25002009642140900, 7.072505989435742700, 47.39666502957485500 ) ) ;
#10373 = CARTESIAN_POINT ( 'NONE',  ( 6.125030144681581100, 10.60879379226222800, 47.69833169624151700 ) ) ;
#10374 = CARTESIAN_POINT ( 'NONE',  ( 4.019294176021743500E-005, 14.14508159508871200, 47.99999836290818700 ) ) ;
#10375 = CARTESIAN_POINT ( 'NONE',  ( -6.124969855268949100, 10.60882860037084000, 48.30166502957484900 ) ) ;
#10376 = CARTESIAN_POINT ( 'NONE',  ( -12.24997990347965200, 7.072575605652970900, 48.60333169624151900 ) ) ;
#10377 = CARTESIAN_POINT ( 'NONE',  ( -12.24999999995053400, 3.480810861792680300E-005, 48.90499836290818100 ) ) ;
#10378 = CARTESIAN_POINT ( 'NONE',  ( -6.125030144681586500, -10.60879379226222400, 45.88833169624152900 ) ) ;
#10379 = CARTESIAN_POINT ( 'NONE',  ( -4.019294176194965100E-005, -14.14508159508871200, 46.18999836290819200 ) ) ;
#10380 = CARTESIAN_POINT ( 'NONE',  ( 6.124969855268946400, -10.60882860037084400, 46.49166502957486100 ) ) ;
#10381 = CARTESIAN_POINT ( 'NONE',  ( 12.24997990347965200, -7.072575605652973600, 46.79333169624152300 ) ) ;
#10382 = CARTESIAN_POINT ( 'NONE',  ( -12.24997990347965200, 7.072575605652970900, 44.98333169624152800 ) ) ;
#10383 = CARTESIAN_POINT ( 'NONE',  ( -12.24999999995053400, 3.480810861792680300E-005, 45.28499836290819800 ) ) ;
#10384 = CARTESIAN_POINT ( 'NONE',  ( -12.25002009642140900, -7.072505989435740900, 45.58666502957485300 ) ) ;
#10385 = CARTESIAN_POINT ( 'NONE',  ( 6.125030144681581100, 10.60879379226222800, 44.07833169624152700 ) ) ;
#10386 = CARTESIAN_POINT ( 'NONE',  ( 4.019294176021743500E-005, 14.14508159508871200, 44.37999836290818900 ) ) ;
#10387 = CARTESIAN_POINT ( 'NONE',  ( -6.124969855268949100, 10.60882860037084000, 44.68166502957485900 ) ) ;
#10388 = CARTESIAN_POINT ( 'NONE',  ( 12.24999999995053400, -3.480810861942694600E-005, 43.47499836290819500 ) ) ;
#10389 = CARTESIAN_POINT ( 'NONE',  ( 12.25002009642140900, 7.072505989435742700, 43.77666502957485800 ) ) ;
#10390 = CARTESIAN_POINT ( 'NONE',  ( 6.124969855268946400, -10.60882860037084400, 42.87166502957486400 ) ) ;
#10391 = CARTESIAN_POINT ( 'NONE',  ( 12.24997990347965200, -7.072575605652973600, 43.17333169624153300 ) ) ;
#10392 = CARTESIAN_POINT ( 'NONE',  ( -6.125030144681586500, -10.60879379226222400, 42.26833169624153200 ) ) ;
#10393 = CARTESIAN_POINT ( 'NONE',  ( -4.019294176194965100E-005, -14.14508159508871200, 42.56999836290819400 ) ) ;
#10394 = CARTESIAN_POINT ( 'NONE',  ( -6.124969855268949100, 10.60882860037084000, 41.06166502957486800 ) ) ;
#10395 = CARTESIAN_POINT ( 'NONE',  ( -12.24997990347965200, 7.072575605652970900, 41.36333169624153800 ) ) ;
#10396 = CARTESIAN_POINT ( 'NONE',  ( -12.24999999995053400, 3.480810861792680300E-005, 41.66499836290820000 ) ) ;
#10397 = CARTESIAN_POINT ( 'NONE',  ( -12.25002009642140900, -7.072505989435740900, 41.96666502957486200 ) ) ;
#10398 = CARTESIAN_POINT ( 'NONE',  ( 12.25002009642140900, 7.072505989435742700, 40.15666502957487400 ) ) ;
#10399 = CARTESIAN_POINT ( 'NONE',  ( 6.125030144681581100, 10.60879379226222800, 40.45833169624153700 ) ) ;
#10400 = CARTESIAN_POINT ( 'NONE',  ( 4.019294176021743500E-005, 14.14508159508871200, 40.75999836290820600 ) ) ;
#10401 = CARTESIAN_POINT ( 'NONE',  ( 6.124969855268946400, -10.60882860037084400, 39.25166502957487300 ) ) ;
#10402 = CARTESIAN_POINT ( 'NONE',  ( 12.24997990347965200, -7.072575605652973600, 39.55333169624154300 ) ) ;
#10403 = CARTESIAN_POINT ( 'NONE',  ( 12.24999999995053400, -3.480810861942694600E-005, 39.85499836290820500 ) ) ;
#10404 = CARTESIAN_POINT ( 'NONE',  ( -4.019294176194965100E-005, -14.14508159508871200, 38.94999836290821100 ) ) ;
#10405 = CARTESIAN_POINT ( 'NONE',  ( -6.124969855268949100, 10.60882860037084000, 37.44166502957487800 ) ) ;
#10406 = CARTESIAN_POINT ( 'NONE',  ( -12.24999999995053400, 3.480810861792680300E-005, 38.04499836290821700 ) ) ;
#10407 = CARTESIAN_POINT ( 'NONE',  ( -12.25002009642140900, -7.072505989435740900, 38.34666502957487200 ) ) ;
#10408 = CARTESIAN_POINT ( 'NONE',  ( -12.24997990347965200, 7.072575605652970900, 37.74333169624154700 ) ) ;
#10409 = CARTESIAN_POINT ( 'NONE',  ( -6.125030144681586500, -10.60879379226222400, 38.64833169624154200 ) ) ;
#10410 = CARTESIAN_POINT ( 'NONE',  ( 12.24997990347965200, -7.072575605652973600, 35.93333169624155200 ) ) ;
#10411 = CARTESIAN_POINT ( 'NONE',  ( 12.24999999995053400, -3.480810861942694600E-005, 36.23499836290821500 ) ) ;
#10412 = CARTESIAN_POINT ( 'NONE',  ( 12.25002009642140900, 7.072505989435742700, 36.53666502957487700 ) ) ;
#10413 = CARTESIAN_POINT ( 'NONE',  ( 6.125030144681581100, 10.60879379226222800, 36.83833169624154600 ) ) ;
#10414 = CARTESIAN_POINT ( 'NONE',  ( 4.019294176021743500E-005, 14.14508159508871200, 37.13999836290820900 ) ) ;
#10415 = CARTESIAN_POINT ( 'NONE',  ( 6.124969855268946400, -10.60882860037084400, 35.63166502957488300 ) ) ;
#10416 = CARTESIAN_POINT ( 'NONE',  ( -12.25002009642140900, -7.072505989435740900, 34.72666502957488900 ) ) ;
#10417 = CARTESIAN_POINT ( 'NONE',  ( -6.125030144681586500, -10.60879379226222400, 35.02833169624154400 ) ) ;
#10418 = CARTESIAN_POINT ( 'NONE',  ( -4.019294176194965100E-005, -14.14508159508871200, 35.32999836290822100 ) ) ;
#10419 = CARTESIAN_POINT ( 'NONE',  ( -6.124969855268949100, 10.60882860037084000, 33.82166502957488800 ) ) ;
#10420 = CARTESIAN_POINT ( 'NONE',  ( -12.24997990347965200, 7.072575605652970900, 34.12333169624155700 ) ) ;
#10421 = CARTESIAN_POINT ( 'NONE',  ( -12.24999999995053400, 3.480810861792680300E-005, 34.42499836290821200 ) ) ;
#10422 = CARTESIAN_POINT ( 'NONE',  ( 12.25002009642140900, 7.072505989435742700, 32.91666502957488700 ) ) ;
#10423 = CARTESIAN_POINT ( 'NONE',  ( 6.125030144681581100, 10.60879379226222800, 33.21833169624155600 ) ) ;
#10424 = CARTESIAN_POINT ( 'NONE',  ( 4.019294176021743500E-005, 14.14508159508871200, 33.51999836290821800 ) ) ;
#10425 = CARTESIAN_POINT ( 'NONE',  ( -4.019294176194965100E-005, -14.14508159508871200, 31.70999836290822300 ) ) ;
#10426 = CARTESIAN_POINT ( 'NONE',  ( 6.124969855268946400, -10.60882860037084400, 32.01166502957489300 ) ) ;
#10427 = CARTESIAN_POINT ( 'NONE',  ( 12.24997990347965200, -7.072575605652973600, 32.31333169624156200 ) ) ;
#10428 = CARTESIAN_POINT ( 'NONE',  ( 12.24999999995053400, -3.480810861942694600E-005, 32.61499836290822400 ) ) ;
#10429 = CARTESIAN_POINT ( 'NONE',  ( 4.839558293577216300E-005, 17.03183294102523600, 29.89999836290826000 ) ) ;
#10430 = CARTESIAN_POINT ( 'NONE',  ( -7.374963703283046200, 12.77389566167105200, 30.20166502957491900 ) ) ;
#10431 = CARTESIAN_POINT ( 'NONE',  ( -14.74997580214901700, 8.515958382316872700, 30.50333169624158500 ) ) ;
#10432 = CARTESIAN_POINT ( 'NONE',  ( -14.74999999994048700, 4.191180425423853700E-005, 30.80499836290825800 ) ) ;
#10433 = CARTESIAN_POINT ( 'NONE',  ( -14.75002419773195000, -8.515874558708370400, 31.10666502957492000 ) ) ;
#10434 = CARTESIAN_POINT ( 'NONE',  ( -12.24999999995053400, 3.480810861792680300E-005, 30.80499836290822900 ) ) ;
#10435 = CARTESIAN_POINT ( 'NONE',  ( -12.25002009642140900, -7.072505989435740900, 31.10666502957489500 ) ) ;
#10436 = CARTESIAN_POINT ( 'NONE',  ( -6.125030144681586500, -10.60879379226222400, 31.40833169624156100 ) ) ;
#10437 = CARTESIAN_POINT ( 'NONE',  ( 6.125030144681581100, 10.60879379226222800, 29.59833169624156200 ) ) ;
#10438 = CARTESIAN_POINT ( 'NONE',  ( 4.019294176021743500E-005, 14.14508159508871200, 29.89999836290822800 ) ) ;
#10439 = CARTESIAN_POINT ( 'NONE',  ( -6.124969855268949100, 10.60882860037084000, 30.20166502957489400 ) ) ;
#10440 = CARTESIAN_POINT ( 'NONE',  ( -12.24997990347965200, 7.072575605652970900, 30.50333169624155600 ) ) ;
#10441 = CARTESIAN_POINT ( 'NONE',  ( 12.24999999995053400, -3.480810861942694600E-005, 28.99499836290823400 ) ) ;
#10442 = CARTESIAN_POINT ( 'NONE',  ( 12.25002009642140900, 7.072505989435742700, 29.29666502957489300 ) ) ;
#10443 = VERTEX_POINT ( 'NONE', #2017 ) ;
#10444 = EDGE_CURVE ( 'NONE', #10443, #10449, #2016, .T. ) ;
#10445 = ORIENTED_EDGE ( 'NONE', *, *, #10444, .T. ) ;
#10446 = VERTEX_POINT ( 'NONE', #2012 ) ;
#10447 = ORIENTED_EDGE ( 'NONE', *, *, #10448, .F. ) ;
#10448 = EDGE_CURVE ( 'NONE', #10443, #10446, #2075, .T. ) ;
#10449 = VERTEX_POINT ( 'NONE', #2070 ) ;
#10450 = ORIENTED_EDGE ( 'NONE', *, *, #22, .T. ) ;
#10451 = VERTEX_POINT ( 'NONE', #2069 ) ;
#10452 = EDGE_CURVE ( 'NONE', #3270, #10365, #2068, .T. ) ;
#10453 = ADVANCED_FACE ( 'NONE', ( #2063 ), #2062, .F. ) ;
#10454 = EDGE_LOOP ( 'NONE', ( #10455, #10353, #3257, #3260 ) ) ;
#10455 = ORIENTED_EDGE ( 'NONE', *, *, #10456, .F. ) ;
#10456 = EDGE_CURVE ( 'NONE', #10457, #10458, #2061, .T. ) ;
#10457 = VERTEX_POINT ( 'NONE', #2052 ) ;
#10458 = VERTEX_POINT ( 'NONE', #2051 ) ;
#10459 = EDGE_CURVE ( 'NONE', #3255, #3276, #2050, .T. ) ;
#10460 = EDGE_LOOP ( 'NONE', ( #10462, #10318, #10303, #2180 ) ) ;
#10461 = EDGE_CURVE ( 'NONE', #10292, #10317, #2046, .T. ) ;
#10462 = ORIENTED_EDGE ( 'NONE', *, *, #10461, .F. ) ;
#10463 = ADVANCED_FACE ( 'NONE', ( #2098 ), #2097, .F. ) ;
#10464 = VERTEX_POINT ( 'NONE', #2092 ) ;
#10465 = ADVANCED_FACE ( 'NONE', ( #2091 ), #2090, .F. ) ;
#10466 = ORIENTED_EDGE ( 'NONE', *, *, #5, .F. ) ;
#10467 = ORIENTED_EDGE ( 'NONE', *, *, #3, .F. ) ;
#10468 = ORIENTED_EDGE ( 'NONE', *, *, #24, .T. ) ;
#10469 = VERTEX_POINT ( 'NONE', #2085 ) ;
#10470 = EDGE_LOOP ( 'NONE', ( #10467, #3334, #3313, #3353 ) ) ;
#10471 = VERTEX_POINT ( 'NONE', #2084 ) ;
#10472 = VERTEX_POINT ( 'NONE', #2083 ) ;
#10473 = ORIENTED_EDGE ( 'NONE', *, *, #3280, .F. ) ;
ENDSEC;
END-ISO-10303-21;
